﻿<?xml version="1.0" encoding="utf-8" standalone="yes"?>
<Gesture Name="arrow08" Subject="2" Speed="fast" Number="8" NumPts="65" Millseconds="1155" AppName="Gestures" AppVer="3.5.0.0" Date="Monday, March 05, 2007" TimeOfDay="9:13:01 PM">
  <Point X="57" Y="266" T="11473280" />
  <Point X="59" Y="264" T="11473307" />
  <Point X="61" Y="263" T="11473316" />
  <Point X="64" Y="261" T="11473323" />
  <Point X="67" Y="259" T="11473332" />
  <Point X="69" Y="258" T="11473338" />
  <Point X="73" Y="255" T="11473344" />
  <Point X="75" Y="253" T="11473351" />
  <Point X="80" Y="250" T="11473358" />
  <Point X="86" Y="246" T="11473366" />
  <Point X="91" Y="243" T="11473373" />
  <Point X="97" Y="239" T="11473381" />
  <Point X="103" Y="235" T="11473389" />
  <Point X="109" Y="232" T="11473397" />
  <Point X="116" Y="228" T="11473405" />
  <Point X="122" Y="224" T="11473414" />
  <Point X="128" Y="220" T="11473423" />
  <Point X="131" Y="218" T="11473424" />
  <Point X="137" Y="215" T="11473434" />
  <Point X="142" Y="212" T="11473443" />
  <Point X="145" Y="210" T="11473445" />
  <Point X="150" Y="207" T="11473455" />
  <Point X="156" Y="203" T="11473466" />
  <Point X="162" Y="200" T="11473477" />
  <Point X="165" Y="198" T="11473488" />
  <Point X="167" Y="196" T="11473499" />
  <Point X="169" Y="195" T="11473509" />
  <Point X="171" Y="193" T="11473524" />
  <Point X="172" Y="191" T="11473556" />
  <Point X="170" Y="190" T="11473617" />
  <Point X="168" Y="189" T="11473633" />
  <Point X="165" Y="189" T="11473646" />
  <Point X="162" Y="189" T="11473658" />
  <Point X="157" Y="190" T="11473671" />
  <Point X="151" Y="190" T="11473684" />
  <Point X="145" Y="191" T="11473698" />
  <Point X="143" Y="192" T="11473699" />
  <Point X="137" Y="193" T="11473713" />
  <Point X="129" Y="194" T="11473727" />
  <Point X="125" Y="195" T="11473741" />
  <Point X="120" Y="197" T="11473757" />
  <Point X="118" Y="198" T="11473771" />
  <Point X="116" Y="199" T="11473786" />
  <Point X="118" Y="198" T="11473818" />
  <Point X="121" Y="197" T="11473833" />
  <Point X="126" Y="196" T="11473849" />
  <Point X="132" Y="194" T="11473865" />
  <Point X="138" Y="192" T="11473881" />
  <Point X="145" Y="191" T="11473898" />
  <Point X="150" Y="191" T="11473915" />
  <Point X="155" Y="190" T="11473931" />
  <Point X="161" Y="189" T="11473950" />
  <Point X="164" Y="189" T="11473967" />
  <Point X="166" Y="189" T="11473986" />
  <Point X="166" Y="191" T="11474086" />
  <Point X="165" Y="193" T="11474119" />
  <Point X="165" Y="195" T="11474137" />
  <Point X="165" Y="203" T="11474158" />
  <Point X="165" Y="208" T="11474177" />
  <Point X="166" Y="217" T="11474198" />
  <Point X="166" Y="223" T="11474217" />
  <Point X="166" Y="227" T="11474238" />
  <Point X="166" Y="229" T="11474258" />
  <Point X="166" Y="231" T="11474301" />
  <Point X="166" Y="229" T="11474435" />
</Gesture>