﻿<?xml version="1.0" encoding="utf-8" standalone="yes"?>
<Gesture Name="arrow09" Subject="2" Speed="fast" Number="9" NumPts="67" Millseconds="1110" AppName="Gestures" AppVer="3.5.0.0" Date="Monday, March 05, 2007" TimeOfDay="9:13:03 PM">
  <Point X="57" Y="270" T="11474884" />
  <Point X="59" Y="269" T="11474904" />
  <Point X="61" Y="267" T="11474917" />
  <Point X="64" Y="266" T="11474925" />
  <Point X="67" Y="263" T="11474933" />
  <Point X="69" Y="261" T="11474939" />
  <Point X="72" Y="258" T="11474946" />
  <Point X="76" Y="256" T="11474954" />
  <Point X="78" Y="254" T="11474960" />
  <Point X="81" Y="252" T="11474961" />
  <Point X="83" Y="251" T="11474969" />
  <Point X="85" Y="249" T="11474970" />
  <Point X="90" Y="244" T="11474977" />
  <Point X="96" Y="241" T="11474985" />
  <Point X="102" Y="236" T="11474993" />
  <Point X="107" Y="233" T="11475002" />
  <Point X="114" Y="228" T="11475010" />
  <Point X="120" Y="225" T="11475018" />
  <Point X="125" Y="221" T="11475027" />
  <Point X="131" Y="218" T="11475036" />
  <Point X="134" Y="216" T="11475037" />
  <Point X="139" Y="213" T="11475047" />
  <Point X="145" Y="209" T="11475058" />
  <Point X="150" Y="207" T="11475068" />
  <Point X="152" Y="205" T="11475069" />
  <Point X="155" Y="202" T="11475080" />
  <Point X="158" Y="201" T="11475090" />
  <Point X="161" Y="199" T="11475100" />
  <Point X="163" Y="197" T="11475101" />
  <Point X="166" Y="196" T="11475113" />
  <Point X="168" Y="193" T="11475124" />
  <Point X="170" Y="192" T="11475141" />
  <Point X="172" Y="190" T="11475220" />
  <Point X="170" Y="189" T="11475289" />
  <Point X="168" Y="189" T="11475302" />
  <Point X="162" Y="190" T="11475314" />
  <Point X="156" Y="192" T="11475327" />
  <Point X="149" Y="192" T="11475340" />
  <Point X="139" Y="194" T="11475354" />
  <Point X="131" Y="197" T="11475367" />
  <Point X="122" Y="198" T="11475381" />
  <Point X="116" Y="199" T="11475397" />
  <Point X="114" Y="199" T="11475410" />
  <Point X="111" Y="199" T="11475424" />
  <Point X="114" Y="197" T="11475470" />
  <Point X="117" Y="196" T="11475484" />
  <Point X="123" Y="196" T="11475499" />
  <Point X="130" Y="194" T="11475514" />
  <Point X="138" Y="192" T="11475529" />
  <Point X="140" Y="192" T="11475531" />
  <Point X="148" Y="191" T="11475547" />
  <Point X="155" Y="190" T="11475563" />
  <Point X="160" Y="190" T="11475579" />
  <Point X="163" Y="189" T="11475595" />
  <Point X="165" Y="189" T="11475612" />
  <Point X="167" Y="189" T="11475628" />
  <Point X="169" Y="190" T="11475646" />
  <Point X="171" Y="190" T="11475683" />
  <Point X="170" Y="192" T="11475791" />
  <Point X="169" Y="194" T="11475809" />
  <Point X="168" Y="200" T="11475828" />
  <Point X="167" Y="204" T="11475846" />
  <Point X="166" Y="215" T="11475865" />
  <Point X="165" Y="221" T="11475883" />
  <Point X="164" Y="227" T="11475905" />
  <Point X="163" Y="232" T="11475924" />
  <Point X="163" Y="234" T="11475994" />
</Gesture>