﻿<?xml version="1.0" encoding="utf-8" standalone="yes"?>
<Gesture Name="arrow06" Subject="2" Speed="fast" Number="6" NumPts="65" Millseconds="891" AppName="Gestures" AppVer="3.5.0.0" Date="Monday, March 05, 2007" TimeOfDay="9:12:58 PM">
  <Point X="66" Y="261" T="11470071" />
  <Point X="68" Y="259" T="11470083" />
  <Point X="71" Y="257" T="11470096" />
  <Point X="74" Y="255" T="11470103" />
  <Point X="78" Y="252" T="11470112" />
  <Point X="80" Y="251" T="11470118" />
  <Point X="84" Y="248" T="11470125" />
  <Point X="86" Y="247" T="11470131" />
  <Point X="88" Y="246" T="11470132" />
  <Point X="90" Y="244" T="11470139" />
  <Point X="92" Y="243" T="11470141" />
  <Point X="97" Y="239" T="11470148" />
  <Point X="102" Y="236" T="11470156" />
  <Point X="107" Y="232" T="11470165" />
  <Point X="112" Y="229" T="11470173" />
  <Point X="117" Y="227" T="11470181" />
  <Point X="122" Y="224" T="11470190" />
  <Point X="129" Y="218" T="11470200" />
  <Point X="134" Y="216" T="11470209" />
  <Point X="140" Y="213" T="11470219" />
  <Point X="147" Y="209" T="11470229" />
  <Point X="154" Y="204" T="11470240" />
  <Point X="159" Y="202" T="11470251" />
  <Point X="162" Y="200" T="11470261" />
  <Point X="165" Y="197" T="11470271" />
  <Point X="168" Y="196" T="11470273" />
  <Point X="170" Y="194" T="11470284" />
  <Point X="172" Y="192" T="11470296" />
  <Point X="174" Y="192" T="11470307" />
  <Point X="176" Y="189" T="11470319" />
  <Point X="174" Y="188" T="11470380" />
  <Point X="172" Y="188" T="11470397" />
  <Point X="169" Y="187" T="11470409" />
  <Point X="167" Y="188" T="11470422" />
  <Point X="161" Y="188" T="11470435" />
  <Point X="158" Y="189" T="11470448" />
  <Point X="154" Y="189" T="11470449" />
  <Point X="148" Y="190" T="11470463" />
  <Point X="140" Y="192" T="11470478" />
  <Point X="134" Y="193" T="11470493" />
  <Point X="127" Y="195" T="11470508" />
  <Point X="124" Y="196" T="11470522" />
  <Point X="122" Y="196" T="11470537" />
  <Point X="124" Y="193" T="11470585" />
  <Point X="126" Y="193" T="11470600" />
  <Point X="129" Y="192" T="11470601" />
  <Point X="136" Y="190" T="11470618" />
  <Point X="143" Y="188" T="11470634" />
  <Point X="149" Y="187" T="11470650" />
  <Point X="155" Y="184" T="11470667" />
  <Point X="163" Y="183" T="11470685" />
  <Point X="166" Y="182" T="11470702" />
  <Point X="168" Y="183" T="11470719" />
  <Point X="170" Y="184" T="11470755" />
  <Point X="170" Y="186" T="11470774" />
  <Point X="170" Y="188" T="11470793" />
  <Point X="170" Y="190" T="11470822" />
  <Point X="170" Y="192" T="11470841" />
  <Point X="170" Y="195" T="11470842" />
  <Point X="171" Y="199" T="11470861" />
  <Point X="171" Y="206" T="11470881" />
  <Point X="170" Y="217" T="11470902" />
  <Point X="170" Y="222" T="11470922" />
  <Point X="170" Y="227" T="11470942" />
  <Point X="170" Y="231" T="11470962" />
</Gesture>