﻿<?xml version="1.0" encoding="utf-8" standalone="yes"?>
<Gesture Name="arrow03" Subject="2" Speed="fast" Number="3" NumPts="63" Millseconds="1000" AppName="Gestures" AppVer="3.5.0.0" Date="Monday, March 05, 2007" TimeOfDay="9:12:53 PM">
  <Point X="74" Y="256" T="11465246" />
  <Point X="76" Y="254" T="11465268" />
  <Point X="78" Y="252" T="11465276" />
  <Point X="81" Y="250" T="11465284" />
  <Point X="84" Y="247" T="11465292" />
  <Point X="86" Y="245" T="11465298" />
  <Point X="91" Y="242" T="11465305" />
  <Point X="93" Y="240" T="11465311" />
  <Point X="95" Y="238" T="11465312" />
  <Point X="98" Y="237" T="11465319" />
  <Point X="100" Y="235" T="11465320" />
  <Point X="106" Y="230" T="11465328" />
  <Point X="111" Y="227" T="11465337" />
  <Point X="116" Y="223" T="11465345" />
  <Point X="122" Y="219" T="11465353" />
  <Point X="127" Y="215" T="11465361" />
  <Point X="133" Y="212" T="11465370" />
  <Point X="140" Y="206" T="11465380" />
  <Point X="145" Y="203" T="11465390" />
  <Point X="151" Y="199" T="11465400" />
  <Point X="155" Y="196" T="11465410" />
  <Point X="159" Y="194" T="11465421" />
  <Point X="162" Y="191" T="11465431" />
  <Point X="168" Y="186" T="11465442" />
  <Point X="170" Y="186" T="11465453" />
  <Point X="172" Y="184" T="11465463" />
  <Point X="174" Y="182" T="11465474" />
  <Point X="176" Y="180" T="11465486" />
  <Point X="178" Y="178" T="11465497" />
  <Point X="179" Y="176" T="11465529" />
  <Point X="177" Y="174" T="11465598" />
  <Point X="174" Y="175" T="11465611" />
  <Point X="171" Y="176" T="11465623" />
  <Point X="168" Y="176" T="11465636" />
  <Point X="162" Y="178" T="11465649" />
  <Point X="158" Y="179" T="11465662" />
  <Point X="155" Y="179" T="11465663" />
  <Point X="152" Y="180" T="11465677" />
  <Point X="146" Y="182" T="11465693" />
  <Point X="141" Y="184" T="11465708" />
  <Point X="139" Y="185" T="11465722" />
  <Point X="137" Y="186" T="11465737" />
  <Point X="139" Y="185" T="11465780" />
  <Point X="142" Y="183" T="11465796" />
  <Point X="146" Y="182" T="11465811" />
  <Point X="151" Y="180" T="11465827" />
  <Point X="156" Y="179" T="11465843" />
  <Point X="160" Y="178" T="11465859" />
  <Point X="165" Y="177" T="11465876" />
  <Point X="169" Y="177" T="11465893" />
  <Point X="171" Y="177" T="11465909" />
  <Point X="173" Y="177" T="11465926" />
  <Point X="175" Y="175" T="11465943" />
  <Point X="177" Y="175" T="11466013" />
  <Point X="177" Y="177" T="11466085" />
  <Point X="178" Y="180" T="11466109" />
  <Point X="178" Y="182" T="11466127" />
  <Point X="179" Y="187" T="11466146" />
  <Point X="180" Y="195" T="11466165" />
  <Point X="181" Y="203" T="11466185" />
  <Point X="181" Y="209" T="11466204" />
  <Point X="181" Y="216" T="11466226" />
  <Point X="181" Y="222" T="11466246" />
</Gesture>