﻿<?xml version="1.0" encoding="utf-8" standalone="yes"?>
<Gesture Name="arrow07" Subject="2" Speed="fast" Number="7" NumPts="65" Millseconds="995" AppName="Gestures" AppVer="3.5.0.0" Date="Monday, March 05, 2007" TimeOfDay="9:13:00 PM">
  <Point X="53" Y="264" T="11471736" />
  <Point X="55" Y="262" T="11471764" />
  <Point X="58" Y="261" T="11471777" />
  <Point X="60" Y="260" T="11471785" />
  <Point X="62" Y="259" T="11471793" />
  <Point X="66" Y="257" T="11471801" />
  <Point X="68" Y="256" T="11471807" />
  <Point X="72" Y="254" T="11471814" />
  <Point X="77" Y="251" T="11471821" />
  <Point X="79" Y="249" T="11471828" />
  <Point X="82" Y="247" T="11471829" />
  <Point X="87" Y="243" T="11471837" />
  <Point X="90" Y="241" T="11471845" />
  <Point X="93" Y="239" T="11471846" />
  <Point X="99" Y="236" T="11471854" />
  <Point X="105" Y="232" T="11471863" />
  <Point X="112" Y="228" T="11471872" />
  <Point X="115" Y="225" T="11471873" />
  <Point X="121" Y="221" T="11471883" />
  <Point X="128" Y="217" T="11471892" />
  <Point X="131" Y="215" T="11471893" />
  <Point X="137" Y="212" T="11471904" />
  <Point X="145" Y="206" T="11471915" />
  <Point X="153" Y="201" T="11471927" />
  <Point X="159" Y="199" T="11471938" />
  <Point X="162" Y="195" T="11471949" />
  <Point X="165" Y="193" T="11471960" />
  <Point X="167" Y="192" T="11471972" />
  <Point X="169" Y="190" T="11471984" />
  <Point X="171" Y="189" T="11471996" />
  <Point X="172" Y="187" T="11472058" />
  <Point X="170" Y="186" T="11472086" />
  <Point X="168" Y="187" T="11472102" />
  <Point X="165" Y="186" T="11472114" />
  <Point X="162" Y="186" T="11472127" />
  <Point X="156" Y="187" T="11472141" />
  <Point X="148" Y="187" T="11472154" />
  <Point X="143" Y="188" T="11472168" />
  <Point X="136" Y="191" T="11472183" />
  <Point X="129" Y="192" T="11472198" />
  <Point X="127" Y="192" T="11472212" />
  <Point X="124" Y="193" T="11472228" />
  <Point X="126" Y="192" T="11472278" />
  <Point X="129" Y="191" T="11472293" />
  <Point X="131" Y="191" T="11472294" />
  <Point X="137" Y="189" T="11472310" />
  <Point X="144" Y="187" T="11472326" />
  <Point X="150" Y="187" T="11472343" />
  <Point X="156" Y="187" T="11472359" />
  <Point X="161" Y="186" T="11472376" />
  <Point X="165" Y="186" T="11472393" />
  <Point X="167" Y="186" T="11472410" />
  <Point X="169" Y="186" T="11472427" />
  <Point X="171" Y="187" T="11472451" />
  <Point X="173" Y="189" T="11472555" />
  <Point X="172" Y="191" T="11472573" />
  <Point X="171" Y="194" T="11472591" />
  <Point X="170" Y="199" T="11472610" />
  <Point X="169" Y="208" T="11472631" />
  <Point X="168" Y="216" T="11472650" />
  <Point X="168" Y="218" T="11472651" />
  <Point X="168" Y="223" T="11472671" />
  <Point X="167" Y="228" T="11472690" />
  <Point X="167" Y="230" T="11472710" />
  <Point X="167" Y="232" T="11472731" />
</Gesture>