﻿<?xml version="1.0" encoding="utf-8" standalone="yes"?>
<Gesture Name="arrow01" Subject="2" Speed="fast" Number="1" NumPts="66" Millseconds="1036" AppName="Gestures" AppVer="3.5.0.0" Date="Monday, March 05, 2007" TimeOfDay="9:12:50 PM">
  <Point X="66" Y="252" T="11462293" />
  <Point X="68" Y="249" T="11462310" />
  <Point X="70" Y="248" T="11462318" />
  <Point X="72" Y="246" T="11462327" />
  <Point X="76" Y="244" T="11462335" />
  <Point X="79" Y="241" T="11462343" />
  <Point X="83" Y="237" T="11462351" />
  <Point X="85" Y="236" T="11462358" />
  <Point X="89" Y="232" T="11462365" />
  <Point X="93" Y="229" T="11462372" />
  <Point X="98" Y="225" T="11462379" />
  <Point X="101" Y="223" T="11462387" />
  <Point X="104" Y="221" T="11462388" />
  <Point X="110" Y="216" T="11462396" />
  <Point X="115" Y="212" T="11462404" />
  <Point X="121" Y="209" T="11462412" />
  <Point X="126" Y="204" T="11462420" />
  <Point X="131" Y="201" T="11462429" />
  <Point X="136" Y="196" T="11462438" />
  <Point X="140" Y="193" T="11462446" />
  <Point X="143" Y="191" T="11462447" />
  <Point X="147" Y="188" T="11462457" />
  <Point X="149" Y="187" T="11462467" />
  <Point X="152" Y="184" T="11462468" />
  <Point X="156" Y="181" T="11462479" />
  <Point X="158" Y="178" T="11462490" />
  <Point X="161" Y="176" T="11462501" />
  <Point X="163" Y="175" T="11462512" />
  <Point X="164" Y="172" T="11462524" />
  <Point X="166" Y="170" T="11462542" />
  <Point X="167" Y="168" T="11462591" />
  <Point X="165" Y="167" T="11462648" />
  <Point X="162" Y="166" T="11462661" />
  <Point X="160" Y="166" T="11462674" />
  <Point X="154" Y="168" T="11462686" />
  <Point X="148" Y="169" T="11462699" />
  <Point X="146" Y="170" T="11462700" />
  <Point X="140" Y="172" T="11462714" />
  <Point X="134" Y="173" T="11462727" />
  <Point X="131" Y="173" T="11462740" />
  <Point X="128" Y="174" T="11462741" />
  <Point X="126" Y="175" T="11462755" />
  <Point X="122" Y="176" T="11462769" />
  <Point X="124" Y="175" T="11462832" />
  <Point X="126" Y="175" T="11462846" />
  <Point X="132" Y="174" T="11462861" />
  <Point X="137" Y="172" T="11462875" />
  <Point X="143" Y="170" T="11462890" />
  <Point X="148" Y="170" T="11462905" />
  <Point X="152" Y="170" T="11462921" />
  <Point X="156" Y="170" T="11462937" />
  <Point X="158" Y="169" T="11462952" />
  <Point X="161" Y="169" T="11462968" />
  <Point X="163" Y="169" T="11462984" />
  <Point X="164" Y="171" T="11463024" />
  <Point X="166" Y="174" T="11463116" />
  <Point X="166" Y="176" T="11463133" />
  <Point X="166" Y="179" T="11463150" />
  <Point X="166" Y="184" T="11463167" />
  <Point X="166" Y="187" T="11463168" />
  <Point X="167" Y="192" T="11463186" />
  <Point X="166" Y="202" T="11463207" />
  <Point X="166" Y="209" T="11463227" />
  <Point X="166" Y="212" T="11463247" />
  <Point X="166" Y="214" T="11463289" />
  <Point X="166" Y="212" T="11463329" />
</Gesture>