﻿<?xml version="1.0" encoding="utf-8" standalone="yes"?>
<Gesture Name="arrow02" Subject="2" Speed="fast" Number="2" NumPts="63" Millseconds="986" AppName="Gestures" AppVer="3.5.0.0" Date="Monday, March 05, 2007" TimeOfDay="9:12:52 PM">
  <Point X="66" Y="257" T="11463784" />
  <Point X="68" Y="256" T="11463808" />
  <Point X="71" Y="254" T="11463825" />
  <Point X="73" Y="253" T="11463833" />
  <Point X="76" Y="250" T="11463840" />
  <Point X="79" Y="248" T="11463848" />
  <Point X="82" Y="246" T="11463856" />
  <Point X="84" Y="245" T="11463863" />
  <Point X="88" Y="241" T="11463870" />
  <Point X="93" Y="238" T="11463877" />
  <Point X="98" Y="234" T="11463885" />
  <Point X="103" Y="230" T="11463893" />
  <Point X="108" Y="225" T="11463900" />
  <Point X="114" Y="223" T="11463909" />
  <Point X="119" Y="219" T="11463917" />
  <Point X="124" Y="215" T="11463925" />
  <Point X="130" Y="211" T="11463934" />
  <Point X="137" Y="206" T="11463944" />
  <Point X="141" Y="202" T="11463954" />
  <Point X="147" Y="198" T="11463964" />
  <Point X="149" Y="196" T="11463974" />
  <Point X="156" Y="191" T="11463984" />
  <Point X="159" Y="188" T="11463995" />
  <Point X="161" Y="186" T="11464005" />
  <Point X="164" Y="184" T="11464015" />
  <Point X="165" Y="182" T="11464017" />
  <Point X="168" Y="180" T="11464028" />
  <Point X="170" Y="178" T="11464040" />
  <Point X="172" Y="176" T="11464057" />
  <Point X="173" Y="174" T="11464082" />
  <Point X="175" Y="172" T="11464115" />
  <Point X="174" Y="170" T="11464164" />
  <Point X="172" Y="171" T="11464176" />
  <Point X="170" Y="171" T="11464189" />
  <Point X="167" Y="172" T="11464202" />
  <Point X="161" Y="173" T="11464217" />
  <Point X="154" Y="175" T="11464231" />
  <Point X="146" Y="177" T="11464246" />
  <Point X="140" Y="178" T="11464261" />
  <Point X="136" Y="179" T="11464276" />
  <Point X="133" Y="180" T="11464291" />
  <Point X="131" Y="180" T="11464309" />
  <Point X="134" Y="180" T="11464348" />
  <Point X="136" Y="179" T="11464363" />
  <Point X="141" Y="178" T="11464379" />
  <Point X="145" Y="176" T="11464395" />
  <Point X="151" Y="175" T="11464411" />
  <Point X="156" Y="174" T="11464427" />
  <Point X="161" Y="174" T="11464444" />
  <Point X="165" Y="174" T="11464461" />
  <Point X="169" Y="172" T="11464477" />
  <Point X="171" Y="172" T="11464495" />
  <Point X="173" Y="173" T="11464540" />
  <Point X="174" Y="175" T="11464614" />
  <Point X="174" Y="177" T="11464633" />
  <Point X="174" Y="179" T="11464651" />
  <Point X="174" Y="184" T="11464670" />
  <Point X="174" Y="190" T="11464689" />
  <Point X="175" Y="197" T="11464708" />
  <Point X="175" Y="200" T="11464709" />
  <Point X="175" Y="206" T="11464728" />
  <Point X="175" Y="209" T="11464748" />
  <Point X="175" Y="214" T="11464770" />
</Gesture>