﻿<?xml version="1.0" encoding="utf-8" standalone="yes"?>
<Gesture Name="caret08" Subject="2" Speed="fast" Number="8" NumPts="47" Millseconds="441" AppName="Gestures" AppVer="3.5.0.0" Date="Monday, March 05, 2007" TimeOfDay="8:49:58 PM">
  <Point X="53" Y="235" T="10087739" />
  <Point X="53" Y="233" T="10087754" />
  <Point X="54" Y="230" T="10087763" />
  <Point X="55" Y="227" T="10087771" />
  <Point X="58" Y="224" T="10087780" />
  <Point X="59" Y="222" T="10087786" />
  <Point X="60" Y="220" T="10087792" />
  <Point X="62" Y="217" T="10087793" />
  <Point X="63" Y="214" T="10087799" />
  <Point X="65" Y="211" T="10087800" />
  <Point X="67" Y="208" T="10087807" />
  <Point X="69" Y="205" T="10087808" />
  <Point X="71" Y="202" T="10087816" />
  <Point X="73" Y="199" T="10087817" />
  <Point X="78" Y="193" T="10087825" />
  <Point X="83" Y="187" T="10087833" />
  <Point X="87" Y="181" T="10087842" />
  <Point X="92" Y="174" T="10087850" />
  <Point X="97" Y="170" T="10087859" />
  <Point X="103" Y="163" T="10087868" />
  <Point X="107" Y="159" T="10087878" />
  <Point X="110" Y="157" T="10087887" />
  <Point X="114" Y="152" T="10087897" />
  <Point X="116" Y="150" T="10087907" />
  <Point X="118" Y="148" T="10087917" />
  <Point X="120" Y="146" T="10087927" />
  <Point X="123" Y="145" T="10087940" />
  <Point X="125" Y="145" T="10087957" />
  <Point X="127" Y="147" T="10087972" />
  <Point X="129" Y="147" T="10087988" />
  <Point X="131" Y="150" T="10088004" />
  <Point X="133" Y="153" T="10088015" />
  <Point X="133" Y="156" T="10088016" />
  <Point X="136" Y="163" T="10088029" />
  <Point X="139" Y="172" T="10088041" />
  <Point X="143" Y="183" T="10088053" />
  <Point X="147" Y="194" T="10088066" />
  <Point X="150" Y="204" T="10088079" />
  <Point X="151" Y="208" T="10088080" />
  <Point X="155" Y="215" T="10088094" />
  <Point X="157" Y="220" T="10088108" />
  <Point X="158" Y="224" T="10088109" />
  <Point X="160" Y="226" T="10088123" />
  <Point X="161" Y="229" T="10088137" />
  <Point X="162" Y="232" T="10088151" />
  <Point X="163" Y="234" T="10088165" />
  <Point X="163" Y="232" T="10088180" />
</Gesture>