﻿<?xml version="1.0" encoding="utf-8" standalone="yes"?>
<Gesture Name="caret07" Subject="2" Speed="fast" Number="7" NumPts="42" Millseconds="413" AppName="Gestures" AppVer="3.5.0.0" Date="Monday, March 05, 2007" TimeOfDay="8:49:57 PM">
  <Point X="54" Y="236" T="10086822" />
  <Point X="54" Y="234" T="10086830" />
  <Point X="56" Y="231" T="10086838" />
  <Point X="59" Y="228" T="10086846" />
  <Point X="60" Y="226" T="10086852" />
  <Point X="62" Y="224" T="10086857" />
  <Point X="63" Y="221" T="10086858" />
  <Point X="65" Y="219" T="10086865" />
  <Point X="69" Y="213" T="10086872" />
  <Point X="73" Y="208" T="10086878" />
  <Point X="76" Y="205" T="10086885" />
  <Point X="78" Y="201" T="10086886" />
  <Point X="80" Y="198" T="10086894" />
  <Point X="83" Y="195" T="10086895" />
  <Point X="87" Y="188" T="10086903" />
  <Point X="92" Y="182" T="10086911" />
  <Point X="97" Y="176" T="10086920" />
  <Point X="101" Y="171" T="10086928" />
  <Point X="105" Y="165" T="10086937" />
  <Point X="110" Y="159" T="10086946" />
  <Point X="113" Y="156" T="10086955" />
  <Point X="116" Y="152" T="10086965" />
  <Point X="118" Y="149" T="10086974" />
  <Point X="120" Y="147" T="10086984" />
  <Point X="122" Y="145" T="10086995" />
  <Point X="123" Y="143" T="10087006" />
  <Point X="125" Y="142" T="10087042" />
  <Point X="127" Y="143" T="10087073" />
  <Point X="128" Y="145" T="10087084" />
  <Point X="129" Y="148" T="10087095" />
  <Point X="131" Y="155" T="10087106" />
  <Point X="133" Y="164" T="10087118" />
  <Point X="137" Y="175" T="10087130" />
  <Point X="140" Y="187" T="10087142" />
  <Point X="144" Y="199" T="10087154" />
  <Point X="149" Y="211" T="10087167" />
  <Point X="153" Y="221" T="10087180" />
  <Point X="154" Y="224" T="10087181" />
  <Point X="158" Y="231" T="10087195" />
  <Point X="160" Y="237" T="10087208" />
  <Point X="163" Y="243" T="10087222" />
  <Point X="164" Y="245" T="10087235" />
</Gesture>