﻿<?xml version="1.0" encoding="utf-8" standalone="yes"?>
<Gesture Name="caret05" Subject="2" Speed="fast" Number="5" NumPts="42" Millseconds="395" AppName="Gestures" AppVer="3.5.0.0" Date="Monday, March 05, 2007" TimeOfDay="8:49:54 PM">
  <Point X="63" Y="240" T="10084623" />
  <Point X="63" Y="238" T="10084631" />
  <Point X="65" Y="236" T="10084643" />
  <Point X="66" Y="233" T="10084652" />
  <Point X="69" Y="229" T="10084660" />
  <Point X="70" Y="227" T="10084666" />
  <Point X="72" Y="224" T="10084672" />
  <Point X="73" Y="221" T="10084673" />
  <Point X="75" Y="218" T="10084680" />
  <Point X="77" Y="215" T="10084681" />
  <Point X="82" Y="209" T="10084688" />
  <Point X="84" Y="206" T="10084696" />
  <Point X="86" Y="202" T="10084697" />
  <Point X="91" Y="196" T="10084705" />
  <Point X="96" Y="189" T="10084713" />
  <Point X="101" Y="182" T="10084721" />
  <Point X="105" Y="177" T="10084729" />
  <Point X="110" Y="170" T="10084738" />
  <Point X="113" Y="166" T="10084746" />
  <Point X="115" Y="164" T="10084755" />
  <Point X="121" Y="157" T="10084765" />
  <Point X="123" Y="156" T="10084774" />
  <Point X="125" Y="154" T="10084783" />
  <Point X="126" Y="152" T="10084793" />
  <Point X="128" Y="150" T="10084803" />
  <Point X="130" Y="150" T="10084831" />
  <Point X="132" Y="153" T="10084855" />
  <Point X="133" Y="155" T="10084865" />
  <Point X="134" Y="158" T="10084876" />
  <Point X="137" Y="167" T="10084887" />
  <Point X="139" Y="173" T="10084899" />
  <Point X="140" Y="177" T="10084900" />
  <Point X="144" Y="186" T="10084912" />
  <Point X="149" Y="197" T="10084924" />
  <Point X="153" Y="209" T="10084936" />
  <Point X="158" Y="217" T="10084949" />
  <Point X="162" Y="226" T="10084962" />
  <Point X="164" Y="231" T="10084974" />
  <Point X="166" Y="234" T="10084975" />
  <Point X="168" Y="240" T="10084991" />
  <Point X="169" Y="243" T="10085004" />
  <Point X="171" Y="247" T="10085018" />
</Gesture>