﻿<?xml version="1.0" encoding="utf-8" standalone="yes"?>
<Gesture Name="caret09" Subject="2" Speed="fast" Number="9" NumPts="41" Millseconds="413" AppName="Gestures" AppVer="3.5.0.0" Date="Monday, March 05, 2007" TimeOfDay="8:49:59 PM">
  <Point X="56" Y="227" T="10088659" />
  <Point X="57" Y="224" T="10088667" />
  <Point X="59" Y="222" T="10088679" />
  <Point X="60" Y="220" T="10088687" />
  <Point X="63" Y="217" T="10088695" />
  <Point X="66" Y="213" T="10088704" />
  <Point X="67" Y="211" T="10088710" />
  <Point X="71" Y="205" T="10088717" />
  <Point X="72" Y="203" T="10088723" />
  <Point X="76" Y="198" T="10088730" />
  <Point X="79" Y="194" T="10088737" />
  <Point X="81" Y="192" T="10088743" />
  <Point X="82" Y="189" T="10088744" />
  <Point X="86" Y="184" T="10088753" />
  <Point X="90" Y="179" T="10088761" />
  <Point X="94" Y="174" T="10088769" />
  <Point X="97" Y="170" T="10088777" />
  <Point X="101" Y="167" T="10088786" />
  <Point X="103" Y="165" T="10088794" />
  <Point X="106" Y="161" T="10088803" />
  <Point X="108" Y="159" T="10088812" />
  <Point X="110" Y="158" T="10088813" />
  <Point X="112" Y="156" T="10088824" />
  <Point X="114" Y="155" T="10088836" />
  <Point X="116" Y="152" T="10088856" />
  <Point X="118" Y="152" T="10088880" />
  <Point X="120" Y="152" T="10088904" />
  <Point X="123" Y="153" T="10088921" />
  <Point X="124" Y="156" T="10088933" />
  <Point X="126" Y="159" T="10088944" />
  <Point X="127" Y="162" T="10088945" />
  <Point X="131" Y="169" T="10088958" />
  <Point X="134" Y="178" T="10088970" />
  <Point X="139" Y="187" T="10088982" />
  <Point X="143" Y="198" T="10088995" />
  <Point X="148" Y="209" T="10089007" />
  <Point X="153" Y="220" T="10089020" />
  <Point X="157" Y="228" T="10089033" />
  <Point X="159" Y="234" T="10089046" />
  <Point X="162" Y="239" T="10089059" />
  <Point X="163" Y="241" T="10089072" />
</Gesture>