﻿<?xml version="1.0" encoding="utf-8" standalone="yes"?>
<Gesture Name="caret04" Subject="2" Speed="fast" Number="4" NumPts="38" Millseconds="376" AppName="Gestures" AppVer="3.5.0.0" Date="Monday, March 05, 2007" TimeOfDay="8:49:54 PM">
  <Point X="67" Y="226" T="10083709" />
  <Point X="68" Y="224" T="10083722" />
  <Point X="70" Y="220" T="10083730" />
  <Point X="71" Y="218" T="10083735" />
  <Point X="73" Y="215" T="10083741" />
  <Point X="77" Y="209" T="10083747" />
  <Point X="79" Y="206" T="10083753" />
  <Point X="81" Y="203" T="10083754" />
  <Point X="83" Y="200" T="10083761" />
  <Point X="88" Y="194" T="10083768" />
  <Point X="92" Y="188" T="10083775" />
  <Point X="95" Y="185" T="10083782" />
  <Point X="97" Y="182" T="10083783" />
  <Point X="102" Y="175" T="10083791" />
  <Point X="107" Y="169" T="10083798" />
  <Point X="112" Y="164" T="10083807" />
  <Point X="116" Y="159" T="10083815" />
  <Point X="120" Y="154" T="10083823" />
  <Point X="124" Y="150" T="10083832" />
  <Point X="126" Y="147" T="10083841" />
  <Point X="128" Y="144" T="10083850" />
  <Point X="130" Y="142" T="10083859" />
  <Point X="132" Y="141" T="10083870" />
  <Point X="134" Y="142" T="10083941" />
  <Point X="136" Y="144" T="10083954" />
  <Point X="137" Y="148" T="10083964" />
  <Point X="140" Y="155" T="10083975" />
  <Point X="142" Y="162" T="10083985" />
  <Point X="143" Y="167" T="10083986" />
  <Point X="147" Y="176" T="10083998" />
  <Point X="148" Y="181" T="10083999" />
  <Point X="153" Y="197" T="10084011" />
  <Point X="159" Y="213" T="10084023" />
  <Point X="163" Y="224" T="10084035" />
  <Point X="167" Y="234" T="10084047" />
  <Point X="169" Y="242" T="10084060" />
  <Point X="170" Y="245" T="10084073" />
  <Point X="172" Y="248" T="10084085" />
</Gesture>