﻿<?xml version="1.0" encoding="utf-8" standalone="yes"?>
<Gesture Name="caret01" Subject="2" Speed="fast" Number="1" NumPts="36" Millseconds="326" AppName="Gestures" AppVer="3.5.0.0" Date="Monday, March 05, 2007" TimeOfDay="8:49:50 PM">
  <Point X="51" Y="231" T="10080717" />
  <Point X="51" Y="228" T="10080748" />
  <Point X="52" Y="226" T="10080757" />
  <Point X="55" Y="223" T="10080764" />
  <Point X="56" Y="221" T="10080770" />
  <Point X="59" Y="217" T="10080776" />
  <Point X="61" Y="214" T="10080783" />
  <Point X="65" Y="207" T="10080789" />
  <Point X="67" Y="203" T="10080796" />
  <Point X="69" Y="199" T="10080797" />
  <Point X="71" Y="196" T="10080804" />
  <Point X="74" Y="193" T="10080805" />
  <Point X="79" Y="186" T="10080813" />
  <Point X="84" Y="180" T="10080820" />
  <Point X="89" Y="173" T="10080828" />
  <Point X="94" Y="166" T="10080836" />
  <Point X="99" Y="161" T="10080845" />
  <Point X="101" Y="158" T="10080853" />
  <Point X="104" Y="155" T="10080861" />
  <Point X="107" Y="151" T="10080870" />
  <Point X="109" Y="149" T="10080879" />
  <Point X="111" Y="147" T="10080888" />
  <Point X="114" Y="148" T="10080901" />
  <Point X="116" Y="152" T="10080915" />
  <Point X="118" Y="156" T="10080927" />
  <Point X="119" Y="160" T="10080928" />
  <Point X="121" Y="167" T="10080939" />
  <Point X="122" Y="171" T="10080941" />
  <Point X="126" Y="184" T="10080953" />
  <Point X="131" Y="196" T="10080965" />
  <Point X="137" Y="209" T="10080977" />
  <Point X="142" Y="216" T="10080989" />
  <Point X="145" Y="219" T="10081001" />
  <Point X="150" Y="222" T="10081014" />
  <Point X="152" Y="223" T="10081029" />
  <Point X="155" Y="224" T="10081043" />
</Gesture>