﻿<?xml version="1.0" encoding="utf-8" standalone="yes"?>
<Gesture Name="delete_mark04" Subject="4" Speed="medium" Number="4" NumPts="98" Millseconds="1815" AppName="Gestures" AppVer="3.7.0.0" Date="Friday, March 09, 2007" TimeOfDay="8:32:56 PM">
  <Point X="82" Y="143" T="117418722" />
  <Point X="84" Y="145" T="117418771" />
  <Point X="85" Y="147" T="117418791" />
  <Point X="87" Y="149" T="117418804" />
  <Point X="89" Y="151" T="117418819" />
  <Point X="91" Y="153" T="117418836" />
  <Point X="93" Y="155" T="117418848" />
  <Point X="95" Y="158" T="117418865" />
  <Point X="97" Y="159" T="117418882" />
  <Point X="98" Y="162" T="117418890" />
  <Point X="100" Y="164" T="117418902" />
  <Point X="101" Y="166" T="117418918" />
  <Point X="102" Y="169" T="117418931" />
  <Point X="103" Y="171" T="117418943" />
  <Point X="104" Y="173" T="117418952" />
  <Point X="106" Y="175" T="117418970" />
  <Point X="108" Y="178" T="117418983" />
  <Point X="109" Y="180" T="117418999" />
  <Point X="110" Y="182" T="117419007" />
  <Point X="111" Y="184" T="117419023" />
  <Point X="113" Y="186" T="117419039" />
  <Point X="114" Y="189" T="117419048" />
  <Point X="116" Y="190" T="117419063" />
  <Point X="117" Y="192" T="117419072" />
  <Point X="119" Y="194" T="117419087" />
  <Point X="120" Y="197" T="117419099" />
  <Point X="122" Y="199" T="117419115" />
  <Point X="124" Y="201" T="117419127" />
  <Point X="125" Y="203" T="117419139" />
  <Point X="127" Y="206" T="117419154" />
  <Point X="128" Y="208" T="117419166" />
  <Point X="130" Y="211" T="117419183" />
  <Point X="131" Y="213" T="117419199" />
  <Point X="133" Y="215" T="117419216" />
  <Point X="135" Y="217" T="117419232" />
  <Point X="136" Y="220" T="117419245" />
  <Point X="138" Y="222" T="117419268" />
  <Point X="140" Y="224" T="117419296" />
  <Point X="142" Y="227" T="117419325" />
  <Point X="143" Y="229" T="117419345" />
  <Point X="144" Y="231" T="117419373" />
  <Point X="145" Y="233" T="117419454" />
  <Point X="143" Y="234" T="117419494" />
  <Point X="140" Y="233" T="117419507" />
  <Point X="138" Y="233" T="117419521" />
  <Point X="133" Y="233" T="117419536" />
  <Point X="129" Y="232" T="117419550" />
  <Point X="127" Y="233" T="117419565" />
  <Point X="123" Y="232" T="117419580" />
  <Point X="119" Y="232" T="117419595" />
  <Point X="116" Y="231" T="117419610" />
  <Point X="114" Y="230" T="117419611" />
  <Point X="111" Y="230" T="117419626" />
  <Point X="107" Y="229" T="117419642" />
  <Point X="105" Y="228" T="117419658" />
  <Point X="102" Y="229" T="117419659" />
  <Point X="99" Y="228" T="117419675" />
  <Point X="95" Y="229" T="117419691" />
  <Point X="92" Y="229" T="117419708" />
  <Point X="90" Y="230" T="117419725" />
  <Point X="85" Y="230" T="117419742" />
  <Point X="83" Y="230" T="117419759" />
  <Point X="79" Y="231" T="117419777" />
  <Point X="76" Y="231" T="117419797" />
  <Point X="74" Y="231" T="117419798" />
  <Point X="72" Y="232" T="117419816" />
  <Point X="70" Y="232" T="117419834" />
  <Point X="68" Y="232" T="117419853" />
  <Point X="66" Y="232" T="117419871" />
  <Point X="63" Y="232" T="117419890" />
  <Point X="61" Y="232" T="117419909" />
  <Point X="59" Y="231" T="117419928" />
  <Point X="60" Y="229" T="117420016" />
  <Point X="62" Y="226" T="117420037" />
  <Point X="65" Y="222" T="117420057" />
  <Point X="69" Y="217" T="117420077" />
  <Point X="74" Y="212" T="117420098" />
  <Point X="77" Y="207" T="117420120" />
  <Point X="78" Y="205" T="117420121" />
  <Point X="82" Y="200" T="117420142" />
  <Point X="86" Y="195" T="117420163" />
  <Point X="89" Y="189" T="117420185" />
  <Point X="93" Y="184" T="117420207" />
  <Point X="99" Y="177" T="117420231" />
  <Point X="100" Y="175" T="117420232" />
  <Point X="104" Y="171" T="117420255" />
  <Point X="110" Y="166" T="117420278" />
  <Point X="117" Y="161" T="117420301" />
  <Point X="121" Y="156" T="117420324" />
  <Point X="125" Y="153" T="117420347" />
  <Point X="129" Y="149" T="117420370" />
  <Point X="132" Y="145" T="117420394" />
  <Point X="134" Y="142" T="117420417" />
  <Point X="136" Y="141" T="117420441" />
  <Point X="138" Y="139" T="117420465" />
  <Point X="140" Y="137" T="117420489" />
  <Point X="142" Y="135" T="117420513" />
  <Point X="144" Y="134" T="117420537" />
</Gesture>