﻿<?xml version="1.0" encoding="utf-8" standalone="yes"?>
<Gesture Name="left_sq_bracket08" Subject="4" Speed="medium" Number="8" NumPts="88" Millseconds="1611" AppName="Gestures" AppVer="3.7.0.0" Date="Friday, March 09, 2007" TimeOfDay="8:34:24 PM">
  <Point X="112" Y="125" T="117506814" />
  <Point X="110" Y="126" T="117506847" />
  <Point X="108" Y="125" T="117506868" />
  <Point X="106" Y="126" T="117506888" />
  <Point X="104" Y="125" T="117506904" />
  <Point X="102" Y="126" T="117506921" />
  <Point X="100" Y="125" T="117506937" />
  <Point X="98" Y="126" T="117506949" />
  <Point X="96" Y="125" T="117506965" />
  <Point X="93" Y="127" T="117506981" />
  <Point X="91" Y="127" T="117506993" />
  <Point X="89" Y="126" T="117507009" />
  <Point X="87" Y="127" T="117507026" />
  <Point X="85" Y="126" T="117507041" />
  <Point X="83" Y="126" T="117507058" />
  <Point X="81" Y="126" T="117507075" />
  <Point X="79" Y="127" T="117507100" />
  <Point X="77" Y="128" T="117507140" />
  <Point X="75" Y="130" T="117507225" />
  <Point X="75" Y="133" T="117507240" />
  <Point X="75" Y="135" T="117507249" />
  <Point X="75" Y="138" T="117507260" />
  <Point X="75" Y="141" T="117507272" />
  <Point X="75" Y="143" T="117507281" />
  <Point X="75" Y="145" T="117507291" />
  <Point X="75" Y="148" T="117507301" />
  <Point X="75" Y="150" T="117507312" />
  <Point X="75" Y="152" T="117507313" />
  <Point X="75" Y="155" T="117507325" />
  <Point X="75" Y="158" T="117507336" />
  <Point X="75" Y="160" T="117507347" />
  <Point X="75" Y="163" T="117507358" />
  <Point X="76" Y="168" T="117507369" />
  <Point X="76" Y="170" T="117507380" />
  <Point X="76" Y="173" T="117507392" />
  <Point X="76" Y="176" T="117507404" />
  <Point X="76" Y="181" T="117507416" />
  <Point X="77" Y="184" T="117507428" />
  <Point X="77" Y="187" T="117507441" />
  <Point X="77" Y="190" T="117507453" />
  <Point X="77" Y="193" T="117507466" />
  <Point X="77" Y="197" T="117507479" />
  <Point X="77" Y="202" T="117507493" />
  <Point X="78" Y="204" T="117507506" />
  <Point X="78" Y="208" T="117507520" />
  <Point X="78" Y="212" T="117507534" />
  <Point X="79" Y="217" T="117507548" />
  <Point X="79" Y="219" T="117507563" />
  <Point X="79" Y="222" T="117507577" />
  <Point X="79" Y="225" T="117507591" />
  <Point X="79" Y="227" T="117507592" />
  <Point X="80" Y="229" T="117507608" />
  <Point X="80" Y="232" T="117507609" />
  <Point X="80" Y="234" T="117507624" />
  <Point X="80" Y="239" T="117507642" />
  <Point X="80" Y="242" T="117507660" />
  <Point X="80" Y="246" T="117507679" />
  <Point X="80" Y="248" T="117507696" />
  <Point X="80" Y="251" T="117507712" />
  <Point X="80" Y="253" T="117507729" />
  <Point X="80" Y="255" T="117507746" />
  <Point X="80" Y="257" T="117507763" />
  <Point X="80" Y="259" T="117507789" />
  <Point X="81" Y="262" T="117507838" />
  <Point X="82" Y="264" T="117507898" />
  <Point X="84" Y="264" T="117507942" />
  <Point X="86" Y="264" T="117507965" />
  <Point X="88" Y="264" T="117507985" />
  <Point X="90" Y="264" T="117508003" />
  <Point X="92" Y="264" T="117508022" />
  <Point X="94" Y="263" T="117508040" />
  <Point X="96" Y="263" T="117508060" />
  <Point X="98" Y="263" T="117508079" />
  <Point X="100" Y="263" T="117508098" />
  <Point X="102" Y="263" T="117508118" />
  <Point X="105" Y="263" T="117508138" />
  <Point X="107" Y="263" T="117508159" />
  <Point X="109" Y="264" T="117508179" />
  <Point X="111" Y="264" T="117508200" />
  <Point X="116" Y="264" T="117508220" />
  <Point X="118" Y="265" T="117508241" />
  <Point X="120" Y="263" T="117508262" />
  <Point X="122" Y="264" T="117508284" />
  <Point X="124" Y="263" T="117508306" />
  <Point X="126" Y="263" T="117508333" />
  <Point X="128" Y="263" T="117508361" />
  <Point X="130" Y="263" T="117508389" />
  <Point X="132" Y="264" T="117508425" />
</Gesture>