﻿<?xml version="1.0" encoding="utf-8" standalone="yes"?>
<Gesture Name="pigtail09" Subject="4" Speed="medium" Number="9" NumPts="97" Millseconds="1586" AppName="Gestures" AppVer="3.7.0.0" Date="Friday, March 09, 2007" TimeOfDay="8:29:35 PM">
  <Point X="42" Y="219" T="117218176" />
  <Point X="42" Y="221" T="117218209" />
  <Point X="44" Y="222" T="117218253" />
  <Point X="46" Y="223" T="117218273" />
  <Point X="48" Y="224" T="117218289" />
  <Point X="51" Y="224" T="117218305" />
  <Point X="53" Y="224" T="117218317" />
  <Point X="56" Y="223" T="117218329" />
  <Point X="58" Y="224" T="117218337" />
  <Point X="60" Y="223" T="117218345" />
  <Point X="62" Y="224" T="117218353" />
  <Point X="64" Y="224" T="117218361" />
  <Point X="66" Y="223" T="117218369" />
  <Point X="69" Y="223" T="117218378" />
  <Point X="71" Y="223" T="117218389" />
  <Point X="74" Y="223" T="117218402" />
  <Point X="76" Y="224" T="117218414" />
  <Point X="79" Y="223" T="117218425" />
  <Point X="81" Y="222" T="117218438" />
  <Point X="84" Y="221" T="117218449" />
  <Point X="86" Y="221" T="117218462" />
  <Point X="88" Y="219" T="117218474" />
  <Point X="90" Y="219" T="117218487" />
  <Point X="93" Y="217" T="117218498" />
  <Point X="96" Y="216" T="117218510" />
  <Point X="98" Y="215" T="117218522" />
  <Point X="100" Y="214" T="117218532" />
  <Point X="102" Y="212" T="117218542" />
  <Point X="105" Y="210" T="117218553" />
  <Point X="107" Y="209" T="117218564" />
  <Point X="109" Y="207" T="117218575" />
  <Point X="113" Y="203" T="117218587" />
  <Point X="115" Y="202" T="117218598" />
  <Point X="117" Y="199" T="117218609" />
  <Point X="120" Y="197" T="117218621" />
  <Point X="122" Y="194" T="117218633" />
  <Point X="124" Y="192" T="117218646" />
  <Point X="126" Y="190" T="117218659" />
  <Point X="127" Y="188" T="117218671" />
  <Point X="129" Y="186" T="117218684" />
  <Point X="131" Y="183" T="117218697" />
  <Point X="134" Y="178" T="117218711" />
  <Point X="135" Y="176" T="117218724" />
  <Point X="136" Y="174" T="117218738" />
  <Point X="137" Y="172" T="117218752" />
  <Point X="137" Y="167" T="117218766" />
  <Point X="136" Y="165" T="117218786" />
  <Point X="135" Y="162" T="117218800" />
  <Point X="134" Y="160" T="117218818" />
  <Point X="133" Y="158" T="117218834" />
  <Point X="131" Y="156" T="117218858" />
  <Point X="129" Y="154" T="117218879" />
  <Point X="127" Y="153" T="117218899" />
  <Point X="125" Y="153" T="117218923" />
  <Point X="123" Y="152" T="117218948" />
  <Point X="120" Y="152" T="117218969" />
  <Point X="118" Y="153" T="117218985" />
  <Point X="116" Y="154" T="117219002" />
  <Point X="114" Y="157" T="117219018" />
  <Point X="112" Y="158" T="117219035" />
  <Point X="110" Y="160" T="117219052" />
  <Point X="108" Y="162" T="117219070" />
  <Point X="107" Y="164" T="117219088" />
  <Point X="105" Y="169" T="117219106" />
  <Point X="104" Y="171" T="117219124" />
  <Point X="104" Y="175" T="117219143" />
  <Point X="103" Y="179" T="117219162" />
  <Point X="104" Y="181" T="117219183" />
  <Point X="104" Y="186" T="117219202" />
  <Point X="103" Y="189" T="117219221" />
  <Point X="103" Y="194" T="117219241" />
  <Point X="102" Y="196" T="117219260" />
  <Point X="103" Y="198" T="117219280" />
  <Point X="103" Y="201" T="117219300" />
  <Point X="104" Y="203" T="117219301" />
  <Point X="105" Y="207" T="117219325" />
  <Point X="108" Y="210" T="117219348" />
  <Point X="112" Y="213" T="117219373" />
  <Point X="116" Y="216" T="117219394" />
  <Point X="119" Y="217" T="117219415" />
  <Point X="121" Y="218" T="117219436" />
  <Point X="124" Y="220" T="117219437" />
  <Point X="126" Y="221" T="117219460" />
  <Point X="131" Y="220" T="117219481" />
  <Point X="137" Y="220" T="117219503" />
  <Point X="142" Y="218" T="117219526" />
  <Point X="148" Y="218" T="117219548" />
  <Point X="152" Y="216" T="117219571" />
  <Point X="159" Y="216" T="117219594" />
  <Point X="164" Y="215" T="117219618" />
  <Point X="169" Y="212" T="117219641" />
  <Point X="174" Y="209" T="117219664" />
  <Point X="178" Y="204" T="117219689" />
  <Point X="182" Y="201" T="117219712" />
  <Point X="184" Y="197" T="117219736" />
  <Point X="186" Y="194" T="117219737" />
  <Point X="187" Y="192" T="117219762" />
</Gesture>