<?xml version="1.0" encoding="utf-8" standalone="yes"?>
<Gesture Name="9~32~17~0" Subject="32" NumPts="57">
	<Stroke index="1">
		<Point X="108" Y="58" T="-1" />
		<Point X="104" Y="61" T="-1" />
		<Point X="99" Y="64" T="-1" />
		<Point X="96" Y="68" T="-1" />
		<Point X="92" Y="71" T="-1" />
		<Point X="89" Y="75" T="-1" />
		<Point X="86" Y="79" T="-1" />
		<Point X="83" Y="87" T="-1" />
		<Point X="82" Y="91" T="-1" />
		<Point X="82" Y="94" T="-1" />
		<Point X="82" Y="97" T="-1" />
		<Point X="83" Y="99" T="-1" />
		<Point X="84" Y="101" T="-1" />
		<Point X="86" Y="102" T="-1" />
		<Point X="91" Y="102" T="-1" />
		<Point X="94" Y="101" T="-1" />
		<Point X="97" Y="100" T="-1" />
		<Point X="99" Y="98" T="-1" />
		<Point X="102" Y="95" T="-1" />
		<Point X="105" Y="92" T="-1" />
		<Point X="108" Y="88" T="-1" />
		<Point X="110" Y="85" T="-1" />
		<Point X="112" Y="81" T="-1" />
		<Point X="114" Y="77" T="-1" />
		<Point X="116" Y="74" T="-1" />
		<Point X="117" Y="71" T="-1" />
		<Point X="119" Y="68" T="-1" />
		<Point X="120" Y="66" T="-1" />
		<Point X="121" Y="64" T="-1" />
		<Point X="121" Y="63" T="-1" />
		<Point X="122" Y="62" T="-1" />
		<Point X="123" Y="62" T="-1" />
		<Point X="123" Y="63" T="-1" />
		<Point X="123" Y="65" T="-1" />
		<Point X="124" Y="67" T="-1" />
		<Point X="124" Y="69" T="-1" />
		<Point X="125" Y="73" T="-1" />
		<Point X="126" Y="76" T="-1" />
		<Point X="126" Y="81" T="-1" />
		<Point X="128" Y="90" T="-1" />
		<Point X="129" Y="96" T="-1" />
		<Point X="130" Y="101" T="-1" />
		<Point X="131" Y="107" T="-1" />
		<Point X="132" Y="113" T="-1" />
		<Point X="132" Y="119" T="-1" />
		<Point X="133" Y="125" T="-1" />
		<Point X="134" Y="130" T="-1" />
		<Point X="135" Y="136" T="-1" />
		<Point X="136" Y="141" T="-1" />
		<Point X="136" Y="146" T="-1" />
		<Point X="137" Y="150" T="-1" />
		<Point X="137" Y="154" T="-1" />
		<Point X="137" Y="157" T="-1" />
		<Point X="138" Y="159" T="-1" />
		<Point X="138" Y="161" T="-1" />
		<Point X="139" Y="164" T="-1" />
		<Point X="139" Y="163" T="-1" />
	</Stroke>
</Gesture>
