<?xml version="1.0" encoding="utf-8" standalone="yes"?>
<Gesture Name="plus~17~43~0" Subject="17" NumPts="32">
	<Stroke index="1">
		<Point X="669" Y="121" T="-1" />
		<Point X="673" Y="120" T="-1" />
		<Point X="678" Y="119" T="-1" />
		<Point X="682" Y="118" T="-1" />
		<Point X="686" Y="118" T="-1" />
		<Point X="690" Y="117" T="-1" />
		<Point X="693" Y="116" T="-1" />
		<Point X="695" Y="116" T="-1" />
		<Point X="698" Y="115" T="-1" />
		<Point X="700" Y="113" T="-1" />
		<Point X="700" Y="112" T="-1" />
		<Point X="700" Y="110" T="-1" />
		<Point X="700" Y="108" T="-1" />
		<Point X="699" Y="105" T="-1" />
		<Point X="698" Y="102" T="-1" />
		<Point X="697" Y="99" T="-1" />
	</Stroke>
	<Stroke index="2">
		<Point X="685" Y="78" T="-1" />
		<Point X="685" Y="84" T="-1" />
		<Point X="684" Y="91" T="-1" />
		<Point X="683" Y="97" T="-1" />
		<Point X="682" Y="104" T="-1" />
		<Point X="682" Y="111" T="-1" />
		<Point X="681" Y="117" T="-1" />
		<Point X="681" Y="122" T="-1" />
		<Point X="681" Y="127" T="-1" />
		<Point X="681" Y="132" T="-1" />
		<Point X="682" Y="136" T="-1" />
		<Point X="682" Y="139" T="-1" />
		<Point X="685" Y="144" T="-1" />
		<Point X="686" Y="144" T="-1" />
		<Point X="687" Y="143" T="-1" />
		<Point X="687" Y="142" T="-1" />
	</Stroke>
</Gesture>
