<?xml version="1.0" encoding="utf-8" standalone="yes"?>
<Gesture Name="equal~17~43~0" Subject="17" NumPts="31">
	<Stroke index="1">
		<Point X="481" Y="135" T="-1" />
		<Point X="485" Y="134" T="-1" />
		<Point X="488" Y="134" T="-1" />
		<Point X="491" Y="133" T="-1" />
		<Point X="493" Y="133" T="-1" />
		<Point X="494" Y="133" T="-1" />
		<Point X="495" Y="133" T="-1" />
		<Point X="495" Y="134" T="-1" />
		<Point X="494" Y="134" T="-1" />
		<Point X="493" Y="135" T="-1" />
		<Point X="492" Y="136" T="-1" />
		<Point X="490" Y="137" T="-1" />
		<Point X="488" Y="138" T="-1" />
		<Point X="485" Y="140" T="-1" />
	</Stroke>
	<Stroke index="2">
		<Point X="462" Y="172" T="-1" />
		<Point X="466" Y="171" T="-1" />
		<Point X="470" Y="169" T="-1" />
		<Point X="474" Y="168" T="-1" />
		<Point X="478" Y="167" T="-1" />
		<Point X="481" Y="167" T="-1" />
		<Point X="488" Y="166" T="-1" />
		<Point X="490" Y="166" T="-1" />
		<Point X="492" Y="165" T="-1" />
		<Point X="494" Y="165" T="-1" />
		<Point X="496" Y="165" T="-1" />
		<Point X="498" Y="165" T="-1" />
		<Point X="500" Y="164" T="-1" />
		<Point X="502" Y="164" T="-1" />
		<Point X="505" Y="163" T="-1" />
		<Point X="507" Y="162" T="-1" />
		<Point X="510" Y="160" T="-1" />
	</Stroke>
</Gesture>
