<?xml version="1.0" encoding="utf-8" standalone="yes"?>
<Gesture Name="b~17~43~0" Subject="17" NumPts="54">
	<Stroke index="1">
		<Point X="197" Y="83" T="-1" />
		<Point X="199" Y="88" T="-1" />
		<Point X="200" Y="94" T="-1" />
		<Point X="201" Y="99" T="-1" />
		<Point X="202" Y="104" T="-1" />
		<Point X="203" Y="109" T="-1" />
		<Point X="203" Y="113" T="-1" />
		<Point X="204" Y="117" T="-1" />
		<Point X="203" Y="121" T="-1" />
		<Point X="203" Y="124" T="-1" />
		<Point X="203" Y="127" T="-1" />
		<Point X="203" Y="129" T="-1" />
		<Point X="202" Y="130" T="-1" />
		<Point X="201" Y="130" T="-1" />
		<Point X="201" Y="129" T="-1" />
		<Point X="200" Y="127" T="-1" />
		<Point X="200" Y="124" T="-1" />
		<Point X="199" Y="118" T="-1" />
		<Point X="200" Y="114" T="-1" />
		<Point X="200" Y="110" T="-1" />
		<Point X="201" Y="106" T="-1" />
		<Point X="202" Y="102" T="-1" />
		<Point X="203" Y="99" T="-1" />
		<Point X="206" Y="95" T="-1" />
		<Point X="211" Y="90" T="-1" />
		<Point X="215" Y="89" T="-1" />
		<Point X="219" Y="88" T="-1" />
		<Point X="223" Y="88" T="-1" />
		<Point X="228" Y="89" T="-1" />
		<Point X="232" Y="90" T="-1" />
		<Point X="236" Y="92" T="-1" />
		<Point X="239" Y="94" T="-1" />
		<Point X="246" Y="99" T="-1" />
		<Point X="248" Y="102" T="-1" />
		<Point X="249" Y="105" T="-1" />
		<Point X="250" Y="108" T="-1" />
		<Point X="250" Y="111" T="-1" />
		<Point X="249" Y="114" T="-1" />
		<Point X="248" Y="117" T="-1" />
		<Point X="246" Y="121" T="-1" />
		<Point X="239" Y="128" T="-1" />
		<Point X="236" Y="132" T="-1" />
		<Point X="232" Y="136" T="-1" />
		<Point X="227" Y="139" T="-1" />
		<Point X="223" Y="142" T="-1" />
		<Point X="219" Y="144" T="-1" />
		<Point X="215" Y="146" T="-1" />
		<Point X="212" Y="147" T="-1" />
		<Point X="206" Y="145" T="-1" />
		<Point X="204" Y="143" T="-1" />
		<Point X="202" Y="140" T="-1" />
		<Point X="201" Y="136" T="-1" />
		<Point X="200" Y="132" T="-1" />
		<Point X="200" Y="129" T="-1" />
	</Stroke>
</Gesture>
