﻿<?xml version="1.0" encoding="utf-8" standalone="yes"?>
<Gesture Name="arrow10" Subject="1" Speed="fast" Number="10" NumPts="52" Millseconds="574" AppName="Gestures" AppVer="3.5.0.0" Date="Monday, March 05, 2007" TimeOfDay="5:05:09 PM">
  <Point X="85" Y="220" T="1371736" />
  <Point X="89" Y="216" T="1371744" />
  <Point X="92" Y="215" T="1371750" />
  <Point X="99" Y="212" T="1371756" />
  <Point X="102" Y="209" T="1371763" />
  <Point X="110" Y="204" T="1371770" />
  <Point X="118" Y="199" T="1371777" />
  <Point X="122" Y="196" T="1371784" />
  <Point X="126" Y="193" T="1371785" />
  <Point X="135" Y="187" T="1371794" />
  <Point X="143" Y="182" T="1371802" />
  <Point X="151" Y="176" T="1371810" />
  <Point X="159" Y="171" T="1371819" />
  <Point X="165" Y="166" T="1371827" />
  <Point X="174" Y="159" T="1371836" />
  <Point X="180" Y="156" T="1371845" />
  <Point X="184" Y="153" T="1371855" />
  <Point X="186" Y="151" T="1371864" />
  <Point X="188" Y="150" T="1371865" />
  <Point X="191" Y="148" T="1371876" />
  <Point X="192" Y="146" T="1371886" />
  <Point X="190" Y="146" T="1371912" />
  <Point X="187" Y="147" T="1371922" />
  <Point X="180" Y="147" T="1371933" />
  <Point X="172" Y="150" T="1371944" />
  <Point X="166" Y="151" T="1371955" />
  <Point X="163" Y="151" T="1371957" />
  <Point X="154" Y="153" T="1371969" />
  <Point X="145" Y="156" T="1371981" />
  <Point X="137" Y="158" T="1371993" />
  <Point X="130" Y="160" T="1372005" />
  <Point X="125" Y="163" T="1372017" />
  <Point X="123" Y="164" T="1372030" />
  <Point X="125" Y="163" T="1372064" />
  <Point X="131" Y="161" T="1372077" />
  <Point X="140" Y="158" T="1372090" />
  <Point X="154" Y="156" T="1372104" />
  <Point X="165" Y="153" T="1372118" />
  <Point X="178" Y="150" T="1372132" />
  <Point X="187" Y="146" T="1372147" />
  <Point X="197" Y="144" T="1372161" />
  <Point X="200" Y="144" T="1372176" />
  <Point X="203" Y="144" T="1372177" />
  <Point X="204" Y="147" T="1372192" />
  <Point X="204" Y="149" T="1372207" />
  <Point X="199" Y="159" T="1372223" />
  <Point X="192" Y="169" T="1372239" />
  <Point X="184" Y="179" T="1372255" />
  <Point X="182" Y="181" T="1372257" />
  <Point X="174" Y="191" T="1372275" />
  <Point X="169" Y="198" T="1372291" />
  <Point X="167" Y="201" T="1372310" />
</Gesture>