﻿<?xml version="1.0" encoding="utf-8" standalone="yes"?>
<Gesture Name="arrow01" Subject="1" Speed="fast" Number="1" NumPts="48" Millseconds="547" AppName="Gestures" AppVer="3.5.0.0" Date="Monday, March 05, 2007" TimeOfDay="5:05:00 PM">
  <Point X="69" Y="228" T="1363112" />
  <Point X="67" Y="228" T="1363125" />
  <Point X="70" Y="225" T="1363153" />
  <Point X="73" Y="223" T="1363161" />
  <Point X="75" Y="222" T="1363167" />
  <Point X="80" Y="218" T="1363174" />
  <Point X="82" Y="216" T="1363181" />
  <Point X="85" Y="214" T="1363182" />
  <Point X="92" Y="209" T="1363191" />
  <Point X="99" Y="205" T="1363199" />
  <Point X="106" Y="201" T="1363206" />
  <Point X="114" Y="196" T="1363214" />
  <Point X="122" Y="193" T="1363222" />
  <Point X="130" Y="188" T="1363231" />
  <Point X="138" Y="185" T="1363239" />
  <Point X="145" Y="181" T="1363248" />
  <Point X="148" Y="180" T="1363250" />
  <Point X="154" Y="177" T="1363260" />
  <Point X="157" Y="175" T="1363262" />
  <Point X="162" Y="173" T="1363273" />
  <Point X="164" Y="172" T="1363274" />
  <Point X="167" Y="171" T="1363286" />
  <Point X="164" Y="170" T="1363322" />
  <Point X="161" Y="169" T="1363332" />
  <Point X="155" Y="170" T="1363343" />
  <Point X="148" Y="170" T="1363354" />
  <Point X="144" Y="170" T="1363365" />
  <Point X="142" Y="169" T="1363367" />
  <Point X="138" Y="169" T="1363380" />
  <Point X="133" Y="170" T="1363392" />
  <Point X="131" Y="170" T="1363404" />
  <Point X="133" Y="170" T="1363438" />
  <Point X="139" Y="168" T="1363451" />
  <Point X="148" Y="167" T="1363463" />
  <Point X="157" Y="163" T="1363477" />
  <Point X="169" Y="159" T="1363490" />
  <Point X="177" Y="154" T="1363503" />
  <Point X="181" Y="153" T="1363517" />
  <Point X="186" Y="152" T="1363531" />
  <Point X="186" Y="154" T="1363546" />
  <Point X="181" Y="159" T="1363560" />
  <Point X="171" Y="170" T="1363575" />
  <Point X="162" Y="181" T="1363590" />
  <Point X="157" Y="189" T="1363606" />
  <Point X="155" Y="192" T="1363607" />
  <Point X="149" Y="201" T="1363624" />
  <Point X="144" Y="205" T="1363640" />
  <Point X="142" Y="205" T="1363659" />
</Gesture>