﻿<?xml version="1.0" encoding="utf-8" standalone="yes"?>
<Gesture Name="arrow03" Subject="1" Speed="fast" Number="3" NumPts="54" Millseconds="581" AppName="Gestures" AppVer="3.5.0.0" Date="Monday, March 05, 2007" TimeOfDay="5:05:02 PM">
  <Point X="67" Y="212" T="1364980" />
  <Point X="69" Y="210" T="1364987" />
  <Point X="71" Y="210" T="1364993" />
  <Point X="77" Y="206" T="1364999" />
  <Point X="80" Y="204" T="1365006" />
  <Point X="87" Y="200" T="1365013" />
  <Point X="96" Y="195" T="1365020" />
  <Point X="100" Y="193" T="1365026" />
  <Point X="105" Y="190" T="1365028" />
  <Point X="114" Y="185" T="1365037" />
  <Point X="124" Y="179" T="1365045" />
  <Point X="134" Y="173" T="1365053" />
  <Point X="144" Y="167" T="1365061" />
  <Point X="153" Y="162" T="1365069" />
  <Point X="161" Y="158" T="1365078" />
  <Point X="171" Y="151" T="1365087" />
  <Point X="180" Y="146" T="1365102" />
  <Point X="185" Y="143" T="1365110" />
  <Point X="187" Y="142" T="1365111" />
  <Point X="189" Y="142" T="1365122" />
  <Point X="194" Y="138" T="1365132" />
  <Point X="191" Y="137" T="1365168" />
  <Point X="187" Y="138" T="1365177" />
  <Point X="182" Y="138" T="1365187" />
  <Point X="179" Y="139" T="1365188" />
  <Point X="168" Y="143" T="1365201" />
  <Point X="161" Y="144" T="1365211" />
  <Point X="157" Y="144" T="1365212" />
  <Point X="146" Y="146" T="1365225" />
  <Point X="135" Y="149" T="1365237" />
  <Point X="126" Y="151" T="1365248" />
  <Point X="121" Y="152" T="1365260" />
  <Point X="116" Y="152" T="1365274" />
  <Point X="118" Y="150" T="1365307" />
  <Point X="126" Y="147" T="1365319" />
  <Point X="136" Y="142" T="1365332" />
  <Point X="148" Y="137" T="1365344" />
  <Point X="160" Y="131" T="1365357" />
  <Point X="172" Y="126" T="1365370" />
  <Point X="176" Y="124" T="1365371" />
  <Point X="189" Y="119" T="1365387" />
  <Point X="194" Y="116" T="1365401" />
  <Point X="200" Y="115" T="1365414" />
  <Point X="201" Y="117" T="1365428" />
  <Point X="199" Y="122" T="1365442" />
  <Point X="198" Y="125" T="1365443" />
  <Point X="192" Y="135" T="1365462" />
  <Point X="191" Y="138" T="1365463" />
  <Point X="185" Y="151" T="1365482" />
  <Point X="180" Y="164" T="1365498" />
  <Point X="177" Y="172" T="1365514" />
  <Point X="173" Y="179" T="1365529" />
  <Point X="170" Y="185" T="1365545" />
  <Point X="168" Y="186" T="1365561" />
</Gesture>