﻿<?xml version="1.0" encoding="utf-8" standalone="yes"?>
<Gesture Name="arrow08" Subject="1" Speed="fast" Number="8" NumPts="58" Millseconds="618" AppName="Gestures" AppVer="3.5.0.0" Date="Monday, March 05, 2007" TimeOfDay="5:05:07 PM">
  <Point X="64" Y="221" T="1369811" />
  <Point X="67" Y="218" T="1369819" />
  <Point X="69" Y="217" T="1369824" />
  <Point X="72" Y="216" T="1369829" />
  <Point X="79" Y="212" T="1369835" />
  <Point X="82" Y="210" T="1369841" />
  <Point X="86" Y="208" T="1369847" />
  <Point X="90" Y="206" T="1369848" />
  <Point X="99" Y="200" T="1369857" />
  <Point X="109" Y="194" T="1369864" />
  <Point X="114" Y="192" T="1369872" />
  <Point X="119" Y="189" T="1369873" />
  <Point X="129" Y="184" T="1369882" />
  <Point X="134" Y="181" T="1369884" />
  <Point X="144" Y="175" T="1369894" />
  <Point X="153" Y="170" T="1369902" />
  <Point X="162" Y="166" T="1369910" />
  <Point X="170" Y="161" T="1369918" />
  <Point X="174" Y="159" T="1369922" />
  <Point X="177" Y="157" T="1369924" />
  <Point X="183" Y="153" T="1369933" />
  <Point X="189" Y="149" T="1369943" />
  <Point X="191" Y="147" T="1369944" />
  <Point X="196" Y="144" T="1369955" />
  <Point X="198" Y="143" T="1369967" />
  <Point X="196" Y="143" T="1369992" />
  <Point X="192" Y="144" T="1370002" />
  <Point X="185" Y="146" T="1370013" />
  <Point X="176" Y="151" T="1370024" />
  <Point X="169" Y="153" T="1370035" />
  <Point X="165" Y="154" T="1370036" />
  <Point X="154" Y="157" T="1370050" />
  <Point X="143" Y="162" T="1370061" />
  <Point X="133" Y="165" T="1370073" />
  <Point X="126" Y="166" T="1370086" />
  <Point X="121" Y="168" T="1370098" />
  <Point X="117" Y="169" T="1370110" />
  <Point X="117" Y="167" T="1370136" />
  <Point X="119" Y="166" T="1370149" />
  <Point X="128" Y="162" T="1370162" />
  <Point X="141" Y="157" T="1370176" />
  <Point X="152" Y="155" T="1370190" />
  <Point X="167" Y="150" T="1370205" />
  <Point X="176" Y="147" T="1370219" />
  <Point X="179" Y="147" T="1370220" />
  <Point X="189" Y="143" T="1370237" />
  <Point X="195" Y="143" T="1370252" />
  <Point X="197" Y="143" T="1370267" />
  <Point X="199" Y="143" T="1370282" />
  <Point X="200" Y="147" T="1370297" />
  <Point X="197" Y="154" T="1370313" />
  <Point X="192" Y="161" T="1370329" />
  <Point X="185" Y="169" T="1370345" />
  <Point X="176" Y="177" T="1370362" />
  <Point X="168" Y="184" T="1370378" />
  <Point X="163" Y="188" T="1370395" />
  <Point X="158" Y="192" T="1370412" />
  <Point X="156" Y="194" T="1370429" />
</Gesture>