﻿<?xml version="1.0" encoding="utf-8" standalone="yes"?>
<Gesture Name="arrow02" Subject="1" Speed="fast" Number="2" NumPts="56" Millseconds="557" AppName="Gestures" AppVer="3.5.0.0" Date="Monday, March 05, 2007" TimeOfDay="5:05:01 PM">
  <Point X="79" Y="210" T="1364060" />
  <Point X="81" Y="210" T="1364075" />
  <Point X="84" Y="209" T="1364084" />
  <Point X="88" Y="207" T="1364092" />
  <Point X="91" Y="206" T="1364098" />
  <Point X="93" Y="204" T="1364104" />
  <Point X="96" Y="202" T="1364105" />
  <Point X="103" Y="198" T="1364113" />
  <Point X="106" Y="196" T="1364119" />
  <Point X="110" Y="194" T="1364120" />
  <Point X="118" Y="189" T="1364129" />
  <Point X="122" Y="187" T="1364136" />
  <Point X="126" Y="185" T="1364137" />
  <Point X="133" Y="179" T="1364147" />
  <Point X="141" Y="174" T="1364155" />
  <Point X="149" Y="170" T="1364163" />
  <Point X="156" Y="166" T="1364171" />
  <Point X="163" Y="162" T="1364179" />
  <Point X="166" Y="160" T="1364180" />
  <Point X="172" Y="157" T="1364191" />
  <Point X="176" Y="154" T="1364200" />
  <Point X="178" Y="152" T="1364201" />
  <Point X="181" Y="151" T="1364212" />
  <Point X="183" Y="151" T="1364222" />
  <Point X="180" Y="150" T="1364253" />
  <Point X="177" Y="151" T="1364263" />
  <Point X="169" Y="151" T="1364274" />
  <Point X="163" Y="153" T="1364284" />
  <Point X="159" Y="154" T="1364286" />
  <Point X="150" Y="155" T="1364298" />
  <Point X="140" Y="155" T="1364310" />
  <Point X="131" Y="157" T="1364321" />
  <Point X="124" Y="159" T="1364333" />
  <Point X="121" Y="158" T="1364345" />
  <Point X="118" Y="159" T="1364357" />
  <Point X="116" Y="160" T="1364369" />
  <Point X="118" Y="159" T="1364386" />
  <Point X="123" Y="158" T="1364399" />
  <Point X="132" Y="156" T="1364412" />
  <Point X="143" Y="151" T="1364425" />
  <Point X="147" Y="150" T="1364427" />
  <Point X="162" Y="145" T="1364442" />
  <Point X="173" Y="141" T="1364457" />
  <Point X="185" Y="136" T="1364471" />
  <Point X="190" Y="135" T="1364485" />
  <Point X="192" Y="136" T="1364499" />
  <Point X="192" Y="139" T="1364513" />
  <Point X="192" Y="141" T="1364514" />
  <Point X="187" Y="149" T="1364530" />
  <Point X="182" Y="157" T="1364546" />
  <Point X="180" Y="160" T="1364547" />
  <Point X="174" Y="170" T="1364565" />
  <Point X="168" Y="182" T="1364581" />
  <Point X="167" Y="184" T="1364582" />
  <Point X="162" Y="191" T="1364601" />
  <Point X="159" Y="196" T="1364617" />
</Gesture>