﻿<?xml version="1.0" encoding="utf-8" standalone="yes"?>
<Gesture Name="arrow06" Subject="1" Speed="fast" Number="6" NumPts="57" Millseconds="610" AppName="Gestures" AppVer="3.5.0.0" Date="Monday, March 05, 2007" TimeOfDay="5:05:05 PM">
  <Point X="64" Y="234" T="1367879" />
  <Point X="66" Y="233" T="1367888" />
  <Point X="68" Y="233" T="1367893" />
  <Point X="71" Y="231" T="1367899" />
  <Point X="77" Y="228" T="1367905" />
  <Point X="81" Y="226" T="1367911" />
  <Point X="84" Y="224" T="1367912" />
  <Point X="92" Y="220" T="1367921" />
  <Point X="97" Y="218" T="1367927" />
  <Point X="102" Y="215" T="1367928" />
  <Point X="112" Y="209" T="1367937" />
  <Point X="122" Y="202" T="1367945" />
  <Point X="126" Y="199" T="1367952" />
  <Point X="131" Y="196" T="1367953" />
  <Point X="141" Y="189" T="1367963" />
  <Point X="151" Y="183" T="1367971" />
  <Point X="159" Y="177" T="1367979" />
  <Point X="163" Y="173" T="1367980" />
  <Point X="172" Y="168" T="1367991" />
  <Point X="175" Y="166" T="1367992" />
  <Point X="186" Y="159" T="1368004" />
  <Point X="193" Y="154" T="1368014" />
  <Point X="199" Y="151" T="1368024" />
  <Point X="201" Y="149" T="1368025" />
  <Point X="207" Y="145" T="1368037" />
  <Point X="209" Y="143" T="1368047" />
  <Point X="207" Y="142" T="1368080" />
  <Point X="202" Y="143" T="1368091" />
  <Point X="193" Y="145" T="1368102" />
  <Point X="183" Y="148" T="1368113" />
  <Point X="172" Y="152" T="1368125" />
  <Point X="162" Y="154" T="1368136" />
  <Point X="152" Y="156" T="1368148" />
  <Point X="143" Y="159" T="1368161" />
  <Point X="137" Y="161" T="1368173" />
  <Point X="134" Y="162" T="1368185" />
  <Point X="131" Y="163" T="1368198" />
  <Point X="134" Y="162" T="1368220" />
  <Point X="141" Y="160" T="1368233" />
  <Point X="150" Y="157" T="1368247" />
  <Point X="165" Y="151" T="1368261" />
  <Point X="177" Y="147" T="1368276" />
  <Point X="181" Y="145" T="1368277" />
  <Point X="197" Y="140" T="1368293" />
  <Point X="210" Y="137" T="1368309" />
  <Point X="216" Y="135" T="1368324" />
  <Point X="218" Y="135" T="1368325" />
  <Point X="221" Y="135" T="1368341" />
  <Point X="223" Y="139" T="1368357" />
  <Point X="220" Y="149" T="1368372" />
  <Point X="214" Y="157" T="1368389" />
  <Point X="207" Y="167" T="1368405" />
  <Point X="200" Y="178" T="1368422" />
  <Point X="193" Y="188" T="1368439" />
  <Point X="188" Y="195" T="1368456" />
  <Point X="186" Y="197" T="1368473" />
  <Point X="184" Y="198" T="1368489" />
</Gesture>