﻿<?xml version="1.0" encoding="utf-8" standalone="yes"?>
<Gesture Name="arrow05" Subject="1" Speed="fast" Number="5" NumPts="58" Millseconds="593" AppName="Gestures" AppVer="3.5.0.0" Date="Monday, March 05, 2007" TimeOfDay="5:05:04 PM">
  <Point X="69" Y="226" T="1366923" />
  <Point X="72" Y="225" T="1366934" />
  <Point X="74" Y="224" T="1366939" />
  <Point X="77" Y="223" T="1366945" />
  <Point X="82" Y="219" T="1366951" />
  <Point X="86" Y="217" T="1366957" />
  <Point X="89" Y="215" T="1366958" />
  <Point X="97" Y="212" T="1366967" />
  <Point X="101" Y="209" T="1366973" />
  <Point X="106" Y="207" T="1366974" />
  <Point X="116" Y="202" T="1366983" />
  <Point X="126" Y="196" T="1366990" />
  <Point X="131" Y="194" T="1366998" />
  <Point X="136" Y="191" T="1366999" />
  <Point X="146" Y="185" T="1367009" />
  <Point X="155" Y="180" T="1367017" />
  <Point X="163" Y="174" T="1367025" />
  <Point X="171" Y="170" T="1367033" />
  <Point X="174" Y="168" T="1367034" />
  <Point X="181" Y="164" T="1367045" />
  <Point X="183" Y="163" T="1367046" />
  <Point X="188" Y="160" T="1367059" />
  <Point X="191" Y="157" T="1367068" />
  <Point X="193" Y="155" T="1367078" />
  <Point X="191" Y="155" T="1367107" />
  <Point X="187" Y="157" T="1367117" />
  <Point X="180" Y="160" T="1367128" />
  <Point X="171" Y="163" T="1367140" />
  <Point X="161" Y="167" T="1367151" />
  <Point X="151" Y="171" T="1367163" />
  <Point X="145" Y="173" T="1367175" />
  <Point X="142" Y="173" T="1367176" />
  <Point X="135" Y="174" T="1367190" />
  <Point X="131" Y="174" T="1367202" />
  <Point X="126" Y="174" T="1367214" />
  <Point X="125" Y="171" T="1367239" />
  <Point X="127" Y="169" T="1367252" />
  <Point X="134" Y="166" T="1367265" />
  <Point X="143" Y="164" T="1367278" />
  <Point X="147" Y="162" T="1367280" />
  <Point X="162" Y="157" T="1367296" />
  <Point X="174" Y="153" T="1367310" />
  <Point X="189" Y="146" T="1367324" />
  <Point X="199" Y="141" T="1367338" />
  <Point X="203" Y="140" T="1367339" />
  <Point X="210" Y="138" T="1367356" />
  <Point X="213" Y="137" T="1367370" />
  <Point X="215" Y="137" T="1367371" />
  <Point X="213" Y="140" T="1367391" />
  <Point X="209" Y="145" T="1367407" />
  <Point X="207" Y="147" T="1367408" />
  <Point X="198" Y="155" T="1367426" />
  <Point X="196" Y="158" T="1367427" />
  <Point X="188" Y="168" T="1367446" />
  <Point X="177" Y="180" T="1367463" />
  <Point X="171" Y="188" T="1367480" />
  <Point X="167" Y="193" T="1367500" />
  <Point X="166" Y="195" T="1367516" />
</Gesture>