﻿<?xml version="1.0" encoding="utf-8" standalone="yes"?>
<Gesture Name="arrow04" Subject="1" Speed="fast" Number="4" NumPts="60" Millseconds="599" AppName="Gestures" AppVer="3.5.0.0" Date="Monday, March 05, 2007" TimeOfDay="5:05:03 PM">
  <Point X="72" Y="218" T="1365916" />
  <Point X="74" Y="217" T="1365928" />
  <Point X="76" Y="216" T="1365933" />
  <Point X="78" Y="214" T="1365939" />
  <Point X="83" Y="212" T="1365945" />
  <Point X="85" Y="210" T="1365951" />
  <Point X="88" Y="208" T="1365952" />
  <Point X="95" Y="204" T="1365960" />
  <Point X="99" Y="202" T="1365967" />
  <Point X="107" Y="197" T="1365974" />
  <Point X="116" Y="193" T="1365981" />
  <Point X="120" Y="190" T="1365987" />
  <Point X="125" Y="187" T="1365989" />
  <Point X="133" Y="182" T="1365998" />
  <Point X="142" Y="177" T="1366006" />
  <Point X="151" Y="172" T="1366014" />
  <Point X="159" Y="167" T="1366023" />
  <Point X="167" Y="161" T="1366031" />
  <Point X="175" Y="157" T="1366040" />
  <Point X="178" Y="156" T="1366041" />
  <Point X="185" Y="151" T="1366052" />
  <Point X="188" Y="150" T="1366053" />
  <Point X="195" Y="147" T="1366064" />
  <Point X="197" Y="145" T="1366074" />
  <Point X="200" Y="144" T="1366084" />
  <Point X="202" Y="144" T="1366094" />
  <Point X="199" Y="145" T="1366113" />
  <Point X="197" Y="147" T="1366123" />
  <Point X="190" Y="150" T="1366134" />
  <Point X="182" Y="151" T="1366146" />
  <Point X="172" Y="155" T="1366157" />
  <Point X="166" Y="155" T="1366169" />
  <Point X="163" Y="156" T="1366170" />
  <Point X="154" Y="157" T="1366184" />
  <Point X="151" Y="157" T="1366185" />
  <Point X="142" Y="159" T="1366202" />
  <Point X="138" Y="159" T="1366216" />
  <Point X="136" Y="159" T="1366228" />
  <Point X="136" Y="157" T="1366249" />
  <Point X="141" Y="156" T="1366262" />
  <Point X="149" Y="154" T="1366276" />
  <Point X="152" Y="153" T="1366277" />
  <Point X="167" Y="149" T="1366294" />
  <Point X="178" Y="148" T="1366308" />
  <Point X="182" Y="146" T="1366309" />
  <Point X="197" Y="141" T="1366326" />
  <Point X="209" Y="137" T="1366342" />
  <Point X="213" Y="135" T="1366357" />
  <Point X="217" Y="134" T="1366358" />
  <Point X="219" Y="135" T="1366375" />
  <Point X="218" Y="138" T="1366390" />
  <Point X="209" Y="149" T="1366406" />
  <Point X="200" Y="159" T="1366423" />
  <Point X="192" Y="170" T="1366440" />
  <Point X="190" Y="173" T="1366441" />
  <Point X="182" Y="183" T="1366461" />
  <Point X="181" Y="185" T="1366462" />
  <Point X="176" Y="192" T="1366480" />
  <Point X="171" Y="196" T="1366498" />
  <Point X="169" Y="197" T="1366515" />
</Gesture>