﻿<?xml version="1.0" encoding="utf-8" standalone="yes"?>
<Gesture Name="arrow09" Subject="1" Speed="fast" Number="9" NumPts="57" Millseconds="600" AppName="Gestures" AppVer="3.5.0.0" Date="Monday, March 05, 2007" TimeOfDay="5:05:08 PM">
  <Point X="80" Y="221" T="1370765" />
  <Point X="82" Y="221" T="1370777" />
  <Point X="84" Y="220" T="1370782" />
  <Point X="86" Y="219" T="1370788" />
  <Point X="91" Y="215" T="1370794" />
  <Point X="94" Y="214" T="1370800" />
  <Point X="97" Y="212" T="1370801" />
  <Point X="105" Y="208" T="1370810" />
  <Point X="108" Y="206" T="1370816" />
  <Point X="113" Y="203" T="1370817" />
  <Point X="121" Y="197" T="1370826" />
  <Point X="130" Y="191" T="1370834" />
  <Point X="139" Y="185" T="1370841" />
  <Point X="143" Y="182" T="1370848" />
  <Point X="148" Y="179" T="1370849" />
  <Point X="157" Y="172" T="1370860" />
  <Point X="165" Y="165" T="1370868" />
  <Point X="172" Y="159" T="1370877" />
  <Point X="175" Y="157" T="1370878" />
  <Point X="182" Y="154" T="1370888" />
  <Point X="184" Y="151" T="1370889" />
  <Point X="191" Y="146" T="1370902" />
  <Point X="194" Y="143" T="1370912" />
  <Point X="196" Y="141" T="1370922" />
  <Point X="194" Y="142" T="1370949" />
  <Point X="190" Y="143" T="1370960" />
  <Point X="182" Y="147" T="1370971" />
  <Point X="172" Y="151" T="1370982" />
  <Point X="161" Y="154" T="1370993" />
  <Point X="150" Y="159" T="1371005" />
  <Point X="140" Y="163" T="1371017" />
  <Point X="134" Y="165" T="1371029" />
  <Point X="131" Y="165" T="1371030" />
  <Point X="123" Y="166" T="1371044" />
  <Point X="121" Y="166" T="1371045" />
  <Point X="118" Y="167" T="1371061" />
  <Point X="116" Y="166" T="1371074" />
  <Point X="118" Y="164" T="1371097" />
  <Point X="123" Y="161" T="1371110" />
  <Point X="132" Y="158" T="1371124" />
  <Point X="135" Y="157" T="1371125" />
  <Point X="149" Y="153" T="1371142" />
  <Point X="160" Y="149" T="1371156" />
  <Point X="164" Y="148" T="1371157" />
  <Point X="178" Y="145" T="1371174" />
  <Point X="190" Y="142" T="1371189" />
  <Point X="197" Y="139" T="1371204" />
  <Point X="202" Y="138" T="1371219" />
  <Point X="204" Y="140" T="1371234" />
  <Point X="203" Y="144" T="1371250" />
  <Point X="199" Y="150" T="1371265" />
  <Point X="192" Y="158" T="1371281" />
  <Point X="185" Y="166" T="1371298" />
  <Point X="178" Y="174" T="1371315" />
  <Point X="173" Y="180" T="1371331" />
  <Point X="169" Y="185" T="1371348" />
  <Point X="167" Y="186" T="1371365" />
</Gesture>