﻿<?xml version="1.0" encoding="utf-8" standalone="yes"?>
<Gesture Name="arrow07" Subject="1" Speed="fast" Number="7" NumPts="56" Millseconds="599" AppName="Gestures" AppVer="3.5.0.0" Date="Monday, March 05, 2007" TimeOfDay="5:05:06 PM">
  <Point X="68" Y="232" T="1368864" />
  <Point X="70" Y="231" T="1368873" />
  <Point X="72" Y="229" T="1368878" />
  <Point X="75" Y="227" T="1368884" />
  <Point X="80" Y="225" T="1368890" />
  <Point X="83" Y="223" T="1368896" />
  <Point X="90" Y="217" T="1368902" />
  <Point X="98" Y="212" T="1368909" />
  <Point X="102" Y="210" T="1368916" />
  <Point X="111" Y="204" T="1368923" />
  <Point X="120" Y="199" T="1368930" />
  <Point X="129" Y="193" T="1368938" />
  <Point X="138" Y="188" T="1368945" />
  <Point X="146" Y="182" T="1368953" />
  <Point X="154" Y="177" T="1368962" />
  <Point X="162" Y="173" T="1368970" />
  <Point X="169" Y="169" T="1368978" />
  <Point X="176" Y="166" T="1368987" />
  <Point X="182" Y="162" T="1368996" />
  <Point X="184" Y="161" T="1368997" />
  <Point X="189" Y="159" T="1369008" />
  <Point X="192" Y="157" T="1369018" />
  <Point X="194" Y="157" T="1369027" />
  <Point X="196" Y="155" T="1369037" />
  <Point X="193" Y="156" T="1369057" />
  <Point X="190" Y="156" T="1369067" />
  <Point X="183" Y="157" T="1369078" />
  <Point X="177" Y="159" T="1369088" />
  <Point X="174" Y="159" T="1369090" />
  <Point X="165" Y="159" T="1369103" />
  <Point X="156" Y="160" T="1369114" />
  <Point X="147" Y="161" T="1369126" />
  <Point X="139" Y="162" T="1369138" />
  <Point X="134" Y="162" T="1369150" />
  <Point X="131" Y="164" T="1369162" />
  <Point X="129" Y="165" T="1369174" />
  <Point X="132" Y="165" T="1369202" />
  <Point X="138" Y="164" T="1369215" />
  <Point X="147" Y="161" T="1369228" />
  <Point X="156" Y="158" T="1369241" />
  <Point X="160" Y="157" T="1369243" />
  <Point X="174" Y="150" T="1369259" />
  <Point X="185" Y="145" T="1369273" />
  <Point X="196" Y="140" T="1369287" />
  <Point X="203" Y="139" T="1369301" />
  <Point X="205" Y="138" T="1369302" />
  <Point X="208" Y="136" T="1369319" />
  <Point X="210" Y="137" T="1369333" />
  <Point X="209" Y="141" T="1369348" />
  <Point X="204" Y="149" T="1369363" />
  <Point X="197" Y="157" T="1369379" />
  <Point X="188" Y="168" T="1369395" />
  <Point X="178" Y="181" T="1369414" />
  <Point X="172" Y="189" T="1369431" />
  <Point X="168" Y="193" T="1369447" />
  <Point X="166" Y="195" T="1369463" />
</Gesture>