﻿<?xml version="1.0" encoding="utf-8" standalone="yes"?>
<Gesture Name="caret03" Subject="1" Speed="fast" Number="3" NumPts="37" Millseconds="292" AppName="Gestures" AppVer="3.5.0.0" Date="Monday, March 05, 2007" TimeOfDay="5:03:24 PM">
  <Point X="90" Y="249" T="1266733" />
  <Point X="90" Y="247" T="1266745" />
  <Point X="91" Y="244" T="1266754" />
  <Point X="92" Y="241" T="1266760" />
  <Point X="94" Y="235" T="1266766" />
  <Point X="95" Y="232" T="1266772" />
  <Point X="98" Y="225" T="1266778" />
  <Point X="100" Y="219" T="1266784" />
  <Point X="104" Y="210" T="1266791" />
  <Point X="108" Y="199" T="1266797" />
  <Point X="110" Y="193" T="1266804" />
  <Point X="112" Y="187" T="1266805" />
  <Point X="116" Y="176" T="1266814" />
  <Point X="119" Y="164" T="1266822" />
  <Point X="122" Y="153" T="1266830" />
  <Point X="124" Y="144" T="1266839" />
  <Point X="125" Y="137" T="1266847" />
  <Point X="127" Y="131" T="1266856" />
  <Point X="128" Y="128" T="1266857" />
  <Point X="130" Y="124" T="1266868" />
  <Point X="131" Y="122" T="1266877" />
  <Point X="133" Y="120" T="1266890" />
  <Point X="134" Y="123" T="1266899" />
  <Point X="136" Y="130" T="1266909" />
  <Point X="137" Y="134" T="1266910" />
  <Point X="140" Y="147" T="1266923" />
  <Point X="143" Y="159" T="1266933" />
  <Point X="145" Y="165" T="1266934" />
  <Point X="150" Y="184" T="1266947" />
  <Point X="156" Y="202" T="1266959" />
  <Point X="160" Y="217" T="1266970" />
  <Point X="163" Y="226" T="1266982" />
  <Point X="164" Y="231" T="1266983" />
  <Point X="167" Y="241" T="1266997" />
  <Point X="168" Y="245" T="1267009" />
  <Point X="169" Y="248" T="1267010" />
  <Point X="170" Y="250" T="1267025" />
</Gesture>