﻿<?xml version="1.0" encoding="utf-8" standalone="yes"?>
<Gesture Name="caret04" Subject="1" Speed="fast" Number="4" NumPts="35" Millseconds="292" AppName="Gestures" AppVer="3.5.0.0" Date="Monday, March 05, 2007" TimeOfDay="5:03:24 PM">
  <Point X="89" Y="256" T="1267291" />
  <Point X="90" Y="254" T="1267299" />
  <Point X="91" Y="252" T="1267305" />
  <Point X="92" Y="250" T="1267311" />
  <Point X="94" Y="246" T="1267317" />
  <Point X="97" Y="238" T="1267324" />
  <Point X="99" Y="235" T="1267330" />
  <Point X="100" Y="230" T="1267332" />
  <Point X="103" Y="223" T="1267341" />
  <Point X="107" Y="213" T="1267348" />
  <Point X="110" Y="201" T="1267356" />
  <Point X="114" Y="189" T="1267364" />
  <Point X="118" Y="176" T="1267372" />
  <Point X="122" Y="165" T="1267380" />
  <Point X="125" Y="154" T="1267389" />
  <Point X="129" Y="147" T="1267398" />
  <Point X="134" Y="138" T="1267408" />
  <Point X="137" Y="134" T="1267417" />
  <Point X="138" Y="132" T="1267426" />
  <Point X="141" Y="129" T="1267428" />
  <Point X="143" Y="128" T="1267439" />
  <Point X="146" Y="128" T="1267449" />
  <Point X="148" Y="131" T="1267459" />
  <Point X="151" Y="138" T="1267470" />
  <Point X="155" Y="150" T="1267481" />
  <Point X="159" Y="167" T="1267492" />
  <Point X="163" Y="186" T="1267504" />
  <Point X="167" Y="205" T="1267515" />
  <Point X="171" Y="220" T="1267527" />
  <Point X="174" Y="228" T="1267539" />
  <Point X="175" Y="231" T="1267540" />
  <Point X="178" Y="240" T="1267554" />
  <Point X="180" Y="243" T="1267567" />
  <Point X="181" Y="245" T="1267568" />
  <Point X="182" Y="248" T="1267583" />
</Gesture>