﻿<?xml version="1.0" encoding="utf-8" standalone="yes"?>
<Gesture Name="caret08" Subject="1" Speed="fast" Number="8" NumPts="37" Millseconds="311" AppName="Gestures" AppVer="3.5.0.0" Date="Monday, March 05, 2007" TimeOfDay="5:03:27 PM">
  <Point X="90" Y="251" T="1269638" />
  <Point X="92" Y="249" T="1269646" />
  <Point X="94" Y="247" T="1269652" />
  <Point X="95" Y="245" T="1269658" />
  <Point X="97" Y="241" T="1269659" />
  <Point X="99" Y="238" T="1269665" />
  <Point X="100" Y="235" T="1269666" />
  <Point X="101" Y="232" T="1269673" />
  <Point X="103" Y="229" T="1269675" />
  <Point X="106" Y="222" T="1269683" />
  <Point X="107" Y="217" T="1269690" />
  <Point X="108" Y="213" T="1269691" />
  <Point X="111" Y="204" T="1269699" />
  <Point X="113" Y="193" T="1269707" />
  <Point X="115" Y="182" T="1269715" />
  <Point X="117" Y="172" T="1269724" />
  <Point X="119" Y="161" T="1269732" />
  <Point X="121" Y="152" T="1269741" />
  <Point X="124" Y="142" T="1269750" />
  <Point X="126" Y="136" T="1269760" />
  <Point X="128" Y="131" T="1269769" />
  <Point X="129" Y="129" T="1269770" />
  <Point X="131" Y="126" T="1269781" />
  <Point X="134" Y="125" T="1269790" />
  <Point X="136" Y="124" T="1269803" />
  <Point X="138" Y="126" T="1269818" />
  <Point X="139" Y="129" T="1269829" />
  <Point X="141" Y="139" T="1269840" />
  <Point X="143" Y="151" T="1269851" />
  <Point X="147" Y="166" T="1269862" />
  <Point X="151" Y="184" T="1269874" />
  <Point X="155" Y="201" T="1269886" />
  <Point X="159" Y="213" T="1269898" />
  <Point X="163" Y="223" T="1269911" />
  <Point X="167" Y="231" T="1269923" />
  <Point X="169" Y="233" T="1269936" />
  <Point X="174" Y="240" T="1269949" />
</Gesture>