﻿<?xml version="1.0" encoding="utf-8" standalone="yes"?>
<Gesture Name="caret10" Subject="1" Speed="fast" Number="10" NumPts="38" Millseconds="312" AppName="Gestures" AppVer="3.5.0.0" Date="Monday, March 05, 2007" TimeOfDay="5:03:28 PM">
  <Point X="82" Y="258" T="1270828" />
  <Point X="84" Y="255" T="1270841" />
  <Point X="86" Y="252" T="1270849" />
  <Point X="88" Y="249" T="1270855" />
  <Point X="90" Y="245" T="1270862" />
  <Point X="93" Y="239" T="1270870" />
  <Point X="94" Y="236" T="1270876" />
  <Point X="97" Y="229" T="1270882" />
  <Point X="99" Y="221" T="1270889" />
  <Point X="100" Y="216" T="1270896" />
  <Point X="102" Y="211" T="1270897" />
  <Point X="103" Y="205" T="1270905" />
  <Point X="104" Y="200" T="1270906" />
  <Point X="106" Y="187" T="1270914" />
  <Point X="108" Y="175" T="1270921" />
  <Point X="111" Y="166" T="1270930" />
  <Point X="113" Y="157" T="1270938" />
  <Point X="116" Y="151" T="1270946" />
  <Point X="119" Y="145" T="1270955" />
  <Point X="122" Y="142" T="1270964" />
  <Point X="124" Y="140" T="1270966" />
  <Point X="125" Y="138" T="1270976" />
  <Point X="131" Y="135" T="1270986" />
  <Point X="134" Y="135" T="1270997" />
  <Point X="137" Y="137" T="1271007" />
  <Point X="144" Y="146" T="1271018" />
  <Point X="147" Y="153" T="1271029" />
  <Point X="149" Y="156" T="1271030" />
  <Point X="154" Y="171" T="1271041" />
  <Point X="157" Y="183" T="1271052" />
  <Point X="158" Y="188" T="1271053" />
  <Point X="163" Y="205" T="1271066" />
  <Point X="168" Y="220" T="1271078" />
  <Point X="173" Y="233" T="1271090" />
  <Point X="177" Y="244" T="1271102" />
  <Point X="180" Y="252" T="1271115" />
  <Point X="182" Y="256" T="1271127" />
  <Point X="183" Y="258" T="1271140" />
</Gesture>