﻿<?xml version="1.0" encoding="utf-8" standalone="yes"?>
<Gesture Name="caret09" Subject="1" Speed="fast" Number="9" NumPts="36" Millseconds="305" AppName="Gestures" AppVer="3.5.0.0" Date="Monday, March 05, 2007" TimeOfDay="5:03:27 PM">
  <Point X="86" Y="249" T="1270247" />
  <Point X="88" Y="247" T="1270262" />
  <Point X="89" Y="244" T="1270267" />
  <Point X="90" Y="241" T="1270274" />
  <Point X="91" Y="238" T="1270280" />
  <Point X="93" Y="235" T="1270286" />
  <Point X="94" Y="232" T="1270287" />
  <Point X="96" Y="226" T="1270294" />
  <Point X="98" Y="223" T="1270301" />
  <Point X="101" Y="215" T="1270308" />
  <Point X="104" Y="206" T="1270315" />
  <Point X="107" Y="197" T="1270323" />
  <Point X="110" Y="187" T="1270331" />
  <Point X="113" Y="177" T="1270339" />
  <Point X="116" Y="167" T="1270347" />
  <Point X="119" Y="160" T="1270355" />
  <Point X="122" Y="153" T="1270364" />
  <Point X="124" Y="148" T="1270372" />
  <Point X="127" Y="143" T="1270381" />
  <Point X="128" Y="141" T="1270382" />
  <Point X="130" Y="137" T="1270392" />
  <Point X="133" Y="134" T="1270402" />
  <Point X="135" Y="132" T="1270411" />
  <Point X="137" Y="131" T="1270421" />
  <Point X="139" Y="133" T="1270431" />
  <Point X="141" Y="138" T="1270441" />
  <Point X="141" Y="141" T="1270442" />
  <Point X="144" Y="153" T="1270455" />
  <Point X="147" Y="170" T="1270466" />
  <Point X="152" Y="189" T="1270478" />
  <Point X="157" Y="206" T="1270490" />
  <Point X="162" Y="219" T="1270502" />
  <Point X="166" Y="231" T="1270515" />
  <Point X="170" Y="238" T="1270527" />
  <Point X="171" Y="245" T="1270539" />
  <Point X="172" Y="250" T="1270552" />
</Gesture>