﻿<?xml version="1.0" encoding="utf-8" standalone="yes"?>
<Gesture Name="caret06" Subject="1" Speed="fast" Number="6" NumPts="35" Millseconds="298" AppName="Gestures" AppVer="3.5.0.0" Date="Monday, March 05, 2007" TimeOfDay="5:03:26 PM">
  <Point X="87" Y="246" T="1268441" />
  <Point X="88" Y="244" T="1268450" />
  <Point X="89" Y="241" T="1268455" />
  <Point X="90" Y="239" T="1268461" />
  <Point X="92" Y="235" T="1268467" />
  <Point X="94" Y="232" T="1268473" />
  <Point X="96" Y="226" T="1268479" />
  <Point X="100" Y="220" T="1268486" />
  <Point X="101" Y="216" T="1268493" />
  <Point X="105" Y="209" T="1268500" />
  <Point X="109" Y="201" T="1268507" />
  <Point X="113" Y="193" T="1268515" />
  <Point X="117" Y="182" T="1268522" />
  <Point X="120" Y="171" T="1268530" />
  <Point X="123" Y="161" T="1268539" />
  <Point X="126" Y="152" T="1268547" />
  <Point X="128" Y="145" T="1268555" />
  <Point X="130" Y="139" T="1268564" />
  <Point X="132" Y="135" T="1268573" />
  <Point X="133" Y="131" T="1268582" />
  <Point X="134" Y="129" T="1268592" />
  <Point X="136" Y="128" T="1268606" />
  <Point X="138" Y="130" T="1268622" />
  <Point X="140" Y="134" T="1268631" />
  <Point X="143" Y="141" T="1268642" />
  <Point X="144" Y="146" T="1268643" />
  <Point X="148" Y="160" T="1268654" />
  <Point X="152" Y="171" T="1268665" />
  <Point X="153" Y="178" T="1268666" />
  <Point X="158" Y="198" T="1268679" />
  <Point X="162" Y="213" T="1268691" />
  <Point X="166" Y="225" T="1268703" />
  <Point X="170" Y="235" T="1268715" />
  <Point X="172" Y="238" T="1268727" />
  <Point X="176" Y="244" T="1268739" />
</Gesture>