﻿<?xml version="1.0" encoding="utf-8" standalone="yes"?>
<Gesture Name="caret05" Subject="1" Speed="fast" Number="5" NumPts="34" Millseconds="293" AppName="Gestures" AppVer="3.5.0.0" Date="Monday, March 05, 2007" TimeOfDay="5:03:25 PM">
  <Point X="84" Y="251" T="1267868" />
  <Point X="85" Y="249" T="1267876" />
  <Point X="86" Y="245" T="1267884" />
  <Point X="88" Y="241" T="1267892" />
  <Point X="89" Y="239" T="1267898" />
  <Point X="91" Y="233" T="1267904" />
  <Point X="93" Y="230" T="1267911" />
  <Point X="96" Y="222" T="1267917" />
  <Point X="99" Y="214" T="1267924" />
  <Point X="100" Y="209" T="1267931" />
  <Point X="103" Y="204" T="1267932" />
  <Point X="106" Y="192" T="1267941" />
  <Point X="111" Y="179" T="1267948" />
  <Point X="115" Y="168" T="1267956" />
  <Point X="119" Y="158" T="1267965" />
  <Point X="122" Y="150" T="1267973" />
  <Point X="125" Y="144" T="1267981" />
  <Point X="127" Y="138" T="1267990" />
  <Point X="129" Y="136" T="1267999" />
  <Point X="131" Y="133" T="1268008" />
  <Point X="133" Y="131" T="1268017" />
  <Point X="135" Y="133" T="1268036" />
  <Point X="136" Y="138" T="1268046" />
  <Point X="138" Y="148" T="1268056" />
  <Point X="140" Y="157" T="1268067" />
  <Point X="144" Y="172" T="1268077" />
  <Point X="148" Y="190" T="1268088" />
  <Point X="151" Y="203" T="1268099" />
  <Point X="153" Y="208" T="1268100" />
  <Point X="158" Y="222" T="1268113" />
  <Point X="162" Y="233" T="1268125" />
  <Point X="166" Y="241" T="1268137" />
  <Point X="168" Y="244" T="1268149" />
  <Point X="172" Y="249" T="1268161" />
</Gesture>