﻿<?xml version="1.0" encoding="utf-8" standalone="yes"?>
<Gesture Name="caret02" Subject="1" Speed="fast" Number="2" NumPts="37" Millseconds="306" AppName="Gestures" AppVer="3.5.0.0" Date="Monday, March 05, 2007" TimeOfDay="5:03:23 PM">
  <Point X="84" Y="254" T="1266149" />
  <Point X="85" Y="251" T="1266165" />
  <Point X="85" Y="248" T="1266173" />
  <Point X="86" Y="243" T="1266182" />
  <Point X="87" Y="241" T="1266189" />
  <Point X="89" Y="235" T="1266195" />
  <Point X="90" Y="231" T="1266201" />
  <Point X="93" Y="224" T="1266207" />
  <Point X="95" Y="219" T="1266213" />
  <Point X="97" Y="215" T="1266215" />
  <Point X="98" Y="211" T="1266221" />
  <Point X="100" Y="207" T="1266222" />
  <Point X="103" Y="197" T="1266230" />
  <Point X="104" Y="191" T="1266238" />
  <Point X="106" Y="186" T="1266239" />
  <Point X="108" Y="175" T="1266247" />
  <Point X="111" Y="166" T="1266257" />
  <Point X="116" Y="154" T="1266266" />
  <Point X="118" Y="148" T="1266275" />
  <Point X="119" Y="145" T="1266284" />
  <Point X="122" Y="140" T="1266293" />
  <Point X="124" Y="138" T="1266294" />
  <Point X="126" Y="137" T="1266306" />
  <Point X="128" Y="137" T="1266317" />
  <Point X="130" Y="140" T="1266327" />
  <Point X="134" Y="149" T="1266337" />
  <Point X="136" Y="158" T="1266348" />
  <Point X="141" Y="171" T="1266359" />
  <Point X="147" Y="188" T="1266370" />
  <Point X="152" Y="199" T="1266381" />
  <Point X="154" Y="205" T="1266382" />
  <Point X="161" Y="220" T="1266394" />
  <Point X="166" Y="232" T="1266406" />
  <Point X="171" Y="241" T="1266418" />
  <Point X="172" Y="246" T="1266430" />
  <Point X="175" Y="253" T="1266443" />
  <Point X="175" Y="256" T="1266455" />
</Gesture>