﻿<?xml version="1.0" encoding="utf-8" standalone="yes"?>
<Gesture Name="caret07" Subject="1" Speed="fast" Number="7" NumPts="37" Millseconds="297" AppName="Gestures" AppVer="3.5.0.0" Date="Monday, March 05, 2007" TimeOfDay="5:03:26 PM">
  <Point X="84" Y="245" T="1269039" />
  <Point X="84" Y="243" T="1269047" />
  <Point X="86" Y="241" T="1269055" />
  <Point X="88" Y="237" T="1269063" />
  <Point X="89" Y="234" T="1269068" />
  <Point X="90" Y="231" T="1269074" />
  <Point X="92" Y="228" T="1269075" />
  <Point X="94" Y="225" T="1269083" />
  <Point X="96" Y="221" T="1269084" />
  <Point X="99" Y="213" T="1269092" />
  <Point X="101" Y="209" T="1269098" />
  <Point X="103" Y="204" T="1269099" />
  <Point X="108" Y="195" T="1269108" />
  <Point X="111" Y="184" T="1269116" />
  <Point X="115" Y="172" T="1269124" />
  <Point X="118" Y="162" T="1269132" />
  <Point X="122" Y="152" T="1269140" />
  <Point X="125" Y="144" T="1269148" />
  <Point X="128" Y="137" T="1269157" />
  <Point X="131" Y="132" T="1269166" />
  <Point X="134" Y="127" T="1269175" />
  <Point X="136" Y="124" T="1269184" />
  <Point X="139" Y="123" T="1269195" />
  <Point X="141" Y="123" T="1269206" />
  <Point X="143" Y="125" T="1269216" />
  <Point X="144" Y="128" T="1269226" />
  <Point X="146" Y="130" T="1269227" />
  <Point X="149" Y="141" T="1269239" />
  <Point X="152" Y="149" T="1269249" />
  <Point X="153" Y="154" T="1269250" />
  <Point X="157" Y="170" T="1269263" />
  <Point X="161" Y="188" T="1269275" />
  <Point X="166" Y="207" T="1269286" />
  <Point X="170" Y="224" T="1269299" />
  <Point X="175" Y="235" T="1269311" />
  <Point X="178" Y="243" T="1269323" />
  <Point X="181" Y="248" T="1269336" />
</Gesture>