﻿<?xml version="1.0" encoding="utf-8" standalone="yes"?>
<Gesture Name="check04" Subject="1" Speed="fast" Number="4" NumPts="31" Millseconds="309" AppName="Gestures" AppVer="3.5.0.0" Date="Monday, March 05, 2007" TimeOfDay="4:56:38 PM">
  <Point X="90" Y="185" T="860569" />
  <Point X="92" Y="187" T="860592" />
  <Point X="94" Y="190" T="860601" />
  <Point X="95" Y="193" T="860608" />
  <Point X="98" Y="197" T="860617" />
  <Point X="99" Y="200" T="860624" />
  <Point X="102" Y="205" T="860631" />
  <Point X="104" Y="210" T="860638" />
  <Point X="107" Y="214" T="860646" />
  <Point X="109" Y="219" T="860654" />
  <Point X="111" Y="222" T="860662" />
  <Point X="112" Y="224" T="860669" />
  <Point X="115" Y="225" T="860697" />
  <Point X="115" Y="221" T="860709" />
  <Point X="115" Y="217" T="860718" />
  <Point X="116" Y="211" T="860727" />
  <Point X="117" Y="204" T="860736" />
  <Point X="119" Y="193" T="860746" />
  <Point X="122" Y="184" T="860755" />
  <Point X="129" Y="172" T="860765" />
  <Point X="134" Y="164" T="860775" />
  <Point X="144" Y="155" T="860786" />
  <Point X="151" Y="149" T="860796" />
  <Point X="154" Y="147" T="860798" />
  <Point X="163" Y="140" T="860809" />
  <Point X="167" Y="138" T="860820" />
  <Point X="171" Y="135" T="860830" />
  <Point X="173" Y="134" T="860840" />
  <Point X="174" Y="131" T="860851" />
  <Point X="174" Y="129" T="860866" />
  <Point X="173" Y="126" T="860878" />
</Gesture>