﻿<?xml version="1.0" encoding="utf-8" standalone="yes"?>
<Gesture Name="check03" Subject="1" Speed="fast" Number="3" NumPts="31" Millseconds="266" AppName="Gestures" AppVer="3.5.0.0" Date="Monday, March 05, 2007" TimeOfDay="4:56:38 PM">
  <Point X="91" Y="190" T="859919" />
  <Point X="92" Y="193" T="859924" />
  <Point X="94" Y="197" T="859930" />
  <Point X="97" Y="200" T="859938" />
  <Point X="99" Y="203" T="859944" />
  <Point X="100" Y="205" T="859949" />
  <Point X="102" Y="208" T="859950" />
  <Point X="106" Y="212" T="859959" />
  <Point X="108" Y="217" T="859966" />
  <Point X="110" Y="219" T="859973" />
  <Point X="111" Y="221" T="859980" />
  <Point X="113" Y="224" T="859987" />
  <Point X="115" Y="227" T="859994" />
  <Point X="116" Y="229" T="860007" />
  <Point X="116" Y="226" T="860036" />
  <Point X="116" Y="224" T="860044" />
  <Point X="116" Y="218" T="860052" />
  <Point X="116" Y="212" T="860061" />
  <Point X="117" Y="204" T="860070" />
  <Point X="118" Y="195" T="860079" />
  <Point X="120" Y="185" T="860088" />
  <Point X="122" Y="181" T="860089" />
  <Point X="128" Y="166" T="860100" />
  <Point X="134" Y="157" T="860110" />
  <Point X="142" Y="145" T="860121" />
  <Point X="149" Y="138" T="860131" />
  <Point X="158" Y="130" T="860141" />
  <Point X="165" Y="123" T="860152" />
  <Point X="167" Y="121" T="860163" />
  <Point X="170" Y="118" T="860174" />
  <Point X="172" Y="117" T="860185" />
</Gesture>