﻿<?xml version="1.0" encoding="utf-8" standalone="yes"?>
<Gesture Name="check08" Subject="1" Speed="fast" Number="8" NumPts="36" Millseconds="355" AppName="Gestures" AppVer="3.5.0.0" Date="Monday, March 05, 2007" TimeOfDay="4:56:41 PM">
  <Point X="89" Y="184" T="863435" />
  <Point X="91" Y="185" T="863463" />
  <Point X="92" Y="188" T="863471" />
  <Point X="94" Y="190" T="863480" />
  <Point X="97" Y="193" T="863487" />
  <Point X="99" Y="197" T="863496" />
  <Point X="100" Y="199" T="863502" />
  <Point X="102" Y="201" T="863508" />
  <Point X="105" Y="205" T="863515" />
  <Point X="108" Y="210" T="863521" />
  <Point X="111" Y="214" T="863528" />
  <Point X="113" Y="218" T="863536" />
  <Point X="115" Y="221" T="863544" />
  <Point X="116" Y="223" T="863552" />
  <Point X="118" Y="225" T="863569" />
  <Point X="120" Y="223" T="863594" />
  <Point X="121" Y="219" T="863607" />
  <Point X="121" Y="214" T="863616" />
  <Point X="122" Y="209" T="863625" />
  <Point X="122" Y="203" T="863634" />
  <Point X="122" Y="194" T="863643" />
  <Point X="122" Y="189" T="863644" />
  <Point X="123" Y="180" T="863654" />
  <Point X="124" Y="175" T="863655" />
  <Point X="129" Y="161" T="863667" />
  <Point X="133" Y="154" T="863678" />
  <Point X="140" Y="144" T="863688" />
  <Point X="145" Y="138" T="863699" />
  <Point X="148" Y="135" T="863700" />
  <Point X="154" Y="129" T="863713" />
  <Point X="160" Y="123" T="863724" />
  <Point X="164" Y="120" T="863735" />
  <Point X="166" Y="118" T="863747" />
  <Point X="167" Y="115" T="863758" />
  <Point X="166" Y="113" T="863771" />
  <Point X="164" Y="113" T="863790" />
</Gesture>