﻿<?xml version="1.0" encoding="utf-8" standalone="yes"?>
<Gesture Name="check06" Subject="1" Speed="fast" Number="6" NumPts="35" Millseconds="325" AppName="Gestures" AppVer="3.5.0.0" Date="Monday, March 05, 2007" TimeOfDay="4:56:40 PM">
  <Point X="89" Y="188" T="862041" />
  <Point X="91" Y="191" T="862054" />
  <Point X="93" Y="193" T="862062" />
  <Point X="95" Y="196" T="862070" />
  <Point X="96" Y="198" T="862075" />
  <Point X="97" Y="201" T="862081" />
  <Point X="99" Y="204" T="862082" />
  <Point X="101" Y="207" T="862090" />
  <Point X="103" Y="210" T="862097" />
  <Point X="105" Y="214" T="862104" />
  <Point X="108" Y="218" T="862111" />
  <Point X="110" Y="222" T="862118" />
  <Point X="111" Y="225" T="862126" />
  <Point X="112" Y="228" T="862134" />
  <Point X="113" Y="230" T="862143" />
  <Point X="114" Y="232" T="862159" />
  <Point X="115" Y="230" T="862182" />
  <Point X="115" Y="226" T="862190" />
  <Point X="115" Y="221" T="862199" />
  <Point X="115" Y="216" T="862208" />
  <Point X="115" Y="209" T="862217" />
  <Point X="116" Y="205" T="862218" />
  <Point X="118" Y="192" T="862230" />
  <Point X="121" Y="181" T="862240" />
  <Point X="127" Y="169" T="862250" />
  <Point X="132" Y="159" T="862261" />
  <Point X="140" Y="147" T="862271" />
  <Point X="146" Y="141" T="862281" />
  <Point X="149" Y="137" T="862283" />
  <Point X="157" Y="130" T="862296" />
  <Point X="163" Y="124" T="862307" />
  <Point X="166" Y="122" T="862318" />
  <Point X="169" Y="119" T="862330" />
  <Point X="170" Y="117" T="862331" />
  <Point X="168" Y="118" T="862366" />
</Gesture>