﻿<?xml version="1.0" encoding="utf-8" standalone="yes"?>
<Gesture Name="check10" Subject="1" Speed="fast" Number="10" NumPts="32" Millseconds="299" AppName="Gestures" AppVer="3.5.0.0" Date="Monday, March 05, 2007" TimeOfDay="4:56:43 PM">
  <Point X="92" Y="185" T="864975" />
  <Point X="94" Y="188" T="864988" />
  <Point X="95" Y="191" T="864996" />
  <Point X="97" Y="194" T="865004" />
  <Point X="98" Y="196" T="865009" />
  <Point X="99" Y="199" T="865015" />
  <Point X="101" Y="202" T="865021" />
  <Point X="104" Y="204" T="865028" />
  <Point X="105" Y="206" T="865035" />
  <Point X="107" Y="211" T="865041" />
  <Point X="109" Y="213" T="865048" />
  <Point X="111" Y="216" T="865056" />
  <Point X="112" Y="219" T="865064" />
  <Point X="114" Y="221" T="865081" />
  <Point X="114" Y="218" T="865114" />
  <Point X="114" Y="216" T="865122" />
  <Point X="114" Y="210" T="865130" />
  <Point X="115" Y="204" T="865139" />
  <Point X="115" Y="196" T="865148" />
  <Point X="117" Y="188" T="865157" />
  <Point X="121" Y="174" T="865166" />
  <Point X="125" Y="165" T="865176" />
  <Point X="130" Y="158" T="865185" />
  <Point X="132" Y="154" T="865186" />
  <Point X="140" Y="142" T="865198" />
  <Point X="145" Y="134" T="865209" />
  <Point X="152" Y="123" T="865220" />
  <Point X="159" Y="115" T="865230" />
  <Point X="162" Y="111" T="865241" />
  <Point X="165" Y="105" T="865252" />
  <Point X="167" Y="102" T="865263" />
  <Point X="169" Y="100" T="865274" />
</Gesture>