﻿<?xml version="1.0" encoding="utf-8" standalone="yes"?>
<Gesture Name="circle08" Subject="1" Speed="fast" Number="8" NumPts="43" Millseconds="331" AppName="Gestures" AppVer="3.5.0.0" Date="Monday, March 05, 2007" TimeOfDay="5:01:46 PM">
  <Point X="145" Y="151" T="1168308" />
  <Point X="143" Y="149" T="1168314" />
  <Point X="140" Y="146" T="1168319" />
  <Point X="137" Y="143" T="1168320" />
  <Point X="134" Y="141" T="1168326" />
  <Point X="128" Y="139" T="1168332" />
  <Point X="125" Y="138" T="1168338" />
  <Point X="119" Y="139" T="1168345" />
  <Point X="115" Y="140" T="1168351" />
  <Point X="112" Y="142" T="1168352" />
  <Point X="109" Y="145" T="1168359" />
  <Point X="106" Y="148" T="1168360" />
  <Point X="103" Y="151" T="1168368" />
  <Point X="100" Y="154" T="1168369" />
  <Point X="95" Y="164" T="1168377" />
  <Point X="91" Y="172" T="1168385" />
  <Point X="88" Y="183" T="1168393" />
  <Point X="86" Y="193" T="1168402" />
  <Point X="86" Y="203" T="1168411" />
  <Point X="87" Y="214" T="1168419" />
  <Point X="88" Y="218" T="1168420" />
  <Point X="92" Y="227" T="1168431" />
  <Point X="95" Y="230" T="1168432" />
  <Point X="101" Y="235" T="1168443" />
  <Point X="112" Y="243" T="1168453" />
  <Point X="120" Y="245" T="1168463" />
  <Point X="124" Y="245" T="1168465" />
  <Point X="133" Y="243" T="1168475" />
  <Point X="138" Y="242" T="1168476" />
  <Point X="153" Y="238" T="1168490" />
  <Point X="166" Y="230" T="1168502" />
  <Point X="178" Y="221" T="1168516" />
  <Point X="181" Y="218" T="1168517" />
  <Point X="188" Y="206" T="1168532" />
  <Point X="189" Y="203" T="1168533" />
  <Point X="190" Y="189" T="1168548" />
  <Point X="188" Y="185" T="1168549" />
  <Point X="177" Y="163" T="1168565" />
  <Point X="166" Y="152" T="1168579" />
  <Point X="149" Y="146" T="1168593" />
  <Point X="133" Y="149" T="1168608" />
  <Point X="121" Y="155" T="1168623" />
  <Point X="110" Y="163" T="1168639" />
</Gesture>