﻿<?xml version="1.0" encoding="utf-8" standalone="yes"?>
<Gesture Name="circle01" Subject="1" Speed="fast" Number="1" NumPts="36" Millseconds="276" AppName="Gestures" AppVer="3.5.0.0" Date="Monday, March 05, 2007" TimeOfDay="5:01:41 PM">
  <Point X="119" Y="132" T="1163649" />
  <Point X="115" Y="133" T="1163655" />
  <Point X="112" Y="134" T="1163657" />
  <Point X="108" Y="136" T="1163663" />
  <Point X="104" Y="138" T="1163665" />
  <Point X="98" Y="143" T="1163673" />
  <Point X="92" Y="149" T="1163680" />
  <Point X="90" Y="153" T="1163687" />
  <Point X="88" Y="157" T="1163689" />
  <Point X="85" Y="166" T="1163698" />
  <Point X="84" Y="175" T="1163706" />
  <Point X="85" Y="184" T="1163714" />
  <Point X="86" Y="193" T="1163722" />
  <Point X="90" Y="202" T="1163730" />
  <Point X="95" Y="209" T="1163739" />
  <Point X="98" Y="212" T="1163741" />
  <Point X="104" Y="217" T="1163750" />
  <Point X="116" Y="221" T="1163760" />
  <Point X="123" Y="221" T="1163770" />
  <Point X="131" Y="219" T="1163779" />
  <Point X="136" Y="217" T="1163781" />
  <Point X="147" Y="213" T="1163793" />
  <Point X="153" Y="208" T="1163803" />
  <Point X="156" Y="205" T="1163805" />
  <Point X="162" Y="193" T="1163817" />
  <Point X="165" Y="181" T="1163829" />
  <Point X="163" Y="168" T="1163840" />
  <Point X="160" Y="158" T="1163852" />
  <Point X="157" Y="154" T="1163853" />
  <Point X="148" Y="141" T="1163867" />
  <Point X="145" Y="138" T="1163869" />
  <Point X="135" Y="130" T="1163883" />
  <Point X="133" Y="128" T="1163885" />
  <Point X="125" Y="129" T="1163898" />
  <Point X="119" Y="131" T="1163911" />
  <Point X="114" Y="135" T="1163925" />
</Gesture>