﻿<?xml version="1.0" encoding="utf-8" standalone="yes"?>
<Gesture Name="circle09" Subject="1" Speed="fast" Number="9" NumPts="44" Millseconds="352" AppName="Gestures" AppVer="3.5.0.0" Date="Monday, March 05, 2007" TimeOfDay="5:01:46 PM">
  <Point X="144" Y="159" T="1169035" />
  <Point X="142" Y="157" T="1169041" />
  <Point X="140" Y="155" T="1169046" />
  <Point X="138" Y="152" T="1169047" />
  <Point X="135" Y="149" T="1169053" />
  <Point X="133" Y="146" T="1169059" />
  <Point X="130" Y="144" T="1169060" />
  <Point X="128" Y="143" T="1169066" />
  <Point X="125" Y="142" T="1169067" />
  <Point X="123" Y="140" T="1169074" />
  <Point X="120" Y="140" T="1169075" />
  <Point X="117" Y="140" T="1169082" />
  <Point X="114" Y="141" T="1169083" />
  <Point X="107" Y="144" T="1169092" />
  <Point X="101" Y="151" T="1169100" />
  <Point X="95" Y="159" T="1169108" />
  <Point X="90" Y="169" T="1169116" />
  <Point X="86" Y="178" T="1169124" />
  <Point X="83" Y="189" T="1169133" />
  <Point X="81" Y="200" T="1169142" />
  <Point X="81" Y="205" T="1169143" />
  <Point X="80" Y="216" T="1169153" />
  <Point X="82" Y="224" T="1169162" />
  <Point X="84" Y="227" T="1169163" />
  <Point X="88" Y="234" T="1169173" />
  <Point X="97" Y="242" T="1169184" />
  <Point X="105" Y="245" T="1169194" />
  <Point X="118" Y="247" T="1169205" />
  <Point X="132" Y="244" T="1169216" />
  <Point X="148" Y="241" T="1169228" />
  <Point X="158" Y="239" T="1169239" />
  <Point X="163" Y="237" T="1169240" />
  <Point X="176" Y="229" T="1169252" />
  <Point X="186" Y="220" T="1169264" />
  <Point X="194" Y="211" T="1169277" />
  <Point X="196" Y="198" T="1169289" />
  <Point X="190" Y="184" T="1169302" />
  <Point X="179" Y="168" T="1169315" />
  <Point X="175" Y="162" T="1169316" />
  <Point X="162" Y="154" T="1169329" />
  <Point X="146" Y="150" T="1169343" />
  <Point X="134" Y="153" T="1169357" />
  <Point X="121" Y="160" T="1169372" />
  <Point X="115" Y="165" T="1169387" />
</Gesture>