﻿<?xml version="1.0" encoding="utf-8" standalone="yes"?>
<Gesture Name="circle06" Subject="1" Speed="fast" Number="6" NumPts="38" Millseconds="303" AppName="Gestures" AppVer="3.5.0.0" Date="Monday, March 05, 2007" TimeOfDay="5:01:44 PM">
  <Point X="127" Y="135" T="1166999" />
  <Point X="124" Y="135" T="1167005" />
  <Point X="117" Y="136" T="1167010" />
  <Point X="114" Y="137" T="1167016" />
  <Point X="111" Y="139" T="1167021" />
  <Point X="108" Y="140" T="1167022" />
  <Point X="105" Y="142" T="1167030" />
  <Point X="102" Y="145" T="1167031" />
  <Point X="97" Y="152" T="1167038" />
  <Point X="95" Y="156" T="1167045" />
  <Point X="92" Y="164" T="1167052" />
  <Point X="90" Y="173" T="1167059" />
  <Point X="89" Y="182" T="1167067" />
  <Point X="89" Y="187" T="1167074" />
  <Point X="89" Y="192" T="1167075" />
  <Point X="90" Y="201" T="1167083" />
  <Point X="94" Y="210" T="1167091" />
  <Point X="97" Y="217" T="1167100" />
  <Point X="102" Y="224" T="1167108" />
  <Point X="108" Y="228" T="1167117" />
  <Point X="112" Y="230" T="1167118" />
  <Point X="120" Y="233" T="1167129" />
  <Point X="132" Y="234" T="1167138" />
  <Point X="141" Y="234" T="1167148" />
  <Point X="149" Y="231" T="1167158" />
  <Point X="153" Y="229" T="1167159" />
  <Point X="164" Y="223" T="1167170" />
  <Point X="170" Y="218" T="1167181" />
  <Point X="176" Y="206" T="1167192" />
  <Point X="178" Y="195" T="1167204" />
  <Point X="176" Y="180" T="1167215" />
  <Point X="169" Y="165" T="1167227" />
  <Point X="159" Y="150" T="1167239" />
  <Point X="149" Y="142" T="1167251" />
  <Point X="138" Y="140" T="1167263" />
  <Point X="127" Y="142" T="1167276" />
  <Point X="116" Y="148" T="1167289" />
  <Point X="109" Y="154" T="1167302" />
</Gesture>