﻿<?xml version="1.0" encoding="utf-8" standalone="yes"?>
<Gesture Name="circle05" Subject="1" Speed="fast" Number="5" NumPts="35" Millseconds="273" AppName="Gestures" AppVer="3.5.0.0" Date="Monday, March 05, 2007" TimeOfDay="5:01:44 PM">
  <Point X="112" Y="146" T="1166254" />
  <Point X="110" Y="146" T="1166260" />
  <Point X="107" Y="146" T="1166265" />
  <Point X="101" Y="151" T="1166270" />
  <Point X="99" Y="154" T="1166276" />
  <Point X="96" Y="157" T="1166282" />
  <Point X="94" Y="161" T="1166283" />
  <Point X="91" Y="168" T="1166291" />
  <Point X="88" Y="177" T="1166298" />
  <Point X="87" Y="181" T="1166305" />
  <Point X="87" Y="186" T="1166306" />
  <Point X="87" Y="196" T="1166315" />
  <Point X="88" Y="205" T="1166323" />
  <Point X="91" Y="215" T="1166331" />
  <Point X="96" Y="221" T="1166339" />
  <Point X="101" Y="229" T="1166347" />
  <Point X="108" Y="233" T="1166356" />
  <Point X="116" Y="235" T="1166365" />
  <Point X="121" Y="236" T="1166366" />
  <Point X="130" Y="236" T="1166375" />
  <Point X="139" Y="235" T="1166385" />
  <Point X="153" Y="232" T="1166395" />
  <Point X="160" Y="227" T="1166404" />
  <Point X="170" Y="220" T="1166414" />
  <Point X="175" Y="213" T="1166424" />
  <Point X="179" Y="202" T="1166435" />
  <Point X="180" Y="195" T="1166445" />
  <Point X="179" Y="190" T="1166446" />
  <Point X="175" Y="179" T="1166457" />
  <Point X="165" Y="162" T="1166468" />
  <Point X="152" Y="148" T="1166480" />
  <Point X="140" Y="141" T="1166491" />
  <Point X="127" Y="144" T="1166503" />
  <Point X="116" Y="150" T="1166515" />
  <Point X="106" Y="159" T="1166527" />
</Gesture>