﻿<?xml version="1.0" encoding="utf-8" standalone="yes"?>
<Gesture Name="circle07" Subject="1" Speed="fast" Number="7" NumPts="38" Millseconds="305" AppName="Gestures" AppVer="3.5.0.0" Date="Monday, March 05, 2007" TimeOfDay="5:01:45 PM">
  <Point X="140" Y="142" T="1167650" />
  <Point X="137" Y="140" T="1167656" />
  <Point X="131" Y="136" T="1167662" />
  <Point X="128" Y="135" T="1167668" />
  <Point X="122" Y="134" T="1167675" />
  <Point X="115" Y="137" T="1167683" />
  <Point X="112" Y="139" T="1167690" />
  <Point X="109" Y="141" T="1167691" />
  <Point X="104" Y="147" T="1167699" />
  <Point X="99" Y="154" T="1167707" />
  <Point X="95" Y="163" T="1167715" />
  <Point X="93" Y="173" T="1167723" />
  <Point X="91" Y="184" T="1167732" />
  <Point X="89" Y="196" T="1167742" />
  <Point X="90" Y="201" T="1167743" />
  <Point X="92" Y="211" T="1167753" />
  <Point X="94" Y="220" T="1167761" />
  <Point X="96" Y="223" T="1167763" />
  <Point X="101" Y="229" T="1167772" />
  <Point X="106" Y="235" T="1167781" />
  <Point X="112" Y="238" T="1167790" />
  <Point X="116" Y="239" T="1167791" />
  <Point X="124" Y="239" T="1167801" />
  <Point X="136" Y="236" T="1167810" />
  <Point X="145" Y="232" T="1167820" />
  <Point X="157" Y="225" T="1167831" />
  <Point X="164" Y="218" T="1167841" />
  <Point X="167" Y="214" T="1167842" />
  <Point X="172" Y="207" T="1167853" />
  <Point X="175" Y="202" T="1167854" />
  <Point X="179" Y="189" T="1167866" />
  <Point X="179" Y="175" T="1167878" />
  <Point X="172" Y="160" T="1167890" />
  <Point X="161" Y="145" T="1167902" />
  <Point X="148" Y="139" T="1167915" />
  <Point X="136" Y="139" T="1167927" />
  <Point X="124" Y="143" T="1167940" />
  <Point X="112" Y="154" T="1167955" />
</Gesture>