﻿<?xml version="1.0" encoding="utf-8" standalone="yes"?>
<Gesture Name="circle04" Subject="1" Speed="fast" Number="4" NumPts="39" Millseconds="302" AppName="Gestures" AppVer="3.5.0.0" Date="Monday, March 05, 2007" TimeOfDay="5:01:43 PM">
  <Point X="112" Y="142" T="1165528" />
  <Point X="109" Y="142" T="1165533" />
  <Point X="106" Y="143" T="1165538" />
  <Point X="103" Y="146" T="1165543" />
  <Point X="101" Y="149" T="1165545" />
  <Point X="98" Y="153" T="1165551" />
  <Point X="96" Y="156" T="1165552" />
  <Point X="93" Y="159" T="1165560" />
  <Point X="91" Y="163" T="1165561" />
  <Point X="87" Y="173" T="1165569" />
  <Point X="84" Y="182" T="1165576" />
  <Point X="83" Y="187" T="1165584" />
  <Point X="83" Y="192" T="1165585" />
  <Point X="83" Y="203" T="1165593" />
  <Point X="85" Y="212" T="1165602" />
  <Point X="87" Y="220" T="1165610" />
  <Point X="91" Y="227" T="1165619" />
  <Point X="96" Y="233" T="1165627" />
  <Point X="99" Y="235" T="1165628" />
  <Point X="106" Y="240" T="1165640" />
  <Point X="115" Y="242" T="1165649" />
  <Point X="119" Y="242" T="1165650" />
  <Point X="127" Y="242" T="1165660" />
  <Point X="140" Y="239" T="1165670" />
  <Point X="149" Y="236" T="1165681" />
  <Point X="161" Y="227" T="1165691" />
  <Point X="168" Y="220" T="1165701" />
  <Point X="171" Y="216" T="1165702" />
  <Point X="178" Y="204" T="1165715" />
  <Point X="179" Y="190" T="1165727" />
  <Point X="174" Y="175" T="1165739" />
  <Point X="163" Y="161" T="1165751" />
  <Point X="150" Y="151" T="1165763" />
  <Point X="135" Y="148" T="1165775" />
  <Point X="120" Y="151" T="1165787" />
  <Point X="105" Y="158" T="1165800" />
  <Point X="90" Y="166" T="1165813" />
  <Point X="86" Y="169" T="1165814" />
  <Point X="76" Y="178" T="1165830" />
</Gesture>