﻿<?xml version="1.0" encoding="utf-8" standalone="yes"?>
<Gesture Name="circle10" Subject="1" Speed="fast" Number="10" NumPts="39" Millseconds="334" AppName="Gestures" AppVer="3.5.0.0" Date="Monday, March 05, 2007" TimeOfDay="5:01:47 PM">
  <Point X="141" Y="150" T="1169754" />
  <Point X="138" Y="147" T="1169760" />
  <Point X="135" Y="143" T="1169765" />
  <Point X="133" Y="140" T="1169766" />
  <Point X="127" Y="137" T="1169773" />
  <Point X="124" Y="137" T="1169779" />
  <Point X="117" Y="137" T="1169785" />
  <Point X="114" Y="139" T="1169791" />
  <Point X="107" Y="142" T="1169798" />
  <Point X="103" Y="145" T="1169805" />
  <Point X="100" Y="149" T="1169806" />
  <Point X="94" Y="158" T="1169815" />
  <Point X="88" Y="168" T="1169822" />
  <Point X="84" Y="178" T="1169830" />
  <Point X="80" Y="190" T="1169838" />
  <Point X="79" Y="203" T="1169846" />
  <Point X="78" Y="215" T="1169854" />
  <Point X="80" Y="226" T="1169863" />
  <Point X="83" Y="236" T="1169872" />
  <Point X="91" Y="246" T="1169881" />
  <Point X="98" Y="251" T="1169890" />
  <Point X="106" Y="254" T="1169899" />
  <Point X="120" Y="255" T="1169909" />
  <Point X="131" Y="252" T="1169919" />
  <Point X="147" Y="248" T="1169929" />
  <Point X="157" Y="242" T="1169940" />
  <Point X="171" Y="231" T="1169950" />
  <Point X="181" Y="218" T="1169962" />
  <Point X="186" Y="209" T="1169972" />
  <Point X="188" Y="204" T="1169973" />
  <Point X="190" Y="191" T="1169987" />
  <Point X="185" Y="174" T="1169998" />
  <Point X="175" Y="158" T="1170010" />
  <Point X="161" Y="145" T="1170023" />
  <Point X="146" Y="139" T="1170035" />
  <Point X="132" Y="138" T="1170048" />
  <Point X="112" Y="145" T="1170062" />
  <Point X="100" Y="153" T="1170075" />
  <Point X="90" Y="162" T="1170088" />
</Gesture>