﻿<?xml version="1.0" encoding="utf-8" standalone="yes"?>
<Gesture Name="circle03" Subject="1" Speed="fast" Number="3" NumPts="36" Millseconds="294" AppName="Gestures" AppVer="3.5.0.0" Date="Monday, March 05, 2007" TimeOfDay="5:01:42 PM">
  <Point X="133" Y="143" T="1164905" />
  <Point X="129" Y="141" T="1164911" />
  <Point X="121" Y="139" T="1164917" />
  <Point X="118" Y="139" T="1164923" />
  <Point X="110" Y="141" T="1164930" />
  <Point X="103" Y="146" T="1164937" />
  <Point X="100" Y="149" T="1164944" />
  <Point X="97" Y="152" T="1164946" />
  <Point X="92" Y="161" T="1164954" />
  <Point X="88" Y="171" T="1164962" />
  <Point X="86" Y="182" T="1164970" />
  <Point X="85" Y="193" T="1164978" />
  <Point X="86" Y="205" T="1164986" />
  <Point X="88" Y="215" T="1164994" />
  <Point X="92" Y="223" T="1165003" />
  <Point X="98" Y="230" T="1165013" />
  <Point X="101" Y="233" T="1165014" />
  <Point X="112" Y="237" T="1165025" />
  <Point X="120" Y="238" T="1165035" />
  <Point X="129" Y="238" T="1165044" />
  <Point X="133" Y="237" T="1165046" />
  <Point X="142" Y="234" T="1165057" />
  <Point X="146" Y="232" T="1165058" />
  <Point X="159" Y="223" T="1165070" />
  <Point X="168" Y="211" T="1165082" />
  <Point X="173" Y="202" T="1165092" />
  <Point X="174" Y="198" T="1165094" />
  <Point X="175" Y="185" T="1165107" />
  <Point X="170" Y="169" T="1165119" />
  <Point X="161" Y="153" T="1165131" />
  <Point X="150" Y="143" T="1165144" />
  <Point X="138" Y="138" T="1165156" />
  <Point X="126" Y="139" T="1165169" />
  <Point X="122" Y="141" T="1165170" />
  <Point X="107" Y="149" T="1165185" />
  <Point X="100" Y="154" T="1165199" />
</Gesture>