﻿<?xml version="1.0" encoding="utf-8" standalone="yes"?>
<Gesture Name="circle02" Subject="1" Speed="fast" Number="2" NumPts="40" Millseconds="308" AppName="Gestures" AppVer="3.5.0.0" Date="Monday, March 05, 2007" TimeOfDay="5:01:42 PM">
  <Point X="130" Y="132" T="1164271" />
  <Point X="127" Y="129" T="1164276" />
  <Point X="124" Y="127" T="1164281" />
  <Point X="119" Y="127" T="1164287" />
  <Point X="116" Y="127" T="1164292" />
  <Point X="114" Y="128" T="1164298" />
  <Point X="111" Y="130" T="1164299" />
  <Point X="108" Y="132" T="1164305" />
  <Point X="105" Y="135" T="1164306" />
  <Point X="102" Y="138" T="1164313" />
  <Point X="100" Y="142" T="1164314" />
  <Point X="95" Y="151" T="1164322" />
  <Point X="92" Y="160" T="1164330" />
  <Point X="90" Y="170" T="1164338" />
  <Point X="89" Y="180" T="1164347" />
  <Point X="89" Y="190" T="1164355" />
  <Point X="91" Y="200" T="1164364" />
  <Point X="94" Y="208" T="1164374" />
  <Point X="96" Y="212" T="1164375" />
  <Point X="100" Y="217" T="1164384" />
  <Point X="106" Y="220" T="1164393" />
  <Point X="115" Y="221" T="1164403" />
  <Point X="123" Y="221" T="1164412" />
  <Point X="130" Y="217" T="1164422" />
  <Point X="134" Y="214" T="1164423" />
  <Point X="142" Y="209" T="1164433" />
  <Point X="146" Y="206" T="1164434" />
  <Point X="153" Y="200" T="1164445" />
  <Point X="156" Y="196" T="1164446" />
  <Point X="165" Y="183" T="1164458" />
  <Point X="170" Y="171" T="1164470" />
  <Point X="170" Y="159" T="1164482" />
  <Point X="165" Y="146" T="1164494" />
  <Point X="154" Y="133" T="1164507" />
  <Point X="141" Y="125" T="1164519" />
  <Point X="129" Y="125" T="1164532" />
  <Point X="118" Y="127" T="1164545" />
  <Point X="109" Y="134" T="1164558" />
  <Point X="107" Y="137" T="1164559" />
  <Point X="105" Y="139" T="1164579" />
</Gesture>