﻿<?xml version="1.0" encoding="utf-8" standalone="yes"?>
<Gesture Name="delete_mark02" Subject="1" Speed="fast" Number="2" NumPts="44" Millseconds="409" AppName="Gestures" AppVer="3.5.0.0" Date="Monday, March 05, 2007" TimeOfDay="5:06:26 PM">
  <Point X="122" Y="136" T="1449284" />
  <Point X="124" Y="139" T="1449296" />
  <Point X="125" Y="143" T="1449301" />
  <Point X="127" Y="146" T="1449306" />
  <Point X="131" Y="153" T="1449312" />
  <Point X="133" Y="157" T="1449318" />
  <Point X="136" Y="160" T="1449324" />
  <Point X="138" Y="165" T="1449325" />
  <Point X="143" Y="174" T="1449333" />
  <Point X="149" Y="181" T="1449340" />
  <Point X="151" Y="184" T="1449347" />
  <Point X="153" Y="187" T="1449348" />
  <Point X="156" Y="193" T="1449357" />
  <Point X="159" Y="197" T="1449365" />
  <Point X="159" Y="200" T="1449373" />
  <Point X="161" Y="203" T="1449381" />
  <Point X="161" Y="206" T="1449389" />
  <Point X="161" Y="208" T="1449398" />
  <Point X="160" Y="210" T="1449406" />
  <Point X="157" Y="212" T="1449415" />
  <Point X="154" Y="212" T="1449424" />
  <Point X="148" Y="212" T="1449434" />
  <Point X="142" Y="211" T="1449443" />
  <Point X="139" Y="209" T="1449444" />
  <Point X="129" Y="208" T="1449456" />
  <Point X="121" Y="208" T="1449467" />
  <Point X="111" Y="209" T="1449477" />
  <Point X="102" Y="214" T="1449488" />
  <Point X="97" Y="215" T="1449499" />
  <Point X="95" Y="216" T="1449500" />
  <Point X="90" Y="220" T="1449514" />
  <Point X="85" Y="224" T="1449525" />
  <Point X="87" Y="222" T="1449557" />
  <Point X="92" Y="214" T="1449570" />
  <Point X="100" Y="206" T="1449583" />
  <Point X="109" Y="198" T="1449596" />
  <Point X="112" Y="194" T="1449597" />
  <Point X="123" Y="181" T="1449611" />
  <Point X="134" Y="168" T="1449624" />
  <Point X="148" Y="153" T="1449638" />
  <Point X="159" Y="143" T="1449652" />
  <Point X="169" Y="136" T="1449666" />
  <Point X="172" Y="134" T="1449679" />
  <Point X="174" Y="133" T="1449693" />
</Gesture>