﻿<?xml version="1.0" encoding="utf-8" standalone="yes"?>
<Gesture Name="delete_mark07" Subject="1" Speed="fast" Number="7" NumPts="49" Millseconds="476" AppName="Gestures" AppVer="3.5.0.0" Date="Monday, March 05, 2007" TimeOfDay="5:06:30 PM">
  <Point X="135" Y="137" T="1452701" />
  <Point X="135" Y="140" T="1452725" />
  <Point X="136" Y="142" T="1452730" />
  <Point X="137" Y="144" T="1452737" />
  <Point X="138" Y="147" T="1452738" />
  <Point X="140" Y="150" T="1452744" />
  <Point X="142" Y="153" T="1452745" />
  <Point X="144" Y="156" T="1452753" />
  <Point X="147" Y="159" T="1452754" />
  <Point X="153" Y="166" T="1452762" />
  <Point X="159" Y="173" T="1452769" />
  <Point X="162" Y="176" T="1452777" />
  <Point X="165" Y="179" T="1452778" />
  <Point X="170" Y="184" T="1452786" />
  <Point X="175" Y="189" T="1452795" />
  <Point X="178" Y="194" T="1452803" />
  <Point X="182" Y="197" T="1452811" />
  <Point X="183" Y="199" T="1452820" />
  <Point X="188" Y="205" T="1452832" />
  <Point X="190" Y="207" T="1452840" />
  <Point X="192" Y="209" T="1452853" />
  <Point X="189" Y="209" T="1452885" />
  <Point X="186" Y="207" T="1452896" />
  <Point X="178" Y="207" T="1452906" />
  <Point X="172" Y="207" T="1452916" />
  <Point X="169" Y="208" T="1452917" />
  <Point X="162" Y="209" T="1452928" />
  <Point X="158" Y="209" T="1452929" />
  <Point X="151" Y="210" T="1452941" />
  <Point X="147" Y="212" T="1452942" />
  <Point X="135" Y="217" T="1452953" />
  <Point X="124" Y="221" T="1452965" />
  <Point X="113" Y="224" T="1452977" />
  <Point X="104" Y="226" T="1452989" />
  <Point X="100" Y="226" T="1453001" />
  <Point X="94" Y="227" T="1453014" />
  <Point X="92" Y="226" T="1453030" />
  <Point X="93" Y="224" T="1453044" />
  <Point X="95" Y="222" T="1453056" />
  <Point X="98" Y="218" T="1453058" />
  <Point X="106" Y="210" T="1453071" />
  <Point X="119" Y="198" T="1453086" />
  <Point X="131" Y="188" T="1453100" />
  <Point X="135" Y="185" T="1453101" />
  <Point X="148" Y="172" T="1453116" />
  <Point X="163" Y="157" T="1453132" />
  <Point X="175" Y="144" T="1453147" />
  <Point X="181" Y="138" T="1453162" />
  <Point X="187" Y="135" T="1453177" />
</Gesture>