﻿<?xml version="1.0" encoding="utf-8" standalone="yes"?>
<Gesture Name="delete_mark01" Subject="1" Speed="fast" Number="1" NumPts="37" Millseconds="365" AppName="Gestures" AppVer="3.5.0.0" Date="Monday, March 05, 2007" TimeOfDay="5:06:26 PM">
  <Point X="115" Y="137" T="1448664" />
  <Point X="115" Y="139" T="1448682" />
  <Point X="116" Y="142" T="1448690" />
  <Point X="117" Y="144" T="1448696" />
  <Point X="120" Y="150" T="1448703" />
  <Point X="126" Y="158" T="1448710" />
  <Point X="129" Y="162" T="1448717" />
  <Point X="133" Y="166" T="1448718" />
  <Point X="141" Y="174" T="1448728" />
  <Point X="149" Y="181" T="1448736" />
  <Point X="156" Y="188" T="1448745" />
  <Point X="161" Y="193" T="1448754" />
  <Point X="163" Y="194" T="1448755" />
  <Point X="166" Y="197" T="1448765" />
  <Point X="167" Y="199" T="1448774" />
  <Point X="167" Y="201" T="1448784" />
  <Point X="165" Y="202" T="1448798" />
  <Point X="162" Y="202" T="1448806" />
  <Point X="157" Y="201" T="1448817" />
  <Point X="147" Y="196" T="1448827" />
  <Point X="135" Y="194" T="1448840" />
  <Point X="122" Y="192" T="1448851" />
  <Point X="111" Y="191" T="1448863" />
  <Point X="102" Y="195" T="1448875" />
  <Point X="97" Y="198" T="1448887" />
  <Point X="91" Y="200" T="1448900" />
  <Point X="89" Y="201" T="1448910" />
  <Point X="92" Y="198" T="1448926" />
  <Point X="96" Y="192" T="1448939" />
  <Point X="104" Y="185" T="1448953" />
  <Point X="112" Y="173" T="1448966" />
  <Point X="115" Y="170" T="1448967" />
  <Point X="122" Y="161" T="1448981" />
  <Point X="125" Y="158" T="1448983" />
  <Point X="135" Y="147" T="1448998" />
  <Point X="141" Y="141" T="1449014" />
  <Point X="146" Y="136" T="1449029" />
</Gesture>