﻿<?xml version="1.0" encoding="utf-8" standalone="yes"?>
<Gesture Name="delete_mark08" Subject="1" Speed="fast" Number="8" NumPts="50" Millseconds="473" AppName="Gestures" AppVer="3.5.0.0" Date="Monday, March 05, 2007" TimeOfDay="5:06:30 PM">
  <Point X="100" Y="142" T="1453537" />
  <Point X="102" Y="145" T="1453561" />
  <Point X="104" Y="148" T="1453566" />
  <Point X="105" Y="150" T="1453571" />
  <Point X="109" Y="155" T="1453577" />
  <Point X="111" Y="159" T="1453583" />
  <Point X="114" Y="162" T="1453589" />
  <Point X="117" Y="166" T="1453590" />
  <Point X="120" Y="169" T="1453596" />
  <Point X="123" Y="173" T="1453598" />
  <Point X="126" Y="176" T="1453604" />
  <Point X="129" Y="180" T="1453606" />
  <Point X="135" Y="187" T="1453613" />
  <Point X="138" Y="189" T="1453621" />
  <Point X="141" Y="192" T="1453622" />
  <Point X="147" Y="197" T="1453630" />
  <Point X="151" Y="201" T="1453639" />
  <Point X="155" Y="205" T="1453648" />
  <Point X="157" Y="207" T="1453656" />
  <Point X="164" Y="212" T="1453666" />
  <Point X="166" Y="213" T="1453674" />
  <Point X="168" Y="214" T="1453684" />
  <Point X="170" Y="216" T="1453693" />
  <Point X="169" Y="214" T="1453725" />
  <Point X="167" Y="212" T="1453735" />
  <Point X="164" Y="209" T="1453745" />
  <Point X="158" Y="206" T="1453756" />
  <Point X="150" Y="205" T="1453767" />
  <Point X="142" Y="205" T="1453778" />
  <Point X="131" Y="206" T="1453789" />
  <Point X="124" Y="208" T="1453801" />
  <Point X="120" Y="209" T="1453802" />
  <Point X="109" Y="212" T="1453814" />
  <Point X="99" Y="216" T="1453826" />
  <Point X="91" Y="221" T="1453839" />
  <Point X="86" Y="223" T="1453851" />
  <Point X="83" Y="225" T="1453863" />
  <Point X="80" Y="226" T="1453876" />
  <Point X="82" Y="222" T="1453890" />
  <Point X="86" Y="216" T="1453903" />
  <Point X="93" Y="208" T="1453916" />
  <Point X="96" Y="204" T="1453917" />
  <Point X="109" Y="188" T="1453933" />
  <Point X="120" Y="174" T="1453948" />
  <Point X="134" Y="153" T="1453963" />
  <Point X="147" Y="137" T="1453978" />
  <Point X="155" Y="130" T="1453993" />
  <Point X="157" Y="128" T="1453994" />
  <Point X="160" Y="125" T="1454008" />
  <Point X="162" Y="124" T="1454010" />
</Gesture>