﻿<?xml version="1.0" encoding="utf-8" standalone="yes"?>
<Gesture Name="delete_mark06" Subject="1" Speed="fast" Number="6" NumPts="48" Millseconds="443" AppName="Gestures" AppVer="3.5.0.0" Date="Monday, March 05, 2007" TimeOfDay="5:06:29 PM">
  <Point X="113" Y="135" T="1451990" />
  <Point X="114" Y="139" T="1451998" />
  <Point X="115" Y="142" T="1452003" />
  <Point X="117" Y="146" T="1452009" />
  <Point X="120" Y="152" T="1452014" />
  <Point X="122" Y="156" T="1452020" />
  <Point X="127" Y="163" T="1452026" />
  <Point X="130" Y="166" T="1452032" />
  <Point X="136" Y="175" T="1452039" />
  <Point X="139" Y="179" T="1452045" />
  <Point X="143" Y="182" T="1452047" />
  <Point X="149" Y="190" T="1452055" />
  <Point X="155" Y="195" T="1452063" />
  <Point X="160" Y="200" T="1452071" />
  <Point X="165" Y="204" T="1452078" />
  <Point X="168" Y="209" T="1452086" />
  <Point X="171" Y="211" T="1452095" />
  <Point X="173" Y="214" T="1452103" />
  <Point X="175" Y="215" T="1452115" />
  <Point X="173" Y="214" T="1452154" />
  <Point X="169" Y="214" T="1452164" />
  <Point X="162" Y="212" T="1452174" />
  <Point X="156" Y="212" T="1452184" />
  <Point X="146" Y="212" T="1452195" />
  <Point X="138" Y="213" T="1452205" />
  <Point X="134" Y="213" T="1452207" />
  <Point X="126" Y="214" T="1452217" />
  <Point X="122" Y="215" T="1452218" />
  <Point X="115" Y="216" T="1452230" />
  <Point X="112" Y="216" T="1452231" />
  <Point X="103" Y="218" T="1452243" />
  <Point X="96" Y="220" T="1452255" />
  <Point X="91" Y="221" T="1452266" />
  <Point X="88" Y="221" T="1452278" />
  <Point X="86" Y="220" T="1452290" />
  <Point X="86" Y="217" T="1452302" />
  <Point X="89" Y="208" T="1452315" />
  <Point X="94" Y="200" T="1452328" />
  <Point X="102" Y="191" T="1452341" />
  <Point X="104" Y="187" T="1452343" />
  <Point X="113" Y="176" T="1452357" />
  <Point X="127" Y="161" T="1452371" />
  <Point X="137" Y="151" T="1452385" />
  <Point X="141" Y="148" T="1452386" />
  <Point X="151" Y="138" T="1452402" />
  <Point X="154" Y="136" T="1452403" />
  <Point X="165" Y="128" T="1452418" />
  <Point X="169" Y="125" T="1452433" />
</Gesture>