﻿<?xml version="1.0" encoding="utf-8" standalone="yes"?>
<Gesture Name="delete_mark10" Subject="1" Speed="fast" Number="10" NumPts="50" Millseconds="471" AppName="Gestures" AppVer="3.5.0.0" Date="Monday, March 05, 2007" TimeOfDay="5:06:32 PM">
  <Point X="105" Y="145" T="1455073" />
  <Point X="107" Y="149" T="1455082" />
  <Point X="108" Y="153" T="1455088" />
  <Point X="112" Y="160" T="1455094" />
  <Point X="114" Y="163" T="1455100" />
  <Point X="119" Y="172" T="1455106" />
  <Point X="122" Y="177" T="1455112" />
  <Point X="124" Y="181" T="1455113" />
  <Point X="128" Y="185" T="1455120" />
  <Point X="130" Y="189" T="1455121" />
  <Point X="133" Y="194" T="1455128" />
  <Point X="136" Y="198" T="1455129" />
  <Point X="138" Y="201" T="1455137" />
  <Point X="141" Y="204" T="1455138" />
  <Point X="145" Y="211" T="1455146" />
  <Point X="149" Y="217" T="1455154" />
  <Point X="151" Y="222" T="1455162" />
  <Point X="154" Y="226" T="1455170" />
  <Point X="155" Y="229" T="1455179" />
  <Point X="157" Y="231" T="1455193" />
  <Point X="154" Y="231" T="1455233" />
  <Point X="152" Y="230" T="1455242" />
  <Point X="148" Y="229" T="1455252" />
  <Point X="141" Y="225" T="1455262" />
  <Point X="136" Y="225" T="1455272" />
  <Point X="127" Y="225" T="1455283" />
  <Point X="117" Y="225" T="1455293" />
  <Point X="110" Y="225" T="1455304" />
  <Point X="106" Y="225" T="1455305" />
  <Point X="96" Y="224" T="1455317" />
  <Point X="88" Y="224" T="1455330" />
  <Point X="80" Y="223" T="1455346" />
  <Point X="76" Y="224" T="1455358" />
  <Point X="74" Y="224" T="1455372" />
  <Point X="72" Y="222" T="1455385" />
  <Point X="74" Y="219" T="1455399" />
  <Point X="80" Y="214" T="1455413" />
  <Point X="88" Y="209" T="1455428" />
  <Point X="91" Y="206" T="1455429" />
  <Point X="101" Y="199" T="1455445" />
  <Point X="104" Y="197" T="1455446" />
  <Point X="116" Y="187" T="1455460" />
  <Point X="119" Y="184" T="1455461" />
  <Point X="131" Y="173" T="1455476" />
  <Point X="135" Y="170" T="1455477" />
  <Point X="146" Y="159" T="1455493" />
  <Point X="150" Y="156" T="1455494" />
  <Point X="162" Y="147" T="1455510" />
  <Point X="169" Y="141" T="1455527" />
  <Point X="171" Y="139" T="1455544" />
</Gesture>