﻿<?xml version="1.0" encoding="utf-8" standalone="yes"?>
<Gesture Name="delete_mark04" Subject="1" Speed="fast" Number="4" NumPts="43" Millseconds="418" AppName="Gestures" AppVer="3.5.0.0" Date="Monday, March 05, 2007" TimeOfDay="5:06:28 PM">
  <Point X="106" Y="149" T="1450627" />
  <Point X="107" Y="152" T="1450639" />
  <Point X="110" Y="155" T="1450647" />
  <Point X="112" Y="157" T="1450653" />
  <Point X="117" Y="164" T="1450660" />
  <Point X="119" Y="168" T="1450666" />
  <Point X="123" Y="172" T="1450668" />
  <Point X="130" Y="181" T="1450676" />
  <Point X="136" Y="189" T="1450684" />
  <Point X="142" Y="197" T="1450692" />
  <Point X="148" Y="203" T="1450699" />
  <Point X="151" Y="208" T="1450707" />
  <Point X="153" Y="211" T="1450715" />
  <Point X="156" Y="214" T="1450724" />
  <Point X="158" Y="217" T="1450732" />
  <Point X="160" Y="219" T="1450741" />
  <Point X="161" Y="222" T="1450749" />
  <Point X="157" Y="221" T="1450784" />
  <Point X="153" Y="220" T="1450793" />
  <Point X="148" Y="218" T="1450802" />
  <Point X="138" Y="217" T="1450811" />
  <Point X="130" Y="216" T="1450821" />
  <Point X="123" Y="215" T="1450830" />
  <Point X="119" Y="215" T="1450831" />
  <Point X="107" Y="217" T="1450843" />
  <Point X="99" Y="218" T="1450854" />
  <Point X="89" Y="222" T="1450864" />
  <Point X="81" Y="224" T="1450875" />
  <Point X="77" Y="225" T="1450886" />
  <Point X="74" Y="226" T="1450897" />
  <Point X="72" Y="227" T="1450908" />
  <Point X="71" Y="224" T="1450920" />
  <Point X="75" Y="219" T="1450933" />
  <Point X="81" Y="212" T="1450945" />
  <Point X="89" Y="203" T="1450958" />
  <Point X="99" Y="191" T="1450970" />
  <Point X="102" Y="187" T="1450971" />
  <Point X="116" Y="171" T="1450988" />
  <Point X="127" Y="160" T="1451001" />
  <Point X="138" Y="150" T="1451015" />
  <Point X="141" Y="147" T="1451016" />
  <Point X="151" Y="141" T="1451032" />
  <Point X="154" Y="140" T="1451045" />
</Gesture>