﻿<?xml version="1.0" encoding="utf-8" standalone="yes"?>
<Gesture Name="delete_mark09" Subject="1" Speed="fast" Number="9" NumPts="47" Millseconds="482" AppName="Gestures" AppVer="3.5.0.0" Date="Monday, March 05, 2007" TimeOfDay="5:06:31 PM">
  <Point X="113" Y="146" T="1454297" />
  <Point X="116" Y="150" T="1454305" />
  <Point X="118" Y="152" T="1454310" />
  <Point X="120" Y="156" T="1454316" />
  <Point X="124" Y="163" T="1454321" />
  <Point X="127" Y="166" T="1454327" />
  <Point X="133" Y="173" T="1454333" />
  <Point X="136" Y="176" T="1454340" />
  <Point X="142" Y="183" T="1454346" />
  <Point X="144" Y="186" T="1454353" />
  <Point X="147" Y="190" T="1454354" />
  <Point X="152" Y="196" T="1454363" />
  <Point X="157" Y="200" T="1454370" />
  <Point X="160" Y="205" T="1454378" />
  <Point X="164" Y="208" T="1454386" />
  <Point X="166" Y="211" T="1454394" />
  <Point X="168" Y="214" T="1454402" />
  <Point X="170" Y="214" T="1454417" />
  <Point X="168" Y="212" T="1454454" />
  <Point X="165" Y="209" T="1454464" />
  <Point X="160" Y="209" T="1454473" />
  <Point X="158" Y="208" T="1454474" />
  <Point X="152" Y="207" T="1454484" />
  <Point X="142" Y="208" T="1454494" />
  <Point X="135" Y="209" T="1454504" />
  <Point X="123" Y="213" T="1454515" />
  <Point X="115" Y="215" T="1454525" />
  <Point X="111" Y="217" T="1454526" />
  <Point X="103" Y="219" T="1454537" />
  <Point X="99" Y="220" T="1454539" />
  <Point X="89" Y="224" T="1454550" />
  <Point X="81" Y="228" T="1454562" />
  <Point X="74" Y="232" T="1454574" />
  <Point X="72" Y="234" T="1454586" />
  <Point X="70" Y="234" T="1454599" />
  <Point X="71" Y="232" T="1454614" />
  <Point X="75" Y="226" T="1454627" />
  <Point X="82" Y="219" T="1454639" />
  <Point X="90" Y="211" T="1454653" />
  <Point X="104" Y="198" T="1454666" />
  <Point X="115" Y="187" T="1454680" />
  <Point X="130" Y="171" T="1454694" />
  <Point X="141" Y="161" T="1454709" />
  <Point X="153" Y="150" T="1454723" />
  <Point X="159" Y="145" T="1454738" />
  <Point X="164" Y="143" T="1454752" />
  <Point X="166" Y="143" T="1454779" />
</Gesture>