﻿<?xml version="1.0" encoding="utf-8" standalone="yes"?>
<Gesture Name="delete_mark05" Subject="1" Speed="fast" Number="5" NumPts="44" Millseconds="450" AppName="Gestures" AppVer="3.5.0.0" Date="Monday, March 05, 2007" TimeOfDay="5:06:28 PM">
  <Point X="99" Y="140" T="1451294" />
  <Point X="100" Y="142" T="1451300" />
  <Point X="102" Y="144" T="1451306" />
  <Point X="103" Y="148" T="1451307" />
  <Point X="107" Y="155" T="1451315" />
  <Point X="111" Y="163" T="1451322" />
  <Point X="114" Y="167" T="1451329" />
  <Point X="119" Y="175" T="1451337" />
  <Point X="126" Y="183" T="1451344" />
  <Point X="132" Y="191" T="1451351" />
  <Point X="137" Y="198" T="1451359" />
  <Point X="142" Y="204" T="1451367" />
  <Point X="147" Y="210" T="1451375" />
  <Point X="150" Y="214" T="1451384" />
  <Point X="154" Y="218" T="1451392" />
  <Point X="156" Y="221" T="1451405" />
  <Point X="158" Y="223" T="1451414" />
  <Point X="160" Y="223" T="1451424" />
  <Point X="159" Y="221" T="1451454" />
  <Point X="156" Y="219" T="1451463" />
  <Point X="152" Y="217" T="1451474" />
  <Point X="150" Y="217" T="1451475" />
  <Point X="145" Y="217" T="1451486" />
  <Point X="142" Y="217" T="1451487" />
  <Point X="132" Y="218" T="1451499" />
  <Point X="124" Y="219" T="1451510" />
  <Point X="121" Y="219" T="1451511" />
  <Point X="109" Y="224" T="1451523" />
  <Point X="98" Y="227" T="1451535" />
  <Point X="89" Y="231" T="1451547" />
  <Point X="82" Y="234" T="1451560" />
  <Point X="76" Y="236" T="1451572" />
  <Point X="74" Y="236" T="1451584" />
  <Point X="72" Y="234" T="1451602" />
  <Point X="73" Y="232" T="1451615" />
  <Point X="80" Y="223" T="1451628" />
  <Point X="91" Y="209" T="1451642" />
  <Point X="100" Y="198" T="1451656" />
  <Point X="114" Y="180" T="1451671" />
  <Point X="125" Y="167" T="1451685" />
  <Point X="138" Y="152" T="1451700" />
  <Point X="150" Y="142" T="1451714" />
  <Point X="155" Y="137" T="1451729" />
  <Point X="158" Y="136" T="1451744" />
</Gesture>