﻿<?xml version="1.0" encoding="utf-8" standalone="yes"?>
<Gesture Name="delete_mark03" Subject="1" Speed="fast" Number="3" NumPts="45" Millseconds="405" AppName="Gestures" AppVer="3.5.0.0" Date="Monday, March 05, 2007" TimeOfDay="5:06:27 PM">
  <Point X="105" Y="139" T="1449964" />
  <Point X="107" Y="142" T="1449972" />
  <Point X="108" Y="145" T="1449977" />
  <Point X="110" Y="148" T="1449983" />
  <Point X="115" Y="155" T="1449988" />
  <Point X="118" Y="158" T="1449994" />
  <Point X="124" Y="166" T="1450000" />
  <Point X="128" Y="170" T="1450007" />
  <Point X="135" Y="178" T="1450013" />
  <Point X="138" Y="182" T="1450020" />
  <Point X="142" Y="186" T="1450021" />
  <Point X="149" Y="192" T="1450030" />
  <Point X="154" Y="197" T="1450037" />
  <Point X="159" Y="202" T="1450045" />
  <Point X="161" Y="203" T="1450052" />
  <Point X="164" Y="207" T="1450060" />
  <Point X="166" Y="210" T="1450069" />
  <Point X="168" Y="212" T="1450081" />
  <Point X="168" Y="215" T="1450089" />
  <Point X="166" Y="216" T="1450109" />
  <Point X="162" Y="216" T="1450118" />
  <Point X="158" Y="215" T="1450128" />
  <Point X="155" Y="214" T="1450129" />
  <Point X="145" Y="212" T="1450141" />
  <Point X="137" Y="212" T="1450151" />
  <Point X="124" Y="212" T="1450161" />
  <Point X="116" Y="213" T="1450172" />
  <Point X="112" Y="214" T="1450173" />
  <Point X="101" Y="217" T="1450186" />
  <Point X="91" Y="222" T="1450197" />
  <Point X="85" Y="223" T="1450208" />
  <Point X="83" Y="224" T="1450220" />
  <Point X="80" Y="225" T="1450221" />
  <Point X="78" Y="225" T="1450234" />
  <Point X="79" Y="222" T="1450252" />
  <Point X="84" Y="214" T="1450265" />
  <Point X="91" Y="207" T="1450277" />
  <Point X="100" Y="195" T="1450291" />
  <Point X="110" Y="184" T="1450304" />
  <Point X="114" Y="179" T="1450305" />
  <Point X="128" Y="162" T="1450323" />
  <Point X="142" Y="147" T="1450337" />
  <Point X="151" Y="139" T="1450351" />
  <Point X="154" Y="137" T="1450352" />
  <Point X="161" Y="131" T="1450369" />
</Gesture>