﻿<?xml version="1.0" encoding="utf-8" standalone="yes"?>
<Gesture Name="left_sq_bracket03" Subject="1" Speed="fast" Number="3" NumPts="47" Millseconds="575" AppName="Gestures" AppVer="3.5.0.0" Date="Monday, March 05, 2007" TimeOfDay="4:58:44 PM">
  <Point X="145" Y="127" T="986544" />
  <Point X="143" Y="127" T="986555" />
  <Point X="141" Y="127" T="986564" />
  <Point X="138" Y="128" T="986572" />
  <Point X="135" Y="127" T="986580" />
  <Point X="132" Y="127" T="986588" />
  <Point X="130" Y="127" T="986595" />
  <Point X="126" Y="126" T="986601" />
  <Point X="123" Y="127" T="986608" />
  <Point X="119" Y="128" T="986616" />
  <Point X="116" Y="128" T="986625" />
  <Point X="114" Y="129" T="986633" />
  <Point X="111" Y="130" T="986644" />
  <Point X="109" Y="130" T="986656" />
  <Point X="107" Y="131" T="986672" />
  <Point X="104" Y="131" T="986692" />
  <Point X="103" Y="133" T="986721" />
  <Point X="103" Y="135" T="986733" />
  <Point X="103" Y="138" T="986742" />
  <Point X="103" Y="142" T="986751" />
  <Point X="103" Y="146" T="986762" />
  <Point X="104" Y="154" T="986774" />
  <Point X="104" Y="163" T="986786" />
  <Point X="105" Y="171" T="986798" />
  <Point X="105" Y="179" T="986810" />
  <Point X="106" Y="187" T="986823" />
  <Point X="106" Y="193" T="986834" />
  <Point X="107" Y="200" T="986848" />
  <Point X="107" Y="208" T="986861" />
  <Point X="107" Y="216" T="986874" />
  <Point X="107" Y="219" T="986887" />
  <Point X="108" Y="224" T="986901" />
  <Point X="108" Y="227" T="986913" />
  <Point X="108" Y="230" T="986927" />
  <Point X="108" Y="232" T="986945" />
  <Point X="110" Y="233" T="986982" />
  <Point X="112" Y="233" T="986999" />
  <Point X="115" Y="233" T="987011" />
  <Point X="117" Y="233" T="987026" />
  <Point X="120" Y="234" T="987028" />
  <Point X="123" Y="233" T="987042" />
  <Point X="126" Y="232" T="987044" />
  <Point X="132" Y="232" T="987059" />
  <Point X="135" Y="232" T="987074" />
  <Point X="141" Y="233" T="987088" />
  <Point X="146" Y="234" T="987104" />
  <Point X="149" Y="234" T="987119" />
</Gesture>