﻿<?xml version="1.0" encoding="utf-8" standalone="yes"?>
<Gesture Name="left_sq_bracket10" Subject="1" Speed="fast" Number="10" NumPts="54" Millseconds="665" AppName="Gestures" AppVer="3.5.0.0" Date="Monday, March 05, 2007" TimeOfDay="4:58:51 PM">
  <Point X="155" Y="123" T="993510" />
  <Point X="153" Y="124" T="993541" />
  <Point X="151" Y="125" T="993554" />
  <Point X="149" Y="126" T="993561" />
  <Point X="146" Y="125" T="993570" />
  <Point X="143" Y="126" T="993578" />
  <Point X="140" Y="125" T="993586" />
  <Point X="137" Y="124" T="993594" />
  <Point X="134" Y="125" T="993602" />
  <Point X="130" Y="125" T="993610" />
  <Point X="127" Y="125" T="993618" />
  <Point X="125" Y="124" T="993626" />
  <Point X="122" Y="125" T="993634" />
  <Point X="120" Y="124" T="993646" />
  <Point X="117" Y="125" T="993659" />
  <Point X="115" Y="125" T="993672" />
  <Point X="113" Y="126" T="993688" />
  <Point X="111" Y="128" T="993713" />
  <Point X="111" Y="130" T="993729" />
  <Point X="112" Y="134" T="993738" />
  <Point X="112" Y="137" T="993747" />
  <Point X="112" Y="140" T="993756" />
  <Point X="113" Y="147" T="993766" />
  <Point X="113" Y="152" T="993775" />
  <Point X="114" Y="162" T="993785" />
  <Point X="114" Y="168" T="993796" />
  <Point X="114" Y="178" T="993806" />
  <Point X="114" Y="185" T="993817" />
  <Point X="114" Y="189" T="993818" />
  <Point X="114" Y="198" T="993830" />
  <Point X="114" Y="204" T="993841" />
  <Point X="114" Y="206" T="993842" />
  <Point X="114" Y="212" T="993854" />
  <Point X="114" Y="215" T="993866" />
  <Point X="114" Y="221" T="993878" />
  <Point X="114" Y="223" T="993890" />
  <Point X="115" Y="226" T="993905" />
  <Point X="115" Y="228" T="993917" />
  <Point X="116" Y="230" T="993938" />
  <Point X="116" Y="233" T="993953" />
  <Point X="118" Y="234" T="993986" />
  <Point X="120" Y="235" T="993999" />
  <Point X="123" Y="235" T="994013" />
  <Point X="127" Y="236" T="994027" />
  <Point X="130" Y="237" T="994040" />
  <Point X="139" Y="238" T="994055" />
  <Point X="143" Y="239" T="994069" />
  <Point X="153" Y="241" T="994084" />
  <Point X="158" Y="242" T="994099" />
  <Point X="164" Y="242" T="994114" />
  <Point X="167" Y="242" T="994129" />
  <Point X="169" Y="241" T="994144" />
  <Point X="171" Y="241" T="994159" />
  <Point X="173" Y="239" T="994175" />
</Gesture>