﻿<?xml version="1.0" encoding="utf-8" standalone="yes"?>
<Gesture Name="left_curly_brace05" Subject="1" Speed="fast" Number="5" NumPts="52" Millseconds="553" AppName="Gestures" AppVer="3.5.0.0" Date="Monday, March 05, 2007" TimeOfDay="5:05:51 PM">
  <Point X="142" Y="138" T="1413643" />
  <Point X="139" Y="139" T="1413650" />
  <Point X="136" Y="139" T="1413658" />
  <Point X="134" Y="139" T="1413663" />
  <Point X="132" Y="139" T="1413669" />
  <Point X="127" Y="140" T="1413675" />
  <Point X="125" Y="140" T="1413681" />
  <Point X="123" Y="141" T="1413687" />
  <Point X="120" Y="142" T="1413694" />
  <Point X="117" Y="146" T="1413700" />
  <Point X="114" Y="149" T="1413707" />
  <Point X="112" Y="152" T="1413715" />
  <Point X="110" Y="155" T="1413723" />
  <Point X="109" Y="158" T="1413730" />
  <Point X="109" Y="160" T="1413740" />
  <Point X="110" Y="162" T="1413748" />
  <Point X="111" Y="164" T="1413756" />
  <Point X="114" Y="166" T="1413765" />
  <Point X="119" Y="166" T="1413774" />
  <Point X="121" Y="167" T="1413775" />
  <Point X="126" Y="167" T="1413785" />
  <Point X="133" Y="168" T="1413795" />
  <Point X="137" Y="170" T="1413804" />
  <Point X="140" Y="172" T="1413814" />
  <Point X="142" Y="172" T="1413824" />
  <Point X="144" Y="177" T="1413835" />
  <Point X="144" Y="181" T="1413845" />
  <Point X="142" Y="184" T="1413856" />
  <Point X="136" Y="189" T="1413867" />
  <Point X="132" Y="191" T="1413877" />
  <Point X="129" Y="193" T="1413888" />
  <Point X="124" Y="195" T="1413900" />
  <Point X="122" Y="196" T="1413911" />
  <Point X="120" Y="196" T="1413923" />
  <Point X="121" Y="194" T="1413963" />
  <Point X="123" Y="193" T="1413975" />
  <Point X="127" Y="192" T="1413988" />
  <Point X="129" Y="191" T="1414001" />
  <Point X="130" Y="193" T="1414032" />
  <Point X="129" Y="196" T="1414045" />
  <Point X="127" Y="201" T="1414059" />
  <Point X="125" Y="203" T="1414060" />
  <Point X="123" Y="210" T="1414077" />
  <Point X="121" Y="215" T="1414091" />
  <Point X="121" Y="220" T="1414105" />
  <Point X="121" Y="222" T="1414120" />
  <Point X="123" Y="225" T="1414134" />
  <Point X="125" Y="228" T="1414149" />
  <Point X="130" Y="231" T="1414165" />
  <Point X="132" Y="233" T="1414180" />
  <Point X="134" Y="235" T="1414195" />
  <Point X="136" Y="236" T="1414196" />
</Gesture>