﻿<?xml version="1.0" encoding="utf-8" standalone="yes"?>
<Gesture Name="left_curly_brace08" Subject="1" Speed="fast" Number="8" NumPts="53" Millseconds="587" AppName="Gestures" AppVer="3.5.0.0" Date="Monday, March 05, 2007" TimeOfDay="5:05:54 PM">
  <Point X="149" Y="132" T="1416526" />
  <Point X="146" Y="132" T="1416551" />
  <Point X="143" Y="132" T="1416559" />
  <Point X="141" Y="132" T="1416564" />
  <Point X="137" Y="134" T="1416571" />
  <Point X="135" Y="135" T="1416577" />
  <Point X="131" Y="138" T="1416583" />
  <Point X="129" Y="140" T="1416590" />
  <Point X="125" Y="142" T="1416597" />
  <Point X="121" Y="145" T="1416604" />
  <Point X="119" Y="148" T="1416611" />
  <Point X="117" Y="150" T="1416619" />
  <Point X="116" Y="152" T="1416635" />
  <Point X="119" Y="154" T="1416651" />
  <Point X="121" Y="154" T="1416660" />
  <Point X="125" Y="155" T="1416668" />
  <Point X="130" Y="155" T="1416676" />
  <Point X="135" Y="155" T="1416685" />
  <Point X="140" Y="156" T="1416694" />
  <Point X="143" Y="156" T="1416695" />
  <Point X="148" Y="156" T="1416707" />
  <Point X="150" Y="157" T="1416708" />
  <Point X="153" Y="158" T="1416720" />
  <Point X="156" Y="158" T="1416730" />
  <Point X="156" Y="161" T="1416740" />
  <Point X="155" Y="165" T="1416749" />
  <Point X="151" Y="170" T="1416760" />
  <Point X="146" Y="174" T="1416770" />
  <Point X="143" Y="175" T="1416771" />
  <Point X="135" Y="178" T="1416785" />
  <Point X="127" Y="181" T="1416796" />
  <Point X="123" Y="182" T="1416807" />
  <Point X="121" Y="183" T="1416819" />
  <Point X="118" Y="184" T="1416830" />
  <Point X="121" Y="185" T="1416868" />
  <Point X="128" Y="184" T="1416881" />
  <Point X="136" Y="182" T="1416895" />
  <Point X="146" Y="181" T="1416909" />
  <Point X="151" Y="181" T="1416923" />
  <Point X="153" Y="182" T="1416937" />
  <Point X="153" Y="184" T="1416951" />
  <Point X="148" Y="190" T="1416966" />
  <Point X="138" Y="197" T="1416981" />
  <Point X="129" Y="204" T="1416996" />
  <Point X="124" Y="209" T="1417011" />
  <Point X="119" Y="214" T="1417026" />
  <Point X="117" Y="217" T="1417044" />
  <Point X="118" Y="219" T="1417059" />
  <Point X="124" Y="222" T="1417075" />
  <Point X="126" Y="223" T="1417076" />
  <Point X="136" Y="223" T="1417094" />
  <Point X="139" Y="223" T="1417096" />
  <Point X="152" Y="222" T="1417113" />
</Gesture>