﻿<?xml version="1.0" encoding="utf-8" standalone="yes"?>
<Gesture Name="left_curly_brace10" Subject="1" Speed="fast" Number="10" NumPts="53" Millseconds="545" AppName="Gestures" AppVer="3.5.0.0" Date="Monday, March 05, 2007" TimeOfDay="5:05:56 PM">
  <Point X="144" Y="126" T="1418527" />
  <Point X="141" Y="125" T="1418534" />
  <Point X="137" Y="126" T="1418542" />
  <Point X="135" Y="127" T="1418547" />
  <Point X="133" Y="127" T="1418553" />
  <Point X="128" Y="127" T="1418559" />
  <Point X="126" Y="128" T="1418565" />
  <Point X="124" Y="129" T="1418571" />
  <Point X="121" Y="131" T="1418577" />
  <Point X="118" Y="133" T="1418584" />
  <Point X="116" Y="135" T="1418591" />
  <Point X="114" Y="138" T="1418598" />
  <Point X="113" Y="141" T="1418606" />
  <Point X="113" Y="143" T="1418615" />
  <Point X="113" Y="146" T="1418622" />
  <Point X="114" Y="148" T="1418630" />
  <Point X="116" Y="150" T="1418643" />
  <Point X="118" Y="151" T="1418651" />
  <Point X="121" Y="151" T="1418660" />
  <Point X="124" Y="152" T="1418669" />
  <Point X="127" Y="154" T="1418678" />
  <Point X="131" Y="155" T="1418687" />
  <Point X="134" Y="157" T="1418696" />
  <Point X="138" Y="160" T="1418706" />
  <Point X="143" Y="165" T="1418716" />
  <Point X="144" Y="168" T="1418726" />
  <Point X="144" Y="174" T="1418736" />
  <Point X="143" Y="176" T="1418747" />
  <Point X="141" Y="180" T="1418748" />
  <Point X="138" Y="183" T="1418760" />
  <Point X="135" Y="187" T="1418770" />
  <Point X="131" Y="189" T="1418772" />
  <Point X="128" Y="191" T="1418785" />
  <Point X="123" Y="191" T="1418796" />
  <Point X="123" Y="188" T="1418826" />
  <Point X="125" Y="187" T="1418838" />
  <Point X="130" Y="186" T="1418851" />
  <Point X="133" Y="185" T="1418863" />
  <Point X="139" Y="185" T="1418876" />
  <Point X="142" Y="185" T="1418889" />
  <Point X="144" Y="186" T="1418902" />
  <Point X="145" Y="189" T="1418916" />
  <Point X="142" Y="195" T="1418929" />
  <Point X="141" Y="197" T="1418930" />
  <Point X="137" Y="204" T="1418946" />
  <Point X="133" Y="211" T="1418961" />
  <Point X="130" Y="215" T="1418975" />
  <Point X="130" Y="218" T="1418990" />
  <Point X="131" Y="221" T="1419005" />
  <Point X="133" Y="222" T="1419020" />
  <Point X="140" Y="226" T="1419039" />
  <Point X="145" Y="231" T="1419055" />
  <Point X="148" Y="232" T="1419072" />
</Gesture>