﻿<?xml version="1.0" encoding="utf-8" standalone="yes"?>
<Gesture Name="left_sq_bracket01" Subject="1" Speed="fast" Number="1" NumPts="44" Millseconds="512" AppName="Gestures" AppVer="3.5.0.0" Date="Monday, March 05, 2007" TimeOfDay="4:58:43 PM">
  <Point X="144" Y="122" T="984786" />
  <Point X="141" Y="122" T="984815" />
  <Point X="139" Y="122" T="984827" />
  <Point X="137" Y="121" T="984835" />
  <Point X="134" Y="121" T="984843" />
  <Point X="131" Y="121" T="984851" />
  <Point X="129" Y="122" T="984859" />
  <Point X="125" Y="122" T="984867" />
  <Point X="122" Y="123" T="984875" />
  <Point X="119" Y="123" T="984883" />
  <Point X="116" Y="123" T="984891" />
  <Point X="114" Y="123" T="984899" />
  <Point X="112" Y="124" T="984907" />
  <Point X="109" Y="123" T="984916" />
  <Point X="107" Y="124" T="984927" />
  <Point X="105" Y="125" T="984944" />
  <Point X="103" Y="128" T="984965" />
  <Point X="103" Y="131" T="984974" />
  <Point X="103" Y="135" T="984983" />
  <Point X="103" Y="141" T="984993" />
  <Point X="104" Y="143" T="984994" />
  <Point X="105" Y="153" T="985006" />
  <Point X="106" Y="159" T="985016" />
  <Point X="106" Y="163" T="985017" />
  <Point X="107" Y="171" T="985028" />
  <Point X="107" Y="174" T="985030" />
  <Point X="108" Y="183" T="985042" />
  <Point X="108" Y="192" T="985054" />
  <Point X="108" Y="199" T="985066" />
  <Point X="108" Y="207" T="985078" />
  <Point X="108" Y="213" T="985090" />
  <Point X="108" Y="219" T="985102" />
  <Point X="108" Y="222" T="985114" />
  <Point X="108" Y="225" T="985127" />
  <Point X="108" Y="227" T="985139" />
  <Point X="110" Y="229" T="985185" />
  <Point X="112" Y="230" T="985197" />
  <Point X="115" Y="231" T="985210" />
  <Point X="121" Y="232" T="985224" />
  <Point X="128" Y="234" T="985238" />
  <Point X="134" Y="234" T="985252" />
  <Point X="139" Y="235" T="985267" />
  <Point X="145" Y="237" T="985282" />
  <Point X="150" Y="236" T="985298" />
</Gesture>