﻿<?xml version="1.0" encoding="utf-8" standalone="yes"?>
<Gesture Name="left_curly_brace06" Subject="1" Speed="fast" Number="6" NumPts="55" Millseconds="570" AppName="Gestures" AppVer="3.5.0.0" Date="Monday, March 05, 2007" TimeOfDay="5:05:52 PM">
  <Point X="138" Y="127" T="1414664" />
  <Point X="135" Y="128" T="1414671" />
  <Point X="133" Y="128" T="1414676" />
  <Point X="131" Y="130" T="1414682" />
  <Point X="126" Y="132" T="1414688" />
  <Point X="124" Y="134" T="1414694" />
  <Point X="120" Y="138" T="1414700" />
  <Point X="116" Y="143" T="1414707" />
  <Point X="115" Y="145" T="1414714" />
  <Point X="114" Y="147" T="1414715" />
  <Point X="112" Y="150" T="1414724" />
  <Point X="111" Y="153" T="1414733" />
  <Point X="111" Y="156" T="1414740" />
  <Point X="112" Y="158" T="1414748" />
  <Point X="114" Y="159" T="1414760" />
  <Point X="117" Y="161" T="1414768" />
  <Point X="120" Y="161" T="1414776" />
  <Point X="124" Y="162" T="1414785" />
  <Point X="129" Y="162" T="1414794" />
  <Point X="133" Y="162" T="1414804" />
  <Point X="135" Y="162" T="1414805" />
  <Point X="137" Y="162" T="1414815" />
  <Point X="144" Y="163" T="1414825" />
  <Point X="147" Y="163" T="1414834" />
  <Point X="149" Y="164" T="1414845" />
  <Point X="150" Y="166" T="1414860" />
  <Point X="148" Y="169" T="1414871" />
  <Point X="143" Y="174" T="1414881" />
  <Point X="136" Y="180" T="1414893" />
  <Point X="129" Y="183" T="1414906" />
  <Point X="125" Y="184" T="1414917" />
  <Point X="118" Y="188" T="1414929" />
  <Point X="115" Y="188" T="1414941" />
  <Point X="113" Y="189" T="1414953" />
  <Point X="115" Y="187" T="1414980" />
  <Point X="117" Y="185" T="1414992" />
  <Point X="124" Y="185" T="1415005" />
  <Point X="128" Y="184" T="1415019" />
  <Point X="134" Y="184" T="1415032" />
  <Point X="140" Y="185" T="1415045" />
  <Point X="142" Y="186" T="1415059" />
  <Point X="142" Y="191" T="1415073" />
  <Point X="140" Y="193" T="1415087" />
  <Point X="134" Y="204" T="1415102" />
  <Point X="130" Y="212" T="1415117" />
  <Point X="127" Y="219" T="1415132" />
  <Point X="127" Y="222" T="1415133" />
  <Point X="126" Y="231" T="1415149" />
  <Point X="126" Y="233" T="1415164" />
  <Point X="127" Y="236" T="1415165" />
  <Point X="133" Y="239" T="1415183" />
  <Point X="142" Y="235" T="1415199" />
  <Point X="144" Y="234" T="1415200" />
  <Point X="153" Y="228" T="1415218" />
  <Point X="156" Y="227" T="1415234" />
</Gesture>