﻿<?xml version="1.0" encoding="utf-8" standalone="yes"?>
<Gesture Name="left_curly_brace04" Subject="1" Speed="fast" Number="4" NumPts="53" Millseconds="554" AppName="Gestures" AppVer="3.5.0.0" Date="Monday, March 05, 2007" TimeOfDay="5:05:50 PM">
  <Point X="148" Y="139" T="1412728" />
  <Point X="147" Y="136" T="1412736" />
  <Point X="145" Y="135" T="1412744" />
  <Point X="142" Y="134" T="1412753" />
  <Point X="138" Y="134" T="1412760" />
  <Point X="136" Y="134" T="1412766" />
  <Point X="133" Y="134" T="1412772" />
  <Point X="130" Y="135" T="1412780" />
  <Point X="126" Y="138" T="1412788" />
  <Point X="124" Y="139" T="1412795" />
  <Point X="121" Y="141" T="1412802" />
  <Point X="118" Y="144" T="1412809" />
  <Point X="115" Y="147" T="1412816" />
  <Point X="114" Y="149" T="1412825" />
  <Point X="112" Y="152" T="1412833" />
  <Point X="112" Y="154" T="1412840" />
  <Point X="113" Y="156" T="1412852" />
  <Point X="114" Y="158" T="1412860" />
  <Point X="117" Y="159" T="1412869" />
  <Point X="120" Y="160" T="1412877" />
  <Point X="123" Y="162" T="1412887" />
  <Point X="126" Y="162" T="1412896" />
  <Point X="128" Y="165" T="1412906" />
  <Point X="131" Y="166" T="1412915" />
  <Point X="133" Y="169" T="1412916" />
  <Point X="134" Y="172" T="1412929" />
  <Point X="134" Y="174" T="1412940" />
  <Point X="134" Y="177" T="1412941" />
  <Point X="131" Y="182" T="1412953" />
  <Point X="128" Y="187" T="1412964" />
  <Point X="125" Y="190" T="1412975" />
  <Point X="121" Y="193" T="1412976" />
  <Point X="118" Y="196" T="1412991" />
  <Point X="111" Y="198" T="1413002" />
  <Point X="108" Y="199" T="1413015" />
  <Point X="106" Y="200" T="1413027" />
  <Point X="104" Y="201" T="1413039" />
  <Point X="105" Y="199" T="1413064" />
  <Point X="107" Y="198" T="1413077" />
  <Point X="114" Y="197" T="1413091" />
  <Point X="116" Y="196" T="1413093" />
  <Point X="122" Y="198" T="1413110" />
  <Point X="125" Y="199" T="1413124" />
  <Point X="129" Y="204" T="1413139" />
  <Point X="129" Y="210" T="1413154" />
  <Point X="128" Y="217" T="1413169" />
  <Point X="126" Y="226" T="1413185" />
  <Point X="125" Y="236" T="1413201" />
  <Point X="124" Y="243" T="1413217" />
  <Point X="125" Y="248" T="1413233" />
  <Point X="128" Y="251" T="1413249" />
  <Point X="134" Y="250" T="1413265" />
  <Point X="136" Y="249" T="1413282" />
</Gesture>