﻿<?xml version="1.0" encoding="utf-8" standalone="yes"?>
<Gesture Name="left_sq_bracket08" Subject="1" Speed="fast" Number="8" NumPts="54" Millseconds="640" AppName="Gestures" AppVer="3.5.0.0" Date="Monday, March 05, 2007" TimeOfDay="4:58:49 PM">
  <Point X="158" Y="122" T="991526" />
  <Point X="155" Y="122" T="991542" />
  <Point X="153" Y="121" T="991554" />
  <Point X="150" Y="121" T="991565" />
  <Point X="148" Y="121" T="991574" />
  <Point X="145" Y="120" T="991581" />
  <Point X="142" Y="119" T="991590" />
  <Point X="140" Y="119" T="991598" />
  <Point X="137" Y="120" T="991606" />
  <Point X="133" Y="121" T="991614" />
  <Point X="130" Y="120" T="991622" />
  <Point X="126" Y="120" T="991630" />
  <Point X="123" Y="120" T="991638" />
  <Point X="119" Y="121" T="991647" />
  <Point X="117" Y="121" T="991656" />
  <Point X="114" Y="121" T="991665" />
  <Point X="111" Y="122" T="991667" />
  <Point X="109" Y="123" T="991677" />
  <Point X="107" Y="124" T="991688" />
  <Point X="104" Y="125" T="991697" />
  <Point X="102" Y="126" T="991707" />
  <Point X="100" Y="128" T="991726" />
  <Point X="100" Y="130" T="991736" />
  <Point X="100" Y="133" T="991747" />
  <Point X="101" Y="135" T="991758" />
  <Point X="102" Y="139" T="991770" />
  <Point X="102" Y="141" T="991771" />
  <Point X="104" Y="147" T="991783" />
  <Point X="105" Y="154" T="991795" />
  <Point X="105" Y="163" T="991807" />
  <Point X="106" Y="170" T="991819" />
  <Point X="106" Y="178" T="991831" />
  <Point X="106" Y="186" T="991844" />
  <Point X="106" Y="193" T="991857" />
  <Point X="106" Y="198" T="991869" />
  <Point X="106" Y="204" T="991883" />
  <Point X="106" Y="209" T="991896" />
  <Point X="105" Y="214" T="991909" />
  <Point X="105" Y="218" T="991922" />
  <Point X="105" Y="223" T="991936" />
  <Point X="105" Y="228" T="991950" />
  <Point X="105" Y="230" T="991964" />
  <Point X="106" Y="232" T="991982" />
  <Point X="108" Y="234" T="992007" />
  <Point X="110" Y="234" T="992022" />
  <Point X="113" Y="234" T="992036" />
  <Point X="117" Y="234" T="992052" />
  <Point X="126" Y="234" T="992067" />
  <Point X="134" Y="235" T="992084" />
  <Point X="143" Y="237" T="992100" />
  <Point X="152" Y="238" T="992117" />
  <Point X="159" Y="240" T="992133" />
  <Point X="165" Y="243" T="992150" />
  <Point X="167" Y="244" T="992166" />
</Gesture>