﻿<?xml version="1.0" encoding="utf-8" standalone="yes"?>
<Gesture Name="left_curly_brace03" Subject="1" Speed="fast" Number="3" NumPts="52" Millseconds="520" AppName="Gestures" AppVer="3.5.0.0" Date="Monday, March 05, 2007" TimeOfDay="5:05:49 PM">
  <Point X="134" Y="132" T="1411792" />
  <Point X="131" Y="131" T="1411800" />
  <Point X="128" Y="132" T="1411809" />
  <Point X="126" Y="133" T="1411815" />
  <Point X="121" Y="134" T="1411822" />
  <Point X="116" Y="138" T="1411829" />
  <Point X="114" Y="141" T="1411837" />
  <Point X="112" Y="143" T="1411838" />
  <Point X="108" Y="148" T="1411847" />
  <Point X="104" Y="154" T="1411855" />
  <Point X="103" Y="156" T="1411864" />
  <Point X="101" Y="160" T="1411872" />
  <Point X="100" Y="163" T="1411880" />
  <Point X="100" Y="165" T="1411882" />
  <Point X="103" Y="166" T="1411897" />
  <Point X="106" Y="166" T="1411907" />
  <Point X="109" Y="164" T="1411916" />
  <Point X="111" Y="163" T="1411917" />
  <Point X="117" Y="158" T="1411929" />
  <Point X="122" Y="157" T="1411940" />
  <Point X="125" Y="156" T="1411942" />
  <Point X="130" Y="155" T="1411953" />
  <Point X="133" Y="155" T="1411954" />
  <Point X="138" Y="156" T="1411964" />
  <Point X="140" Y="157" T="1411965" />
  <Point X="144" Y="158" T="1411978" />
  <Point X="146" Y="159" T="1411989" />
  <Point X="148" Y="162" T="1411990" />
  <Point X="147" Y="167" T="1412005" />
  <Point X="146" Y="169" T="1412006" />
  <Point X="142" Y="175" T="1412020" />
  <Point X="139" Y="177" T="1412022" />
  <Point X="132" Y="183" T="1412035" />
  <Point X="124" Y="186" T="1412048" />
  <Point X="122" Y="188" T="1412050" />
  <Point X="119" Y="191" T="1412063" />
  <Point X="113" Y="194" T="1412077" />
  <Point X="111" Y="196" T="1412090" />
  <Point X="114" Y="196" T="1412125" />
  <Point X="119" Y="195" T="1412139" />
  <Point X="125" Y="192" T="1412154" />
  <Point X="131" Y="191" T="1412168" />
  <Point X="133" Y="192" T="1412183" />
  <Point X="131" Y="200" T="1412198" />
  <Point X="125" Y="212" T="1412213" />
  <Point X="123" Y="217" T="1412228" />
  <Point X="120" Y="222" T="1412230" />
  <Point X="117" Y="233" T="1412247" />
  <Point X="117" Y="241" T="1412263" />
  <Point X="118" Y="246" T="1412279" />
  <Point X="122" Y="250" T="1412295" />
  <Point X="128" Y="251" T="1412312" />
</Gesture>