﻿<?xml version="1.0" encoding="utf-8" standalone="yes"?>
<Gesture Name="left_curly_brace09" Subject="1" Speed="fast" Number="9" NumPts="52" Millseconds="563" AppName="Gestures" AppVer="3.5.0.0" Date="Monday, March 05, 2007" TimeOfDay="5:05:55 PM">
  <Point X="154" Y="130" T="1417511" />
  <Point X="152" Y="131" T="1417520" />
  <Point X="149" Y="130" T="1417528" />
  <Point X="147" Y="130" T="1417533" />
  <Point X="145" Y="132" T="1417539" />
  <Point X="140" Y="133" T="1417545" />
  <Point X="138" Y="134" T="1417551" />
  <Point X="133" Y="135" T="1417557" />
  <Point X="131" Y="137" T="1417564" />
  <Point X="128" Y="139" T="1417565" />
  <Point X="126" Y="141" T="1417574" />
  <Point X="122" Y="145" T="1417581" />
  <Point X="119" Y="149" T="1417589" />
  <Point X="118" Y="151" T="1417597" />
  <Point X="118" Y="154" T="1417610" />
  <Point X="118" Y="156" T="1417619" />
  <Point X="121" Y="157" T="1417630" />
  <Point X="124" Y="158" T="1417639" />
  <Point X="128" Y="158" T="1417647" />
  <Point X="133" Y="158" T="1417656" />
  <Point X="137" Y="158" T="1417665" />
  <Point X="140" Y="158" T="1417666" />
  <Point X="144" Y="159" T="1417677" />
  <Point X="149" Y="159" T="1417687" />
  <Point X="151" Y="160" T="1417697" />
  <Point X="152" Y="163" T="1417722" />
  <Point X="149" Y="167" T="1417733" />
  <Point X="143" Y="170" T="1417745" />
  <Point X="136" Y="172" T="1417757" />
  <Point X="129" Y="175" T="1417769" />
  <Point X="126" Y="176" T="1417780" />
  <Point X="123" Y="178" T="1417792" />
  <Point X="121" Y="179" T="1417804" />
  <Point X="124" Y="179" T="1417831" />
  <Point X="129" Y="177" T="1417844" />
  <Point X="135" Y="175" T="1417857" />
  <Point X="140" Y="174" T="1417870" />
  <Point X="143" Y="174" T="1417884" />
  <Point X="145" Y="177" T="1417898" />
  <Point X="142" Y="182" T="1417913" />
  <Point X="136" Y="192" T="1417928" />
  <Point X="130" Y="201" T="1417944" />
  <Point X="126" Y="206" T="1417958" />
  <Point X="126" Y="209" T="1417960" />
  <Point X="125" Y="214" T="1417976" />
  <Point X="126" Y="219" T="1417991" />
  <Point X="129" Y="220" T="1418006" />
  <Point X="131" Y="221" T="1418008" />
  <Point X="137" Y="221" T="1418025" />
  <Point X="143" Y="221" T="1418040" />
  <Point X="149" Y="222" T="1418056" />
  <Point X="153" Y="222" T="1418074" />
</Gesture>