﻿<?xml version="1.0" encoding="utf-8" standalone="yes"?>
<Gesture Name="left_sq_bracket04" Subject="1" Speed="fast" Number="4" NumPts="53" Millseconds="617" AppName="Gestures" AppVer="3.5.0.0" Date="Monday, March 05, 2007" TimeOfDay="4:58:45 PM">
  <Point X="143" Y="124" T="987449" />
  <Point X="141" Y="124" T="987457" />
  <Point X="139" Y="125" T="987465" />
  <Point X="136" Y="126" T="987474" />
  <Point X="133" Y="126" T="987482" />
  <Point X="130" Y="125" T="987489" />
  <Point X="127" Y="126" T="987497" />
  <Point X="124" Y="127" T="987505" />
  <Point X="121" Y="128" T="987513" />
  <Point X="118" Y="128" T="987523" />
  <Point X="114" Y="128" T="987531" />
  <Point X="111" Y="127" T="987539" />
  <Point X="108" Y="128" T="987547" />
  <Point X="106" Y="127" T="987555" />
  <Point X="103" Y="128" T="987564" />
  <Point X="101" Y="129" T="987572" />
  <Point X="99" Y="131" T="987582" />
  <Point X="97" Y="131" T="987591" />
  <Point X="95" Y="131" T="987605" />
  <Point X="95" Y="134" T="987649" />
  <Point X="96" Y="136" T="987665" />
  <Point X="96" Y="139" T="987675" />
  <Point X="97" Y="141" T="987685" />
  <Point X="98" Y="147" T="987696" />
  <Point X="98" Y="153" T="987706" />
  <Point X="99" Y="160" T="987718" />
  <Point X="100" Y="167" T="987729" />
  <Point X="100" Y="169" T="987730" />
  <Point X="101" Y="176" T="987744" />
  <Point X="102" Y="187" T="987758" />
  <Point X="103" Y="194" T="987771" />
  <Point X="103" Y="204" T="987786" />
  <Point X="104" Y="211" T="987800" />
  <Point X="104" Y="213" T="987802" />
  <Point X="105" Y="218" T="987816" />
  <Point X="105" Y="223" T="987828" />
  <Point X="105" Y="225" T="987841" />
  <Point X="105" Y="228" T="987842" />
  <Point X="105" Y="230" T="987855" />
  <Point X="105" Y="232" T="987869" />
  <Point X="105" Y="235" T="987914" />
  <Point X="108" Y="236" T="987938" />
  <Point X="110" Y="237" T="987951" />
  <Point X="112" Y="237" T="987965" />
  <Point X="114" Y="237" T="987966" />
  <Point X="116" Y="237" T="987982" />
  <Point X="119" Y="238" T="987983" />
  <Point X="125" Y="239" T="987999" />
  <Point X="131" Y="239" T="988014" />
  <Point X="134" Y="239" T="988030" />
  <Point X="138" Y="240" T="988031" />
  <Point X="144" Y="240" T="988050" />
  <Point X="150" Y="240" T="988066" />
</Gesture>