﻿<?xml version="1.0" encoding="utf-8" standalone="yes"?>
<Gesture Name="left_sq_bracket06" Subject="1" Speed="fast" Number="6" NumPts="50" Millseconds="586" AppName="Gestures" AppVer="3.5.0.0" Date="Monday, March 05, 2007" TimeOfDay="4:58:47 PM">
  <Point X="150" Y="130" T="989406" />
  <Point X="147" Y="129" T="989429" />
  <Point X="145" Y="129" T="989437" />
  <Point X="143" Y="128" T="989446" />
  <Point X="141" Y="127" T="989455" />
  <Point X="138" Y="128" T="989463" />
  <Point X="134" Y="129" T="989471" />
  <Point X="131" Y="129" T="989479" />
  <Point X="129" Y="129" T="989486" />
  <Point X="127" Y="129" T="989488" />
  <Point X="124" Y="130" T="989496" />
  <Point X="120" Y="131" T="989504" />
  <Point X="117" Y="131" T="989511" />
  <Point X="115" Y="132" T="989519" />
  <Point X="112" Y="133" T="989529" />
  <Point X="110" Y="133" T="989538" />
  <Point X="108" Y="134" T="989548" />
  <Point X="105" Y="135" T="989563" />
  <Point X="104" Y="137" T="989583" />
  <Point X="104" Y="139" T="989593" />
  <Point X="104" Y="141" T="989603" />
  <Point X="105" Y="144" T="989614" />
  <Point X="106" Y="149" T="989625" />
  <Point X="107" Y="156" T="989637" />
  <Point X="108" Y="163" T="989649" />
  <Point X="108" Y="172" T="989661" />
  <Point X="108" Y="179" T="989674" />
  <Point X="109" Y="186" T="989687" />
  <Point X="109" Y="188" T="989688" />
  <Point X="109" Y="195" T="989700" />
  <Point X="109" Y="201" T="989712" />
  <Point X="109" Y="208" T="989724" />
  <Point X="109" Y="213" T="989737" />
  <Point X="109" Y="221" T="989750" />
  <Point X="109" Y="226" T="989762" />
  <Point X="110" Y="232" T="989775" />
  <Point X="110" Y="238" T="989789" />
  <Point X="110" Y="240" T="989802" />
  <Point X="110" Y="242" T="989815" />
  <Point X="109" Y="245" T="989829" />
  <Point X="112" Y="247" T="989868" />
  <Point X="114" Y="246" T="989884" />
  <Point X="116" Y="247" T="989898" />
  <Point X="121" Y="246" T="989913" />
  <Point X="127" Y="247" T="989928" />
  <Point X="133" Y="247" T="989943" />
  <Point X="136" Y="248" T="989945" />
  <Point X="145" Y="249" T="989961" />
  <Point X="151" Y="249" T="989977" />
  <Point X="154" Y="249" T="989992" />
</Gesture>