﻿<?xml version="1.0" encoding="utf-8" standalone="yes"?>
<Gesture Name="left_curly_brace02" Subject="1" Speed="fast" Number="2" NumPts="50" Millseconds="502" AppName="Gestures" AppVer="3.5.0.0" Date="Monday, March 05, 2007" TimeOfDay="5:05:48 PM">
  <Point X="129" Y="129" T="1410929" />
  <Point X="125" Y="128" T="1410936" />
  <Point X="123" Y="128" T="1410941" />
  <Point X="121" Y="129" T="1410947" />
  <Point X="116" Y="130" T="1410953" />
  <Point X="113" Y="130" T="1410959" />
  <Point X="107" Y="134" T="1410965" />
  <Point X="104" Y="136" T="1410972" />
  <Point X="102" Y="139" T="1410973" />
  <Point X="97" Y="144" T="1410982" />
  <Point X="94" Y="149" T="1410989" />
  <Point X="91" Y="154" T="1410997" />
  <Point X="89" Y="159" T="1411005" />
  <Point X="89" Y="163" T="1411013" />
  <Point X="90" Y="165" T="1411020" />
  <Point X="92" Y="166" T="1411028" />
  <Point X="95" Y="168" T="1411036" />
  <Point X="99" Y="167" T="1411045" />
  <Point X="104" Y="166" T="1411053" />
  <Point X="109" Y="166" T="1411063" />
  <Point X="116" Y="166" T="1411072" />
  <Point X="121" Y="166" T="1411081" />
  <Point X="126" Y="166" T="1411091" />
  <Point X="128" Y="166" T="1411092" />
  <Point X="130" Y="166" T="1411103" />
  <Point X="133" Y="166" T="1411105" />
  <Point X="135" Y="167" T="1411116" />
  <Point X="136" Y="170" T="1411127" />
  <Point X="135" Y="175" T="1411138" />
  <Point X="130" Y="182" T="1411149" />
  <Point X="122" Y="188" T="1411161" />
  <Point X="113" Y="195" T="1411173" />
  <Point X="105" Y="199" T="1411185" />
  <Point X="103" Y="200" T="1411196" />
  <Point X="104" Y="197" T="1411229" />
  <Point X="107" Y="196" T="1411241" />
  <Point X="114" Y="194" T="1411254" />
  <Point X="120" Y="193" T="1411267" />
  <Point X="123" Y="194" T="1411280" />
  <Point X="125" Y="195" T="1411293" />
  <Point X="126" Y="198" T="1411294" />
  <Point X="123" Y="206" T="1411310" />
  <Point X="115" Y="217" T="1411325" />
  <Point X="110" Y="225" T="1411340" />
  <Point X="107" Y="233" T="1411354" />
  <Point X="107" Y="238" T="1411368" />
  <Point X="108" Y="240" T="1411383" />
  <Point X="112" Y="242" T="1411398" />
  <Point X="118" Y="242" T="1411413" />
  <Point X="126" Y="239" T="1411431" />
</Gesture>