﻿<?xml version="1.0" encoding="utf-8" standalone="yes"?>
<Gesture Name="left_curly_brace07" Subject="1" Speed="fast" Number="7" NumPts="52" Millseconds="578" AppName="Gestures" AppVer="3.5.0.0" Date="Monday, March 05, 2007" TimeOfDay="5:05:53 PM">
  <Point X="137" Y="128" T="1415590" />
  <Point X="135" Y="128" T="1415598" />
  <Point X="132" Y="129" T="1415606" />
  <Point X="128" Y="131" T="1415615" />
  <Point X="126" Y="133" T="1415621" />
  <Point X="122" Y="136" T="1415628" />
  <Point X="119" Y="139" T="1415635" />
  <Point X="116" Y="142" T="1415643" />
  <Point X="115" Y="144" T="1415650" />
  <Point X="114" Y="148" T="1415658" />
  <Point X="112" Y="150" T="1415665" />
  <Point X="112" Y="152" T="1415675" />
  <Point X="114" Y="153" T="1415692" />
  <Point X="116" Y="154" T="1415700" />
  <Point X="120" Y="154" T="1415709" />
  <Point X="123" Y="155" T="1415718" />
  <Point X="127" Y="155" T="1415727" />
  <Point X="131" Y="155" T="1415736" />
  <Point X="133" Y="155" T="1415738" />
  <Point X="137" Y="156" T="1415748" />
  <Point X="139" Y="155" T="1415750" />
  <Point X="142" Y="156" T="1415760" />
  <Point X="148" Y="157" T="1415770" />
  <Point X="150" Y="159" T="1415781" />
  <Point X="150" Y="162" T="1415793" />
  <Point X="148" Y="164" T="1415804" />
  <Point X="143" Y="169" T="1415815" />
  <Point X="136" Y="175" T="1415826" />
  <Point X="130" Y="178" T="1415838" />
  <Point X="126" Y="180" T="1415850" />
  <Point X="122" Y="182" T="1415862" />
  <Point X="120" Y="185" T="1415877" />
  <Point X="122" Y="184" T="1415912" />
  <Point X="127" Y="183" T="1415925" />
  <Point X="133" Y="182" T="1415937" />
  <Point X="137" Y="182" T="1415951" />
  <Point X="144" Y="182" T="1415964" />
  <Point X="147" Y="183" T="1415977" />
  <Point X="147" Y="185" T="1415992" />
  <Point X="145" Y="188" T="1416006" />
  <Point X="142" Y="191" T="1416020" />
  <Point X="140" Y="195" T="1416021" />
  <Point X="133" Y="203" T="1416038" />
  <Point X="128" Y="211" T="1416053" />
  <Point X="126" Y="215" T="1416067" />
  <Point X="124" Y="219" T="1416069" />
  <Point X="123" Y="224" T="1416086" />
  <Point X="123" Y="230" T="1416103" />
  <Point X="125" Y="233" T="1416118" />
  <Point X="135" Y="233" T="1416135" />
  <Point X="145" Y="231" T="1416151" />
  <Point X="151" Y="229" T="1416168" />
</Gesture>