﻿<?xml version="1.0" encoding="utf-8" standalone="yes"?>
<Gesture Name="left_sq_bracket02" Subject="1" Speed="fast" Number="2" NumPts="51" Millseconds="542" AppName="Gestures" AppVer="3.5.0.0" Date="Monday, March 05, 2007" TimeOfDay="4:58:43 PM">
  <Point X="147" Y="129" T="985645" />
  <Point X="144" Y="127" T="985665" />
  <Point X="142" Y="127" T="985673" />
  <Point X="140" Y="126" T="985681" />
  <Point X="137" Y="125" T="985689" />
  <Point X="133" Y="124" T="985697" />
  <Point X="130" Y="124" T="985705" />
  <Point X="127" Y="125" T="985713" />
  <Point X="124" Y="124" T="985721" />
  <Point X="121" Y="124" T="985729" />
  <Point X="118" Y="125" T="985738" />
  <Point X="116" Y="125" T="985745" />
  <Point X="113" Y="125" T="985753" />
  <Point X="111" Y="125" T="985762" />
  <Point X="109" Y="126" T="985770" />
  <Point X="107" Y="128" T="985781" />
  <Point X="105" Y="131" T="985801" />
  <Point X="105" Y="133" T="985825" />
  <Point X="105" Y="136" T="985834" />
  <Point X="106" Y="138" T="985843" />
  <Point X="107" Y="141" T="985853" />
  <Point X="107" Y="143" T="985854" />
  <Point X="108" Y="146" T="985864" />
  <Point X="109" Y="153" T="985874" />
  <Point X="109" Y="158" T="985884" />
  <Point X="110" Y="160" T="985885" />
  <Point X="110" Y="164" T="985896" />
  <Point X="110" Y="167" T="985897" />
  <Point X="110" Y="172" T="985908" />
  <Point X="110" Y="175" T="985909" />
  <Point X="110" Y="180" T="985921" />
  <Point X="110" Y="182" T="985922" />
  <Point X="109" Y="189" T="985936" />
  <Point X="109" Y="197" T="985948" />
  <Point X="109" Y="207" T="985961" />
  <Point X="109" Y="210" T="985974" />
  <Point X="109" Y="218" T="985987" />
  <Point X="110" Y="220" T="986001" />
  <Point X="110" Y="222" T="986002" />
  <Point X="110" Y="224" T="986017" />
  <Point X="110" Y="226" T="986033" />
  <Point X="111" Y="229" T="986049" />
  <Point X="112" Y="231" T="986066" />
  <Point X="114" Y="232" T="986080" />
  <Point X="116" Y="232" T="986096" />
  <Point X="118" Y="232" T="986098" />
  <Point X="124" Y="232" T="986114" />
  <Point X="130" Y="233" T="986132" />
  <Point X="137" Y="233" T="986149" />
  <Point X="144" Y="234" T="986168" />
  <Point X="153" Y="234" T="986187" />
</Gesture>