﻿<?xml version="1.0" encoding="utf-8" standalone="yes"?>
<Gesture Name="left_curly_brace01" Subject="1" Speed="fast" Number="1" NumPts="49" Millseconds="518" AppName="Gestures" AppVer="3.5.0.0" Date="Monday, March 05, 2007" TimeOfDay="5:05:47 PM">
  <Point X="143" Y="125" T="1409841" />
  <Point X="141" Y="125" T="1409849" />
  <Point X="139" Y="125" T="1409857" />
  <Point X="135" Y="126" T="1409865" />
  <Point X="133" Y="126" T="1409871" />
  <Point X="131" Y="127" T="1409876" />
  <Point X="129" Y="127" T="1409878" />
  <Point X="125" Y="129" T="1409886" />
  <Point X="123" Y="131" T="1409893" />
  <Point X="119" Y="134" T="1409900" />
  <Point X="115" Y="137" T="1409907" />
  <Point X="112" Y="139" T="1409914" />
  <Point X="109" Y="142" T="1409922" />
  <Point X="107" Y="145" T="1409929" />
  <Point X="106" Y="147" T="1409938" />
  <Point X="105" Y="149" T="1409947" />
  <Point X="107" Y="150" T="1409976" />
  <Point X="110" Y="150" T="1409984" />
  <Point X="114" Y="149" T="1409993" />
  <Point X="118" Y="150" T="1410002" />
  <Point X="122" Y="149" T="1410011" />
  <Point X="124" Y="149" T="1410012" />
  <Point X="128" Y="151" T="1410024" />
  <Point X="132" Y="152" T="1410034" />
  <Point X="135" Y="155" T="1410044" />
  <Point X="137" Y="158" T="1410045" />
  <Point X="138" Y="160" T="1410058" />
  <Point X="138" Y="166" T="1410069" />
  <Point X="132" Y="175" T="1410080" />
  <Point X="127" Y="178" T="1410091" />
  <Point X="124" Y="181" T="1410092" />
  <Point X="115" Y="187" T="1410106" />
  <Point X="111" Y="190" T="1410118" />
  <Point X="105" Y="193" T="1410130" />
  <Point X="108" Y="191" T="1410171" />
  <Point X="111" Y="190" T="1410183" />
  <Point X="118" Y="188" T="1410196" />
  <Point X="122" Y="187" T="1410209" />
  <Point X="129" Y="189" T="1410222" />
  <Point X="131" Y="190" T="1410236" />
  <Point X="134" Y="196" T="1410249" />
  <Point X="133" Y="203" T="1410263" />
  <Point X="132" Y="205" T="1410264" />
  <Point X="124" Y="218" T="1410283" />
  <Point X="120" Y="226" T="1410298" />
  <Point X="118" Y="236" T="1410313" />
  <Point X="120" Y="245" T="1410328" />
  <Point X="125" Y="251" T="1410344" />
  <Point X="131" Y="250" T="1410359" />
</Gesture>