﻿<?xml version="1.0" encoding="utf-8" standalone="yes"?>
<Gesture Name="left_sq_bracket07" Subject="1" Speed="fast" Number="7" NumPts="59" Millseconds="790" AppName="Gestures" AppVer="3.5.0.0" Date="Monday, March 05, 2007" TimeOfDay="4:58:48 PM">
  <Point X="144" Y="125" T="990337" />
  <Point X="142" Y="126" T="990344" />
  <Point X="139" Y="128" T="990352" />
  <Point X="137" Y="129" T="990360" />
  <Point X="134" Y="130" T="990368" />
  <Point X="131" Y="130" T="990376" />
  <Point X="129" Y="131" T="990385" />
  <Point X="126" Y="132" T="990393" />
  <Point X="123" Y="132" T="990401" />
  <Point X="120" Y="132" T="990409" />
  <Point X="117" Y="132" T="990417" />
  <Point X="114" Y="133" T="990425" />
  <Point X="112" Y="132" T="990433" />
  <Point X="110" Y="132" T="990442" />
  <Point X="107" Y="131" T="990452" />
  <Point X="105" Y="130" T="990465" />
  <Point X="103" Y="129" T="990484" />
  <Point X="101" Y="132" T="990511" />
  <Point X="100" Y="134" T="990521" />
  <Point X="100" Y="137" T="990530" />
  <Point X="100" Y="141" T="990539" />
  <Point X="100" Y="146" T="990549" />
  <Point X="100" Y="149" T="990558" />
  <Point X="101" Y="153" T="990568" />
  <Point X="101" Y="157" T="990578" />
  <Point X="103" Y="167" T="990588" />
  <Point X="103" Y="171" T="990599" />
  <Point X="103" Y="173" T="990600" />
  <Point X="104" Y="179" T="990612" />
  <Point X="105" Y="183" T="990625" />
  <Point X="105" Y="185" T="990626" />
  <Point X="106" Y="191" T="990639" />
  <Point X="106" Y="196" T="990651" />
  <Point X="106" Y="202" T="990662" />
  <Point X="106" Y="207" T="990674" />
  <Point X="107" Y="210" T="990686" />
  <Point X="107" Y="213" T="990698" />
  <Point X="107" Y="215" T="990711" />
  <Point X="106" Y="218" T="990725" />
  <Point X="106" Y="220" T="990726" />
  <Point X="107" Y="222" T="990751" />
  <Point X="107" Y="224" T="990764" />
  <Point X="107" Y="226" T="990778" />
  <Point X="108" Y="230" T="990796" />
  <Point X="108" Y="232" T="990810" />
  <Point X="107" Y="235" T="990824" />
  <Point X="107" Y="237" T="990838" />
  <Point X="108" Y="239" T="990875" />
  <Point X="107" Y="241" T="990927" />
  <Point X="110" Y="240" T="990980" />
  <Point X="112" Y="240" T="990996" />
  <Point X="114" Y="240" T="991012" />
  <Point X="118" Y="240" T="991027" />
  <Point X="123" Y="241" T="991043" />
  <Point X="130" Y="240" T="991060" />
  <Point X="139" Y="238" T="991076" />
  <Point X="145" Y="236" T="991093" />
  <Point X="151" Y="235" T="991110" />
  <Point X="153" Y="235" T="991127" />
</Gesture>