﻿<?xml version="1.0" encoding="utf-8" standalone="yes"?>
<Gesture Name="left_sq_bracket09" Subject="1" Speed="fast" Number="9" NumPts="53" Millseconds="594" AppName="Gestures" AppVer="3.5.0.0" Date="Monday, March 05, 2007" TimeOfDay="4:58:50 PM">
  <Point X="150" Y="123" T="992529" />
  <Point X="148" Y="123" T="992549" />
  <Point X="146" Y="122" T="992557" />
  <Point X="143" Y="123" T="992569" />
  <Point X="141" Y="124" T="992577" />
  <Point X="138" Y="125" T="992585" />
  <Point X="136" Y="126" T="992594" />
  <Point X="133" Y="126" T="992602" />
  <Point X="130" Y="127" T="992610" />
  <Point X="126" Y="127" T="992618" />
  <Point X="123" Y="128" T="992626" />
  <Point X="120" Y="128" T="992634" />
  <Point X="118" Y="128" T="992642" />
  <Point X="116" Y="128" T="992650" />
  <Point X="113" Y="128" T="992659" />
  <Point X="111" Y="127" T="992668" />
  <Point X="109" Y="128" T="992676" />
  <Point X="107" Y="127" T="992686" />
  <Point X="105" Y="128" T="992699" />
  <Point X="103" Y="131" T="992719" />
  <Point X="102" Y="134" T="992731" />
  <Point X="102" Y="136" T="992741" />
  <Point X="102" Y="139" T="992751" />
  <Point X="102" Y="146" T="992762" />
  <Point X="102" Y="150" T="992772" />
  <Point X="102" Y="156" T="992783" />
  <Point X="103" Y="162" T="992794" />
  <Point X="103" Y="164" T="992796" />
  <Point X="103" Y="168" T="992808" />
  <Point X="103" Y="177" T="992820" />
  <Point X="103" Y="184" T="992832" />
  <Point X="103" Y="192" T="992844" />
  <Point X="103" Y="199" T="992857" />
  <Point X="103" Y="207" T="992869" />
  <Point X="102" Y="212" T="992882" />
  <Point X="102" Y="216" T="992884" />
  <Point X="102" Y="218" T="992897" />
  <Point X="103" Y="222" T="992910" />
  <Point X="103" Y="225" T="992922" />
  <Point X="103" Y="227" T="992963" />
  <Point X="105" Y="229" T="992980" />
  <Point X="108" Y="230" T="992996" />
  <Point X="111" Y="233" T="993010" />
  <Point X="113" Y="233" T="993023" />
  <Point X="116" Y="234" T="993024" />
  <Point X="122" Y="235" T="993041" />
  <Point X="126" Y="235" T="993055" />
  <Point X="129" Y="235" T="993056" />
  <Point X="133" Y="236" T="993071" />
  <Point X="137" Y="236" T="993073" />
  <Point X="142" Y="236" T="993090" />
  <Point X="148" Y="237" T="993107" />
  <Point X="152" Y="236" T="993123" />
</Gesture>