﻿<?xml version="1.0" encoding="utf-8" standalone="yes"?>
<Gesture Name="left_sq_bracket05" Subject="1" Speed="fast" Number="5" NumPts="50" Millseconds="627" AppName="Gestures" AppVer="3.5.0.0" Date="Monday, March 05, 2007" TimeOfDay="4:58:46 PM">
  <Point X="148" Y="128" T="988411" />
  <Point X="146" Y="128" T="988426" />
  <Point X="143" Y="128" T="988438" />
  <Point X="141" Y="128" T="988450" />
  <Point X="138" Y="129" T="988463" />
  <Point X="136" Y="128" T="988471" />
  <Point X="134" Y="128" T="988479" />
  <Point X="132" Y="129" T="988487" />
  <Point X="129" Y="129" T="988495" />
  <Point X="127" Y="129" T="988503" />
  <Point X="124" Y="129" T="988511" />
  <Point X="122" Y="129" T="988519" />
  <Point X="119" Y="129" T="988529" />
  <Point X="117" Y="129" T="988536" />
  <Point X="115" Y="129" T="988544" />
  <Point X="113" Y="129" T="988555" />
  <Point X="110" Y="129" T="988572" />
  <Point X="108" Y="129" T="988599" />
  <Point X="108" Y="132" T="988620" />
  <Point X="108" Y="135" T="988630" />
  <Point X="108" Y="137" T="988640" />
  <Point X="109" Y="141" T="988649" />
  <Point X="110" Y="146" T="988659" />
  <Point X="111" Y="149" T="988669" />
  <Point X="112" Y="157" T="988680" />
  <Point X="112" Y="160" T="988681" />
  <Point X="113" Y="168" T="988693" />
  <Point X="114" Y="175" T="988704" />
  <Point X="115" Y="180" T="988715" />
  <Point X="115" Y="184" T="988717" />
  <Point X="115" Y="191" T="988730" />
  <Point X="116" Y="196" T="988742" />
  <Point X="116" Y="204" T="988753" />
  <Point X="117" Y="209" T="988765" />
  <Point X="117" Y="213" T="988778" />
  <Point X="117" Y="219" T="988790" />
  <Point X="117" Y="225" T="988803" />
  <Point X="117" Y="228" T="988815" />
  <Point X="117" Y="230" T="988829" />
  <Point X="117" Y="232" T="988842" />
  <Point X="117" Y="234" T="988855" />
  <Point X="117" Y="236" T="988872" />
  <Point X="117" Y="239" T="988888" />
  <Point X="119" Y="239" T="988932" />
  <Point X="121" Y="239" T="988956" />
  <Point X="124" Y="239" T="988978" />
  <Point X="127" Y="239" T="988993" />
  <Point X="131" Y="238" T="989007" />
  <Point X="136" Y="237" T="989023" />
  <Point X="141" Y="236" T="989038" />
</Gesture>