﻿<?xml version="1.0" encoding="utf-8" standalone="yes"?>
<Gesture Name="pigtail08" Subject="1" Speed="fast" Number="8" NumPts="46" Millseconds="438" AppName="Gestures" AppVer="3.5.0.0" Date="Monday, March 05, 2007" TimeOfDay="5:00:24 PM">
  <Point X="82" Y="226" T="1085973" />
  <Point X="84" Y="226" T="1085985" />
  <Point X="87" Y="227" T="1085993" />
  <Point X="89" Y="227" T="1086002" />
  <Point X="92" Y="227" T="1086010" />
  <Point X="95" Y="226" T="1086017" />
  <Point X="99" Y="225" T="1086026" />
  <Point X="102" Y="223" T="1086034" />
  <Point X="106" Y="222" T="1086042" />
  <Point X="108" Y="220" T="1086049" />
  <Point X="110" Y="218" T="1086051" />
  <Point X="114" Y="214" T="1086059" />
  <Point X="116" Y="212" T="1086067" />
  <Point X="119" Y="208" T="1086076" />
  <Point X="124" Y="201" T="1086084" />
  <Point X="127" Y="196" T="1086093" />
  <Point X="132" Y="188" T="1086102" />
  <Point X="134" Y="181" T="1086111" />
  <Point X="136" Y="175" T="1086121" />
  <Point X="138" Y="165" T="1086131" />
  <Point X="138" Y="160" T="1086141" />
  <Point X="138" Y="158" T="1086143" />
  <Point X="138" Y="155" T="1086154" />
  <Point X="138" Y="151" T="1086155" />
  <Point X="137" Y="148" T="1086166" />
  <Point X="136" Y="146" T="1086177" />
  <Point X="132" Y="144" T="1086188" />
  <Point X="129" Y="143" T="1086198" />
  <Point X="127" Y="146" T="1086210" />
  <Point X="124" Y="152" T="1086222" />
  <Point X="123" Y="155" T="1086223" />
  <Point X="120" Y="165" T="1086236" />
  <Point X="119" Y="176" T="1086249" />
  <Point X="118" Y="190" T="1086262" />
  <Point X="119" Y="199" T="1086275" />
  <Point X="121" Y="208" T="1086289" />
  <Point X="124" Y="219" T="1086302" />
  <Point X="126" Y="222" T="1086316" />
  <Point X="133" Y="227" T="1086329" />
  <Point X="135" Y="228" T="1086331" />
  <Point X="145" Y="230" T="1086347" />
  <Point X="156" Y="227" T="1086363" />
  <Point X="165" Y="223" T="1086378" />
  <Point X="168" Y="221" T="1086379" />
  <Point X="178" Y="214" T="1086395" />
  <Point X="180" Y="212" T="1086411" />
</Gesture>