﻿<?xml version="1.0" encoding="utf-8" standalone="yes"?>
<Gesture Name="pigtail09" Subject="1" Speed="fast" Number="9" NumPts="45" Millseconds="416" AppName="Gestures" AppVer="3.5.0.0" Date="Monday, March 05, 2007" TimeOfDay="5:00:24 PM">
  <Point X="73" Y="230" T="1086920" />
  <Point X="75" Y="231" T="1086928" />
  <Point X="79" Y="233" T="1086936" />
  <Point X="82" Y="232" T="1086944" />
  <Point X="85" Y="231" T="1086950" />
  <Point X="91" Y="230" T="1086957" />
  <Point X="94" Y="229" T="1086964" />
  <Point X="97" Y="227" T="1086965" />
  <Point X="103" Y="226" T="1086973" />
  <Point X="110" Y="223" T="1086980" />
  <Point X="113" Y="222" T="1086988" />
  <Point X="116" Y="221" T="1086989" />
  <Point X="123" Y="217" T="1086998" />
  <Point X="129" Y="213" T="1087006" />
  <Point X="136" Y="209" T="1087015" />
  <Point X="144" Y="202" T="1087024" />
  <Point X="149" Y="198" T="1087034" />
  <Point X="154" Y="193" T="1087043" />
  <Point X="159" Y="185" T="1087053" />
  <Point X="161" Y="180" T="1087062" />
  <Point X="163" Y="171" T="1087073" />
  <Point X="163" Y="166" T="1087083" />
  <Point X="163" Y="161" T="1087093" />
  <Point X="161" Y="156" T="1087103" />
  <Point X="160" Y="154" T="1087105" />
  <Point X="157" Y="151" T="1087117" />
  <Point X="154" Y="151" T="1087128" />
  <Point X="151" Y="150" T="1087129" />
  <Point X="145" Y="151" T="1087141" />
  <Point X="138" Y="156" T="1087153" />
  <Point X="132" Y="164" T="1087166" />
  <Point X="126" Y="173" T="1087178" />
  <Point X="122" Y="183" T="1087190" />
  <Point X="119" Y="195" T="1087203" />
  <Point X="119" Y="210" T="1087217" />
  <Point X="122" Y="219" T="1087230" />
  <Point X="126" Y="226" T="1087243" />
  <Point X="134" Y="231" T="1087258" />
  <Point X="143" Y="233" T="1087272" />
  <Point X="146" Y="233" T="1087273" />
  <Point X="159" Y="229" T="1087289" />
  <Point X="169" Y="225" T="1087303" />
  <Point X="172" Y="223" T="1087305" />
  <Point X="183" Y="218" T="1087321" />
  <Point X="186" Y="217" T="1087336" />
</Gesture>