﻿<?xml version="1.0" encoding="utf-8" standalone="yes"?>
<Gesture Name="pigtail02" Subject="1" Speed="fast" Number="2" NumPts="45" Millseconds="397" AppName="Gestures" AppVer="3.5.0.0" Date="Monday, March 05, 2007" TimeOfDay="5:00:19 PM">
  <Point X="81" Y="222" T="1081076" />
  <Point X="84" Y="224" T="1081091" />
  <Point X="86" Y="226" T="1081099" />
  <Point X="89" Y="226" T="1081106" />
  <Point X="91" Y="226" T="1081112" />
  <Point X="94" Y="225" T="1081118" />
  <Point X="96" Y="224" T="1081119" />
  <Point X="100" Y="222" T="1081127" />
  <Point X="103" Y="221" T="1081134" />
  <Point X="106" Y="219" T="1081135" />
  <Point X="111" Y="217" T="1081144" />
  <Point X="117" Y="213" T="1081151" />
  <Point X="122" Y="208" T="1081159" />
  <Point X="128" Y="203" T="1081167" />
  <Point X="133" Y="199" T="1081175" />
  <Point X="137" Y="193" T="1081183" />
  <Point X="141" Y="187" T="1081192" />
  <Point X="145" Y="181" T="1081201" />
  <Point X="147" Y="175" T="1081209" />
  <Point X="149" Y="171" T="1081211" />
  <Point X="150" Y="164" T="1081222" />
  <Point X="151" Y="160" T="1081223" />
  <Point X="151" Y="151" T="1081235" />
  <Point X="149" Y="147" T="1081245" />
  <Point X="147" Y="141" T="1081255" />
  <Point X="144" Y="138" T="1081265" />
  <Point X="140" Y="138" T="1081266" />
  <Point X="134" Y="138" T="1081279" />
  <Point X="128" Y="142" T="1081290" />
  <Point X="124" Y="147" T="1081302" />
  <Point X="122" Y="150" T="1081303" />
  <Point X="117" Y="160" T="1081317" />
  <Point X="114" Y="171" T="1081329" />
  <Point X="113" Y="184" T="1081341" />
  <Point X="115" Y="197" T="1081354" />
  <Point X="116" Y="200" T="1081355" />
  <Point X="123" Y="213" T="1081370" />
  <Point X="131" Y="220" T="1081384" />
  <Point X="140" Y="225" T="1081397" />
  <Point X="144" Y="226" T="1081398" />
  <Point X="158" Y="229" T="1081415" />
  <Point X="169" Y="228" T="1081429" />
  <Point X="182" Y="223" T="1081443" />
  <Point X="193" Y="215" T="1081458" />
  <Point X="195" Y="213" T="1081473" />
</Gesture>