﻿<?xml version="1.0" encoding="utf-8" standalone="yes"?>
<Gesture Name="pigtail10" Subject="1" Speed="fast" Number="10" NumPts="44" Millseconds="396" AppName="Gestures" AppVer="3.5.0.0" Date="Monday, March 05, 2007" TimeOfDay="5:00:25 PM">
  <Point X="73" Y="235" T="1087875" />
  <Point X="77" Y="234" T="1087884" />
  <Point X="80" Y="233" T="1087890" />
  <Point X="85" Y="231" T="1087896" />
  <Point X="88" Y="230" T="1087903" />
  <Point X="94" Y="227" T="1087910" />
  <Point X="101" Y="223" T="1087917" />
  <Point X="105" Y="221" T="1087924" />
  <Point X="108" Y="219" T="1087925" />
  <Point X="115" Y="215" T="1087934" />
  <Point X="122" Y="209" T="1087942" />
  <Point X="129" Y="203" T="1087951" />
  <Point X="132" Y="201" T="1087953" />
  <Point X="138" Y="196" T="1087962" />
  <Point X="142" Y="190" T="1087971" />
  <Point X="146" Y="186" T="1087979" />
  <Point X="149" Y="180" T="1087989" />
  <Point X="150" Y="178" T="1087998" />
  <Point X="150" Y="175" T="1088008" />
  <Point X="149" Y="170" T="1088009" />
  <Point X="147" Y="166" T="1088020" />
  <Point X="145" Y="164" T="1088030" />
  <Point X="137" Y="161" T="1088041" />
  <Point X="133" Y="163" T="1088052" />
  <Point X="131" Y="164" T="1088053" />
  <Point X="124" Y="166" T="1088066" />
  <Point X="117" Y="171" T="1088078" />
  <Point X="111" Y="179" T="1088090" />
  <Point X="106" Y="186" T="1088101" />
  <Point X="103" Y="195" T="1088114" />
  <Point X="103" Y="203" T="1088126" />
  <Point X="104" Y="210" T="1088139" />
  <Point X="107" Y="218" T="1088152" />
  <Point X="108" Y="221" T="1088153" />
  <Point X="116" Y="228" T="1088168" />
  <Point X="124" Y="233" T="1088182" />
  <Point X="133" Y="235" T="1088196" />
  <Point X="136" Y="235" T="1088197" />
  <Point X="150" Y="233" T="1088212" />
  <Point X="161" Y="228" T="1088226" />
  <Point X="172" Y="221" T="1088239" />
  <Point X="175" Y="219" T="1088240" />
  <Point X="185" Y="210" T="1088257" />
  <Point X="190" Y="208" T="1088271" />
</Gesture>