﻿<?xml version="1.0" encoding="utf-8" standalone="yes"?>
<Gesture Name="pigtail06" Subject="1" Speed="fast" Number="6" NumPts="48" Millseconds="390" AppName="Gestures" AppVer="3.5.0.0" Date="Monday, March 05, 2007" TimeOfDay="5:00:22 PM">
  <Point X="75" Y="230" T="1084072" />
  <Point X="77" Y="231" T="1084080" />
  <Point X="80" Y="231" T="1084088" />
  <Point X="84" Y="230" T="1084097" />
  <Point X="86" Y="229" T="1084103" />
  <Point X="89" Y="229" T="1084108" />
  <Point X="92" Y="228" T="1084109" />
  <Point X="95" Y="227" T="1084117" />
  <Point X="98" Y="225" T="1084118" />
  <Point X="105" Y="222" T="1084126" />
  <Point X="109" Y="220" T="1084132" />
  <Point X="112" Y="217" T="1084133" />
  <Point X="120" Y="212" T="1084142" />
  <Point X="127" Y="206" T="1084150" />
  <Point X="133" Y="201" T="1084157" />
  <Point X="139" Y="195" T="1084165" />
  <Point X="144" Y="190" T="1084174" />
  <Point X="148" Y="184" T="1084182" />
  <Point X="151" Y="178" T="1084191" />
  <Point X="152" Y="172" T="1084200" />
  <Point X="153" Y="162" T="1084210" />
  <Point X="152" Y="155" T="1084219" />
  <Point X="151" Y="150" T="1084228" />
  <Point X="150" Y="148" T="1084229" />
  <Point X="148" Y="143" T="1084240" />
  <Point X="145" Y="141" T="1084251" />
  <Point X="142" Y="141" T="1084261" />
  <Point X="138" Y="141" T="1084262" />
  <Point X="134" Y="144" T="1084272" />
  <Point X="132" Y="146" T="1084273" />
  <Point X="126" Y="153" T="1084286" />
  <Point X="120" Y="162" T="1084299" />
  <Point X="117" Y="171" T="1084311" />
  <Point X="116" Y="181" T="1084323" />
  <Point X="117" Y="193" T="1084336" />
  <Point X="121" Y="203" T="1084349" />
  <Point X="122" Y="206" T="1084350" />
  <Point X="128" Y="214" T="1084364" />
  <Point X="130" Y="215" T="1084365" />
  <Point X="137" Y="217" T="1084380" />
  <Point X="139" Y="218" T="1084381" />
  <Point X="148" Y="217" T="1084397" />
  <Point X="151" Y="217" T="1084398" />
  <Point X="162" Y="216" T="1084414" />
  <Point X="171" Y="214" T="1084428" />
  <Point X="174" Y="213" T="1084429" />
  <Point X="185" Y="209" T="1084447" />
  <Point X="192" Y="207" T="1084462" />
</Gesture>