﻿<?xml version="1.0" encoding="utf-8" standalone="yes"?>
<Gesture Name="pigtail04" Subject="1" Speed="fast" Number="4" NumPts="45" Millseconds="402" AppName="Gestures" AppVer="3.5.0.0" Date="Monday, March 05, 2007" TimeOfDay="5:00:20 PM">
  <Point X="67" Y="229" T="1082515" />
  <Point X="69" Y="231" T="1082526" />
  <Point X="72" Y="232" T="1082534" />
  <Point X="74" Y="232" T="1082539" />
  <Point X="77" Y="231" T="1082545" />
  <Point X="82" Y="229" T="1082551" />
  <Point X="85" Y="228" T="1082557" />
  <Point X="92" Y="224" T="1082563" />
  <Point X="96" Y="223" T="1082570" />
  <Point X="99" Y="220" T="1082571" />
  <Point X="107" Y="216" T="1082579" />
  <Point X="111" Y="213" T="1082586" />
  <Point X="114" Y="209" T="1082587" />
  <Point X="121" Y="204" T="1082595" />
  <Point X="128" Y="198" T="1082603" />
  <Point X="133" Y="192" T="1082611" />
  <Point X="138" Y="187" T="1082620" />
  <Point X="141" Y="181" T="1082628" />
  <Point X="144" Y="175" T="1082637" />
  <Point X="147" Y="166" T="1082646" />
  <Point X="147" Y="160" T="1082655" />
  <Point X="146" Y="154" T="1082664" />
  <Point X="144" Y="149" T="1082674" />
  <Point X="143" Y="146" T="1082675" />
  <Point X="141" Y="144" T="1082686" />
  <Point X="138" Y="143" T="1082687" />
  <Point X="131" Y="141" T="1082698" />
  <Point X="127" Y="142" T="1082709" />
  <Point X="120" Y="145" T="1082720" />
  <Point X="113" Y="151" T="1082731" />
  <Point X="107" Y="159" T="1082743" />
  <Point X="103" Y="170" T="1082754" />
  <Point X="101" Y="182" T="1082767" />
  <Point X="101" Y="196" T="1082779" />
  <Point X="104" Y="210" T="1082791" />
  <Point X="109" Y="222" T="1082803" />
  <Point X="116" Y="229" T="1082816" />
  <Point X="126" Y="236" T="1082829" />
  <Point X="129" Y="238" T="1082830" />
  <Point X="140" Y="240" T="1082845" />
  <Point X="154" Y="238" T="1082859" />
  <Point X="164" Y="235" T="1082873" />
  <Point X="177" Y="227" T="1082887" />
  <Point X="188" Y="220" T="1082902" />
  <Point X="190" Y="218" T="1082917" />
</Gesture>