﻿<?xml version="1.0" encoding="utf-8" standalone="yes"?>
<Gesture Name="pigtail03" Subject="1" Speed="fast" Number="3" NumPts="44" Millseconds="400" AppName="Gestures" AppVer="3.5.0.0" Date="Monday, March 05, 2007" TimeOfDay="5:00:19 PM">
  <Point X="62" Y="238" T="1081794" />
  <Point X="64" Y="237" T="1081809" />
  <Point X="67" Y="238" T="1081817" />
  <Point X="71" Y="237" T="1081826" />
  <Point X="74" Y="236" T="1081832" />
  <Point X="77" Y="236" T="1081837" />
  <Point X="80" Y="234" T="1081838" />
  <Point X="83" Y="233" T="1081846" />
  <Point X="86" Y="231" T="1081847" />
  <Point X="93" Y="227" T="1081854" />
  <Point X="96" Y="225" T="1081861" />
  <Point X="100" Y="223" T="1081862" />
  <Point X="107" Y="219" T="1081871" />
  <Point X="113" Y="215" T="1081879" />
  <Point X="120" Y="209" T="1081886" />
  <Point X="126" Y="204" T="1081895" />
  <Point X="131" Y="199" T="1081903" />
  <Point X="137" Y="193" T="1081911" />
  <Point X="142" Y="187" T="1081920" />
  <Point X="146" Y="180" T="1081929" />
  <Point X="150" Y="171" T="1081938" />
  <Point X="152" Y="165" T="1081948" />
  <Point X="152" Y="160" T="1081957" />
  <Point X="151" Y="157" T="1081958" />
  <Point X="149" Y="153" T="1081969" />
  <Point X="146" Y="149" T="1081979" />
  <Point X="143" Y="147" T="1081989" />
  <Point X="135" Y="145" T="1082000" />
  <Point X="128" Y="146" T="1082011" />
  <Point X="123" Y="148" T="1082022" />
  <Point X="120" Y="150" T="1082023" />
  <Point X="114" Y="157" T="1082036" />
  <Point X="109" Y="165" T="1082047" />
  <Point X="107" Y="175" T="1082059" />
  <Point X="106" Y="189" T="1082072" />
  <Point X="107" Y="200" T="1082084" />
  <Point X="110" Y="212" T="1082097" />
  <Point X="117" Y="224" T="1082110" />
  <Point X="124" Y="231" T="1082124" />
  <Point X="136" Y="236" T="1082138" />
  <Point X="146" Y="238" T="1082152" />
  <Point X="160" Y="237" T="1082166" />
  <Point X="169" Y="234" T="1082180" />
  <Point X="172" Y="232" T="1082194" />
</Gesture>