﻿<?xml version="1.0" encoding="utf-8" standalone="yes"?>
<Gesture Name="pigtail07" Subject="1" Speed="fast" Number="7" NumPts="46" Millseconds="393" AppName="Gestures" AppVer="3.5.0.0" Date="Monday, March 05, 2007" TimeOfDay="5:00:22 PM">
  <Point X="75" Y="236" T="1084891" />
  <Point X="78" Y="236" T="1084899" />
  <Point X="80" Y="236" T="1084904" />
  <Point X="82" Y="235" T="1084909" />
  <Point X="87" Y="233" T="1084915" />
  <Point X="90" Y="231" T="1084921" />
  <Point X="92" Y="230" T="1084927" />
  <Point X="95" Y="228" T="1084928" />
  <Point X="102" Y="223" T="1084936" />
  <Point X="109" Y="218" T="1084943" />
  <Point X="112" Y="215" T="1084950" />
  <Point X="116" Y="213" T="1084951" />
  <Point X="123" Y="208" T="1084960" />
  <Point X="130" Y="202" T="1084968" />
  <Point X="135" Y="196" T="1084976" />
  <Point X="141" Y="192" T="1084985" />
  <Point X="146" Y="187" T="1084993" />
  <Point X="150" Y="183" T="1085002" />
  <Point X="152" Y="179" T="1085003" />
  <Point X="155" Y="173" T="1085014" />
  <Point X="156" Y="170" T="1085015" />
  <Point X="158" Y="164" T="1085027" />
  <Point X="158" Y="162" T="1085028" />
  <Point X="158" Y="156" T="1085038" />
  <Point X="158" Y="154" T="1085040" />
  <Point X="156" Y="149" T="1085051" />
  <Point X="154" Y="147" T="1085062" />
  <Point X="151" Y="145" T="1085073" />
  <Point X="144" Y="145" T="1085085" />
  <Point X="137" Y="149" T="1085097" />
  <Point X="131" Y="157" T="1085109" />
  <Point X="125" Y="165" T="1085121" />
  <Point X="120" Y="176" T="1085134" />
  <Point X="118" Y="186" T="1085147" />
  <Point X="117" Y="189" T="1085148" />
  <Point X="118" Y="200" T="1085162" />
  <Point X="120" Y="211" T="1085176" />
  <Point X="125" Y="218" T="1085190" />
  <Point X="133" Y="225" T="1085204" />
  <Point X="142" Y="228" T="1085219" />
  <Point X="145" Y="229" T="1085220" />
  <Point X="158" Y="230" T="1085235" />
  <Point X="168" Y="228" T="1085250" />
  <Point X="172" Y="227" T="1085252" />
  <Point X="183" Y="223" T="1085268" />
  <Point X="193" Y="217" T="1085284" />
</Gesture>