﻿<?xml version="1.0" encoding="utf-8" standalone="yes"?>
<Gesture Name="pigtail05" Subject="1" Speed="fast" Number="5" NumPts="41" Millseconds="376" AppName="Gestures" AppVer="3.5.0.0" Date="Monday, March 05, 2007" TimeOfDay="5:00:21 PM">
  <Point X="76" Y="227" T="1083283" />
  <Point X="79" Y="227" T="1083291" />
  <Point X="83" Y="228" T="1083299" />
  <Point X="85" Y="228" T="1083305" />
  <Point X="91" Y="227" T="1083311" />
  <Point X="94" Y="227" T="1083318" />
  <Point X="100" Y="224" T="1083325" />
  <Point X="107" Y="221" T="1083332" />
  <Point X="115" Y="217" T="1083340" />
  <Point X="121" Y="212" T="1083347" />
  <Point X="125" Y="209" T="1083355" />
  <Point X="128" Y="208" T="1083356" />
  <Point X="133" Y="202" T="1083365" />
  <Point X="138" Y="196" T="1083373" />
  <Point X="142" Y="192" T="1083382" />
  <Point X="145" Y="185" T="1083391" />
  <Point X="147" Y="181" T="1083392" />
  <Point X="149" Y="174" T="1083402" />
  <Point X="151" Y="163" T="1083411" />
  <Point X="150" Y="157" T="1083421" />
  <Point X="150" Y="152" T="1083430" />
  <Point X="148" Y="149" T="1083440" />
  <Point X="146" Y="147" T="1083450" />
  <Point X="144" Y="146" T="1083452" />
  <Point X="141" Y="146" T="1083463" />
  <Point X="137" Y="148" T="1083474" />
  <Point X="134" Y="150" T="1083475" />
  <Point X="130" Y="154" T="1083488" />
  <Point X="124" Y="164" T="1083499" />
  <Point X="120" Y="175" T="1083512" />
  <Point X="118" Y="185" T="1083524" />
  <Point X="118" Y="197" T="1083536" />
  <Point X="121" Y="206" T="1083549" />
  <Point X="127" Y="216" T="1083563" />
  <Point X="133" Y="220" T="1083576" />
  <Point X="142" Y="224" T="1083590" />
  <Point X="155" Y="223" T="1083603" />
  <Point X="164" Y="221" T="1083617" />
  <Point X="174" Y="216" T="1083631" />
  <Point X="180" Y="210" T="1083645" />
  <Point X="185" Y="203" T="1083659" />
</Gesture>