﻿<?xml version="1.0" encoding="utf-8" standalone="yes"?>
<Gesture Name="pigtail01" Subject="1" Speed="fast" Number="1" NumPts="42" Millseconds="411" AppName="Gestures" AppVer="3.5.0.0" Date="Monday, March 05, 2007" TimeOfDay="5:00:18 PM">
  <Point X="65" Y="219" T="1080312" />
  <Point X="68" Y="220" T="1080344" />
  <Point X="70" Y="221" T="1080352" />
  <Point X="73" Y="220" T="1080359" />
  <Point X="75" Y="220" T="1080365" />
  <Point X="80" Y="220" T="1080372" />
  <Point X="84" Y="219" T="1080380" />
  <Point X="89" Y="217" T="1080387" />
  <Point X="91" Y="216" T="1080394" />
  <Point X="94" Y="215" T="1080396" />
  <Point X="99" Y="213" T="1080406" />
  <Point X="105" Y="211" T="1080414" />
  <Point X="108" Y="209" T="1080416" />
  <Point X="113" Y="207" T="1080426" />
  <Point X="116" Y="205" T="1080428" />
  <Point X="122" Y="201" T="1080438" />
  <Point X="130" Y="193" T="1080448" />
  <Point X="135" Y="190" T="1080458" />
  <Point X="141" Y="182" T="1080468" />
  <Point X="145" Y="177" T="1080478" />
  <Point X="147" Y="175" T="1080480" />
  <Point X="151" Y="167" T="1080492" />
  <Point X="152" Y="161" T="1080503" />
  <Point X="153" Y="159" T="1080504" />
  <Point X="152" Y="152" T="1080517" />
  <Point X="151" Y="148" T="1080529" />
  <Point X="146" Y="142" T="1080541" />
  <Point X="142" Y="141" T="1080553" />
  <Point X="134" Y="143" T="1080567" />
  <Point X="132" Y="145" T="1080568" />
  <Point X="123" Y="153" T="1080583" />
  <Point X="118" Y="163" T="1080596" />
  <Point X="115" Y="175" T="1080610" />
  <Point X="115" Y="179" T="1080612" />
  <Point X="115" Y="193" T="1080626" />
  <Point X="116" Y="198" T="1080628" />
  <Point X="119" Y="215" T="1080644" />
  <Point X="126" Y="226" T="1080660" />
  <Point X="135" Y="233" T="1080676" />
  <Point X="147" Y="234" T="1080692" />
  <Point X="160" Y="232" T="1080707" />
  <Point X="169" Y="228" T="1080723" />
</Gesture>