﻿<?xml version="1.0" encoding="utf-8" standalone="yes"?>
<Gesture Name="question_mark04" Subject="1" Speed="fast" Number="4" NumPts="49" Millseconds="491" AppName="Gestures" AppVer="3.5.0.0" Date="Monday, March 05, 2007" TimeOfDay="4:55:03 PM">
  <Point X="108" Y="151" T="764616" />
  <Point X="107" Y="149" T="764638" />
  <Point X="107" Y="147" T="764646" />
  <Point X="108" Y="144" T="764654" />
  <Point X="108" Y="141" T="764662" />
  <Point X="110" Y="138" T="764670" />
  <Point X="113" Y="135" T="764683" />
  <Point X="114" Y="133" T="764691" />
  <Point X="116" Y="131" T="764699" />
  <Point X="118" Y="129" T="764707" />
  <Point X="121" Y="128" T="764715" />
  <Point X="123" Y="126" T="764723" />
  <Point X="126" Y="125" T="764731" />
  <Point X="129" Y="125" T="764740" />
  <Point X="131" Y="125" T="764748" />
  <Point X="133" Y="125" T="764756" />
  <Point X="136" Y="125" T="764764" />
  <Point X="139" Y="126" T="764773" />
  <Point X="141" Y="127" T="764782" />
  <Point X="143" Y="129" T="764791" />
  <Point X="144" Y="132" T="764792" />
  <Point X="145" Y="137" T="764803" />
  <Point X="145" Y="139" T="764813" />
  <Point X="145" Y="142" T="764822" />
  <Point X="145" Y="145" T="764823" />
  <Point X="145" Y="148" T="764835" />
  <Point X="145" Y="151" T="764845" />
  <Point X="142" Y="156" T="764855" />
  <Point X="141" Y="159" T="764866" />
  <Point X="139" Y="162" T="764877" />
  <Point X="134" Y="167" T="764888" />
  <Point X="131" Y="170" T="764899" />
  <Point X="125" Y="174" T="764911" />
  <Point X="122" Y="174" T="764923" />
  <Point X="120" Y="175" T="764935" />
  <Point X="118" Y="175" T="764936" />
  <Point X="115" Y="176" T="764952" />
  <Point X="113" Y="177" T="764965" />
  <Point X="111" Y="179" T="764978" />
  <Point X="111" Y="181" T="764991" />
  <Point X="111" Y="185" T="765004" />
  <Point X="112" Y="188" T="765018" />
  <Point X="112" Y="191" T="765019" />
  <Point X="113" Y="198" T="765036" />
  <Point X="114" Y="207" T="765050" />
  <Point X="114" Y="209" T="765052" />
  <Point X="114" Y="214" T="765068" />
  <Point X="115" Y="221" T="765083" />
  <Point X="116" Y="224" T="765107" />
</Gesture>