﻿<?xml version="1.0" encoding="utf-8" standalone="yes"?>
<Gesture Name="question_mark05" Subject="1" Speed="fast" Number="5" NumPts="50" Millseconds="525" AppName="Gestures" AppVer="3.5.0.0" Date="Monday, March 05, 2007" TimeOfDay="4:55:04 PM">
  <Point X="106" Y="160" T="765439" />
  <Point X="106" Y="158" T="765451" />
  <Point X="104" Y="155" T="765468" />
  <Point X="104" Y="152" T="765477" />
  <Point X="105" Y="149" T="765489" />
  <Point X="105" Y="146" T="765497" />
  <Point X="106" Y="143" T="765505" />
  <Point X="108" Y="141" T="765513" />
  <Point X="110" Y="138" T="765525" />
  <Point X="112" Y="136" T="765533" />
  <Point X="115" Y="134" T="765542" />
  <Point X="117" Y="133" T="765549" />
  <Point X="120" Y="131" T="765557" />
  <Point X="123" Y="129" T="765566" />
  <Point X="126" Y="128" T="765574" />
  <Point X="129" Y="129" T="765583" />
  <Point X="133" Y="128" T="765592" />
  <Point X="136" Y="129" T="765601" />
  <Point X="139" Y="130" T="765610" />
  <Point X="142" Y="131" T="765620" />
  <Point X="144" Y="133" T="765629" />
  <Point X="146" Y="134" T="765630" />
  <Point X="148" Y="137" T="765642" />
  <Point X="149" Y="139" T="765652" />
  <Point X="150" Y="144" T="765662" />
  <Point X="150" Y="147" T="765672" />
  <Point X="149" Y="151" T="765682" />
  <Point X="147" Y="157" T="765692" />
  <Point X="145" Y="160" T="765703" />
  <Point X="141" Y="167" T="765714" />
  <Point X="137" Y="173" T="765726" />
  <Point X="134" Y="175" T="765737" />
  <Point X="131" Y="176" T="765748" />
  <Point X="129" Y="178" T="765749" />
  <Point X="126" Y="179" T="765762" />
  <Point X="121" Y="179" T="765774" />
  <Point X="119" Y="179" T="765787" />
  <Point X="116" Y="180" T="765799" />
  <Point X="114" Y="180" T="765812" />
  <Point X="112" Y="180" T="765825" />
  <Point X="111" Y="183" T="765848" />
  <Point X="112" Y="188" T="765863" />
  <Point X="113" Y="192" T="765877" />
  <Point X="113" Y="194" T="765892" />
  <Point X="114" Y="197" T="765893" />
  <Point X="115" Y="201" T="765912" />
  <Point X="116" Y="207" T="765929" />
  <Point X="116" Y="213" T="765947" />
  <Point X="116" Y="215" T="765949" />
  <Point X="117" Y="218" T="765964" />
</Gesture>