﻿<?xml version="1.0" encoding="utf-8" standalone="yes"?>
<Gesture Name="question_mark01" Subject="1" Speed="fast" Number="1" NumPts="46" Millseconds="457" AppName="Gestures" AppVer="3.5.0.0" Date="Monday, March 05, 2007" TimeOfDay="4:55:00 PM">
  <Point X="99" Y="141" T="762181" />
  <Point X="100" Y="139" T="762228" />
  <Point X="101" Y="137" T="762236" />
  <Point X="103" Y="134" T="762245" />
  <Point X="105" Y="132" T="762253" />
  <Point X="108" Y="129" T="762266" />
  <Point X="111" Y="128" T="762273" />
  <Point X="113" Y="126" T="762282" />
  <Point X="116" Y="124" T="762290" />
  <Point X="119" Y="122" T="762298" />
  <Point X="122" Y="121" T="762306" />
  <Point X="126" Y="120" T="762314" />
  <Point X="130" Y="122" T="762322" />
  <Point X="134" Y="122" T="762331" />
  <Point X="138" Y="124" T="762339" />
  <Point X="141" Y="127" T="762347" />
  <Point X="144" Y="131" T="762355" />
  <Point X="146" Y="133" T="762364" />
  <Point X="149" Y="138" T="762373" />
  <Point X="150" Y="140" T="762374" />
  <Point X="152" Y="144" T="762386" />
  <Point X="152" Y="150" T="762396" />
  <Point X="152" Y="152" T="762405" />
  <Point X="151" Y="156" T="762406" />
  <Point X="149" Y="161" T="762419" />
  <Point X="146" Y="164" T="762429" />
  <Point X="143" Y="166" T="762440" />
  <Point X="136" Y="169" T="762451" />
  <Point X="132" Y="169" T="762462" />
  <Point X="129" Y="169" T="762474" />
  <Point X="126" Y="169" T="762475" />
  <Point X="124" Y="168" T="762487" />
  <Point X="121" Y="167" T="762499" />
  <Point X="119" Y="167" T="762511" />
  <Point X="118" Y="170" T="762523" />
  <Point X="118" Y="173" T="762535" />
  <Point X="118" Y="178" T="762549" />
  <Point X="120" Y="186" T="762562" />
  <Point X="120" Y="188" T="762563" />
  <Point X="121" Y="195" T="762577" />
  <Point X="122" Y="197" T="762578" />
  <Point X="122" Y="201" T="762594" />
  <Point X="122" Y="204" T="762595" />
  <Point X="122" Y="208" T="762609" />
  <Point X="121" Y="210" T="762624" />
  <Point X="121" Y="212" T="762638" />
</Gesture>