﻿<?xml version="1.0" encoding="utf-8" standalone="yes"?>
<Gesture Name="question_mark06" Subject="1" Speed="fast" Number="6" NumPts="52" Millseconds="558" AppName="Gestures" AppVer="3.5.0.0" Date="Monday, March 05, 2007" TimeOfDay="4:55:05 PM">
  <Point X="106" Y="156" T="766333" />
  <Point X="104" Y="154" T="766349" />
  <Point X="103" Y="151" T="766358" />
  <Point X="102" Y="149" T="766365" />
  <Point X="102" Y="147" T="766372" />
  <Point X="102" Y="144" T="766380" />
  <Point X="102" Y="142" T="766388" />
  <Point X="103" Y="140" T="766395" />
  <Point X="104" Y="137" T="766401" />
  <Point X="105" Y="134" T="766409" />
  <Point X="106" Y="132" T="766416" />
  <Point X="109" Y="129" T="766429" />
  <Point X="111" Y="127" T="766437" />
  <Point X="113" Y="125" T="766445" />
  <Point X="116" Y="124" T="766454" />
  <Point X="119" Y="124" T="766463" />
  <Point X="122" Y="124" T="766472" />
  <Point X="125" Y="124" T="766482" />
  <Point X="127" Y="124" T="766491" />
  <Point X="130" Y="125" T="766500" />
  <Point X="133" Y="126" T="766509" />
  <Point X="136" Y="127" T="766510" />
  <Point X="138" Y="129" T="766519" />
  <Point X="142" Y="132" T="766529" />
  <Point X="144" Y="135" T="766539" />
  <Point X="146" Y="137" T="766549" />
  <Point X="147" Y="140" T="766559" />
  <Point X="148" Y="143" T="766570" />
  <Point X="148" Y="147" T="766581" />
  <Point X="147" Y="150" T="766591" />
  <Point X="145" Y="156" T="766603" />
  <Point X="143" Y="159" T="766614" />
  <Point X="139" Y="165" T="766625" />
  <Point X="136" Y="168" T="766637" />
  <Point X="130" Y="172" T="766651" />
  <Point X="127" Y="174" T="766664" />
  <Point X="125" Y="175" T="766666" />
  <Point X="122" Y="177" T="766680" />
  <Point X="116" Y="178" T="766693" />
  <Point X="110" Y="179" T="766707" />
  <Point X="108" Y="179" T="766721" />
  <Point X="105" Y="180" T="766736" />
  <Point X="103" Y="181" T="766750" />
  <Point X="103" Y="183" T="766765" />
  <Point X="104" Y="187" T="766780" />
  <Point X="105" Y="192" T="766795" />
  <Point X="108" Y="197" T="766810" />
  <Point X="109" Y="204" T="766826" />
  <Point X="110" Y="210" T="766843" />
  <Point X="110" Y="216" T="766859" />
  <Point X="110" Y="221" T="766875" />
  <Point X="110" Y="223" T="766891" />
</Gesture>