﻿<?xml version="1.0" encoding="utf-8" standalone="yes"?>
<Gesture Name="question_mark07" Subject="1" Speed="fast" Number="7" NumPts="49" Millseconds="507" AppName="Gestures" AppVer="3.5.0.0" Date="Monday, March 05, 2007" TimeOfDay="4:55:05 PM">
  <Point X="101" Y="158" T="767256" />
  <Point X="101" Y="156" T="767267" />
  <Point X="101" Y="153" T="767275" />
  <Point X="101" Y="150" T="767284" />
  <Point X="101" Y="148" T="767292" />
  <Point X="102" Y="145" T="767300" />
  <Point X="103" Y="142" T="767308" />
  <Point X="105" Y="140" T="767321" />
  <Point X="108" Y="137" T="767333" />
  <Point X="111" Y="134" T="767345" />
  <Point X="113" Y="133" T="767353" />
  <Point X="116" Y="132" T="767361" />
  <Point X="119" Y="130" T="767369" />
  <Point X="122" Y="129" T="767377" />
  <Point X="125" Y="128" T="767386" />
  <Point X="128" Y="128" T="767394" />
  <Point X="131" Y="130" T="767402" />
  <Point X="133" Y="130" T="767410" />
  <Point X="136" Y="131" T="767418" />
  <Point X="138" Y="133" T="767428" />
  <Point X="140" Y="135" T="767437" />
  <Point X="142" Y="137" T="767446" />
  <Point X="144" Y="139" T="767456" />
  <Point X="145" Y="142" T="767466" />
  <Point X="145" Y="145" T="767476" />
  <Point X="146" Y="151" T="767486" />
  <Point X="146" Y="153" T="767496" />
  <Point X="146" Y="155" T="767507" />
  <Point X="145" Y="159" T="767518" />
  <Point X="142" Y="163" T="767530" />
  <Point X="140" Y="166" T="767541" />
  <Point X="138" Y="166" T="767542" />
  <Point X="135" Y="167" T="767556" />
  <Point X="129" Y="170" T="767568" />
  <Point X="126" Y="170" T="767580" />
  <Point X="121" Y="170" T="767593" />
  <Point X="117" Y="172" T="767606" />
  <Point X="115" Y="173" T="767618" />
  <Point X="113" Y="173" T="767631" />
  <Point X="109" Y="178" T="767645" />
  <Point X="107" Y="181" T="767658" />
  <Point X="106" Y="184" T="767671" />
  <Point X="106" Y="187" T="767685" />
  <Point X="106" Y="190" T="767686" />
  <Point X="106" Y="198" T="767704" />
  <Point X="107" Y="205" T="767719" />
  <Point X="108" Y="216" T="767734" />
  <Point X="110" Y="220" T="767749" />
  <Point X="111" Y="223" T="767763" />
</Gesture>