﻿<?xml version="1.0" encoding="utf-8" standalone="yes"?>
<Gesture Name="question_mark03" Subject="1" Speed="fast" Number="3" NumPts="50" Millseconds="519" AppName="Gestures" AppVer="3.5.0.0" Date="Monday, March 05, 2007" TimeOfDay="4:55:02 PM">
  <Point X="113" Y="153" T="763777" />
  <Point X="113" Y="151" T="763793" />
  <Point X="112" Y="148" T="763805" />
  <Point X="113" Y="145" T="763813" />
  <Point X="114" Y="142" T="763821" />
  <Point X="115" Y="139" T="763830" />
  <Point X="117" Y="135" T="763838" />
  <Point X="119" Y="132" T="763846" />
  <Point X="121" Y="129" T="763854" />
  <Point X="123" Y="127" T="763862" />
  <Point X="126" Y="124" T="763874" />
  <Point X="129" Y="122" T="763882" />
  <Point X="132" Y="120" T="763891" />
  <Point X="134" Y="119" T="763898" />
  <Point X="137" Y="118" T="763907" />
  <Point X="140" Y="118" T="763916" />
  <Point X="143" Y="118" T="763924" />
  <Point X="146" Y="119" T="763932" />
  <Point X="149" Y="121" T="763941" />
  <Point X="151" Y="123" T="763950" />
  <Point X="153" Y="126" T="763959" />
  <Point X="154" Y="129" T="763968" />
  <Point X="155" Y="133" T="763978" />
  <Point X="156" Y="139" T="763987" />
  <Point X="155" Y="143" T="763997" />
  <Point X="154" Y="147" T="764008" />
  <Point X="152" Y="152" T="764018" />
  <Point X="152" Y="154" T="764019" />
  <Point X="149" Y="159" T="764032" />
  <Point X="146" Y="162" T="764043" />
  <Point X="145" Y="164" T="764044" />
  <Point X="142" Y="167" T="764057" />
  <Point X="136" Y="170" T="764069" />
  <Point X="133" Y="172" T="764080" />
  <Point X="127" Y="172" T="764092" />
  <Point X="125" Y="174" T="764105" />
  <Point X="121" Y="174" T="764117" />
  <Point X="119" Y="174" T="764130" />
  <Point X="116" Y="176" T="764147" />
  <Point X="116" Y="178" T="764167" />
  <Point X="118" Y="181" T="764183" />
  <Point X="119" Y="183" T="764197" />
  <Point X="121" Y="190" T="764210" />
  <Point X="122" Y="196" T="764224" />
  <Point X="122" Y="198" T="764238" />
  <Point X="122" Y="201" T="764239" />
  <Point X="122" Y="205" T="764254" />
  <Point X="122" Y="207" T="764256" />
  <Point X="123" Y="211" T="764272" />
  <Point X="123" Y="213" T="764296" />
</Gesture>