﻿<?xml version="1.0" encoding="utf-8" standalone="yes"?>
<Gesture Name="question_mark08" Subject="1" Speed="fast" Number="8" NumPts="50" Millseconds="513" AppName="Gestures" AppVer="3.5.0.0" Date="Monday, March 05, 2007" TimeOfDay="4:55:06 PM">
  <Point X="100" Y="163" T="768140" />
  <Point X="100" Y="161" T="768156" />
  <Point X="100" Y="158" T="768165" />
  <Point X="101" Y="155" T="768172" />
  <Point X="102" Y="153" T="768180" />
  <Point X="103" Y="149" T="768188" />
  <Point X="105" Y="145" T="768196" />
  <Point X="106" Y="143" T="768203" />
  <Point X="106" Y="141" T="768210" />
  <Point X="108" Y="138" T="768217" />
  <Point X="109" Y="135" T="768224" />
  <Point X="110" Y="133" T="768225" />
  <Point X="112" Y="130" T="768232" />
  <Point X="114" Y="128" T="768240" />
  <Point X="116" Y="126" T="768249" />
  <Point X="118" Y="125" T="768257" />
  <Point X="121" Y="124" T="768269" />
  <Point X="124" Y="124" T="768277" />
  <Point X="126" Y="124" T="768286" />
  <Point X="128" Y="124" T="768295" />
  <Point X="131" Y="125" T="768304" />
  <Point X="133" Y="127" T="768313" />
  <Point X="136" Y="129" T="768322" />
  <Point X="138" Y="134" T="768332" />
  <Point X="139" Y="136" T="768334" />
  <Point X="141" Y="139" T="768344" />
  <Point X="142" Y="147" T="768355" />
  <Point X="143" Y="152" T="768366" />
  <Point X="143" Y="156" T="768376" />
  <Point X="142" Y="162" T="768388" />
  <Point X="141" Y="165" T="768399" />
  <Point X="137" Y="170" T="768410" />
  <Point X="135" Y="174" T="768423" />
  <Point X="129" Y="179" T="768435" />
  <Point X="125" Y="182" T="768447" />
  <Point X="119" Y="184" T="768459" />
  <Point X="116" Y="184" T="768472" />
  <Point X="112" Y="184" T="768485" />
  <Point X="110" Y="184" T="768499" />
  <Point X="108" Y="184" T="768512" />
  <Point X="106" Y="185" T="768525" />
  <Point X="105" Y="188" T="768540" />
  <Point X="105" Y="193" T="768554" />
  <Point X="106" Y="199" T="768569" />
  <Point X="106" Y="202" T="768584" />
  <Point X="106" Y="206" T="768586" />
  <Point X="107" Y="212" T="768602" />
  <Point X="107" Y="220" T="768618" />
  <Point X="107" Y="226" T="768634" />
  <Point X="108" Y="228" T="768653" />
</Gesture>