﻿<?xml version="1.0" encoding="utf-8" standalone="yes"?>
<Gesture Name="question_mark02" Subject="1" Speed="fast" Number="2" NumPts="46" Millseconds="458" AppName="Gestures" AppVer="3.5.0.0" Date="Monday, March 05, 2007" TimeOfDay="4:55:01 PM">
  <Point X="111" Y="156" T="762957" />
  <Point X="111" Y="152" T="762973" />
  <Point X="111" Y="149" T="762982" />
  <Point X="112" Y="146" T="762994" />
  <Point X="113" Y="144" T="763002" />
  <Point X="115" Y="141" T="763011" />
  <Point X="117" Y="138" T="763019" />
  <Point X="119" Y="136" T="763027" />
  <Point X="122" Y="134" T="763035" />
  <Point X="124" Y="131" T="763043" />
  <Point X="127" Y="129" T="763051" />
  <Point X="129" Y="128" T="763059" />
  <Point X="132" Y="126" T="763067" />
  <Point X="135" Y="126" T="763075" />
  <Point X="138" Y="127" T="763084" />
  <Point X="141" Y="127" T="763092" />
  <Point X="144" Y="127" T="763100" />
  <Point X="146" Y="130" T="763108" />
  <Point X="149" Y="132" T="763117" />
  <Point X="151" Y="135" T="763126" />
  <Point X="154" Y="140" T="763135" />
  <Point X="155" Y="143" T="763144" />
  <Point X="155" Y="146" T="763154" />
  <Point X="153" Y="151" T="763164" />
  <Point X="152" Y="154" T="763174" />
  <Point X="150" Y="157" T="763185" />
  <Point X="144" Y="161" T="763196" />
  <Point X="140" Y="164" T="763206" />
  <Point X="137" Y="165" T="763217" />
  <Point X="131" Y="166" T="763229" />
  <Point X="128" Y="166" T="763240" />
  <Point X="123" Y="167" T="763252" />
  <Point X="121" Y="167" T="763263" />
  <Point X="121" Y="169" T="763299" />
  <Point X="122" Y="171" T="763311" />
  <Point X="124" Y="173" T="763324" />
  <Point X="126" Y="179" T="763337" />
  <Point X="128" Y="183" T="763350" />
  <Point X="128" Y="185" T="763351" />
  <Point X="129" Y="189" T="763366" />
  <Point X="129" Y="192" T="763367" />
  <Point X="130" Y="195" T="763383" />
  <Point X="130" Y="198" T="763384" />
  <Point X="130" Y="203" T="763400" />
  <Point X="131" Y="206" T="763414" />
  <Point X="131" Y="209" T="763415" />
</Gesture>