﻿<?xml version="1.0" encoding="utf-8" standalone="yes"?>
<Gesture Name="question_mark10" Subject="1" Speed="fast" Number="10" NumPts="55" Millseconds="632" AppName="Gestures" AppVer="3.5.0.0" Date="Monday, March 05, 2007" TimeOfDay="4:55:08 PM">
  <Point X="105" Y="169" T="769947" />
  <Point X="104" Y="167" T="769956" />
  <Point X="103" Y="164" T="769968" />
  <Point X="104" Y="161" T="769976" />
  <Point X="104" Y="158" T="769984" />
  <Point X="105" Y="156" T="769995" />
  <Point X="106" Y="153" T="770004" />
  <Point X="107" Y="151" T="770012" />
  <Point X="108" Y="148" T="770020" />
  <Point X="111" Y="146" T="770031" />
  <Point X="113" Y="143" T="770039" />
  <Point X="114" Y="141" T="770049" />
  <Point X="116" Y="140" T="770058" />
  <Point X="118" Y="138" T="770066" />
  <Point X="121" Y="135" T="770074" />
  <Point X="123" Y="134" T="770083" />
  <Point X="126" Y="133" T="770092" />
  <Point X="128" Y="133" T="770100" />
  <Point X="131" Y="131" T="770109" />
  <Point X="133" Y="131" T="770118" />
  <Point X="136" Y="131" T="770119" />
  <Point X="139" Y="132" T="770129" />
  <Point X="141" Y="133" T="770139" />
  <Point X="144" Y="135" T="770151" />
  <Point X="147" Y="140" T="770161" />
  <Point X="149" Y="143" T="770172" />
  <Point X="150" Y="145" T="770183" />
  <Point X="150" Y="149" T="770184" />
  <Point X="151" Y="153" T="770195" />
  <Point X="150" Y="158" T="770206" />
  <Point X="150" Y="161" T="770208" />
  <Point X="149" Y="168" T="770220" />
  <Point X="147" Y="175" T="770232" />
  <Point X="144" Y="179" T="770244" />
  <Point X="139" Y="183" T="770260" />
  <Point X="137" Y="186" T="770273" />
  <Point X="134" Y="186" T="770286" />
  <Point X="132" Y="185" T="770298" />
  <Point X="130" Y="185" T="770300" />
  <Point X="127" Y="183" T="770316" />
  <Point X="125" Y="182" T="770330" />
  <Point X="123" Y="182" T="770344" />
  <Point X="121" Y="185" T="770375" />
  <Point X="121" Y="188" T="770390" />
  <Point X="118" Y="198" T="770404" />
  <Point X="117" Y="205" T="770420" />
  <Point X="116" Y="213" T="770435" />
  <Point X="116" Y="218" T="770450" />
  <Point X="116" Y="223" T="770451" />
  <Point X="117" Y="230" T="770468" />
  <Point X="118" Y="237" T="770489" />
  <Point X="120" Y="243" T="770506" />
  <Point X="120" Y="245" T="770507" />
  <Point X="122" Y="247" T="770527" />
  <Point X="121" Y="245" T="770579" />
</Gesture>