﻿<?xml version="1.0" encoding="utf-8" standalone="yes"?>
<Gesture Name="question_mark09" Subject="1" Speed="fast" Number="9" NumPts="54" Millseconds="602" AppName="Gestures" AppVer="3.5.0.0" Date="Monday, March 05, 2007" TimeOfDay="4:55:07 PM">
  <Point X="103" Y="157" T="768990" />
  <Point X="103" Y="154" T="769003" />
  <Point X="103" Y="151" T="769010" />
  <Point X="103" Y="148" T="769019" />
  <Point X="103" Y="145" T="769027" />
  <Point X="104" Y="142" T="769035" />
  <Point X="106" Y="139" T="769043" />
  <Point X="107" Y="137" T="769050" />
  <Point X="108" Y="134" T="769057" />
  <Point X="110" Y="132" T="769064" />
  <Point X="112" Y="130" T="769072" />
  <Point X="115" Y="128" T="769083" />
  <Point X="117" Y="127" T="769092" />
  <Point X="119" Y="125" T="769100" />
  <Point X="122" Y="124" T="769109" />
  <Point X="124" Y="124" T="769118" />
  <Point X="127" Y="125" T="769127" />
  <Point X="130" Y="125" T="769136" />
  <Point X="133" Y="125" T="769145" />
  <Point X="137" Y="125" T="769154" />
  <Point X="140" Y="125" T="769163" />
  <Point X="143" Y="126" T="769164" />
  <Point X="145" Y="129" T="769174" />
  <Point X="148" Y="131" T="769186" />
  <Point X="149" Y="133" T="769196" />
  <Point X="151" Y="136" T="769207" />
  <Point X="152" Y="141" T="769217" />
  <Point X="153" Y="144" T="769227" />
  <Point X="153" Y="146" T="769238" />
  <Point X="152" Y="154" T="769249" />
  <Point X="150" Y="159" T="769261" />
  <Point X="147" Y="164" T="769272" />
  <Point X="145" Y="166" T="769284" />
  <Point X="143" Y="169" T="769285" />
  <Point X="140" Y="171" T="769299" />
  <Point X="134" Y="175" T="769312" />
  <Point X="129" Y="177" T="769325" />
  <Point X="126" Y="178" T="769339" />
  <Point X="121" Y="175" T="769352" />
  <Point X="119" Y="174" T="769366" />
  <Point X="117" Y="174" T="769379" />
  <Point X="115" Y="174" T="769381" />
  <Point X="113" Y="175" T="769400" />
  <Point X="112" Y="177" T="769414" />
  <Point X="112" Y="181" T="769430" />
  <Point X="112" Y="188" T="769445" />
  <Point X="113" Y="196" T="769461" />
  <Point X="114" Y="205" T="769478" />
  <Point X="114" Y="212" T="769493" />
  <Point X="116" Y="223" T="769510" />
  <Point X="116" Y="231" T="769526" />
  <Point X="117" Y="237" T="769543" />
  <Point X="117" Y="239" T="769559" />
  <Point X="116" Y="237" T="769592" />
</Gesture>