﻿<?xml version="1.0" encoding="utf-8" standalone="yes"?>
<Gesture Name="rectangle09" Subject="1" Speed="fast" Number="9" NumPts="70" Millseconds="895" AppName="Gestures" AppVer="3.5.0.0" Date="Monday, March 05, 2007" TimeOfDay="4:57:49 PM">
  <Point X="89" Y="148" T="931187" />
  <Point X="88" Y="151" T="931224" />
  <Point X="88" Y="154" T="931232" />
  <Point X="89" Y="156" T="931238" />
  <Point X="89" Y="159" T="931243" />
  <Point X="89" Y="162" T="931245" />
  <Point X="89" Y="165" T="931252" />
  <Point X="89" Y="168" T="931253" />
  <Point X="90" Y="171" T="931260" />
  <Point X="90" Y="175" T="931261" />
  <Point X="91" Y="182" T="931270" />
  <Point X="91" Y="189" T="931277" />
  <Point X="92" Y="196" T="931285" />
  <Point X="92" Y="203" T="931293" />
  <Point X="93" Y="210" T="931301" />
  <Point X="94" Y="215" T="931309" />
  <Point X="94" Y="221" T="931318" />
  <Point X="95" Y="224" T="931326" />
  <Point X="96" Y="229" T="931335" />
  <Point X="97" Y="232" T="931337" />
  <Point X="97" Y="234" T="931348" />
  <Point X="98" Y="238" T="931349" />
  <Point X="99" Y="241" T="931360" />
  <Point X="101" Y="242" T="931372" />
  <Point X="103" Y="242" T="931393" />
  <Point X="103" Y="240" T="931405" />
  <Point X="103" Y="238" T="931421" />
  <Point X="105" Y="235" T="931445" />
  <Point X="107" Y="233" T="931466" />
  <Point X="109" Y="232" T="931478" />
  <Point X="112" Y="232" T="931490" />
  <Point X="115" Y="233" T="931491" />
  <Point X="120" Y="233" T="931506" />
  <Point X="123" Y="233" T="931507" />
  <Point X="130" Y="232" T="931520" />
  <Point X="142" Y="233" T="931534" />
  <Point X="151" Y="234" T="931548" />
  <Point X="164" Y="234" T="931563" />
  <Point X="172" Y="234" T="931577" />
  <Point X="175" Y="233" T="931579" />
  <Point X="184" Y="232" T="931597" />
  <Point X="186" Y="232" T="931598" />
  <Point X="192" Y="232" T="931614" />
  <Point X="197" Y="232" T="931629" />
  <Point X="200" Y="232" T="931643" />
  <Point X="202" Y="233" T="931657" />
  <Point X="201" Y="230" T="931690" />
  <Point X="200" Y="226" T="931705" />
  <Point X="196" Y="214" T="931721" />
  <Point X="193" Y="202" T="931736" />
  <Point X="190" Y="188" T="931752" />
  <Point X="188" Y="172" T="931768" />
  <Point X="187" Y="157" T="931785" />
  <Point X="185" Y="143" T="931801" />
  <Point X="185" Y="140" T="931802" />
  <Point X="184" Y="130" T="931821" />
  <Point X="184" Y="127" T="931823" />
  <Point X="183" Y="120" T="931842" />
  <Point X="182" Y="114" T="931859" />
  <Point X="181" Y="112" T="931886" />
  <Point X="179" Y="112" T="931910" />
  <Point X="177" Y="114" T="931928" />
  <Point X="171" Y="117" T="931946" />
  <Point X="163" Y="120" T="931965" />
  <Point X="152" Y="124" T="931984" />
  <Point X="140" Y="124" T="932003" />
  <Point X="124" Y="125" T="932023" />
  <Point X="107" Y="127" T="932043" />
  <Point X="94" Y="130" T="932063" />
  <Point X="86" Y="133" T="932082" />
</Gesture>