﻿<?xml version="1.0" encoding="utf-8" standalone="yes"?>
<Gesture Name="rectangle03" Subject="1" Speed="fast" Number="3" NumPts="67" Millseconds="899" AppName="Gestures" AppVer="3.5.0.0" Date="Monday, March 05, 2007" TimeOfDay="4:57:42 PM">
  <Point X="71" Y="174" T="923514" />
  <Point X="71" Y="171" T="923527" />
  <Point X="71" Y="174" T="923570" />
  <Point X="71" Y="176" T="923576" />
  <Point X="71" Y="180" T="923583" />
  <Point X="71" Y="183" T="923589" />
  <Point X="71" Y="185" T="923590" />
  <Point X="71" Y="188" T="923597" />
  <Point X="70" Y="195" T="923604" />
  <Point X="70" Y="201" T="923612" />
  <Point X="70" Y="208" T="923619" />
  <Point X="69" Y="215" T="923627" />
  <Point X="70" Y="221" T="923635" />
  <Point X="70" Y="226" T="923643" />
  <Point X="71" Y="232" T="923652" />
  <Point X="71" Y="236" T="923661" />
  <Point X="72" Y="239" T="923670" />
  <Point X="72" Y="241" T="923679" />
  <Point X="73" Y="244" T="923688" />
  <Point X="74" Y="246" T="923698" />
  <Point X="75" Y="248" T="923715" />
  <Point X="76" Y="246" T="923746" />
  <Point X="79" Y="247" T="923783" />
  <Point X="81" Y="247" T="923794" />
  <Point X="83" Y="247" T="923805" />
  <Point X="86" Y="247" T="923816" />
  <Point X="93" Y="248" T="923829" />
  <Point X="100" Y="250" T="923841" />
  <Point X="103" Y="250" T="923843" />
  <Point X="111" Y="250" T="923857" />
  <Point X="114" Y="250" T="923858" />
  <Point X="124" Y="251" T="923871" />
  <Point X="133" Y="251" T="923883" />
  <Point X="142" Y="250" T="923895" />
  <Point X="150" Y="251" T="923908" />
  <Point X="158" Y="249" T="923920" />
  <Point X="164" Y="249" T="923933" />
  <Point X="170" Y="250" T="923946" />
  <Point X="176" Y="248" T="923959" />
  <Point X="179" Y="249" T="923972" />
  <Point X="181" Y="248" T="923985" />
  <Point X="183" Y="248" T="923986" />
  <Point X="183" Y="246" T="924038" />
  <Point X="182" Y="243" T="924052" />
  <Point X="180" Y="236" T="924067" />
  <Point X="177" Y="226" T="924081" />
  <Point X="176" Y="223" T="924083" />
  <Point X="174" Y="208" T="924100" />
  <Point X="172" Y="189" T="924116" />
  <Point X="172" Y="175" T="924131" />
  <Point X="172" Y="164" T="924148" />
  <Point X="172" Y="156" T="924164" />
  <Point X="172" Y="151" T="924179" />
  <Point X="172" Y="149" T="924196" />
  <Point X="170" Y="147" T="924222" />
  <Point X="168" Y="148" T="924243" />
  <Point X="165" Y="150" T="924260" />
  <Point X="161" Y="151" T="924277" />
  <Point X="152" Y="151" T="924294" />
  <Point X="149" Y="150" T="924296" />
  <Point X="134" Y="149" T="924316" />
  <Point X="119" Y="150" T="924334" />
  <Point X="115" Y="150" T="924335" />
  <Point X="97" Y="155" T="924356" />
  <Point X="81" Y="157" T="924376" />
  <Point X="72" Y="159" T="924394" />
  <Point X="66" Y="158" T="924413" />
</Gesture>