﻿<?xml version="1.0" encoding="utf-8" standalone="yes"?>
<Gesture Name="rectangle02" Subject="1" Speed="fast" Number="2" NumPts="68" Millseconds="854" AppName="Gestures" AppVer="3.5.0.0" Date="Monday, March 05, 2007" TimeOfDay="4:57:41 PM">
  <Point X="71" Y="166" T="922304" />
  <Point X="70" Y="169" T="922331" />
  <Point X="70" Y="171" T="922339" />
  <Point X="70" Y="173" T="922345" />
  <Point X="71" Y="178" T="922352" />
  <Point X="71" Y="180" T="922359" />
  <Point X="71" Y="183" T="922360" />
  <Point X="72" Y="189" T="922368" />
  <Point X="72" Y="194" T="922375" />
  <Point X="73" Y="201" T="922383" />
  <Point X="73" Y="208" T="922392" />
  <Point X="74" Y="215" T="922400" />
  <Point X="74" Y="219" T="922409" />
  <Point X="74" Y="225" T="922419" />
  <Point X="74" Y="228" T="922420" />
  <Point X="74" Y="230" T="922429" />
  <Point X="74" Y="233" T="922438" />
  <Point X="74" Y="237" T="922440" />
  <Point X="74" Y="239" T="922450" />
  <Point X="76" Y="238" T="922504" />
  <Point X="78" Y="237" T="922524" />
  <Point X="80" Y="236" T="922536" />
  <Point X="83" Y="237" T="922548" />
  <Point X="86" Y="236" T="922557" />
  <Point X="89" Y="237" T="922567" />
  <Point X="91" Y="238" T="922569" />
  <Point X="99" Y="237" T="922583" />
  <Point X="108" Y="237" T="922594" />
  <Point X="118" Y="239" T="922605" />
  <Point X="125" Y="236" T="922616" />
  <Point X="129" Y="236" T="922617" />
  <Point X="139" Y="237" T="922630" />
  <Point X="149" Y="239" T="922642" />
  <Point X="158" Y="240" T="922654" />
  <Point X="166" Y="241" T="922667" />
  <Point X="174" Y="243" T="922679" />
  <Point X="177" Y="243" T="922680" />
  <Point X="183" Y="244" T="922695" />
  <Point X="185" Y="244" T="922696" />
  <Point X="189" Y="245" T="922712" />
  <Point X="192" Y="245" T="922713" />
  <Point X="194" Y="245" T="922728" />
  <Point X="196" Y="244" T="922742" />
  <Point X="194" Y="243" T="922773" />
  <Point X="192" Y="241" T="922787" />
  <Point X="186" Y="235" T="922802" />
  <Point X="182" Y="227" T="922817" />
  <Point X="181" Y="225" T="922818" />
  <Point X="176" Y="207" T="922836" />
  <Point X="172" Y="189" T="922851" />
  <Point X="170" Y="172" T="922867" />
  <Point X="170" Y="161" T="922883" />
  <Point X="169" Y="155" T="922899" />
  <Point X="169" Y="152" T="922915" />
  <Point X="168" Y="149" T="922931" />
  <Point X="166" Y="150" T="922974" />
  <Point X="164" Y="151" T="922990" />
  <Point X="162" Y="153" T="923007" />
  <Point X="156" Y="156" T="923024" />
  <Point X="150" Y="155" T="923041" />
  <Point X="138" Y="154" T="923059" />
  <Point X="127" Y="154" T="923077" />
  <Point X="124" Y="154" T="923078" />
  <Point X="114" Y="154" T="923098" />
  <Point X="111" Y="154" T="923099" />
  <Point X="96" Y="156" T="923119" />
  <Point X="85" Y="157" T="923139" />
  <Point X="79" Y="157" T="923158" />
</Gesture>