﻿<?xml version="1.0" encoding="utf-8" standalone="yes"?>
<Gesture Name="rectangle04" Subject="1" Speed="fast" Number="4" NumPts="63" Millseconds="915" AppName="Gestures" AppVer="3.5.0.0" Date="Monday, March 05, 2007" TimeOfDay="4:57:43 PM">
  <Point X="79" Y="162" T="924726" />
  <Point X="78" Y="165" T="924765" />
  <Point X="78" Y="167" T="924771" />
  <Point X="78" Y="171" T="924777" />
  <Point X="77" Y="173" T="924783" />
  <Point X="77" Y="179" T="924790" />
  <Point X="77" Y="185" T="924798" />
  <Point X="77" Y="191" T="924805" />
  <Point X="77" Y="195" T="924813" />
  <Point X="77" Y="198" T="924814" />
  <Point X="76" Y="206" T="924822" />
  <Point X="76" Y="213" T="924831" />
  <Point X="76" Y="218" T="924840" />
  <Point X="76" Y="224" T="924849" />
  <Point X="76" Y="226" T="924850" />
  <Point X="77" Y="232" T="924859" />
  <Point X="78" Y="239" T="924869" />
  <Point X="78" Y="243" T="924880" />
  <Point X="79" Y="248" T="924890" />
  <Point X="79" Y="250" T="924899" />
  <Point X="79" Y="252" T="924909" />
  <Point X="81" Y="253" T="924979" />
  <Point X="83" Y="251" T="924995" />
  <Point X="86" Y="251" T="925011" />
  <Point X="89" Y="251" T="925023" />
  <Point X="91" Y="251" T="925034" />
  <Point X="95" Y="252" T="925046" />
  <Point X="103" Y="252" T="925058" />
  <Point X="105" Y="252" T="925060" />
  <Point X="113" Y="252" T="925073" />
  <Point X="122" Y="252" T="925087" />
  <Point X="124" Y="252" T="925088" />
  <Point X="134" Y="252" T="925102" />
  <Point X="145" Y="251" T="925116" />
  <Point X="157" Y="251" T="925132" />
  <Point X="166" Y="252" T="925147" />
  <Point X="172" Y="253" T="925162" />
  <Point X="178" Y="253" T="925176" />
  <Point X="180" Y="254" T="925191" />
  <Point X="182" Y="254" T="925206" />
  <Point X="182" Y="252" T="925255" />
  <Point X="181" Y="249" T="925270" />
  <Point X="178" Y="244" T="925286" />
  <Point X="176" Y="233" T="925303" />
  <Point X="173" Y="219" T="925321" />
  <Point X="170" Y="201" T="925338" />
  <Point X="170" Y="196" T="925340" />
  <Point X="169" Y="171" T="925360" />
  <Point X="169" Y="159" T="925375" />
  <Point X="169" Y="153" T="925391" />
  <Point X="168" Y="151" T="925406" />
  <Point X="168" Y="149" T="925407" />
  <Point X="166" Y="151" T="925492" />
  <Point X="164" Y="151" T="925509" />
  <Point X="159" Y="151" T="925525" />
  <Point X="151" Y="150" T="925542" />
  <Point X="141" Y="148" T="925559" />
  <Point X="138" Y="148" T="925560" />
  <Point X="121" Y="152" T="925581" />
  <Point X="105" Y="156" T="925599" />
  <Point X="101" Y="158" T="925600" />
  <Point X="85" Y="164" T="925622" />
  <Point X="75" Y="165" T="925641" />
</Gesture>