﻿<?xml version="1.0" encoding="utf-8" standalone="yes"?>
<Gesture Name="rectangle07" Subject="1" Speed="fast" Number="7" NumPts="68" Millseconds="988" AppName="Gestures" AppVer="3.5.0.0" Date="Monday, March 05, 2007" TimeOfDay="4:57:47 PM">
  <Point X="81" Y="154" T="928702" />
  <Point X="80" Y="151" T="928719" />
  <Point X="78" Y="152" T="928739" />
  <Point X="76" Y="154" T="928747" />
  <Point X="76" Y="156" T="928753" />
  <Point X="75" Y="161" T="928760" />
  <Point X="75" Y="167" T="928768" />
  <Point X="74" Y="170" T="928775" />
  <Point X="74" Y="172" T="928776" />
  <Point X="74" Y="180" T="928784" />
  <Point X="74" Y="186" T="928792" />
  <Point X="73" Y="193" T="928801" />
  <Point X="73" Y="199" T="928810" />
  <Point X="73" Y="206" T="928819" />
  <Point X="73" Y="209" T="928820" />
  <Point X="72" Y="215" T="928830" />
  <Point X="72" Y="223" T="928840" />
  <Point X="71" Y="228" T="928850" />
  <Point X="71" Y="232" T="928859" />
  <Point X="71" Y="235" T="928870" />
  <Point X="71" Y="237" T="928880" />
  <Point X="73" Y="238" T="928972" />
  <Point X="76" Y="237" T="929000" />
  <Point X="78" Y="237" T="929013" />
  <Point X="80" Y="237" T="929023" />
  <Point X="82" Y="238" T="929034" />
  <Point X="88" Y="238" T="929046" />
  <Point X="94" Y="239" T="929058" />
  <Point X="102" Y="239" T="929070" />
  <Point X="111" Y="239" T="929082" />
  <Point X="122" Y="239" T="929095" />
  <Point X="133" Y="238" T="929108" />
  <Point X="137" Y="237" T="929110" />
  <Point X="153" Y="236" T="929126" />
  <Point X="164" Y="237" T="929139" />
  <Point X="174" Y="236" T="929152" />
  <Point X="182" Y="237" T="929165" />
  <Point X="185" Y="238" T="929166" />
  <Point X="195" Y="238" T="929183" />
  <Point X="201" Y="239" T="929197" />
  <Point X="207" Y="238" T="929210" />
  <Point X="209" Y="239" T="929224" />
  <Point X="207" Y="239" T="929284" />
  <Point X="204" Y="239" T="929298" />
  <Point X="201" Y="238" T="929312" />
  <Point X="199" Y="233" T="929327" />
  <Point X="194" Y="225" T="929342" />
  <Point X="190" Y="213" T="929358" />
  <Point X="188" Y="194" T="929373" />
  <Point X="187" Y="174" T="929389" />
  <Point X="187" Y="160" T="929406" />
  <Point X="187" Y="153" T="929422" />
  <Point X="187" Y="147" T="929438" />
  <Point X="187" Y="144" T="929454" />
  <Point X="187" Y="142" T="929470" />
  <Point X="185" Y="141" T="929500" />
  <Point X="183" Y="141" T="929517" />
  <Point X="178" Y="142" T="929534" />
  <Point X="169" Y="142" T="929551" />
  <Point X="156" Y="140" T="929569" />
  <Point X="144" Y="136" T="929587" />
  <Point X="141" Y="136" T="929588" />
  <Point X="122" Y="136" T="929609" />
  <Point X="105" Y="138" T="929629" />
  <Point X="93" Y="140" T="929648" />
  <Point X="90" Y="141" T="929649" />
  <Point X="81" Y="141" T="929670" />
  <Point X="79" Y="137" T="929690" />
</Gesture>