﻿<?xml version="1.0" encoding="utf-8" standalone="yes"?>
<Gesture Name="rectangle08" Subject="1" Speed="fast" Number="8" NumPts="73" Millseconds="934" AppName="Gestures" AppVer="3.5.0.0" Date="Monday, March 05, 2007" TimeOfDay="4:57:48 PM">
  <Point X="89" Y="138" T="929996" />
  <Point X="88" Y="140" T="930025" />
  <Point X="87" Y="142" T="930034" />
  <Point X="87" Y="144" T="930040" />
  <Point X="86" Y="148" T="930047" />
  <Point X="86" Y="150" T="930054" />
  <Point X="86" Y="153" T="930055" />
  <Point X="86" Y="156" T="930062" />
  <Point X="86" Y="158" T="930063" />
  <Point X="86" Y="164" T="930071" />
  <Point X="86" Y="167" T="930078" />
  <Point X="86" Y="169" T="930079" />
  <Point X="86" Y="175" T="930087" />
  <Point X="86" Y="180" T="930095" />
  <Point X="86" Y="186" T="930103" />
  <Point X="86" Y="192" T="930111" />
  <Point X="87" Y="198" T="930119" />
  <Point X="87" Y="203" T="930127" />
  <Point X="87" Y="209" T="930136" />
  <Point X="87" Y="214" T="930145" />
  <Point X="88" Y="219" T="930154" />
  <Point X="88" Y="221" T="930163" />
  <Point X="89" Y="225" T="930172" />
  <Point X="89" Y="227" T="930186" />
  <Point X="91" Y="229" T="930210" />
  <Point X="92" Y="227" T="930234" />
  <Point X="94" Y="224" T="930251" />
  <Point X="95" Y="222" T="930263" />
  <Point X="97" Y="221" T="930275" />
  <Point X="100" Y="220" T="930287" />
  <Point X="103" Y="219" T="930298" />
  <Point X="106" Y="219" T="930310" />
  <Point X="115" Y="217" T="930322" />
  <Point X="118" Y="217" T="930323" />
  <Point X="126" Y="218" T="930338" />
  <Point X="136" Y="218" T="930350" />
  <Point X="139" Y="218" T="930351" />
  <Point X="149" Y="221" T="930366" />
  <Point X="161" Y="222" T="930379" />
  <Point X="170" Y="224" T="930393" />
  <Point X="178" Y="225" T="930407" />
  <Point X="181" Y="225" T="930408" />
  <Point X="188" Y="226" T="930424" />
  <Point X="195" Y="225" T="930438" />
  <Point X="200" Y="224" T="930453" />
  <Point X="202" Y="225" T="930467" />
  <Point X="202" Y="223" T="930501" />
  <Point X="201" Y="221" T="930516" />
  <Point X="200" Y="219" T="930517" />
  <Point X="198" Y="209" T="930535" />
  <Point X="196" Y="194" T="930551" />
  <Point X="194" Y="179" T="930567" />
  <Point X="193" Y="167" T="930583" />
  <Point X="193" Y="156" T="930599" />
  <Point X="193" Y="146" T="930616" />
  <Point X="193" Y="144" T="930617" />
  <Point X="193" Y="135" T="930635" />
  <Point X="193" Y="130" T="930652" />
  <Point X="193" Y="127" T="930669" />
  <Point X="193" Y="124" T="930686" />
  <Point X="191" Y="124" T="930717" />
  <Point X="189" Y="124" T="930734" />
  <Point X="187" Y="125" T="930752" />
  <Point X="181" Y="124" T="930770" />
  <Point X="171" Y="125" T="930789" />
  <Point X="168" Y="126" T="930790" />
  <Point X="154" Y="128" T="930811" />
  <Point X="139" Y="129" T="930831" />
  <Point X="123" Y="131" T="930850" />
  <Point X="110" Y="130" T="930871" />
  <Point X="100" Y="128" T="930890" />
  <Point X="95" Y="127" T="930910" />
  <Point X="93" Y="128" T="930930" />
</Gesture>