﻿<?xml version="1.0" encoding="utf-8" standalone="yes"?>
<Gesture Name="rectangle05" Subject="1" Speed="fast" Number="5" NumPts="72" Millseconds="983" AppName="Gestures" AppVer="3.5.0.0" Date="Monday, March 05, 2007" TimeOfDay="4:57:44 PM">
  <Point X="83" Y="147" T="925970" />
  <Point X="81" Y="149" T="926001" />
  <Point X="81" Y="153" T="926009" />
  <Point X="81" Y="155" T="926014" />
  <Point X="81" Y="158" T="926020" />
  <Point X="81" Y="160" T="926021" />
  <Point X="81" Y="162" T="926029" />
  <Point X="81" Y="165" T="926030" />
  <Point X="81" Y="168" T="926037" />
  <Point X="81" Y="171" T="926038" />
  <Point X="81" Y="177" T="926046" />
  <Point X="80" Y="184" T="926053" />
  <Point X="80" Y="187" T="926060" />
  <Point X="80" Y="190" T="926062" />
  <Point X="80" Y="196" T="926070" />
  <Point X="80" Y="201" T="926078" />
  <Point X="81" Y="207" T="926087" />
  <Point X="80" Y="213" T="926095" />
  <Point X="80" Y="218" T="926104" />
  <Point X="80" Y="223" T="926112" />
  <Point X="80" Y="225" T="926114" />
  <Point X="80" Y="230" T="926124" />
  <Point X="80" Y="233" T="926133" />
  <Point X="81" Y="236" T="926143" />
  <Point X="81" Y="238" T="926153" />
  <Point X="81" Y="240" T="926163" />
  <Point X="83" Y="242" T="926205" />
  <Point X="85" Y="243" T="926278" />
  <Point X="87" Y="242" T="926294" />
  <Point X="89" Y="241" T="926306" />
  <Point X="92" Y="242" T="926317" />
  <Point X="95" Y="242" T="926329" />
  <Point X="104" Y="241" T="926341" />
  <Point X="106" Y="241" T="926342" />
  <Point X="114" Y="241" T="926357" />
  <Point X="122" Y="240" T="926370" />
  <Point X="125" Y="240" T="926371" />
  <Point X="138" Y="242" T="926388" />
  <Point X="147" Y="242" T="926402" />
  <Point X="150" Y="243" T="926403" />
  <Point X="164" Y="245" T="926423" />
  <Point X="171" Y="246" T="926437" />
  <Point X="178" Y="245" T="926452" />
  <Point X="181" Y="246" T="926466" />
  <Point X="186" Y="245" T="926480" />
  <Point X="188" Y="245" T="926494" />
  <Point X="190" Y="245" T="926513" />
  <Point X="190" Y="243" T="926536" />
  <Point X="188" Y="241" T="926552" />
  <Point X="186" Y="238" T="926569" />
  <Point X="184" Y="232" T="926584" />
  <Point X="184" Y="229" T="926586" />
  <Point X="182" Y="220" T="926604" />
  <Point X="181" Y="217" T="926605" />
  <Point X="180" Y="203" T="926624" />
  <Point X="179" Y="182" T="926641" />
  <Point X="179" Y="166" T="926661" />
  <Point X="179" Y="149" T="926679" />
  <Point X="178" Y="141" T="926696" />
  <Point X="178" Y="137" T="926714" />
  <Point X="178" Y="135" T="926731" />
  <Point X="176" Y="133" T="926749" />
  <Point X="174" Y="133" T="926773" />
  <Point X="172" Y="134" T="926795" />
  <Point X="170" Y="135" T="926814" />
  <Point X="165" Y="134" T="926832" />
  <Point X="153" Y="131" T="926852" />
  <Point X="140" Y="129" T="926872" />
  <Point X="124" Y="129" T="926892" />
  <Point X="107" Y="130" T="926912" />
  <Point X="95" Y="131" T="926932" />
  <Point X="89" Y="132" T="926953" />
</Gesture>