﻿<?xml version="1.0" encoding="utf-8" standalone="yes"?>
<Gesture Name="rectangle10" Subject="1" Speed="fast" Number="10" NumPts="70" Millseconds="905" AppName="Gestures" AppVer="3.5.0.0" Date="Monday, March 05, 2007" TimeOfDay="4:57:51 PM">
  <Point X="93" Y="143" T="932374" />
  <Point X="92" Y="145" T="932390" />
  <Point X="92" Y="147" T="932399" />
  <Point X="92" Y="151" T="932406" />
  <Point X="91" Y="154" T="932413" />
  <Point X="91" Y="160" T="932420" />
  <Point X="91" Y="167" T="932427" />
  <Point X="91" Y="174" T="932435" />
  <Point X="91" Y="181" T="932443" />
  <Point X="91" Y="189" T="932451" />
  <Point X="92" Y="195" T="932459" />
  <Point X="92" Y="202" T="932468" />
  <Point X="92" Y="209" T="932477" />
  <Point X="92" Y="214" T="932486" />
  <Point X="92" Y="217" T="932487" />
  <Point X="92" Y="220" T="932496" />
  <Point X="93" Y="227" T="932506" />
  <Point X="93" Y="230" T="932507" />
  <Point X="94" Y="232" T="932516" />
  <Point X="94" Y="235" T="932526" />
  <Point X="95" Y="238" T="932527" />
  <Point X="96" Y="240" T="932541" />
  <Point X="98" Y="241" T="932607" />
  <Point X="100" Y="241" T="932630" />
  <Point X="103" Y="241" T="932643" />
  <Point X="105" Y="240" T="932654" />
  <Point X="108" Y="240" T="932665" />
  <Point X="116" Y="240" T="932676" />
  <Point X="124" Y="239" T="932688" />
  <Point X="132" Y="239" T="932700" />
  <Point X="141" Y="240" T="932712" />
  <Point X="151" Y="239" T="932724" />
  <Point X="160" Y="239" T="932737" />
  <Point X="169" Y="239" T="932750" />
  <Point X="171" Y="240" T="932752" />
  <Point X="179" Y="241" T="932766" />
  <Point X="186" Y="240" T="932779" />
  <Point X="188" Y="241" T="932780" />
  <Point X="195" Y="240" T="932794" />
  <Point X="201" Y="240" T="932808" />
  <Point X="204" Y="241" T="932821" />
  <Point X="206" Y="240" T="932834" />
  <Point X="208" Y="239" T="932849" />
  <Point X="208" Y="237" T="932865" />
  <Point X="207" Y="234" T="932879" />
  <Point X="206" Y="232" T="932893" />
  <Point X="203" Y="225" T="932908" />
  <Point X="198" Y="213" T="932923" />
  <Point X="196" Y="205" T="932939" />
  <Point X="195" Y="201" T="932940" />
  <Point X="193" Y="183" T="932958" />
  <Point X="192" Y="165" T="932974" />
  <Point X="192" Y="161" T="932975" />
  <Point X="191" Y="150" T="932994" />
  <Point X="191" Y="147" T="932995" />
  <Point X="190" Y="139" T="933014" />
  <Point X="189" Y="131" T="933032" />
  <Point X="189" Y="129" T="933048" />
  <Point X="188" Y="127" T="933065" />
  <Point X="185" Y="127" T="933106" />
  <Point X="183" Y="128" T="933123" />
  <Point X="179" Y="128" T="933141" />
  <Point X="171" Y="127" T="933159" />
  <Point X="158" Y="124" T="933178" />
  <Point X="145" Y="125" T="933197" />
  <Point X="141" Y="126" T="933198" />
  <Point X="123" Y="130" T="933220" />
  <Point X="107" Y="133" T="933239" />
  <Point X="95" Y="134" T="933259" />
  <Point X="91" Y="134" T="933279" />
</Gesture>