﻿<?xml version="1.0" encoding="utf-8" standalone="yes"?>
<Gesture Name="rectangle06" Subject="1" Speed="fast" Number="6" NumPts="69" Millseconds="1114" AppName="Gestures" AppVer="3.5.0.0" Date="Monday, March 05, 2007" TimeOfDay="4:57:46 PM">
  <Point X="78" Y="140" T="927252" />
  <Point X="77" Y="143" T="927294" />
  <Point X="76" Y="146" T="927300" />
  <Point X="76" Y="149" T="927306" />
  <Point X="76" Y="154" T="927313" />
  <Point X="76" Y="159" T="927320" />
  <Point X="76" Y="162" T="927328" />
  <Point X="76" Y="165" T="927329" />
  <Point X="76" Y="171" T="927336" />
  <Point X="75" Y="178" T="927345" />
  <Point X="75" Y="185" T="927353" />
  <Point X="75" Y="191" T="927362" />
  <Point X="75" Y="197" T="927371" />
  <Point X="74" Y="203" T="927380" />
  <Point X="75" Y="206" T="927381" />
  <Point X="75" Y="210" T="927390" />
  <Point X="75" Y="214" T="927399" />
  <Point X="76" Y="217" T="927410" />
  <Point X="77" Y="221" T="927421" />
  <Point X="78" Y="223" T="927436" />
  <Point X="80" Y="225" T="927483" />
  <Point X="80" Y="228" T="927580" />
  <Point X="83" Y="228" T="927624" />
  <Point X="85" Y="227" T="927637" />
  <Point X="87" Y="227" T="927648" />
  <Point X="89" Y="227" T="927659" />
  <Point X="96" Y="225" T="927672" />
  <Point X="102" Y="223" T="927684" />
  <Point X="110" Y="222" T="927696" />
  <Point X="113" Y="221" T="927698" />
  <Point X="122" Y="219" T="927711" />
  <Point X="132" Y="217" T="927722" />
  <Point X="142" Y="215" T="927734" />
  <Point X="154" Y="215" T="927749" />
  <Point X="162" Y="215" T="927762" />
  <Point X="170" Y="215" T="927774" />
  <Point X="176" Y="213" T="927786" />
  <Point X="182" Y="214" T="927799" />
  <Point X="185" Y="213" T="927812" />
  <Point X="187" Y="213" T="927825" />
  <Point X="189" Y="212" T="927826" />
  <Point X="187" Y="212" T="927911" />
  <Point X="185" Y="210" T="927934" />
  <Point X="183" Y="206" T="927955" />
  <Point X="182" Y="204" T="927969" />
  <Point X="180" Y="194" T="927984" />
  <Point X="180" Y="184" T="927998" />
  <Point X="179" Y="180" T="927999" />
  <Point X="178" Y="165" T="928017" />
  <Point X="178" Y="148" T="928033" />
  <Point X="177" Y="137" T="928048" />
  <Point X="177" Y="132" T="928064" />
  <Point X="176" Y="128" T="928080" />
  <Point X="174" Y="125" T="928103" />
  <Point X="173" Y="123" T="928131" />
  <Point X="171" Y="123" T="928170" />
  <Point X="169" Y="123" T="928186" />
  <Point X="166" Y="123" T="928203" />
  <Point X="161" Y="123" T="928220" />
  <Point X="152" Y="122" T="928238" />
  <Point X="149" Y="123" T="928239" />
  <Point X="138" Y="122" T="928258" />
  <Point X="135" Y="122" T="928259" />
  <Point X="115" Y="125" T="928286" />
  <Point X="112" Y="125" T="928287" />
  <Point X="97" Y="128" T="928308" />
  <Point X="88" Y="129" T="928327" />
  <Point X="81" Y="130" T="928346" />
  <Point X="79" Y="127" T="928366" />
</Gesture>