﻿<?xml version="1.0" encoding="utf-8" standalone="yes"?>
<Gesture Name="right_curly_brace09" Subject="1" Speed="fast" Number="9" NumPts="64" Millseconds="772" AppName="Gestures" AppVer="3.5.0.0" Date="Monday, March 05, 2007" TimeOfDay="5:02:47 PM">
  <Point X="98" Y="142" T="1229207" />
  <Point X="100" Y="141" T="1229215" />
  <Point X="103" Y="139" T="1229224" />
  <Point X="106" Y="139" T="1229232" />
  <Point X="109" Y="138" T="1229240" />
  <Point X="111" Y="137" T="1229246" />
  <Point X="114" Y="137" T="1229252" />
  <Point X="116" Y="137" T="1229253" />
  <Point X="120" Y="137" T="1229260" />
  <Point X="122" Y="138" T="1229267" />
  <Point X="127" Y="139" T="1229274" />
  <Point X="131" Y="141" T="1229281" />
  <Point X="134" Y="142" T="1229288" />
  <Point X="137" Y="145" T="1229297" />
  <Point X="139" Y="147" T="1229306" />
  <Point X="140" Y="149" T="1229317" />
  <Point X="140" Y="152" T="1229329" />
  <Point X="139" Y="155" T="1229341" />
  <Point X="137" Y="157" T="1229350" />
  <Point X="135" Y="159" T="1229358" />
  <Point X="133" Y="160" T="1229367" />
  <Point X="130" Y="162" T="1229376" />
  <Point X="127" Y="163" T="1229386" />
  <Point X="124" Y="164" T="1229395" />
  <Point X="118" Y="168" T="1229405" />
  <Point X="115" Y="170" T="1229415" />
  <Point X="113" Y="172" T="1229425" />
  <Point X="111" Y="174" T="1229436" />
  <Point X="109" Y="176" T="1229446" />
  <Point X="107" Y="181" T="1229457" />
  <Point X="107" Y="183" T="1229468" />
  <Point X="108" Y="185" T="1229480" />
  <Point X="111" Y="189" T="1229492" />
  <Point X="113" Y="189" T="1229503" />
  <Point X="117" Y="191" T="1229515" />
  <Point X="120" Y="191" T="1229527" />
  <Point X="127" Y="189" T="1229540" />
  <Point X="132" Y="186" T="1229553" />
  <Point X="134" Y="184" T="1229566" />
  <Point X="132" Y="185" T="1229605" />
  <Point X="129" Y="186" T="1229618" />
  <Point X="123" Y="188" T="1229632" />
  <Point X="117" Y="191" T="1229646" />
  <Point X="115" Y="192" T="1229660" />
  <Point X="112" Y="194" T="1229674" />
  <Point X="110" Y="195" T="1229689" />
  <Point X="111" Y="197" T="1229710" />
  <Point X="114" Y="197" T="1229725" />
  <Point X="118" Y="198" T="1229740" />
  <Point X="124" Y="199" T="1229755" />
  <Point X="129" Y="203" T="1229770" />
  <Point X="132" Y="204" T="1229786" />
  <Point X="135" Y="207" T="1229787" />
  <Point X="140" Y="212" T="1229805" />
  <Point X="142" Y="217" T="1229821" />
  <Point X="141" Y="223" T="1229838" />
  <Point X="137" Y="232" T="1229855" />
  <Point X="132" Y="238" T="1229871" />
  <Point X="125" Y="245" T="1229889" />
  <Point X="114" Y="251" T="1229906" />
  <Point X="104" Y="255" T="1229925" />
  <Point X="96" Y="257" T="1229943" />
  <Point X="92" Y="257" T="1229961" />
  <Point X="90" Y="255" T="1229979" />
</Gesture>