﻿<?xml version="1.0" encoding="utf-8" standalone="yes"?>
<Gesture Name="right_sq_bracket08" Subject="1" Speed="fast" Number="8" NumPts="43" Millseconds="429" AppName="Gestures" AppVer="3.5.0.0" Date="Monday, March 05, 2007" TimeOfDay="4:55:51 PM">
  <Point X="111" Y="136" T="812886" />
  <Point X="113" Y="134" T="812901" />
  <Point X="115" Y="132" T="812909" />
  <Point X="118" Y="131" T="812918" />
  <Point X="121" Y="131" T="812924" />
  <Point X="125" Y="129" T="812931" />
  <Point X="130" Y="128" T="812939" />
  <Point X="135" Y="128" T="812947" />
  <Point X="140" Y="128" T="812955" />
  <Point X="144" Y="130" T="812963" />
  <Point X="146" Y="130" T="812971" />
  <Point X="149" Y="131" T="812980" />
  <Point X="152" Y="132" T="812988" />
  <Point X="154" Y="134" T="812997" />
  <Point X="156" Y="136" T="812999" />
  <Point X="157" Y="138" T="813009" />
  <Point X="158" Y="141" T="813011" />
  <Point X="159" Y="143" T="813021" />
  <Point X="159" Y="150" T="813031" />
  <Point X="159" Y="154" T="813041" />
  <Point X="159" Y="162" T="813051" />
  <Point X="159" Y="169" T="813061" />
  <Point X="159" Y="172" T="813063" />
  <Point X="159" Y="181" T="813074" />
  <Point X="159" Y="188" T="813086" />
  <Point X="159" Y="192" T="813087" />
  <Point X="160" Y="201" T="813100" />
  <Point X="161" Y="208" T="813113" />
  <Point X="162" Y="213" T="813127" />
  <Point X="163" Y="216" T="813139" />
  <Point X="164" Y="221" T="813153" />
  <Point X="164" Y="224" T="813166" />
  <Point X="164" Y="227" T="813179" />
  <Point X="163" Y="230" T="813192" />
  <Point X="160" Y="232" T="813204" />
  <Point X="152" Y="233" T="813219" />
  <Point X="140" Y="233" T="813234" />
  <Point X="130" Y="233" T="813250" />
  <Point X="127" Y="233" T="813251" />
  <Point X="116" Y="234" T="813267" />
  <Point X="107" Y="235" T="813283" />
  <Point X="102" Y="236" T="813299" />
  <Point X="100" Y="236" T="813315" />
</Gesture>