﻿<?xml version="1.0" encoding="utf-8" standalone="yes"?>
<Gesture Name="right_sq_bracket04" Subject="1" Speed="fast" Number="4" NumPts="45" Millseconds="441" AppName="Gestures" AppVer="3.5.0.0" Date="Monday, March 05, 2007" TimeOfDay="4:55:48 PM">
  <Point X="105" Y="131" T="809865" />
  <Point X="106" Y="129" T="809888" />
  <Point X="108" Y="129" T="809896" />
  <Point X="112" Y="128" T="809904" />
  <Point X="114" Y="128" T="809910" />
  <Point X="118" Y="127" T="809917" />
  <Point X="123" Y="126" T="809924" />
  <Point X="126" Y="125" T="809931" />
  <Point X="128" Y="125" T="809933" />
  <Point X="133" Y="124" T="809941" />
  <Point X="135" Y="124" T="809948" />
  <Point X="137" Y="124" T="809949" />
  <Point X="141" Y="125" T="809956" />
  <Point X="143" Y="124" T="809965" />
  <Point X="145" Y="126" T="809972" />
  <Point X="147" Y="127" T="809983" />
  <Point X="149" Y="130" T="809996" />
  <Point X="150" Y="132" T="810008" />
  <Point X="150" Y="135" T="810017" />
  <Point X="150" Y="137" T="810026" />
  <Point X="150" Y="141" T="810036" />
  <Point X="149" Y="144" T="810037" />
  <Point X="149" Y="149" T="810047" />
  <Point X="148" Y="152" T="810049" />
  <Point X="147" Y="158" T="810059" />
  <Point X="147" Y="160" T="810061" />
  <Point X="146" Y="169" T="810072" />
  <Point X="146" Y="176" T="810083" />
  <Point X="146" Y="184" T="810094" />
  <Point X="147" Y="192" T="810105" />
  <Point X="148" Y="200" T="810116" />
  <Point X="149" Y="203" T="810128" />
  <Point X="149" Y="207" T="810129" />
  <Point X="150" Y="210" T="810140" />
  <Point X="150" Y="217" T="810153" />
  <Point X="151" Y="219" T="810168" />
  <Point X="150" Y="221" T="810184" />
  <Point X="148" Y="222" T="810209" />
  <Point X="143" Y="221" T="810222" />
  <Point X="137" Y="220" T="810235" />
  <Point X="126" Y="216" T="810249" />
  <Point X="118" Y="216" T="810263" />
  <Point X="109" Y="217" T="810278" />
  <Point X="105" Y="218" T="810292" />
  <Point X="99" Y="219" T="810306" />
</Gesture>