﻿<?xml version="1.0" encoding="utf-8" standalone="yes"?>
<Gesture Name="right_sq_bracket09" Subject="1" Speed="fast" Number="9" NumPts="46" Millseconds="463" AppName="Gestures" AppVer="3.5.0.0" Date="Monday, March 05, 2007" TimeOfDay="4:55:52 PM">
  <Point X="110" Y="144" T="813608" />
  <Point X="111" Y="141" T="813637" />
  <Point X="113" Y="141" T="813644" />
  <Point X="116" Y="141" T="813652" />
  <Point X="120" Y="140" T="813661" />
  <Point X="122" Y="139" T="813667" />
  <Point X="127" Y="138" T="813673" />
  <Point X="129" Y="138" T="813680" />
  <Point X="135" Y="136" T="813687" />
  <Point X="139" Y="135" T="813694" />
  <Point X="141" Y="135" T="813701" />
  <Point X="145" Y="134" T="813708" />
  <Point X="147" Y="134" T="813716" />
  <Point X="150" Y="133" T="813725" />
  <Point X="152" Y="135" T="813742" />
  <Point X="153" Y="137" T="813750" />
  <Point X="154" Y="140" T="813758" />
  <Point X="155" Y="142" T="813766" />
  <Point X="155" Y="146" T="813775" />
  <Point X="155" Y="151" T="813784" />
  <Point X="155" Y="156" T="813794" />
  <Point X="155" Y="159" T="813795" />
  <Point X="155" Y="165" T="813805" />
  <Point X="155" Y="176" T="813815" />
  <Point X="155" Y="182" T="813825" />
  <Point X="156" Y="191" T="813836" />
  <Point X="157" Y="199" T="813846" />
  <Point X="158" Y="204" T="813857" />
  <Point X="158" Y="206" T="813859" />
  <Point X="159" Y="210" T="813871" />
  <Point X="161" Y="216" T="813883" />
  <Point X="162" Y="219" T="813895" />
  <Point X="163" Y="223" T="813908" />
  <Point X="163" Y="225" T="813921" />
  <Point X="164" Y="227" T="813934" />
  <Point X="163" Y="229" T="813947" />
  <Point X="160" Y="229" T="813961" />
  <Point X="154" Y="229" T="813975" />
  <Point X="147" Y="228" T="813989" />
  <Point X="137" Y="227" T="814005" />
  <Point X="127" Y="228" T="814021" />
  <Point X="118" Y="230" T="814038" />
  <Point X="116" Y="230" T="814039" />
  <Point X="110" Y="231" T="814053" />
  <Point X="108" Y="231" T="814054" />
  <Point X="103" Y="231" T="814071" />
</Gesture>