﻿<?xml version="1.0" encoding="utf-8" standalone="yes"?>
<Gesture Name="right_sq_bracket05" Subject="1" Speed="fast" Number="5" NumPts="42" Millseconds="469" AppName="Gestures" AppVer="3.5.0.0" Date="Monday, March 05, 2007" TimeOfDay="4:55:49 PM">
  <Point X="106" Y="131" T="810600" />
  <Point X="108" Y="130" T="810616" />
  <Point X="111" Y="130" T="810624" />
  <Point X="114" Y="129" T="810632" />
  <Point X="116" Y="129" T="810638" />
  <Point X="121" Y="129" T="810645" />
  <Point X="126" Y="129" T="810653" />
  <Point X="131" Y="129" T="810661" />
  <Point X="136" Y="130" T="810668" />
  <Point X="140" Y="128" T="810677" />
  <Point X="144" Y="129" T="810685" />
  <Point X="147" Y="129" T="810692" />
  <Point X="149" Y="130" T="810701" />
  <Point X="151" Y="131" T="810713" />
  <Point X="153" Y="132" T="810729" />
  <Point X="154" Y="134" T="810742" />
  <Point X="154" Y="136" T="810750" />
  <Point X="154" Y="140" T="810762" />
  <Point X="154" Y="143" T="810771" />
  <Point X="154" Y="146" T="810780" />
  <Point X="152" Y="153" T="810791" />
  <Point X="151" Y="162" T="810803" />
  <Point X="151" Y="169" T="810814" />
  <Point X="150" Y="177" T="810826" />
  <Point X="150" Y="186" T="810839" />
  <Point X="151" Y="193" T="810851" />
  <Point X="151" Y="201" T="810864" />
  <Point X="152" Y="208" T="810876" />
  <Point X="153" Y="212" T="810888" />
  <Point X="155" Y="219" T="810901" />
  <Point X="156" Y="225" T="810914" />
  <Point X="156" Y="228" T="810927" />
  <Point X="156" Y="230" T="810938" />
  <Point X="154" Y="233" T="810959" />
  <Point X="152" Y="233" T="810972" />
  <Point X="143" Y="234" T="810988" />
  <Point X="136" Y="233" T="811003" />
  <Point X="134" Y="232" T="811004" />
  <Point X="124" Y="229" T="811020" />
  <Point X="115" Y="229" T="811036" />
  <Point X="109" Y="229" T="811052" />
  <Point X="107" Y="229" T="811069" />
</Gesture>