﻿<?xml version="1.0" encoding="utf-8" standalone="yes"?>
<Gesture Name="right_curly_brace02" Subject="1" Speed="fast" Number="2" NumPts="59" Millseconds="673" AppName="Gestures" AppVer="3.5.0.0" Date="Monday, March 05, 2007" TimeOfDay="5:02:38 PM">
  <Point X="96" Y="142" T="1220852" />
  <Point X="98" Y="140" T="1220867" />
  <Point X="100" Y="140" T="1220875" />
  <Point X="103" Y="138" T="1220884" />
  <Point X="107" Y="137" T="1220891" />
  <Point X="111" Y="136" T="1220900" />
  <Point X="113" Y="136" T="1220906" />
  <Point X="118" Y="136" T="1220913" />
  <Point X="120" Y="136" T="1220920" />
  <Point X="123" Y="137" T="1220921" />
  <Point X="127" Y="138" T="1220930" />
  <Point X="132" Y="139" T="1220937" />
  <Point X="134" Y="140" T="1220944" />
  <Point X="137" Y="141" T="1220952" />
  <Point X="139" Y="143" T="1220959" />
  <Point X="141" Y="145" T="1220967" />
  <Point X="142" Y="147" T="1220976" />
  <Point X="141" Y="151" T="1220984" />
  <Point X="140" Y="154" T="1220993" />
  <Point X="138" Y="158" T="1221001" />
  <Point X="132" Y="164" T="1221011" />
  <Point X="128" Y="168" T="1221020" />
  <Point X="125" Y="172" T="1221029" />
  <Point X="122" Y="175" T="1221039" />
  <Point X="116" Y="182" T="1221049" />
  <Point X="114" Y="184" T="1221059" />
  <Point X="112" Y="187" T="1221069" />
  <Point X="111" Y="190" T="1221080" />
  <Point X="111" Y="192" T="1221092" />
  <Point X="112" Y="194" T="1221103" />
  <Point X="114" Y="197" T="1221114" />
  <Point X="121" Y="198" T="1221125" />
  <Point X="127" Y="198" T="1221137" />
  <Point X="134" Y="200" T="1221149" />
  <Point X="141" Y="199" T="1221162" />
  <Point X="148" Y="197" T="1221174" />
  <Point X="151" Y="197" T="1221186" />
  <Point X="155" Y="195" T="1221199" />
  <Point X="153" Y="194" T="1221224" />
  <Point X="150" Y="195" T="1221237" />
  <Point X="142" Y="197" T="1221251" />
  <Point X="132" Y="202" T="1221265" />
  <Point X="125" Y="206" T="1221279" />
  <Point X="119" Y="212" T="1221293" />
  <Point X="114" Y="216" T="1221307" />
  <Point X="113" Y="219" T="1221321" />
  <Point X="115" Y="220" T="1221341" />
  <Point X="120" Y="220" T="1221360" />
  <Point X="128" Y="221" T="1221375" />
  <Point X="137" Y="221" T="1221391" />
  <Point X="143" Y="223" T="1221407" />
  <Point X="149" Y="228" T="1221422" />
  <Point X="151" Y="236" T="1221438" />
  <Point X="148" Y="242" T="1221456" />
  <Point X="136" Y="253" T="1221473" />
  <Point X="124" Y="261" T="1221490" />
  <Point X="117" Y="265" T="1221507" />
  <Point X="111" Y="270" T="1221524" />
  <Point X="109" Y="271" T="1221525" />
</Gesture>