﻿<?xml version="1.0" encoding="utf-8" standalone="yes"?>
<Gesture Name="right_curly_brace05" Subject="1" Speed="fast" Number="5" NumPts="69" Millseconds="818" AppName="Gestures" AppVer="3.5.0.0" Date="Monday, March 05, 2007" TimeOfDay="5:02:42 PM">
  <Point X="105" Y="150" T="1224327" />
  <Point X="107" Y="151" T="1224350" />
  <Point X="110" Y="149" T="1224363" />
  <Point X="113" Y="148" T="1224371" />
  <Point X="116" Y="147" T="1224380" />
  <Point X="120" Y="146" T="1224387" />
  <Point X="122" Y="145" T="1224394" />
  <Point X="126" Y="145" T="1224402" />
  <Point X="130" Y="145" T="1224410" />
  <Point X="135" Y="146" T="1224418" />
  <Point X="139" Y="146" T="1224426" />
  <Point X="141" Y="147" T="1224428" />
  <Point X="144" Y="148" T="1224436" />
  <Point X="147" Y="149" T="1224444" />
  <Point X="150" Y="151" T="1224452" />
  <Point X="152" Y="153" T="1224460" />
  <Point X="153" Y="157" T="1224468" />
  <Point X="153" Y="161" T="1224476" />
  <Point X="152" Y="164" T="1224485" />
  <Point X="151" Y="168" T="1224494" />
  <Point X="147" Y="174" T="1224503" />
  <Point X="144" Y="177" T="1224512" />
  <Point X="141" Y="180" T="1224522" />
  <Point X="137" Y="183" T="1224531" />
  <Point X="134" Y="184" T="1224541" />
  <Point X="131" Y="186" T="1224551" />
  <Point X="128" Y="189" T="1224552" />
  <Point X="125" Y="191" T="1224564" />
  <Point X="122" Y="192" T="1224574" />
  <Point X="120" Y="194" T="1224576" />
  <Point X="117" Y="196" T="1224589" />
  <Point X="116" Y="198" T="1224600" />
  <Point X="115" Y="201" T="1224611" />
  <Point X="117" Y="206" T="1224623" />
  <Point X="118" Y="209" T="1224636" />
  <Point X="124" Y="209" T="1224649" />
  <Point X="128" Y="209" T="1224661" />
  <Point X="136" Y="206" T="1224674" />
  <Point X="138" Y="205" T="1224675" />
  <Point X="142" Y="204" T="1224691" />
  <Point X="145" Y="203" T="1224692" />
  <Point X="149" Y="201" T="1224707" />
  <Point X="152" Y="200" T="1224708" />
  <Point X="154" Y="199" T="1224724" />
  <Point X="156" Y="199" T="1224738" />
  <Point X="154" Y="198" T="1224755" />
  <Point X="151" Y="199" T="1224769" />
  <Point X="142" Y="201" T="1224784" />
  <Point X="134" Y="203" T="1224800" />
  <Point X="126" Y="208" T="1224816" />
  <Point X="120" Y="210" T="1224832" />
  <Point X="114" Y="214" T="1224847" />
  <Point X="110" Y="218" T="1224866" />
  <Point X="110" Y="220" T="1224883" />
  <Point X="112" Y="222" T="1224902" />
  <Point X="116" Y="224" T="1224919" />
  <Point X="123" Y="226" T="1224936" />
  <Point X="129" Y="228" T="1224953" />
  <Point X="135" Y="231" T="1224970" />
  <Point X="142" Y="238" T="1224988" />
  <Point X="145" Y="244" T="1225007" />
  <Point X="144" Y="252" T="1225025" />
  <Point X="138" Y="259" T="1225043" />
  <Point X="131" Y="264" T="1225062" />
  <Point X="120" Y="269" T="1225081" />
  <Point X="109" Y="271" T="1225100" />
  <Point X="103" Y="270" T="1225122" />
  <Point X="100" Y="270" T="1225123" />
  <Point X="98" Y="269" T="1225145" />
</Gesture>