﻿<?xml version="1.0" encoding="utf-8" standalone="yes"?>
<Gesture Name="right_sq_bracket03" Subject="1" Speed="fast" Number="3" NumPts="45" Millseconds="433" AppName="Gestures" AppVer="3.5.0.0" Date="Monday, March 05, 2007" TimeOfDay="4:55:47 PM">
  <Point X="104" Y="143" T="809089" />
  <Point X="107" Y="141" T="809101" />
  <Point X="109" Y="141" T="809110" />
  <Point X="111" Y="139" T="809117" />
  <Point X="114" Y="138" T="809126" />
  <Point X="118" Y="137" T="809133" />
  <Point X="120" Y="137" T="809139" />
  <Point X="124" Y="135" T="809146" />
  <Point X="126" Y="135" T="809152" />
  <Point X="128" Y="135" T="809158" />
  <Point X="132" Y="134" T="809165" />
  <Point X="135" Y="135" T="809172" />
  <Point X="137" Y="136" T="809180" />
  <Point X="140" Y="137" T="809189" />
  <Point X="141" Y="140" T="809201" />
  <Point X="141" Y="144" T="809210" />
  <Point X="140" Y="148" T="809218" />
  <Point X="140" Y="153" T="809227" />
  <Point X="140" Y="157" T="809235" />
  <Point X="140" Y="161" T="809244" />
  <Point X="140" Y="166" T="809253" />
  <Point X="140" Y="174" T="809263" />
  <Point X="141" Y="179" T="809272" />
  <Point X="141" Y="186" T="809282" />
  <Point X="140" Y="190" T="809292" />
  <Point X="140" Y="195" T="809302" />
  <Point X="140" Y="198" T="809313" />
  <Point X="140" Y="202" T="809314" />
  <Point X="140" Y="206" T="809325" />
  <Point X="141" Y="209" T="809336" />
  <Point X="142" Y="215" T="809347" />
  <Point X="142" Y="218" T="809358" />
  <Point X="143" Y="221" T="809371" />
  <Point X="142" Y="223" T="809390" />
  <Point X="140" Y="225" T="809403" />
  <Point X="138" Y="225" T="809415" />
  <Point X="131" Y="225" T="809427" />
  <Point X="127" Y="223" T="809440" />
  <Point X="121" Y="222" T="809453" />
  <Point X="110" Y="219" T="809466" />
  <Point X="104" Y="220" T="809480" />
  <Point X="101" Y="220" T="809493" />
  <Point X="97" Y="220" T="809494" />
  <Point X="94" Y="222" T="809508" />
  <Point X="92" Y="223" T="809522" />
</Gesture>