﻿<?xml version="1.0" encoding="utf-8" standalone="yes"?>
<Gesture Name="right_sq_bracket10" Subject="1" Speed="fast" Number="10" NumPts="50" Millseconds="468" AppName="Gestures" AppVer="3.5.0.0" Date="Monday, March 05, 2007" TimeOfDay="4:55:53 PM">
  <Point X="111" Y="131" T="814618" />
  <Point X="114" Y="129" T="814638" />
  <Point X="116" Y="128" T="814646" />
  <Point X="119" Y="127" T="814654" />
  <Point X="123" Y="127" T="814661" />
  <Point X="125" Y="126" T="814667" />
  <Point X="129" Y="124" T="814674" />
  <Point X="131" Y="124" T="814681" />
  <Point X="133" Y="124" T="814682" />
  <Point X="137" Y="124" T="814689" />
  <Point X="140" Y="124" T="814697" />
  <Point X="143" Y="124" T="814705" />
  <Point X="145" Y="125" T="814713" />
  <Point X="147" Y="126" T="814722" />
  <Point X="149" Y="129" T="814733" />
  <Point X="149" Y="131" T="814741" />
  <Point X="150" Y="135" T="814749" />
  <Point X="150" Y="137" T="814758" />
  <Point X="151" Y="142" T="814767" />
  <Point X="151" Y="147" T="814776" />
  <Point X="151" Y="149" T="814777" />
  <Point X="152" Y="154" T="814787" />
  <Point X="152" Y="158" T="814796" />
  <Point X="153" Y="161" T="814797" />
  <Point X="153" Y="169" T="814808" />
  <Point X="153" Y="173" T="814810" />
  <Point X="154" Y="178" T="814820" />
  <Point X="155" Y="181" T="814821" />
  <Point X="156" Y="190" T="814833" />
  <Point X="156" Y="192" T="814845" />
  <Point X="157" Y="196" T="814846" />
  <Point X="159" Y="201" T="814858" />
  <Point X="159" Y="204" T="814870" />
  <Point X="161" Y="209" T="814882" />
  <Point X="163" Y="211" T="814894" />
  <Point X="164" Y="214" T="814906" />
  <Point X="165" Y="216" T="814919" />
  <Point X="165" Y="221" T="814932" />
  <Point X="164" Y="223" T="814954" />
  <Point X="162" Y="225" T="814967" />
  <Point X="159" Y="226" T="814980" />
  <Point X="148" Y="228" T="814994" />
  <Point X="141" Y="226" T="815009" />
  <Point X="129" Y="226" T="815023" />
  <Point X="122" Y="226" T="815038" />
  <Point X="120" Y="226" T="815039" />
  <Point X="117" Y="226" T="815053" />
  <Point X="114" Y="225" T="815054" />
  <Point X="110" Y="227" T="815071" />
  <Point X="108" Y="228" T="815086" />
</Gesture>