﻿<?xml version="1.0" encoding="utf-8" standalone="yes"?>
<Gesture Name="right_curly_brace10" Subject="1" Speed="fast" Number="10" NumPts="64" Millseconds="779" AppName="Gestures" AppVer="3.5.0.0" Date="Monday, March 05, 2007" TimeOfDay="5:02:48 PM">
  <Point X="106" Y="148" T="1230345" />
  <Point X="108" Y="146" T="1230357" />
  <Point X="111" Y="144" T="1230365" />
  <Point X="113" Y="142" T="1230372" />
  <Point X="116" Y="142" T="1230380" />
  <Point X="120" Y="142" T="1230388" />
  <Point X="123" Y="142" T="1230396" />
  <Point X="127" Y="143" T="1230404" />
  <Point X="129" Y="144" T="1230412" />
  <Point X="131" Y="144" T="1230413" />
  <Point X="134" Y="146" T="1230421" />
  <Point X="138" Y="148" T="1230429" />
  <Point X="140" Y="150" T="1230437" />
  <Point X="142" Y="153" T="1230445" />
  <Point X="143" Y="155" T="1230458" />
  <Point X="142" Y="158" T="1230471" />
  <Point X="141" Y="161" T="1230480" />
  <Point X="138" Y="164" T="1230488" />
  <Point X="135" Y="166" T="1230497" />
  <Point X="132" Y="166" T="1230506" />
  <Point X="126" Y="171" T="1230516" />
  <Point X="124" Y="172" T="1230526" />
  <Point X="117" Y="176" T="1230537" />
  <Point X="113" Y="178" T="1230547" />
  <Point X="110" Y="180" T="1230558" />
  <Point X="105" Y="185" T="1230569" />
  <Point X="104" Y="188" T="1230580" />
  <Point X="103" Y="190" T="1230591" />
  <Point X="103" Y="192" T="1230593" />
  <Point X="104" Y="195" T="1230605" />
  <Point X="106" Y="197" T="1230617" />
  <Point X="112" Y="199" T="1230629" />
  <Point X="116" Y="199" T="1230643" />
  <Point X="124" Y="197" T="1230656" />
  <Point X="126" Y="197" T="1230657" />
  <Point X="130" Y="195" T="1230670" />
  <Point X="136" Y="193" T="1230687" />
  <Point X="138" Y="194" T="1230701" />
  <Point X="140" Y="192" T="1230719" />
  <Point X="138" Y="194" T="1230738" />
  <Point X="135" Y="195" T="1230752" />
  <Point X="131" Y="197" T="1230766" />
  <Point X="128" Y="199" T="1230781" />
  <Point X="123" Y="202" T="1230796" />
  <Point X="118" Y="205" T="1230811" />
  <Point X="116" Y="207" T="1230831" />
  <Point X="118" Y="207" T="1230864" />
  <Point X="120" Y="208" T="1230879" />
  <Point X="122" Y="207" T="1230881" />
  <Point X="128" Y="207" T="1230897" />
  <Point X="134" Y="208" T="1230913" />
  <Point X="140" Y="210" T="1230929" />
  <Point X="146" Y="213" T="1230946" />
  <Point X="149" Y="214" T="1230963" />
  <Point X="151" Y="217" T="1230980" />
  <Point X="152" Y="219" T="1230981" />
  <Point X="149" Y="224" T="1231001" />
  <Point X="140" Y="232" T="1231021" />
  <Point X="127" Y="243" T="1231043" />
  <Point X="124" Y="245" T="1231045" />
  <Point X="110" Y="256" T="1231065" />
  <Point X="98" Y="264" T="1231086" />
  <Point X="92" Y="267" T="1231105" />
  <Point X="90" Y="266" T="1231124" />
</Gesture>