﻿<?xml version="1.0" encoding="utf-8" standalone="yes"?>
<Gesture Name="right_sq_bracket06" Subject="1" Speed="fast" Number="6" NumPts="46" Millseconds="442" AppName="Gestures" AppVer="3.5.0.0" Date="Monday, March 05, 2007" TimeOfDay="4:55:49 PM">
  <Point X="108" Y="136" T="811382" />
  <Point X="111" Y="136" T="811409" />
  <Point X="113" Y="137" T="811418" />
  <Point X="115" Y="137" T="811423" />
  <Point X="118" Y="138" T="811429" />
  <Point X="120" Y="138" T="811430" />
  <Point X="122" Y="138" T="811438" />
  <Point X="125" Y="138" T="811439" />
  <Point X="127" Y="138" T="811446" />
  <Point X="130" Y="138" T="811447" />
  <Point X="133" Y="139" T="811454" />
  <Point X="135" Y="139" T="811455" />
  <Point X="140" Y="139" T="811463" />
  <Point X="145" Y="139" T="811471" />
  <Point X="148" Y="138" T="811480" />
  <Point X="150" Y="139" T="811490" />
  <Point X="151" Y="141" T="811502" />
  <Point X="152" Y="143" T="811513" />
  <Point X="152" Y="145" T="811522" />
  <Point X="152" Y="148" T="811532" />
  <Point X="152" Y="150" T="811542" />
  <Point X="152" Y="156" T="811552" />
  <Point X="152" Y="162" T="811562" />
  <Point X="152" Y="164" T="811572" />
  <Point X="152" Y="174" T="811583" />
  <Point X="152" Y="179" T="811593" />
  <Point X="152" Y="182" T="811594" />
  <Point X="152" Y="191" T="811607" />
  <Point X="152" Y="198" T="811618" />
  <Point X="152" Y="201" T="811619" />
  <Point X="153" Y="210" T="811630" />
  <Point X="154" Y="215" T="811642" />
  <Point X="156" Y="223" T="811654" />
  <Point X="157" Y="227" T="811667" />
  <Point X="157" Y="229" T="811679" />
  <Point X="157" Y="231" T="811691" />
  <Point X="156" Y="234" T="811710" />
  <Point X="154" Y="233" T="811723" />
  <Point X="146" Y="231" T="811736" />
  <Point X="135" Y="228" T="811750" />
  <Point X="126" Y="225" T="811764" />
  <Point X="117" Y="224" T="811778" />
  <Point X="115" Y="224" T="811779" />
  <Point X="109" Y="225" T="811794" />
  <Point X="104" Y="226" T="811809" />
  <Point X="101" Y="227" T="811824" />
</Gesture>