﻿<?xml version="1.0" encoding="utf-8" standalone="yes"?>
<Gesture Name="right_curly_brace06" Subject="1" Speed="fast" Number="6" NumPts="65" Millseconds="773" AppName="Gestures" AppVer="3.5.0.0" Date="Monday, March 05, 2007" TimeOfDay="5:02:43 PM">
  <Point X="106" Y="155" T="1225521" />
  <Point X="107" Y="152" T="1225545" />
  <Point X="108" Y="150" T="1225553" />
  <Point X="111" Y="150" T="1225562" />
  <Point X="114" Y="149" T="1225569" />
  <Point X="117" Y="148" T="1225576" />
  <Point X="120" Y="148" T="1225585" />
  <Point X="122" Y="147" T="1225592" />
  <Point X="124" Y="148" T="1225594" />
  <Point X="127" Y="148" T="1225602" />
  <Point X="131" Y="148" T="1225610" />
  <Point X="134" Y="148" T="1225618" />
  <Point X="137" Y="149" T="1225626" />
  <Point X="139" Y="150" T="1225634" />
  <Point X="142" Y="152" T="1225647" />
  <Point X="142" Y="155" T="1225656" />
  <Point X="142" Y="157" T="1225665" />
  <Point X="142" Y="160" T="1225674" />
  <Point X="140" Y="164" T="1225682" />
  <Point X="138" Y="169" T="1225691" />
  <Point X="136" Y="171" T="1225701" />
  <Point X="134" Y="174" T="1225710" />
  <Point X="131" Y="177" T="1225720" />
  <Point X="126" Y="181" T="1225730" />
  <Point X="124" Y="184" T="1225740" />
  <Point X="121" Y="186" T="1225750" />
  <Point X="120" Y="189" T="1225760" />
  <Point X="120" Y="191" T="1225771" />
  <Point X="120" Y="194" T="1225783" />
  <Point X="122" Y="196" T="1225794" />
  <Point X="124" Y="197" T="1225805" />
  <Point X="127" Y="197" T="1225816" />
  <Point X="131" Y="196" T="1225817" />
  <Point X="137" Y="196" T="1225831" />
  <Point X="143" Y="194" T="1225844" />
  <Point X="149" Y="193" T="1225856" />
  <Point X="155" Y="190" T="1225869" />
  <Point X="157" Y="190" T="1225882" />
  <Point X="154" Y="191" T="1225912" />
  <Point X="151" Y="192" T="1225925" />
  <Point X="144" Y="192" T="1225939" />
  <Point X="136" Y="193" T="1225953" />
  <Point X="130" Y="195" T="1225967" />
  <Point X="124" Y="197" T="1225981" />
  <Point X="118" Y="200" T="1225995" />
  <Point X="116" Y="202" T="1226010" />
  <Point X="117" Y="205" T="1226037" />
  <Point X="120" Y="205" T="1226051" />
  <Point X="125" Y="207" T="1226066" />
  <Point X="131" Y="209" T="1226082" />
  <Point X="134" Y="210" T="1226097" />
  <Point X="137" Y="212" T="1226098" />
  <Point X="144" Y="216" T="1226115" />
  <Point X="150" Y="221" T="1226131" />
  <Point X="155" Y="226" T="1226148" />
  <Point X="157" Y="230" T="1226164" />
  <Point X="158" Y="237" T="1226181" />
  <Point X="156" Y="244" T="1226198" />
  <Point X="151" Y="248" T="1226215" />
  <Point X="144" Y="252" T="1226232" />
  <Point X="141" Y="254" T="1226233" />
  <Point X="129" Y="258" T="1226254" />
  <Point X="119" Y="260" T="1226272" />
  <Point X="117" Y="261" T="1226273" />
  <Point X="109" Y="263" T="1226294" />
</Gesture>