﻿<?xml version="1.0" encoding="utf-8" standalone="yes"?>
<Gesture Name="right_curly_brace07" Subject="1" Speed="fast" Number="7" NumPts="63" Millseconds="756" AppName="Gestures" AppVer="3.5.0.0" Date="Monday, March 05, 2007" TimeOfDay="5:02:44 PM">
  <Point X="109" Y="150" T="1226749" />
  <Point X="111" Y="150" T="1226765" />
  <Point X="114" Y="149" T="1226777" />
  <Point X="116" Y="148" T="1226785" />
  <Point X="119" Y="147" T="1226793" />
  <Point X="122" Y="147" T="1226800" />
  <Point X="125" Y="146" T="1226808" />
  <Point X="128" Y="147" T="1226816" />
  <Point X="132" Y="147" T="1226824" />
  <Point X="135" Y="148" T="1226832" />
  <Point X="138" Y="150" T="1226840" />
  <Point X="141" Y="151" T="1226848" />
  <Point X="144" Y="154" T="1226857" />
  <Point X="146" Y="156" T="1226864" />
  <Point X="147" Y="160" T="1226881" />
  <Point X="147" Y="162" T="1226889" />
  <Point X="146" Y="165" T="1226897" />
  <Point X="144" Y="167" T="1226905" />
  <Point X="142" Y="171" T="1226915" />
  <Point X="139" Y="173" T="1226924" />
  <Point X="136" Y="175" T="1226935" />
  <Point X="130" Y="179" T="1226946" />
  <Point X="127" Y="181" T="1226957" />
  <Point X="123" Y="184" T="1226968" />
  <Point X="121" Y="186" T="1226970" />
  <Point X="118" Y="188" T="1226982" />
  <Point X="115" Y="192" T="1226996" />
  <Point X="114" Y="194" T="1227008" />
  <Point X="113" Y="196" T="1227010" />
  <Point X="114" Y="198" T="1227022" />
  <Point X="115" Y="200" T="1227034" />
  <Point X="117" Y="201" T="1227045" />
  <Point X="120" Y="203" T="1227046" />
  <Point X="123" Y="203" T="1227060" />
  <Point X="129" Y="202" T="1227072" />
  <Point X="135" Y="200" T="1227084" />
  <Point X="139" Y="199" T="1227097" />
  <Point X="141" Y="198" T="1227098" />
  <Point X="143" Y="196" T="1227113" />
  <Point X="140" Y="197" T="1227141" />
  <Point X="137" Y="198" T="1227154" />
  <Point X="131" Y="199" T="1227168" />
  <Point X="125" Y="202" T="1227182" />
  <Point X="122" Y="204" T="1227196" />
  <Point X="117" Y="208" T="1227210" />
  <Point X="115" Y="209" T="1227225" />
  <Point X="113" Y="210" T="1227240" />
  <Point X="114" Y="213" T="1227256" />
  <Point X="117" Y="213" T="1227271" />
  <Point X="122" Y="214" T="1227286" />
  <Point X="129" Y="216" T="1227302" />
  <Point X="135" Y="219" T="1227318" />
  <Point X="142" Y="222" T="1227333" />
  <Point X="147" Y="224" T="1227350" />
  <Point X="151" Y="228" T="1227366" />
  <Point X="152" Y="233" T="1227382" />
  <Point X="151" Y="239" T="1227399" />
  <Point X="147" Y="248" T="1227416" />
  <Point X="141" Y="256" T="1227434" />
  <Point X="134" Y="262" T="1227451" />
  <Point X="122" Y="266" T="1227470" />
  <Point X="116" Y="265" T="1227487" />
  <Point X="111" Y="263" T="1227505" />
</Gesture>