﻿<?xml version="1.0" encoding="utf-8" standalone="yes"?>
<Gesture Name="right_sq_bracket02" Subject="1" Speed="fast" Number="2" NumPts="43" Millseconds="365" AppName="Gestures" AppVer="3.5.0.0" Date="Monday, March 05, 2007" TimeOfDay="4:55:46 PM">
  <Point X="101" Y="142" T="808434" />
  <Point X="103" Y="142" T="808443" />
  <Point X="107" Y="140" T="808450" />
  <Point X="109" Y="140" T="808455" />
  <Point X="111" Y="139" T="808461" />
  <Point X="116" Y="138" T="808467" />
  <Point X="119" Y="136" T="808473" />
  <Point X="124" Y="135" T="808479" />
  <Point X="127" Y="135" T="808486" />
  <Point X="130" Y="134" T="808487" />
  <Point X="134" Y="133" T="808494" />
  <Point X="136" Y="133" T="808503" />
  <Point X="140" Y="134" T="808510" />
  <Point X="142" Y="135" T="808518" />
  <Point X="144" Y="138" T="808527" />
  <Point X="145" Y="140" T="808535" />
  <Point X="146" Y="143" T="808543" />
  <Point X="147" Y="147" T="808552" />
  <Point X="147" Y="152" T="808561" />
  <Point X="147" Y="155" T="808562" />
  <Point X="147" Y="159" T="808572" />
  <Point X="147" Y="164" T="808581" />
  <Point X="147" Y="167" T="808582" />
  <Point X="147" Y="173" T="808592" />
  <Point X="147" Y="183" T="808603" />
  <Point X="148" Y="188" T="808613" />
  <Point X="148" Y="194" T="808624" />
  <Point X="148" Y="201" T="808635" />
  <Point X="148" Y="204" T="808646" />
  <Point X="148" Y="210" T="808657" />
  <Point X="148" Y="212" T="808668" />
  <Point X="148" Y="214" T="808680" />
  <Point X="147" Y="217" T="808691" />
  <Point X="145" Y="220" T="808703" />
  <Point X="139" Y="222" T="808715" />
  <Point X="133" Y="223" T="808729" />
  <Point X="125" Y="225" T="808742" />
  <Point X="122" Y="225" T="808743" />
  <Point X="114" Y="227" T="808756" />
  <Point X="107" Y="228" T="808769" />
  <Point X="104" Y="228" T="808771" />
  <Point X="99" Y="229" T="808785" />
  <Point X="96" Y="229" T="808799" />
</Gesture>