﻿<?xml version="1.0" encoding="utf-8" standalone="yes"?>
<Gesture Name="right_curly_brace04" Subject="1" Speed="fast" Number="4" NumPts="67" Millseconds="812" AppName="Gestures" AppVer="3.5.0.0" Date="Monday, March 05, 2007" TimeOfDay="5:02:41 PM">
  <Point X="105" Y="142" T="1223157" />
  <Point X="105" Y="140" T="1223189" />
  <Point X="108" Y="140" T="1223202" />
  <Point X="111" Y="138" T="1223210" />
  <Point X="114" Y="138" T="1223218" />
  <Point X="118" Y="138" T="1223226" />
  <Point X="120" Y="137" T="1223232" />
  <Point X="124" Y="136" T="1223238" />
  <Point X="126" Y="136" T="1223245" />
  <Point X="128" Y="136" T="1223251" />
  <Point X="132" Y="137" T="1223258" />
  <Point X="135" Y="137" T="1223265" />
  <Point X="138" Y="139" T="1223273" />
  <Point X="141" Y="140" T="1223280" />
  <Point X="143" Y="142" T="1223288" />
  <Point X="144" Y="144" T="1223296" />
  <Point X="145" Y="146" T="1223304" />
  <Point X="145" Y="152" T="1223313" />
  <Point X="144" Y="157" T="1223322" />
  <Point X="143" Y="159" T="1223323" />
  <Point X="142" Y="163" T="1223332" />
  <Point X="139" Y="169" T="1223343" />
  <Point X="137" Y="173" T="1223353" />
  <Point X="134" Y="176" T="1223364" />
  <Point X="132" Y="178" T="1223373" />
  <Point X="130" Y="181" T="1223375" />
  <Point X="127" Y="183" T="1223385" />
  <Point X="125" Y="185" T="1223396" />
  <Point X="121" Y="189" T="1223407" />
  <Point X="119" Y="190" T="1223423" />
  <Point X="118" Y="192" T="1223439" />
  <Point X="119" Y="195" T="1223451" />
  <Point X="121" Y="197" T="1223463" />
  <Point X="126" Y="199" T="1223476" />
  <Point X="129" Y="199" T="1223489" />
  <Point X="137" Y="200" T="1223502" />
  <Point X="145" Y="197" T="1223516" />
  <Point X="151" Y="196" T="1223529" />
  <Point X="156" Y="194" T="1223544" />
  <Point X="159" Y="194" T="1223558" />
  <Point X="156" Y="194" T="1223595" />
  <Point X="154" Y="195" T="1223609" />
  <Point X="148" Y="197" T="1223624" />
  <Point X="139" Y="198" T="1223639" />
  <Point X="135" Y="199" T="1223654" />
  <Point X="132" Y="200" T="1223656" />
  <Point X="125" Y="204" T="1223672" />
  <Point X="119" Y="208" T="1223687" />
  <Point X="117" Y="209" T="1223704" />
  <Point X="115" Y="211" T="1223719" />
  <Point X="114" Y="214" T="1223734" />
  <Point X="117" Y="215" T="1223750" />
  <Point X="121" Y="218" T="1223766" />
  <Point X="127" Y="220" T="1223782" />
  <Point X="133" Y="224" T="1223798" />
  <Point X="136" Y="226" T="1223800" />
  <Point X="141" Y="233" T="1223818" />
  <Point X="145" Y="240" T="1223835" />
  <Point X="145" Y="247" T="1223852" />
  <Point X="143" Y="253" T="1223870" />
  <Point X="138" Y="257" T="1223887" />
  <Point X="134" Y="260" T="1223888" />
  <Point X="124" Y="265" T="1223910" />
  <Point X="113" Y="268" T="1223928" />
  <Point X="107" Y="270" T="1223946" />
  <Point X="104" Y="271" T="1223947" />
  <Point X="101" Y="272" T="1223969" />
</Gesture>