﻿<?xml version="1.0" encoding="utf-8" standalone="yes"?>
<Gesture Name="right_curly_brace03" Subject="1" Speed="fast" Number="3" NumPts="68" Millseconds="756" AppName="Gestures" AppVer="3.5.0.0" Date="Monday, March 05, 2007" TimeOfDay="5:02:40 PM">
  <Point X="102" Y="135" T="1222005" />
  <Point X="103" Y="132" T="1222032" />
  <Point X="106" Y="130" T="1222045" />
  <Point X="109" Y="128" T="1222053" />
  <Point X="111" Y="127" T="1222059" />
  <Point X="115" Y="126" T="1222065" />
  <Point X="117" Y="125" T="1222072" />
  <Point X="119" Y="125" T="1222074" />
  <Point X="123" Y="125" T="1222081" />
  <Point X="126" Y="125" T="1222089" />
  <Point X="130" Y="127" T="1222097" />
  <Point X="133" Y="128" T="1222105" />
  <Point X="135" Y="131" T="1222113" />
  <Point X="137" Y="133" T="1222122" />
  <Point X="138" Y="136" T="1222130" />
  <Point X="139" Y="139" T="1222139" />
  <Point X="140" Y="141" T="1222147" />
  <Point X="140" Y="145" T="1222156" />
  <Point X="140" Y="147" T="1222164" />
  <Point X="138" Y="150" T="1222173" />
  <Point X="137" Y="152" T="1222183" />
  <Point X="134" Y="156" T="1222184" />
  <Point X="132" Y="160" T="1222195" />
  <Point X="129" Y="163" T="1222205" />
  <Point X="125" Y="168" T="1222215" />
  <Point X="123" Y="171" T="1222225" />
  <Point X="120" Y="174" T="1222235" />
  <Point X="118" Y="175" T="1222246" />
  <Point X="115" Y="180" T="1222256" />
  <Point X="116" Y="182" T="1222279" />
  <Point X="118" Y="183" T="1222290" />
  <Point X="120" Y="185" T="1222302" />
  <Point X="128" Y="186" T="1222313" />
  <Point X="135" Y="188" T="1222325" />
  <Point X="143" Y="188" T="1222338" />
  <Point X="150" Y="185" T="1222350" />
  <Point X="152" Y="185" T="1222352" />
  <Point X="156" Y="186" T="1222366" />
  <Point X="159" Y="184" T="1222368" />
  <Point X="161" Y="184" T="1222382" />
  <Point X="158" Y="183" T="1222407" />
  <Point X="153" Y="183" T="1222420" />
  <Point X="146" Y="184" T="1222434" />
  <Point X="143" Y="186" T="1222435" />
  <Point X="133" Y="189" T="1222452" />
  <Point X="124" Y="193" T="1222467" />
  <Point X="117" Y="196" T="1222483" />
  <Point X="115" Y="197" T="1222484" />
  <Point X="110" Y="200" T="1222500" />
  <Point X="108" Y="203" T="1222516" />
  <Point X="106" Y="205" T="1222531" />
  <Point X="109" Y="206" T="1222546" />
  <Point X="112" Y="206" T="1222547" />
  <Point X="120" Y="205" T="1222566" />
  <Point X="122" Y="205" T="1222567" />
  <Point X="132" Y="206" T="1222587" />
  <Point X="134" Y="207" T="1222588" />
  <Point X="145" Y="212" T="1222608" />
  <Point X="152" Y="218" T="1222625" />
  <Point X="156" Y="222" T="1222642" />
  <Point X="158" Y="224" T="1222644" />
  <Point X="159" Y="229" T="1222663" />
  <Point X="153" Y="237" T="1222682" />
  <Point X="140" Y="248" T="1222700" />
  <Point X="125" Y="258" T="1222720" />
  <Point X="115" Y="263" T="1222739" />
  <Point X="113" Y="264" T="1222740" />
  <Point X="104" Y="265" T="1222761" />
</Gesture>