﻿<?xml version="1.0" encoding="utf-8" standalone="yes"?>
<Gesture Name="right_sq_bracket07" Subject="1" Speed="fast" Number="7" NumPts="45" Millseconds="445" AppName="Gestures" AppVer="3.5.0.0" Date="Monday, March 05, 2007" TimeOfDay="4:55:50 PM">
  <Point X="110" Y="138" T="812128" />
  <Point X="112" Y="137" T="812155" />
  <Point X="114" Y="136" T="812163" />
  <Point X="118" Y="136" T="812171" />
  <Point X="121" Y="136" T="812177" />
  <Point X="125" Y="136" T="812183" />
  <Point X="127" Y="136" T="812190" />
  <Point X="131" Y="136" T="812197" />
  <Point X="135" Y="136" T="812204" />
  <Point X="139" Y="136" T="812211" />
  <Point X="142" Y="136" T="812219" />
  <Point X="145" Y="136" T="812228" />
  <Point X="147" Y="137" T="812236" />
  <Point X="149" Y="140" T="812248" />
  <Point X="150" Y="142" T="812260" />
  <Point X="151" Y="144" T="812269" />
  <Point X="151" Y="147" T="812277" />
  <Point X="152" Y="150" T="812286" />
  <Point X="152" Y="153" T="812296" />
  <Point X="153" Y="160" T="812305" />
  <Point X="153" Y="165" T="812315" />
  <Point X="153" Y="167" T="812316" />
  <Point X="153" Y="173" T="812326" />
  <Point X="154" Y="182" T="812337" />
  <Point X="153" Y="187" T="812347" />
  <Point X="153" Y="196" T="812357" />
  <Point X="153" Y="201" T="812368" />
  <Point X="153" Y="207" T="812379" />
  <Point X="153" Y="211" T="812390" />
  <Point X="153" Y="215" T="812401" />
  <Point X="154" Y="218" T="812412" />
  <Point X="155" Y="220" T="812424" />
  <Point X="155" Y="222" T="812435" />
  <Point X="155" Y="224" T="812448" />
  <Point X="153" Y="227" T="812460" />
  <Point X="152" Y="229" T="812473" />
  <Point X="147" Y="232" T="812485" />
  <Point X="141" Y="232" T="812498" />
  <Point X="134" Y="231" T="812512" />
  <Point X="131" Y="231" T="812513" />
  <Point X="122" Y="226" T="812527" />
  <Point X="120" Y="226" T="812528" />
  <Point X="113" Y="226" T="812543" />
  <Point X="106" Y="226" T="812557" />
  <Point X="102" Y="227" T="812573" />
</Gesture>