﻿<?xml version="1.0" encoding="utf-8" standalone="yes"?>
<Gesture Name="right_curly_brace08" Subject="1" Speed="fast" Number="8" NumPts="63" Millseconds="757" AppName="Gestures" AppVer="3.5.0.0" Date="Monday, March 05, 2007" TimeOfDay="5:02:46 PM">
  <Point X="106" Y="151" T="1227903" />
  <Point X="108" Y="150" T="1227919" />
  <Point X="110" Y="150" T="1227928" />
  <Point X="113" Y="148" T="1227935" />
  <Point X="116" Y="147" T="1227944" />
  <Point X="119" Y="146" T="1227952" />
  <Point X="122" Y="145" T="1227960" />
  <Point X="124" Y="144" T="1227967" />
  <Point X="128" Y="145" T="1227974" />
  <Point X="132" Y="146" T="1227982" />
  <Point X="136" Y="146" T="1227989" />
  <Point X="138" Y="145" T="1227997" />
  <Point X="141" Y="147" T="1228005" />
  <Point X="145" Y="148" T="1228014" />
  <Point X="147" Y="150" T="1228022" />
  <Point X="149" Y="152" T="1228031" />
  <Point X="150" Y="155" T="1228040" />
  <Point X="149" Y="157" T="1228048" />
  <Point X="147" Y="160" T="1228060" />
  <Point X="144" Y="162" T="1228069" />
  <Point X="141" Y="165" T="1228078" />
  <Point X="138" Y="166" T="1228088" />
  <Point X="134" Y="169" T="1228099" />
  <Point X="128" Y="172" T="1228109" />
  <Point X="124" Y="173" T="1228120" />
  <Point X="121" Y="175" T="1228131" />
  <Point X="115" Y="180" T="1228142" />
  <Point X="113" Y="181" T="1228153" />
  <Point X="111" Y="183" T="1228165" />
  <Point X="111" Y="185" T="1228177" />
  <Point X="111" Y="187" T="1228189" />
  <Point X="113" Y="189" T="1228201" />
  <Point X="116" Y="190" T="1228213" />
  <Point X="120" Y="191" T="1228226" />
  <Point X="123" Y="192" T="1228239" />
  <Point X="128" Y="190" T="1228252" />
  <Point X="131" Y="188" T="1228266" />
  <Point X="133" Y="187" T="1228279" />
  <Point X="131" Y="187" T="1228309" />
  <Point X="127" Y="189" T="1228324" />
  <Point X="120" Y="191" T="1228338" />
  <Point X="112" Y="197" T="1228352" />
  <Point X="107" Y="201" T="1228367" />
  <Point X="105" Y="203" T="1228382" />
  <Point X="103" Y="205" T="1228397" />
  <Point X="103" Y="208" T="1228398" />
  <Point X="105" Y="209" T="1228414" />
  <Point X="110" Y="209" T="1228429" />
  <Point X="116" Y="210" T="1228445" />
  <Point X="122" Y="212" T="1228461" />
  <Point X="126" Y="215" T="1228477" />
  <Point X="130" Y="219" T="1228494" />
  <Point X="133" Y="225" T="1228512" />
  <Point X="134" Y="228" T="1228514" />
  <Point X="136" Y="235" T="1228535" />
  <Point X="135" Y="240" T="1228551" />
  <Point X="134" Y="242" T="1228568" />
  <Point X="132" Y="245" T="1228569" />
  <Point X="127" Y="249" T="1228588" />
  <Point X="121" Y="252" T="1228606" />
  <Point X="111" Y="254" T="1228624" />
  <Point X="101" Y="256" T="1228642" />
  <Point X="98" Y="257" T="1228660" />
</Gesture>