﻿<?xml version="1.0" encoding="utf-8" standalone="yes"?>
<Gesture Name="star06" Subject="1" Speed="fast" Number="6" NumPts="76" Millseconds="1108" AppName="Gestures" AppVer="3.5.0.0" Date="Monday, March 05, 2007" TimeOfDay="4:53:59 PM">
  <Point X="89" Y="255" T="699685" />
  <Point X="89" Y="253" T="699712" />
  <Point X="89" Y="251" T="699724" />
  <Point X="90" Y="249" T="699733" />
  <Point X="91" Y="246" T="699741" />
  <Point X="92" Y="244" T="699749" />
  <Point X="93" Y="242" T="699757" />
  <Point X="93" Y="240" T="699764" />
  <Point X="94" Y="236" T="699771" />
  <Point X="94" Y="231" T="699780" />
  <Point X="95" Y="227" T="699788" />
  <Point X="96" Y="222" T="699796" />
  <Point X="98" Y="217" T="699804" />
  <Point X="98" Y="214" T="699806" />
  <Point X="99" Y="207" T="699816" />
  <Point X="101" Y="198" T="699825" />
  <Point X="102" Y="192" T="699835" />
  <Point X="104" Y="181" T="699846" />
  <Point X="105" Y="176" T="699856" />
  <Point X="105" Y="167" T="699866" />
  <Point X="106" Y="158" T="699877" />
  <Point X="106" Y="153" T="699888" />
  <Point X="106" Y="150" T="699890" />
  <Point X="107" Y="145" T="699902" />
  <Point X="109" Y="140" T="699914" />
  <Point X="110" Y="138" T="699925" />
  <Point X="112" Y="135" T="699936" />
  <Point X="114" Y="133" T="699953" />
  <Point X="116" Y="136" T="699981" />
  <Point X="117" Y="138" T="699993" />
  <Point X="119" Y="145" T="700006" />
  <Point X="122" Y="154" T="700020" />
  <Point X="123" Y="157" T="700022" />
  <Point X="127" Y="168" T="700036" />
  <Point X="133" Y="184" T="700050" />
  <Point X="137" Y="194" T="700064" />
  <Point X="143" Y="209" T="700078" />
  <Point X="147" Y="218" T="700092" />
  <Point X="149" Y="221" T="700094" />
  <Point X="152" Y="229" T="700109" />
  <Point X="153" Y="232" T="700110" />
  <Point X="156" Y="239" T="700128" />
  <Point X="159" Y="245" T="700144" />
  <Point X="160" Y="247" T="700160" />
  <Point X="160" Y="250" T="700162" />
  <Point X="158" Y="249" T="700201" />
  <Point X="152" Y="243" T="700217" />
  <Point X="144" Y="234" T="700236" />
  <Point X="128" Y="219" T="700254" />
  <Point X="115" Y="206" T="700273" />
  <Point X="112" Y="203" T="700274" />
  <Point X="98" Y="195" T="700296" />
  <Point X="87" Y="190" T="700315" />
  <Point X="76" Y="184" T="700335" />
  <Point X="68" Y="180" T="700354" />
  <Point X="66" Y="178" T="700372" />
  <Point X="69" Y="178" T="700409" />
  <Point X="76" Y="180" T="700428" />
  <Point X="78" Y="180" T="700431" />
  <Point X="95" Y="184" T="700454" />
  <Point X="112" Y="185" T="700475" />
  <Point X="132" Y="185" T="700498" />
  <Point X="148" Y="186" T="700520" />
  <Point X="163" Y="181" T="700542" />
  <Point X="172" Y="177" T="700564" />
  <Point X="176" Y="177" T="700586" />
  <Point X="175" Y="179" T="700618" />
  <Point X="171" Y="184" T="700639" />
  <Point X="164" Y="190" T="700662" />
  <Point X="161" Y="193" T="700663" />
  <Point X="147" Y="203" T="700690" />
  <Point X="144" Y="205" T="700691" />
  <Point X="122" Y="225" T="700718" />
  <Point X="104" Y="244" T="700744" />
  <Point X="97" Y="253" T="700768" />
  <Point X="96" Y="259" T="700793" />
</Gesture>