﻿<?xml version="1.0" encoding="utf-8" standalone="yes"?>
<Gesture Name="star03" Subject="1" Speed="fast" Number="3" NumPts="79" Millseconds="1169" AppName="Gestures" AppVer="3.5.0.0" Date="Monday, March 05, 2007" TimeOfDay="4:53:53 PM">
  <Point X="81" Y="264" T="694405" />
  <Point X="83" Y="261" T="694449" />
  <Point X="84" Y="259" T="694458" />
  <Point X="86" Y="256" T="694470" />
  <Point X="87" Y="254" T="694476" />
  <Point X="88" Y="249" T="694483" />
  <Point X="90" Y="245" T="694490" />
  <Point X="91" Y="243" T="694497" />
  <Point X="92" Y="240" T="694499" />
  <Point X="93" Y="235" T="694507" />
  <Point X="95" Y="229" T="694515" />
  <Point X="97" Y="222" T="694523" />
  <Point X="98" Y="215" T="694531" />
  <Point X="99" Y="206" T="694539" />
  <Point X="100" Y="198" T="694548" />
  <Point X="101" Y="189" T="694557" />
  <Point X="102" Y="176" T="694567" />
  <Point X="103" Y="169" T="694577" />
  <Point X="104" Y="158" T="694586" />
  <Point X="106" Y="153" T="694596" />
  <Point X="108" Y="147" T="694606" />
  <Point X="109" Y="145" T="694617" />
  <Point X="110" Y="141" T="694627" />
  <Point X="112" Y="139" T="694637" />
  <Point X="113" Y="137" T="694639" />
  <Point X="115" Y="137" T="694674" />
  <Point X="117" Y="137" T="694690" />
  <Point X="119" Y="137" T="694714" />
  <Point X="120" Y="139" T="694730" />
  <Point X="122" Y="142" T="694742" />
  <Point X="122" Y="144" T="694743" />
  <Point X="124" Y="152" T="694757" />
  <Point X="125" Y="156" T="694759" />
  <Point X="131" Y="175" T="694774" />
  <Point X="136" Y="189" T="694789" />
  <Point X="143" Y="207" T="694803" />
  <Point X="149" Y="223" T="694818" />
  <Point X="155" Y="236" T="694834" />
  <Point X="160" Y="247" T="694850" />
  <Point X="164" Y="253" T="694866" />
  <Point X="168" Y="259" T="694881" />
  <Point X="169" Y="261" T="694897" />
  <Point X="168" Y="259" T="694922" />
  <Point X="165" Y="254" T="694938" />
  <Point X="156" Y="245" T="694955" />
  <Point X="146" Y="237" T="694973" />
  <Point X="133" Y="226" T="694991" />
  <Point X="121" Y="218" T="695009" />
  <Point X="105" Y="206" T="695026" />
  <Point X="91" Y="201" T="695045" />
  <Point X="76" Y="196" T="695064" />
  <Point X="63" Y="190" T="695083" />
  <Point X="58" Y="187" T="695102" />
  <Point X="56" Y="186" T="695103" />
  <Point X="54" Y="185" T="695123" />
  <Point X="55" Y="183" T="695147" />
  <Point X="61" Y="183" T="695166" />
  <Point X="74" Y="184" T="695185" />
  <Point X="92" Y="185" T="695206" />
  <Point X="115" Y="185" T="695228" />
  <Point X="134" Y="185" T="695249" />
  <Point X="152" Y="184" T="695271" />
  <Point X="155" Y="184" T="695272" />
  <Point X="169" Y="183" T="695292" />
  <Point X="180" Y="179" T="695312" />
  <Point X="186" Y="178" T="695332" />
  <Point X="188" Y="177" T="695355" />
  <Point X="187" Y="179" T="695375" />
  <Point X="179" Y="184" T="695396" />
  <Point X="165" Y="190" T="695418" />
  <Point X="162" Y="192" T="695420" />
  <Point X="147" Y="202" T="695442" />
  <Point X="144" Y="204" T="695444" />
  <Point X="125" Y="218" T="695470" />
  <Point X="122" Y="221" T="695472" />
  <Point X="102" Y="237" T="695502" />
  <Point X="90" Y="250" T="695525" />
  <Point X="82" Y="256" T="695550" />
  <Point X="79" Y="258" T="695574" />
</Gesture>