﻿<?xml version="1.0" encoding="utf-8" standalone="yes"?>
<Gesture Name="star04" Subject="1" Speed="fast" Number="4" NumPts="84" Millseconds="1249" AppName="Gestures" AppVer="3.5.0.0" Date="Monday, March 05, 2007" TimeOfDay="4:53:55 PM">
  <Point X="78" Y="259" T="696193" />
  <Point X="80" Y="258" T="696249" />
  <Point X="82" Y="256" T="696257" />
  <Point X="83" Y="254" T="696264" />
  <Point X="84" Y="252" T="696273" />
  <Point X="86" Y="249" T="696281" />
  <Point X="87" Y="246" T="696289" />
  <Point X="88" Y="244" T="696296" />
  <Point X="89" Y="240" T="696303" />
  <Point X="91" Y="235" T="696312" />
  <Point X="92" Y="231" T="696320" />
  <Point X="93" Y="229" T="696322" />
  <Point X="95" Y="223" T="696331" />
  <Point X="97" Y="217" T="696340" />
  <Point X="99" Y="211" T="696349" />
  <Point X="100" Y="207" T="696350" />
  <Point X="103" Y="197" T="696362" />
  <Point X="105" Y="190" T="696372" />
  <Point X="108" Y="181" T="696383" />
  <Point X="112" Y="172" T="696393" />
  <Point X="113" Y="165" T="696403" />
  <Point X="115" Y="157" T="696414" />
  <Point X="117" Y="151" T="696424" />
  <Point X="117" Y="149" T="696426" />
  <Point X="118" Y="145" T="696437" />
  <Point X="118" Y="142" T="696438" />
  <Point X="118" Y="137" T="696451" />
  <Point X="119" Y="131" T="696464" />
  <Point X="119" Y="129" T="696476" />
  <Point X="120" Y="127" T="696488" />
  <Point X="120" Y="129" T="696501" />
  <Point X="121" Y="135" T="696514" />
  <Point X="122" Y="141" T="696528" />
  <Point X="124" Y="152" T="696542" />
  <Point X="126" Y="162" T="696557" />
  <Point X="127" Y="166" T="696558" />
  <Point X="132" Y="180" T="696575" />
  <Point X="136" Y="196" T="696591" />
  <Point X="142" Y="210" T="696608" />
  <Point X="147" Y="222" T="696624" />
  <Point X="152" Y="233" T="696640" />
  <Point X="153" Y="235" T="696642" />
  <Point X="156" Y="241" T="696658" />
  <Point X="158" Y="245" T="696673" />
  <Point X="159" Y="247" T="696674" />
  <Point X="160" Y="250" T="696691" />
  <Point X="160" Y="255" T="696710" />
  <Point X="158" Y="255" T="696730" />
  <Point X="152" Y="251" T="696746" />
  <Point X="144" Y="243" T="696763" />
  <Point X="133" Y="232" T="696780" />
  <Point X="117" Y="218" T="696798" />
  <Point X="103" Y="210" T="696816" />
  <Point X="88" Y="201" T="696835" />
  <Point X="77" Y="194" T="696853" />
  <Point X="75" Y="192" T="696855" />
  <Point X="64" Y="186" T="696874" />
  <Point X="58" Y="187" T="696893" />
  <Point X="57" Y="185" T="696913" />
  <Point X="60" Y="187" T="696947" />
  <Point X="71" Y="188" T="696968" />
  <Point X="86" Y="188" T="696990" />
  <Point X="90" Y="187" T="696992" />
  <Point X="108" Y="186" T="697012" />
  <Point X="127" Y="183" T="697034" />
  <Point X="144" Y="179" T="697057" />
  <Point X="161" Y="176" T="697077" />
  <Point X="164" Y="175" T="697079" />
  <Point X="177" Y="174" T="697105" />
  <Point X="182" Y="172" T="697126" />
  <Point X="185" Y="174" T="697147" />
  <Point X="184" Y="176" T="697170" />
  <Point X="172" Y="184" T="697193" />
  <Point X="160" Y="192" T="697216" />
  <Point X="157" Y="193" T="697217" />
  <Point X="138" Y="205" T="697245" />
  <Point X="124" Y="216" T="697269" />
  <Point X="110" Y="226" T="697293" />
  <Point X="98" Y="237" T="697317" />
  <Point X="90" Y="245" T="697341" />
  <Point X="86" Y="251" T="697368" />
  <Point X="83" Y="256" T="697392" />
  <Point X="81" Y="258" T="697416" />
  <Point X="79" Y="260" T="697442" />
</Gesture>