﻿<?xml version="1.0" encoding="utf-8" standalone="yes"?>
<Gesture Name="star09" Subject="1" Speed="fast" Number="9" NumPts="90" Millseconds="1257" AppName="Gestures" AppVer="3.5.0.0" Date="Monday, March 05, 2007" TimeOfDay="4:54:04 PM">
  <Point X="86" Y="260" T="704867" />
  <Point X="87" Y="258" T="704894" />
  <Point X="88" Y="255" T="704902" />
  <Point X="88" Y="253" T="704910" />
  <Point X="89" Y="250" T="704918" />
  <Point X="90" Y="246" T="704926" />
  <Point X="91" Y="244" T="704932" />
  <Point X="91" Y="242" T="704939" />
  <Point X="92" Y="238" T="704945" />
  <Point X="93" Y="236" T="704946" />
  <Point X="94" Y="231" T="704955" />
  <Point X="94" Y="225" T="704963" />
  <Point X="94" Y="218" T="704971" />
  <Point X="94" Y="210" T="704979" />
  <Point X="94" Y="202" T="704987" />
  <Point X="94" Y="195" T="704995" />
  <Point X="95" Y="188" T="705004" />
  <Point X="96" Y="181" T="705013" />
  <Point X="97" Y="175" T="705022" />
  <Point X="98" Y="171" T="705023" />
  <Point X="99" Y="165" T="705033" />
  <Point X="100" Y="162" T="705034" />
  <Point X="101" Y="157" T="705046" />
  <Point X="102" Y="154" T="705047" />
  <Point X="104" Y="146" T="705058" />
  <Point X="105" Y="141" T="705069" />
  <Point X="106" Y="134" T="705080" />
  <Point X="108" Y="128" T="705091" />
  <Point X="109" Y="126" T="705102" />
  <Point X="110" Y="124" T="705113" />
  <Point X="112" Y="122" T="705124" />
  <Point X="114" Y="122" T="705150" />
  <Point X="116" Y="125" T="705163" />
  <Point X="117" Y="130" T="705175" />
  <Point X="118" Y="133" T="705187" />
  <Point X="122" Y="143" T="705200" />
  <Point X="126" Y="153" T="705213" />
  <Point X="132" Y="170" T="705226" />
  <Point X="137" Y="182" T="705240" />
  <Point X="142" Y="193" T="705254" />
  <Point X="143" Y="197" T="705255" />
  <Point X="150" Y="211" T="705271" />
  <Point X="155" Y="220" T="705285" />
  <Point X="156" Y="223" T="705286" />
  <Point X="160" Y="233" T="705303" />
  <Point X="162" Y="237" T="705317" />
  <Point X="164" Y="240" T="705318" />
  <Point X="166" Y="246" T="705336" />
  <Point X="166" Y="248" T="705370" />
  <Point X="163" Y="246" T="705390" />
  <Point X="161" Y="244" T="705405" />
  <Point X="159" Y="243" T="705407" />
  <Point X="152" Y="239" T="705425" />
  <Point X="143" Y="235" T="705442" />
  <Point X="140" Y="233" T="705443" />
  <Point X="126" Y="225" T="705462" />
  <Point X="113" Y="216" T="705480" />
  <Point X="96" Y="205" T="705498" />
  <Point X="82" Y="198" T="705516" />
  <Point X="67" Y="193" T="705535" />
  <Point X="57" Y="191" T="705553" />
  <Point X="48" Y="187" T="705571" />
  <Point X="43" Y="185" T="705590" />
  <Point X="41" Y="183" T="705609" />
  <Point X="39" Y="181" T="705627" />
  <Point X="43" Y="178" T="705647" />
  <Point X="53" Y="176" T="705666" />
  <Point X="68" Y="176" T="705686" />
  <Point X="87" Y="176" T="705707" />
  <Point X="108" Y="175" T="705727" />
  <Point X="128" Y="173" T="705748" />
  <Point X="148" Y="171" T="705769" />
  <Point X="151" Y="170" T="705770" />
  <Point X="168" Y="168" T="705794" />
  <Point X="171" Y="168" T="705795" />
  <Point X="186" Y="167" T="705818" />
  <Point X="192" Y="166" T="705840" />
  <Point X="196" Y="167" T="705861" />
  <Point X="196" Y="169" T="705883" />
  <Point X="190" Y="175" T="705907" />
  <Point X="176" Y="184" T="705930" />
  <Point X="163" Y="192" T="705953" />
  <Point X="160" Y="194" T="705954" />
  <Point X="142" Y="205" T="705980" />
  <Point X="124" Y="219" T="706004" />
  <Point X="107" Y="231" T="706028" />
  <Point X="93" Y="242" T="706052" />
  <Point X="84" Y="251" T="706076" />
  <Point X="80" Y="256" T="706101" />
  <Point X="78" Y="259" T="706124" />
</Gesture>