﻿<?xml version="1.0" encoding="utf-8" standalone="yes"?>
<Gesture Name="star08" Subject="1" Speed="fast" Number="8" NumPts="82" Millseconds="1167" AppName="Gestures" AppVer="3.5.0.0" Date="Monday, March 05, 2007" TimeOfDay="4:54:02 PM">
  <Point X="90" Y="259" T="703186" />
  <Point X="89" Y="257" T="703206" />
  <Point X="90" Y="254" T="703215" />
  <Point X="91" Y="252" T="703221" />
  <Point X="91" Y="249" T="703227" />
  <Point X="92" Y="247" T="703234" />
  <Point X="93" Y="242" T="703241" />
  <Point X="94" Y="238" T="703248" />
  <Point X="96" Y="233" T="703256" />
  <Point X="97" Y="228" T="703263" />
  <Point X="98" Y="225" T="703271" />
  <Point X="98" Y="223" T="703272" />
  <Point X="99" Y="218" T="703280" />
  <Point X="101" Y="211" T="703288" />
  <Point X="101" Y="205" T="703297" />
  <Point X="102" Y="198" T="703306" />
  <Point X="102" Y="195" T="703308" />
  <Point X="103" Y="188" T="703317" />
  <Point X="104" Y="176" T="703327" />
  <Point X="105" Y="169" T="703337" />
  <Point X="106" Y="164" T="703347" />
  <Point X="107" Y="161" T="703348" />
  <Point X="108" Y="153" T="703360" />
  <Point X="110" Y="148" T="703371" />
  <Point X="110" Y="145" T="703372" />
  <Point X="112" Y="139" T="703383" />
  <Point X="113" Y="134" T="703395" />
  <Point X="114" Y="131" T="703406" />
  <Point X="115" Y="126" T="703417" />
  <Point X="115" Y="123" T="703429" />
  <Point X="117" Y="124" T="703475" />
  <Point X="118" Y="126" T="703487" />
  <Point X="120" Y="134" T="703500" />
  <Point X="123" Y="143" T="703513" />
  <Point X="126" Y="154" T="703526" />
  <Point X="131" Y="170" T="703540" />
  <Point X="135" Y="184" T="703553" />
  <Point X="140" Y="202" T="703567" />
  <Point X="145" Y="214" T="703581" />
  <Point X="150" Y="226" T="703596" />
  <Point X="153" Y="233" T="703610" />
  <Point X="154" Y="236" T="703612" />
  <Point X="158" Y="242" T="703627" />
  <Point X="159" Y="244" T="703642" />
  <Point X="160" Y="246" T="703657" />
  <Point X="158" Y="247" T="703700" />
  <Point X="155" Y="245" T="703716" />
  <Point X="153" Y="243" T="703732" />
  <Point X="150" Y="240" T="703733" />
  <Point X="142" Y="233" T="703751" />
  <Point X="127" Y="220" T="703768" />
  <Point X="114" Y="211" T="703785" />
  <Point X="102" Y="207" T="703803" />
  <Point X="90" Y="199" T="703821" />
  <Point X="80" Y="194" T="703838" />
  <Point X="71" Y="186" T="703856" />
  <Point X="66" Y="183" T="703874" />
  <Point X="64" Y="181" T="703891" />
  <Point X="62" Y="181" T="703893" />
  <Point X="62" Y="179" T="703921" />
  <Point X="64" Y="179" T="703939" />
  <Point X="72" Y="180" T="703958" />
  <Point X="84" Y="180" T="703978" />
  <Point X="99" Y="182" T="703998" />
  <Point X="116" Y="182" T="704018" />
  <Point X="134" Y="180" T="704038" />
  <Point X="150" Y="178" T="704058" />
  <Point X="162" Y="176" T="704079" />
  <Point X="171" Y="176" T="704100" />
  <Point X="179" Y="176" T="704120" />
  <Point X="181" Y="177" T="704141" />
  <Point X="178" Y="178" T="704169" />
  <Point X="171" Y="182" T="704190" />
  <Point X="160" Y="188" T="704212" />
  <Point X="157" Y="190" T="704214" />
  <Point X="139" Y="202" T="704242" />
  <Point X="124" Y="215" T="704268" />
  <Point X="122" Y="218" T="704269" />
  <Point X="119" Y="219" T="704273" />
  <Point X="106" Y="232" T="704299" />
  <Point X="97" Y="242" T="704326" />
  <Point X="92" Y="249" T="704353" />
</Gesture>