﻿<?xml version="1.0" encoding="utf-8" standalone="yes"?>
<Gesture Name="star05" Subject="1" Speed="fast" Number="5" NumPts="83" Millseconds="1172" AppName="Gestures" AppVer="3.5.0.0" Date="Monday, March 05, 2007" TimeOfDay="4:53:57 PM">
  <Point X="83" Y="262" T="697976" />
  <Point X="84" Y="259" T="697997" />
  <Point X="85" Y="257" T="698009" />
  <Point X="86" Y="253" T="698017" />
  <Point X="87" Y="250" T="698024" />
  <Point X="88" Y="247" T="698033" />
  <Point X="89" Y="243" T="698041" />
  <Point X="90" Y="241" T="698048" />
  <Point X="90" Y="239" T="698050" />
  <Point X="92" Y="234" T="698058" />
  <Point X="93" Y="229" T="698067" />
  <Point X="94" Y="223" T="698075" />
  <Point X="95" Y="217" T="698084" />
  <Point X="95" Y="214" T="698086" />
  <Point X="96" Y="208" T="698095" />
  <Point X="97" Y="201" T="698105" />
  <Point X="97" Y="197" T="698106" />
  <Point X="99" Y="191" T="698116" />
  <Point X="99" Y="188" T="698118" />
  <Point X="101" Y="182" T="698128" />
  <Point X="102" Y="179" T="698130" />
  <Point X="104" Y="170" T="698141" />
  <Point X="105" Y="164" T="698152" />
  <Point X="105" Y="161" T="698154" />
  <Point X="107" Y="154" T="698166" />
  <Point X="109" Y="146" T="698177" />
  <Point X="110" Y="141" T="698189" />
  <Point X="111" Y="139" T="698190" />
  <Point X="112" Y="137" T="698204" />
  <Point X="114" Y="135" T="698216" />
  <Point X="115" Y="132" T="698227" />
  <Point X="116" Y="135" T="698245" />
  <Point X="118" Y="140" T="698258" />
  <Point X="119" Y="147" T="698270" />
  <Point X="121" Y="155" T="698284" />
  <Point X="122" Y="158" T="698286" />
  <Point X="125" Y="167" T="698300" />
  <Point X="126" Y="170" T="698302" />
  <Point X="132" Y="186" T="698318" />
  <Point X="137" Y="203" T="698334" />
  <Point X="143" Y="217" T="698351" />
  <Point X="149" Y="228" T="698367" />
  <Point X="154" Y="238" T="698384" />
  <Point X="157" Y="245" T="698400" />
  <Point X="159" Y="249" T="698417" />
  <Point X="159" Y="251" T="698432" />
  <Point X="157" Y="250" T="698457" />
  <Point X="154" Y="247" T="698473" />
  <Point X="148" Y="242" T="698490" />
  <Point X="136" Y="233" T="698509" />
  <Point X="124" Y="222" T="698528" />
  <Point X="121" Y="219" T="698530" />
  <Point X="108" Y="208" T="698548" />
  <Point X="105" Y="205" T="698550" />
  <Point X="90" Y="193" T="698570" />
  <Point X="77" Y="187" T="698589" />
  <Point X="67" Y="185" T="698608" />
  <Point X="65" Y="184" T="698610" />
  <Point X="59" Y="182" T="698629" />
  <Point X="55" Y="179" T="698650" />
  <Point X="56" Y="181" T="698681" />
  <Point X="64" Y="184" T="698701" />
  <Point X="78" Y="185" T="698723" />
  <Point X="100" Y="184" T="698746" />
  <Point X="119" Y="182" T="698769" />
  <Point X="123" Y="181" T="698770" />
  <Point X="145" Y="180" T="698796" />
  <Point X="149" Y="181" T="698798" />
  <Point X="167" Y="180" T="698821" />
  <Point X="178" Y="179" T="698845" />
  <Point X="187" Y="177" T="698869" />
  <Point X="189" Y="177" T="698891" />
  <Point X="187" Y="179" T="698912" />
  <Point X="177" Y="185" T="698937" />
  <Point X="174" Y="186" T="698938" />
  <Point X="155" Y="198" T="698967" />
  <Point X="134" Y="213" T="698994" />
  <Point X="118" Y="226" T="699020" />
  <Point X="104" Y="239" T="699046" />
  <Point X="96" Y="247" T="699071" />
  <Point X="91" Y="250" T="699097" />
  <Point X="89" Y="252" T="699122" />
  <Point X="87" Y="252" T="699148" />
</Gesture>