﻿<?xml version="1.0" encoding="utf-8" standalone="yes"?>
<Gesture Name="star07" Subject="1" Speed="fast" Number="7" NumPts="78" Millseconds="1091" AppName="Gestures" AppVer="3.5.0.0" Date="Monday, March 05, 2007" TimeOfDay="4:54:00 PM">
  <Point X="86" Y="256" T="701539" />
  <Point X="87" Y="254" T="701563" />
  <Point X="88" Y="252" T="701579" />
  <Point X="89" Y="250" T="701591" />
  <Point X="90" Y="247" T="701598" />
  <Point X="91" Y="244" T="701605" />
  <Point X="92" Y="240" T="701611" />
  <Point X="94" Y="236" T="701618" />
  <Point X="95" Y="232" T="701626" />
  <Point X="97" Y="225" T="701634" />
  <Point X="98" Y="220" T="701643" />
  <Point X="99" Y="213" T="701651" />
  <Point X="100" Y="206" T="701661" />
  <Point X="100" Y="198" T="701670" />
  <Point X="101" Y="194" T="701671" />
  <Point X="101" Y="185" T="701682" />
  <Point X="101" Y="181" T="701683" />
  <Point X="102" Y="172" T="701693" />
  <Point X="102" Y="160" T="701703" />
  <Point X="103" Y="150" T="701714" />
  <Point X="104" Y="145" T="701725" />
  <Point X="105" Y="143" T="701726" />
  <Point X="105" Y="141" T="701739" />
  <Point X="106" Y="139" T="701749" />
  <Point X="108" Y="140" T="701771" />
  <Point X="110" Y="141" T="701787" />
  <Point X="112" Y="141" T="701799" />
  <Point X="115" Y="140" T="701811" />
  <Point X="118" Y="144" T="701823" />
  <Point X="120" Y="149" T="701835" />
  <Point X="124" Y="156" T="701848" />
  <Point X="128" Y="168" T="701862" />
  <Point X="129" Y="172" T="701864" />
  <Point X="134" Y="186" T="701878" />
  <Point X="140" Y="201" T="701891" />
  <Point X="142" Y="206" T="701892" />
  <Point X="150" Y="225" T="701907" />
  <Point X="155" Y="237" T="701921" />
  <Point X="161" Y="247" T="701936" />
  <Point X="163" Y="250" T="701950" />
  <Point X="164" Y="253" T="701952" />
  <Point X="166" Y="255" T="701966" />
  <Point X="168" Y="257" T="701981" />
  <Point X="165" Y="257" T="702033" />
  <Point X="162" Y="255" T="702048" />
  <Point X="152" Y="246" T="702064" />
  <Point X="140" Y="235" T="702080" />
  <Point X="127" Y="222" T="702096" />
  <Point X="124" Y="219" T="702098" />
  <Point X="112" Y="210" T="702116" />
  <Point X="109" Y="208" T="702118" />
  <Point X="98" Y="201" T="702136" />
  <Point X="95" Y="199" T="702138" />
  <Point X="84" Y="192" T="702156" />
  <Point X="81" Y="191" T="702158" />
  <Point X="71" Y="184" T="702179" />
  <Point X="62" Y="181" T="702200" />
  <Point X="60" Y="180" T="702218" />
  <Point X="63" Y="181" T="702245" />
  <Point X="72" Y="182" T="702265" />
  <Point X="86" Y="184" T="702288" />
  <Point X="108" Y="185" T="702311" />
  <Point X="130" Y="185" T="702334" />
  <Point X="148" Y="184" T="702357" />
  <Point X="151" Y="185" T="702358" />
  <Point X="165" Y="183" T="702378" />
  <Point X="176" Y="178" T="702402" />
  <Point X="180" Y="178" T="702425" />
  <Point X="180" Y="181" T="702445" />
  <Point X="174" Y="186" T="702467" />
  <Point X="162" Y="195" T="702490" />
  <Point X="146" Y="206" T="702516" />
  <Point X="143" Y="208" T="702518" />
  <Point X="123" Y="224" T="702541" />
  <Point X="108" Y="237" T="702564" />
  <Point X="95" Y="249" T="702586" />
  <Point X="88" Y="257" T="702608" />
  <Point X="84" Y="260" T="702630" />
</Gesture>