﻿<?xml version="1.0" encoding="utf-8" standalone="yes"?>
<Gesture Name="star10" Subject="1" Speed="fast" Number="10" NumPts="82" Millseconds="1180" AppName="Gestures" AppVer="3.5.0.0" Date="Monday, March 05, 2007" TimeOfDay="4:54:06 PM">
  <Point X="89" Y="254" T="706653" />
  <Point X="88" Y="252" T="706661" />
  <Point X="88" Y="249" T="706669" />
  <Point X="89" Y="245" T="706676" />
  <Point X="89" Y="243" T="706682" />
  <Point X="89" Y="238" T="706689" />
  <Point X="90" Y="236" T="706697" />
  <Point X="91" Y="229" T="706704" />
  <Point X="91" Y="225" T="706712" />
  <Point X="91" Y="222" T="706713" />
  <Point X="91" Y="217" T="706721" />
  <Point X="91" Y="209" T="706730" />
  <Point X="91" Y="202" T="706739" />
  <Point X="91" Y="194" T="706748" />
  <Point X="91" Y="190" T="706749" />
  <Point X="92" Y="183" T="706758" />
  <Point X="92" Y="177" T="706768" />
  <Point X="92" Y="173" T="706769" />
  <Point X="93" Y="166" T="706779" />
  <Point X="93" Y="158" T="706789" />
  <Point X="94" Y="147" T="706801" />
  <Point X="94" Y="141" T="706812" />
  <Point X="95" Y="138" T="706813" />
  <Point X="95" Y="133" T="706825" />
  <Point X="96" Y="127" T="706837" />
  <Point X="97" Y="125" T="706849" />
  <Point X="99" Y="125" T="706872" />
  <Point X="101" Y="127" T="706884" />
  <Point X="102" Y="131" T="706896" />
  <Point X="105" Y="138" T="706909" />
  <Point X="107" Y="142" T="706921" />
  <Point X="112" Y="153" T="706936" />
  <Point X="113" Y="155" T="706937" />
  <Point X="118" Y="164" T="706952" />
  <Point X="119" Y="168" T="706953" />
  <Point X="127" Y="181" T="706968" />
  <Point X="132" Y="191" T="706983" />
  <Point X="134" Y="194" T="706984" />
  <Point X="140" Y="206" T="707001" />
  <Point X="146" Y="217" T="707017" />
  <Point X="153" Y="227" T="707034" />
  <Point X="158" Y="238" T="707051" />
  <Point X="164" Y="249" T="707068" />
  <Point X="166" Y="252" T="707084" />
  <Point X="167" Y="255" T="707085" />
  <Point X="168" Y="257" T="707103" />
  <Point X="168" Y="259" T="707121" />
  <Point X="167" Y="257" T="707137" />
  <Point X="163" Y="252" T="707155" />
  <Point X="152" Y="239" T="707174" />
  <Point X="139" Y="226" T="707194" />
  <Point X="125" Y="213" T="707213" />
  <Point X="113" Y="204" T="707233" />
  <Point X="111" Y="202" T="707234" />
  <Point X="97" Y="193" T="707254" />
  <Point X="82" Y="187" T="707274" />
  <Point X="69" Y="183" T="707295" />
  <Point X="61" Y="181" T="707316" />
  <Point X="53" Y="180" T="707337" />
  <Point X="50" Y="179" T="707356" />
  <Point X="53" Y="178" T="707380" />
  <Point X="61" Y="177" T="707401" />
  <Point X="74" Y="176" T="707423" />
  <Point X="77" Y="176" T="707425" />
  <Point X="93" Y="175" T="707445" />
  <Point X="115" Y="176" T="707469" />
  <Point X="136" Y="174" T="707493" />
  <Point X="156" Y="169" T="707517" />
  <Point X="170" Y="167" T="707542" />
  <Point X="176" Y="166" T="707565" />
  <Point X="179" Y="166" T="707589" />
  <Point X="177" Y="168" T="707610" />
  <Point X="168" Y="175" T="707635" />
  <Point X="151" Y="186" T="707661" />
  <Point X="132" Y="201" T="707689" />
  <Point X="116" Y="213" T="707715" />
  <Point X="114" Y="216" T="707717" />
  <Point X="103" Y="226" T="707741" />
  <Point X="93" Y="237" T="707763" />
  <Point X="85" Y="246" T="707788" />
  <Point X="81" Y="250" T="707811" />
  <Point X="80" Y="252" T="707833" />
</Gesture>