﻿<?xml version="1.0" encoding="utf-8" standalone="yes"?>
<Gesture Name="star01" Subject="1" Speed="fast" Number="1" NumPts="78" Millseconds="1140" AppName="Gestures" AppVer="3.5.0.0" Date="Monday, March 05, 2007" TimeOfDay="4:53:49 PM">
  <Point X="77" Y="261" T="690370" />
  <Point X="79" Y="259" T="690411" />
  <Point X="80" Y="257" T="690419" />
  <Point X="82" Y="254" T="690427" />
  <Point X="83" Y="251" T="690435" />
  <Point X="85" Y="248" T="690444" />
  <Point X="87" Y="244" T="690452" />
  <Point X="87" Y="242" T="690459" />
  <Point X="88" Y="239" T="690461" />
  <Point X="90" Y="233" T="690469" />
  <Point X="92" Y="226" T="690478" />
  <Point X="95" Y="220" T="690486" />
  <Point X="97" Y="212" T="690494" />
  <Point X="99" Y="206" T="690503" />
  <Point X="101" Y="199" T="690512" />
  <Point X="102" Y="195" T="690513" />
  <Point X="104" Y="184" T="690525" />
  <Point X="105" Y="177" T="690534" />
  <Point X="108" Y="166" T="690544" />
  <Point X="109" Y="158" T="690555" />
  <Point X="113" Y="147" T="690565" />
  <Point X="115" Y="140" T="690575" />
  <Point X="116" Y="137" T="690576" />
  <Point X="118" Y="130" T="690590" />
  <Point X="120" Y="127" T="690601" />
  <Point X="121" Y="124" T="690612" />
  <Point X="123" Y="127" T="690640" />
  <Point X="124" Y="130" T="690651" />
  <Point X="124" Y="133" T="690653" />
  <Point X="127" Y="141" T="690666" />
  <Point X="130" Y="149" T="690678" />
  <Point X="134" Y="159" T="690691" />
  <Point X="136" Y="164" T="690693" />
  <Point X="141" Y="177" T="690706" />
  <Point X="148" Y="193" T="690721" />
  <Point X="155" Y="208" T="690736" />
  <Point X="159" Y="216" T="690751" />
  <Point X="164" Y="224" T="690765" />
  <Point X="165" Y="226" T="690779" />
  <Point X="166" Y="229" T="690781" />
  <Point X="167" Y="231" T="690797" />
  <Point X="167" Y="235" T="690812" />
  <Point X="166" Y="240" T="690827" />
  <Point X="165" Y="245" T="690843" />
  <Point X="163" Y="245" T="690857" />
  <Point X="160" Y="245" T="690872" />
  <Point X="152" Y="239" T="690888" />
  <Point X="140" Y="233" T="690905" />
  <Point X="126" Y="224" T="690922" />
  <Point X="110" Y="211" T="690939" />
  <Point X="92" Y="193" T="690959" />
  <Point X="78" Y="185" T="690976" />
  <Point X="68" Y="181" T="690994" />
  <Point X="59" Y="180" T="691013" />
  <Point X="54" Y="178" T="691030" />
  <Point X="52" Y="178" T="691048" />
  <Point X="53" Y="180" T="691071" />
  <Point X="61" Y="182" T="691089" />
  <Point X="75" Y="184" T="691109" />
  <Point X="95" Y="182" T="691128" />
  <Point X="116" Y="178" T="691148" />
  <Point X="137" Y="176" T="691168" />
  <Point X="155" Y="173" T="691189" />
  <Point X="170" Y="170" T="691210" />
  <Point X="177" Y="169" T="691230" />
  <Point X="182" Y="167" T="691250" />
  <Point X="181" Y="170" T="691269" />
  <Point X="173" Y="178" T="691290" />
  <Point X="171" Y="179" T="691292" />
  <Point X="156" Y="191" T="691314" />
  <Point X="139" Y="205" T="691336" />
  <Point X="121" Y="221" T="691360" />
  <Point X="105" Y="240" T="691388" />
  <Point X="96" Y="254" T="691413" />
  <Point X="90" Y="263" T="691439" />
  <Point X="86" Y="266" T="691462" />
  <Point X="81" Y="269" T="691486" />
  <Point X="81" Y="271" T="691510" />
</Gesture>