﻿<?xml version="1.0" encoding="utf-8" standalone="yes"?>
<Gesture Name="star02" Subject="1" Speed="fast" Number="2" NumPts="86" Millseconds="1166" AppName="Gestures" AppVer="3.5.0.0" Date="Monday, March 05, 2007" TimeOfDay="4:53:52 PM">
  <Point X="80" Y="261" T="692611" />
  <Point X="80" Y="258" T="692630" />
  <Point X="81" Y="256" T="692654" />
  <Point X="82" Y="253" T="692662" />
  <Point X="83" Y="250" T="692670" />
  <Point X="84" Y="247" T="692677" />
  <Point X="85" Y="245" T="692685" />
  <Point X="87" Y="241" T="692693" />
  <Point X="87" Y="239" T="692700" />
  <Point X="89" Y="236" T="692706" />
  <Point X="91" Y="230" T="692714" />
  <Point X="93" Y="224" T="692721" />
  <Point X="95" Y="219" T="692729" />
  <Point X="98" Y="213" T="692737" />
  <Point X="100" Y="207" T="692746" />
  <Point X="102" Y="200" T="692754" />
  <Point X="104" Y="194" T="692763" />
  <Point X="107" Y="187" T="692772" />
  <Point X="109" Y="180" T="692780" />
  <Point X="110" Y="178" T="692782" />
  <Point X="112" Y="172" T="692793" />
  <Point X="113" Y="169" T="692794" />
  <Point X="116" Y="160" T="692806" />
  <Point X="118" Y="155" T="692816" />
  <Point X="120" Y="149" T="692826" />
  <Point X="121" Y="143" T="692836" />
  <Point X="121" Y="140" T="692837" />
  <Point X="122" Y="135" T="692850" />
  <Point X="123" Y="132" T="692860" />
  <Point X="124" Y="129" T="692862" />
  <Point X="125" Y="127" T="692874" />
  <Point X="127" Y="126" T="692897" />
  <Point X="129" Y="129" T="692909" />
  <Point X="130" Y="138" T="692921" />
  <Point X="133" Y="146" T="692934" />
  <Point X="136" Y="157" T="692946" />
  <Point X="139" Y="169" T="692959" />
  <Point X="144" Y="181" T="692972" />
  <Point X="145" Y="185" T="692973" />
  <Point X="149" Y="200" T="692988" />
  <Point X="151" Y="204" T="692989" />
  <Point X="156" Y="221" T="693006" />
  <Point X="159" Y="231" T="693020" />
  <Point X="162" Y="240" T="693034" />
  <Point X="165" Y="246" T="693048" />
  <Point X="167" Y="249" T="693050" />
  <Point X="168" Y="253" T="693068" />
  <Point X="169" Y="255" T="693082" />
  <Point X="167" Y="255" T="693117" />
  <Point X="164" Y="253" T="693132" />
  <Point X="158" Y="250" T="693148" />
  <Point X="150" Y="245" T="693165" />
  <Point X="148" Y="243" T="693166" />
  <Point X="135" Y="234" T="693185" />
  <Point X="131" Y="231" T="693186" />
  <Point X="116" Y="220" T="693205" />
  <Point X="112" Y="217" T="693206" />
  <Point X="94" Y="206" T="693226" />
  <Point X="82" Y="200" T="693243" />
  <Point X="68" Y="192" T="693262" />
  <Point X="60" Y="187" T="693280" />
  <Point X="55" Y="184" T="693298" />
  <Point X="53" Y="184" T="693315" />
  <Point X="56" Y="184" T="693337" />
  <Point X="63" Y="185" T="693355" />
  <Point X="77" Y="188" T="693375" />
  <Point X="95" Y="188" T="693396" />
  <Point X="116" Y="190" T="693416" />
  <Point X="137" Y="188" T="693436" />
  <Point X="156" Y="186" T="693456" />
  <Point X="172" Y="182" T="693477" />
  <Point X="174" Y="181" T="693478" />
  <Point X="186" Y="176" T="693501" />
  <Point X="192" Y="173" T="693521" />
  <Point X="195" Y="172" T="693542" />
  <Point X="192" Y="177" T="693562" />
  <Point X="182" Y="185" T="693584" />
  <Point X="168" Y="197" T="693608" />
  <Point X="150" Y="208" T="693632" />
  <Point X="126" Y="224" T="693657" />
  <Point X="111" Y="236" T="693680" />
  <Point X="108" Y="238" T="693681" />
  <Point X="95" Y="249" T="693707" />
  <Point X="85" Y="259" T="693730" />
  <Point X="80" Y="264" T="693754" />
  <Point X="76" Y="269" T="693777" />
</Gesture>