﻿<?xml version="1.0" encoding="utf-8" standalone="yes"?>
<Gesture Name="triangle06" Subject="1" Speed="fast" Number="6" NumPts="56" Millseconds="639" AppName="Gestures" AppVer="3.5.0.0" Date="Monday, March 05, 2007" TimeOfDay="5:04:17 PM">
  <Point X="139" Y="128" T="1319517" />
  <Point X="136" Y="130" T="1319530" />
  <Point X="134" Y="132" T="1319538" />
  <Point X="132" Y="134" T="1319546" />
  <Point X="129" Y="138" T="1319554" />
  <Point X="128" Y="140" T="1319561" />
  <Point X="124" Y="144" T="1319568" />
  <Point X="121" Y="150" T="1319575" />
  <Point X="117" Y="155" T="1319583" />
  <Point X="112" Y="162" T="1319591" />
  <Point X="108" Y="169" T="1319600" />
  <Point X="103" Y="176" T="1319608" />
  <Point X="97" Y="184" T="1319617" />
  <Point X="95" Y="188" T="1319619" />
  <Point X="89" Y="194" T="1319628" />
  <Point X="84" Y="200" T="1319638" />
  <Point X="82" Y="203" T="1319639" />
  <Point X="74" Y="212" T="1319651" />
  <Point X="70" Y="217" T="1319661" />
  <Point X="68" Y="219" T="1319663" />
  <Point X="64" Y="223" T="1319673" />
  <Point X="62" Y="225" T="1319675" />
  <Point X="59" Y="228" T="1319687" />
  <Point X="57" Y="230" T="1319698" />
  <Point X="55" Y="232" T="1319699" />
  <Point X="57" Y="229" T="1319747" />
  <Point X="60" Y="227" T="1319758" />
  <Point X="66" Y="225" T="1319771" />
  <Point X="69" Y="225" T="1319772" />
  <Point X="77" Y="223" T="1319784" />
  <Point X="86" Y="221" T="1319797" />
  <Point X="97" Y="220" T="1319810" />
  <Point X="101" Y="219" T="1319812" />
  <Point X="112" Y="217" T="1319826" />
  <Point X="128" Y="213" T="1319840" />
  <Point X="142" Y="212" T="1319855" />
  <Point X="152" Y="211" T="1319870" />
  <Point X="155" Y="213" T="1319871" />
  <Point X="167" Y="215" T="1319890" />
  <Point X="176" Y="216" T="1319906" />
  <Point X="182" Y="217" T="1319921" />
  <Point X="187" Y="216" T="1319937" />
  <Point X="189" Y="215" T="1319953" />
  <Point X="191" Y="207" T="1319969" />
  <Point X="190" Y="199" T="1319987" />
  <Point X="190" Y="197" T="1319988" />
  <Point X="188" Y="186" T="1320004" />
  <Point X="186" Y="175" T="1320021" />
  <Point X="183" Y="165" T="1320038" />
  <Point X="182" Y="162" T="1320040" />
  <Point X="177" Y="149" T="1320060" />
  <Point X="172" Y="140" T="1320080" />
  <Point X="164" Y="131" T="1320098" />
  <Point X="159" Y="126" T="1320117" />
  <Point X="151" Y="123" T="1320136" />
  <Point X="149" Y="123" T="1320156" />
</Gesture>