﻿<?xml version="1.0" encoding="utf-8" standalone="yes"?>
<Gesture Name="triangle03" Subject="1" Speed="fast" Number="3" NumPts="52" Millseconds="606" AppName="Gestures" AppVer="3.5.0.0" Date="Monday, March 05, 2007" TimeOfDay="5:04:13 PM">
  <Point X="142" Y="125" T="1315735" />
  <Point X="138" Y="126" T="1315744" />
  <Point X="136" Y="126" T="1315751" />
  <Point X="133" Y="130" T="1315760" />
  <Point X="132" Y="133" T="1315766" />
  <Point X="130" Y="136" T="1315772" />
  <Point X="128" Y="138" T="1315773" />
  <Point X="126" Y="141" T="1315779" />
  <Point X="124" Y="144" T="1315781" />
  <Point X="122" Y="148" T="1315788" />
  <Point X="120" Y="152" T="1315789" />
  <Point X="116" Y="161" T="1315796" />
  <Point X="111" Y="170" T="1315805" />
  <Point X="106" Y="179" T="1315813" />
  <Point X="101" Y="186" T="1315821" />
  <Point X="95" Y="193" T="1315830" />
  <Point X="86" Y="202" T="1315841" />
  <Point X="80" Y="207" T="1315851" />
  <Point X="72" Y="214" T="1315861" />
  <Point X="68" Y="217" T="1315871" />
  <Point X="62" Y="221" T="1315882" />
  <Point X="58" Y="223" T="1315892" />
  <Point X="56" Y="224" T="1315902" />
  <Point X="54" Y="225" T="1315913" />
  <Point X="52" Y="227" T="1315923" />
  <Point X="54" Y="226" T="1315948" />
  <Point X="56" Y="226" T="1315960" />
  <Point X="62" Y="225" T="1315972" />
  <Point X="68" Y="225" T="1315984" />
  <Point X="74" Y="226" T="1315997" />
  <Point X="82" Y="225" T="1316010" />
  <Point X="92" Y="224" T="1316023" />
  <Point X="105" Y="221" T="1316037" />
  <Point X="116" Y="221" T="1316051" />
  <Point X="131" Y="218" T="1316065" />
  <Point X="143" Y="218" T="1316079" />
  <Point X="157" Y="219" T="1316094" />
  <Point X="168" Y="221" T="1316109" />
  <Point X="178" Y="220" T="1316124" />
  <Point X="182" Y="220" T="1316139" />
  <Point X="187" Y="217" T="1316154" />
  <Point X="189" Y="214" T="1316169" />
  <Point X="190" Y="208" T="1316185" />
  <Point X="187" Y="198" T="1316201" />
  <Point X="181" Y="187" T="1316217" />
  <Point X="174" Y="173" T="1316235" />
  <Point X="167" Y="157" T="1316254" />
  <Point X="159" Y="147" T="1316272" />
  <Point X="152" Y="142" T="1316289" />
  <Point X="146" Y="139" T="1316306" />
  <Point X="140" Y="136" T="1316324" />
  <Point X="137" Y="135" T="1316341" />
</Gesture>