﻿<?xml version="1.0" encoding="utf-8" standalone="yes"?>
<Gesture Name="triangle10" Subject="1" Speed="fast" Number="10" NumPts="60" Millseconds="601" AppName="Gestures" AppVer="3.5.0.0" Date="Monday, March 05, 2007" TimeOfDay="5:04:22 PM">
  <Point X="122" Y="141" T="1324252" />
  <Point X="120" Y="143" T="1324271" />
  <Point X="119" Y="145" T="1324279" />
  <Point X="119" Y="147" T="1324284" />
  <Point X="117" Y="149" T="1324290" />
  <Point X="116" Y="152" T="1324291" />
  <Point X="114" Y="158" T="1324300" />
  <Point X="112" Y="160" T="1324306" />
  <Point X="111" Y="163" T="1324307" />
  <Point X="107" Y="170" T="1324316" />
  <Point X="105" Y="174" T="1324323" />
  <Point X="102" Y="178" T="1324324" />
  <Point X="97" Y="186" T="1324333" />
  <Point X="92" Y="194" T="1324341" />
  <Point X="87" Y="200" T="1324349" />
  <Point X="81" Y="207" T="1324357" />
  <Point X="76" Y="213" T="1324365" />
  <Point X="71" Y="219" T="1324373" />
  <Point X="67" Y="222" T="1324382" />
  <Point X="64" Y="224" T="1324383" />
  <Point X="62" Y="226" T="1324394" />
  <Point X="59" Y="229" T="1324395" />
  <Point X="56" Y="232" T="1324406" />
  <Point X="53" Y="235" T="1324416" />
  <Point X="52" Y="237" T="1324426" />
  <Point X="54" Y="238" T="1324455" />
  <Point X="56" Y="236" T="1324465" />
  <Point X="60" Y="234" T="1324476" />
  <Point X="66" Y="232" T="1324486" />
  <Point X="68" Y="231" T="1324487" />
  <Point X="77" Y="228" T="1324502" />
  <Point X="80" Y="227" T="1324503" />
  <Point X="90" Y="226" T="1324518" />
  <Point X="101" Y="226" T="1324530" />
  <Point X="105" Y="227" T="1324531" />
  <Point X="116" Y="228" T="1324546" />
  <Point X="128" Y="230" T="1324559" />
  <Point X="132" Y="230" T="1324560" />
  <Point X="146" Y="231" T="1324575" />
  <Point X="156" Y="233" T="1324589" />
  <Point X="163" Y="235" T="1324602" />
  <Point X="165" Y="236" T="1324603" />
  <Point X="171" Y="237" T="1324619" />
  <Point X="173" Y="237" T="1324633" />
  <Point X="175" Y="237" T="1324648" />
  <Point X="175" Y="234" T="1324663" />
  <Point X="173" Y="232" T="1324678" />
  <Point X="168" Y="225" T="1324692" />
  <Point X="163" Y="219" T="1324708" />
  <Point X="159" Y="213" T="1324723" />
  <Point X="157" Y="210" T="1324724" />
  <Point X="152" Y="201" T="1324742" />
  <Point X="146" Y="191" T="1324759" />
  <Point X="144" Y="188" T="1324760" />
  <Point X="138" Y="176" T="1324781" />
  <Point X="132" Y="165" T="1324798" />
  <Point X="127" Y="159" T="1324814" />
  <Point X="124" Y="156" T="1324815" />
  <Point X="119" Y="154" T="1324834" />
  <Point X="117" Y="152" T="1324853" />
</Gesture>