﻿<?xml version="1.0" encoding="utf-8" standalone="yes"?>
<Gesture Name="triangle07" Subject="1" Speed="fast" Number="7" NumPts="59" Millseconds="641" AppName="Gestures" AppVer="3.5.0.0" Date="Monday, March 05, 2007" TimeOfDay="5:04:18 PM">
  <Point X="136" Y="128" T="1320734" />
  <Point X="135" Y="131" T="1320757" />
  <Point X="135" Y="134" T="1320765" />
  <Point X="134" Y="136" T="1320770" />
  <Point X="133" Y="138" T="1320776" />
  <Point X="133" Y="140" T="1320777" />
  <Point X="131" Y="145" T="1320786" />
  <Point X="130" Y="148" T="1320792" />
  <Point X="128" Y="150" T="1320793" />
  <Point X="125" Y="156" T="1320802" />
  <Point X="123" Y="161" T="1320810" />
  <Point X="119" Y="167" T="1320817" />
  <Point X="116" Y="170" T="1320824" />
  <Point X="114" Y="172" T="1320825" />
  <Point X="109" Y="178" T="1320836" />
  <Point X="104" Y="184" T="1320844" />
  <Point X="99" Y="189" T="1320852" />
  <Point X="96" Y="191" T="1320853" />
  <Point X="91" Y="196" T="1320864" />
  <Point X="89" Y="198" T="1320865" />
  <Point X="84" Y="203" T="1320877" />
  <Point X="82" Y="204" T="1320878" />
  <Point X="75" Y="210" T="1320890" />
  <Point X="71" Y="213" T="1320900" />
  <Point X="69" Y="215" T="1320901" />
  <Point X="66" Y="219" T="1320914" />
  <Point X="63" Y="221" T="1320925" />
  <Point X="61" Y="222" T="1320926" />
  <Point X="59" Y="224" T="1320940" />
  <Point X="61" Y="225" T="1320979" />
  <Point X="64" Y="224" T="1320990" />
  <Point X="70" Y="222" T="1321002" />
  <Point X="78" Y="220" T="1321014" />
  <Point X="86" Y="218" T="1321026" />
  <Point X="89" Y="217" T="1321027" />
  <Point X="99" Y="214" T="1321042" />
  <Point X="109" Y="215" T="1321054" />
  <Point X="112" Y="215" T="1321055" />
  <Point X="127" Y="215" T="1321072" />
  <Point X="139" Y="218" T="1321086" />
  <Point X="142" Y="219" T="1321087" />
  <Point X="156" Y="223" T="1321104" />
  <Point X="165" Y="225" T="1321118" />
  <Point X="168" Y="227" T="1321119" />
  <Point X="177" Y="230" T="1321136" />
  <Point X="183" Y="230" T="1321152" />
  <Point X="185" Y="230" T="1321166" />
  <Point X="187" Y="230" T="1321167" />
  <Point X="188" Y="227" T="1321184" />
  <Point X="189" Y="223" T="1321200" />
  <Point X="187" Y="218" T="1321216" />
  <Point X="183" Y="212" T="1321232" />
  <Point X="177" Y="200" T="1321248" />
  <Point X="172" Y="189" T="1321265" />
  <Point X="157" Y="164" T="1321304" />
  <Point X="151" Y="154" T="1321322" />
  <Point X="144" Y="142" T="1321340" />
  <Point X="141" Y="135" T="1321357" />
  <Point X="138" Y="130" T="1321375" />
</Gesture>