﻿<?xml version="1.0" encoding="utf-8" standalone="yes"?>
<Gesture Name="triangle08" Subject="1" Speed="fast" Number="8" NumPts="55" Millseconds="593" AppName="Gestures" AppVer="3.5.0.0" Date="Monday, March 05, 2007" TimeOfDay="5:04:19 PM">
  <Point X="131" Y="133" T="1321815" />
  <Point X="128" Y="136" T="1321831" />
  <Point X="127" Y="139" T="1321841" />
  <Point X="126" Y="141" T="1321847" />
  <Point X="124" Y="146" T="1321853" />
  <Point X="123" Y="148" T="1321859" />
  <Point X="122" Y="151" T="1321860" />
  <Point X="121" Y="153" T="1321867" />
  <Point X="120" Y="156" T="1321868" />
  <Point X="118" Y="161" T="1321876" />
  <Point X="117" Y="163" T="1321877" />
  <Point X="113" Y="168" T="1321884" />
  <Point X="109" Y="175" T="1321892" />
  <Point X="105" Y="181" T="1321901" />
  <Point X="100" Y="187" T="1321909" />
  <Point X="96" Y="192" T="1321918" />
  <Point X="91" Y="198" T="1321928" />
  <Point X="89" Y="200" T="1321929" />
  <Point X="85" Y="205" T="1321938" />
  <Point X="78" Y="213" T="1321948" />
  <Point X="74" Y="217" T="1321959" />
  <Point X="72" Y="219" T="1321961" />
  <Point X="69" Y="222" T="1321972" />
  <Point X="67" Y="225" T="1321983" />
  <Point X="65" Y="228" T="1321985" />
  <Point X="63" Y="231" T="1321998" />
  <Point X="62" Y="233" T="1322010" />
  <Point X="64" Y="231" T="1322041" />
  <Point X="66" Y="229" T="1322053" />
  <Point X="73" Y="226" T="1322066" />
  <Point X="80" Y="224" T="1322079" />
  <Point X="91" Y="222" T="1322093" />
  <Point X="101" Y="221" T="1322107" />
  <Point X="116" Y="220" T="1322122" />
  <Point X="126" Y="222" T="1322136" />
  <Point X="130" Y="221" T="1322138" />
  <Point X="141" Y="224" T="1322152" />
  <Point X="145" Y="224" T="1322154" />
  <Point X="155" Y="226" T="1322168" />
  <Point X="159" Y="226" T="1322170" />
  <Point X="168" Y="229" T="1322185" />
  <Point X="171" Y="229" T="1322186" />
  <Point X="182" Y="231" T="1322204" />
  <Point X="187" Y="229" T="1322220" />
  <Point X="190" Y="224" T="1322237" />
  <Point X="189" Y="219" T="1322254" />
  <Point X="187" Y="213" T="1322272" />
  <Point X="179" Y="205" T="1322289" />
  <Point X="172" Y="199" T="1322306" />
  <Point X="166" Y="190" T="1322324" />
  <Point X="164" Y="187" T="1322326" />
  <Point X="154" Y="169" T="1322350" />
  <Point X="147" Y="156" T="1322370" />
  <Point X="142" Y="150" T="1322389" />
  <Point X="137" Y="145" T="1322408" />
</Gesture>