﻿<?xml version="1.0" encoding="utf-8" standalone="yes"?>
<Gesture Name="triangle04" Subject="1" Speed="fast" Number="4" NumPts="51" Millseconds="558" AppName="Gestures" AppVer="3.5.0.0" Date="Monday, March 05, 2007" TimeOfDay="5:04:14 PM">
  <Point X="149" Y="128" T="1317016" />
  <Point X="146" Y="130" T="1317028" />
  <Point X="145" Y="133" T="1317036" />
  <Point X="143" Y="136" T="1317045" />
  <Point X="141" Y="138" T="1317051" />
  <Point X="138" Y="143" T="1317058" />
  <Point X="134" Y="149" T="1317065" />
  <Point X="132" Y="152" T="1317073" />
  <Point X="129" Y="156" T="1317074" />
  <Point X="124" Y="162" T="1317084" />
  <Point X="119" Y="170" T="1317092" />
  <Point X="114" Y="176" T="1317100" />
  <Point X="111" Y="180" T="1317102" />
  <Point X="106" Y="186" T="1317111" />
  <Point X="101" Y="192" T="1317120" />
  <Point X="93" Y="200" T="1317129" />
  <Point X="88" Y="205" T="1317139" />
  <Point X="81" Y="212" T="1317150" />
  <Point X="77" Y="216" T="1317160" />
  <Point X="73" Y="219" T="1317170" />
  <Point X="70" Y="222" T="1317180" />
  <Point X="67" Y="224" T="1317191" />
  <Point X="66" Y="226" T="1317202" />
  <Point X="68" Y="223" T="1317221" />
  <Point X="71" Y="223" T="1317231" />
  <Point X="76" Y="220" T="1317243" />
  <Point X="83" Y="217" T="1317256" />
  <Point X="92" Y="216" T="1317268" />
  <Point X="102" Y="214" T="1317280" />
  <Point X="105" Y="214" T="1317282" />
  <Point X="117" Y="215" T="1317295" />
  <Point X="134" Y="216" T="1317309" />
  <Point X="146" Y="218" T="1317323" />
  <Point X="162" Y="220" T="1317338" />
  <Point X="173" Y="220" T="1317353" />
  <Point X="176" Y="220" T="1317354" />
  <Point X="184" Y="220" T="1317369" />
  <Point X="186" Y="220" T="1317370" />
  <Point X="192" Y="220" T="1317386" />
  <Point X="194" Y="219" T="1317400" />
  <Point X="196" Y="217" T="1317415" />
  <Point X="196" Y="211" T="1317431" />
  <Point X="193" Y="204" T="1317448" />
  <Point X="187" Y="194" T="1317465" />
  <Point X="179" Y="182" T="1317482" />
  <Point X="172" Y="170" T="1317500" />
  <Point X="165" Y="161" T="1317517" />
  <Point X="156" Y="150" T="1317537" />
  <Point X="151" Y="145" T="1317554" />
  <Point X="146" Y="140" T="1317572" />
  <Point X="144" Y="137" T="1317574" />
</Gesture>