﻿<?xml version="1.0" encoding="utf-8" standalone="yes"?>
<Gesture Name="triangle09" Subject="1" Speed="fast" Number="9" NumPts="55" Millseconds="677" AppName="Gestures" AppVer="3.5.0.0" Date="Monday, March 05, 2007" TimeOfDay="5:04:20 PM">
  <Point X="131" Y="132" T="1322986" />
  <Point X="129" Y="134" T="1323002" />
  <Point X="129" Y="136" T="1323008" />
  <Point X="127" Y="141" T="1323014" />
  <Point X="125" Y="144" T="1323021" />
  <Point X="123" Y="150" T="1323028" />
  <Point X="119" Y="156" T="1323035" />
  <Point X="116" Y="163" T="1323043" />
  <Point X="112" Y="170" T="1323051" />
  <Point X="107" Y="176" T="1323059" />
  <Point X="103" Y="183" T="1323067" />
  <Point X="97" Y="189" T="1323075" />
  <Point X="92" Y="195" T="1323084" />
  <Point X="87" Y="201" T="1323093" />
  <Point X="85" Y="203" T="1323095" />
  <Point X="80" Y="208" T="1323105" />
  <Point X="73" Y="215" T="1323115" />
  <Point X="69" Y="218" T="1323125" />
  <Point X="64" Y="223" T="1323134" />
  <Point X="62" Y="225" T="1323144" />
  <Point X="59" Y="227" T="1323154" />
  <Point X="62" Y="228" T="1323206" />
  <Point X="64" Y="228" T="1323216" />
  <Point X="70" Y="227" T="1323227" />
  <Point X="76" Y="226" T="1323238" />
  <Point X="81" Y="226" T="1323250" />
  <Point X="84" Y="225" T="1323251" />
  <Point X="92" Y="224" T="1323266" />
  <Point X="96" Y="224" T="1323267" />
  <Point X="106" Y="224" T="1323281" />
  <Point X="120" Y="225" T="1323294" />
  <Point X="130" Y="227" T="1323309" />
  <Point X="144" Y="229" T="1323323" />
  <Point X="155" Y="231" T="1323337" />
  <Point X="158" Y="231" T="1323339" />
  <Point X="168" Y="231" T="1323353" />
  <Point X="171" Y="231" T="1323355" />
  <Point X="181" Y="229" T="1323371" />
  <Point X="186" Y="227" T="1323387" />
  <Point X="191" Y="226" T="1323402" />
  <Point X="193" Y="225" T="1323417" />
  <Point X="193" Y="223" T="1323449" />
  <Point X="191" Y="221" T="1323463" />
  <Point X="187" Y="216" T="1323480" />
  <Point X="181" Y="207" T="1323497" />
  <Point X="172" Y="196" T="1323514" />
  <Point X="165" Y="187" T="1323532" />
  <Point X="157" Y="174" T="1323550" />
  <Point X="150" Y="166" T="1323567" />
  <Point X="143" Y="156" T="1323585" />
  <Point X="142" Y="154" T="1323586" />
  <Point X="136" Y="145" T="1323605" />
  <Point X="130" Y="139" T="1323624" />
  <Point X="126" Y="134" T="1323643" />
  <Point X="124" Y="133" T="1323663" />
</Gesture>