﻿<?xml version="1.0" encoding="utf-8" standalone="yes"?>
<Gesture Name="triangle05" Subject="1" Speed="fast" Number="5" NumPts="55" Millseconds="614" AppName="Gestures" AppVer="3.5.0.0" Date="Monday, March 05, 2007" TimeOfDay="5:04:15 PM">
  <Point X="152" Y="124" T="1317939" />
  <Point X="149" Y="125" T="1317950" />
  <Point X="148" Y="128" T="1317958" />
  <Point X="147" Y="130" T="1317964" />
  <Point X="146" Y="133" T="1317970" />
  <Point X="145" Y="135" T="1317971" />
  <Point X="144" Y="138" T="1317977" />
  <Point X="142" Y="140" T="1317978" />
  <Point X="141" Y="144" T="1317985" />
  <Point X="139" Y="146" T="1317986" />
  <Point X="138" Y="150" T="1317994" />
  <Point X="136" Y="154" T="1317995" />
  <Point X="132" Y="161" T="1318003" />
  <Point X="129" Y="168" T="1318011" />
  <Point X="125" Y="174" T="1318020" />
  <Point X="120" Y="180" T="1318029" />
  <Point X="113" Y="189" T="1318039" />
  <Point X="107" Y="195" T="1318048" />
  <Point X="101" Y="201" T="1318057" />
  <Point X="98" Y="203" T="1318061" />
  <Point X="89" Y="211" T="1318071" />
  <Point X="84" Y="216" T="1318081" />
  <Point X="81" Y="218" T="1318083" />
  <Point X="75" Y="223" T="1318093" />
  <Point X="68" Y="231" T="1318104" />
  <Point X="64" Y="234" T="1318115" />
  <Point X="61" Y="237" T="1318125" />
  <Point X="58" Y="240" T="1318126" />
  <Point X="56" Y="241" T="1318138" />
  <Point X="54" Y="243" T="1318150" />
  <Point X="57" Y="241" T="1318178" />
  <Point X="60" Y="240" T="1318190" />
  <Point X="69" Y="236" T="1318205" />
  <Point X="81" Y="233" T="1318219" />
  <Point X="92" Y="231" T="1318233" />
  <Point X="96" Y="230" T="1318235" />
  <Point X="113" Y="229" T="1318252" />
  <Point X="131" Y="230" T="1318268" />
  <Point X="148" Y="229" T="1318283" />
  <Point X="163" Y="229" T="1318299" />
  <Point X="175" Y="229" T="1318316" />
  <Point X="185" Y="229" T="1318332" />
  <Point X="191" Y="228" T="1318348" />
  <Point X="193" Y="227" T="1318364" />
  <Point X="195" Y="223" T="1318381" />
  <Point X="194" Y="216" T="1318398" />
  <Point X="190" Y="205" T="1318416" />
  <Point X="185" Y="194" T="1318433" />
  <Point X="184" Y="191" T="1318435" />
  <Point X="177" Y="176" T="1318456" />
  <Point X="170" Y="162" T="1318475" />
  <Point X="164" Y="150" T="1318495" />
  <Point X="158" Y="140" T="1318515" />
  <Point X="151" Y="132" T="1318534" />
  <Point X="146" Y="130" T="1318553" />
</Gesture>