﻿<?xml version="1.0" encoding="utf-8" standalone="yes"?>
<Gesture Name="triangle02" Subject="1" Speed="fast" Number="2" NumPts="54" Millseconds="568" AppName="Gestures" AppVer="3.5.0.0" Date="Monday, March 05, 2007" TimeOfDay="5:04:12 PM">
  <Point X="148" Y="131" T="1314842" />
  <Point X="145" Y="134" T="1314849" />
  <Point X="143" Y="136" T="1314855" />
  <Point X="142" Y="138" T="1314862" />
  <Point X="138" Y="142" T="1314868" />
  <Point X="136" Y="144" T="1314870" />
  <Point X="132" Y="150" T="1314878" />
  <Point X="130" Y="153" T="1314885" />
  <Point X="128" Y="156" T="1314886" />
  <Point X="124" Y="162" T="1314895" />
  <Point X="120" Y="169" T="1314903" />
  <Point X="116" Y="176" T="1314911" />
  <Point X="111" Y="183" T="1314919" />
  <Point X="105" Y="191" T="1314928" />
  <Point X="100" Y="198" T="1314937" />
  <Point X="97" Y="201" T="1314938" />
  <Point X="92" Y="208" T="1314949" />
  <Point X="89" Y="211" T="1314950" />
  <Point X="81" Y="218" T="1314961" />
  <Point X="77" Y="223" T="1314971" />
  <Point X="75" Y="225" T="1314981" />
  <Point X="71" Y="226" T="1314982" />
  <Point X="68" Y="230" T="1314994" />
  <Point X="66" Y="232" T="1315004" />
  <Point X="63" Y="233" T="1315014" />
  <Point X="66" Y="232" T="1315045" />
  <Point X="69" Y="232" T="1315056" />
  <Point X="72" Y="230" T="1315067" />
  <Point X="80" Y="229" T="1315079" />
  <Point X="88" Y="226" T="1315091" />
  <Point X="97" Y="225" T="1315104" />
  <Point X="107" Y="225" T="1315116" />
  <Point X="110" Y="225" T="1315118" />
  <Point X="121" Y="224" T="1315131" />
  <Point X="133" Y="225" T="1315144" />
  <Point X="137" Y="225" T="1315145" />
  <Point X="149" Y="225" T="1315159" />
  <Point X="162" Y="226" T="1315174" />
  <Point X="171" Y="227" T="1315188" />
  <Point X="181" Y="228" T="1315203" />
  <Point X="186" Y="227" T="1315217" />
  <Point X="188" Y="227" T="1315232" />
  <Point X="191" Y="226" T="1315246" />
  <Point X="187" Y="216" T="1315262" />
  <Point X="181" Y="208" T="1315277" />
  <Point X="176" Y="201" T="1315292" />
  <Point X="174" Y="198" T="1315293" />
  <Point X="167" Y="186" T="1315311" />
  <Point X="159" Y="176" T="1315328" />
  <Point X="151" Y="167" T="1315344" />
  <Point X="144" Y="157" T="1315361" />
  <Point X="141" Y="151" T="1315378" />
  <Point X="140" Y="149" T="1315394" />
  <Point X="138" Y="146" T="1315410" />
</Gesture>