﻿<?xml version="1.0" encoding="utf-8" standalone="yes"?>
<Gesture Name="v02" Subject="1" Speed="fast" Number="2" NumPts="38" Millseconds="332" AppName="Gestures" AppVer="3.5.0.0" Date="Monday, March 05, 2007" TimeOfDay="4:59:32 PM">
  <Point X="91" Y="155" T="1034155" />
  <Point X="91" Y="157" T="1034167" />
  <Point X="92" Y="160" T="1034175" />
  <Point X="93" Y="164" T="1034183" />
  <Point X="94" Y="168" T="1034189" />
  <Point X="96" Y="176" T="1034195" />
  <Point X="98" Y="179" T="1034202" />
  <Point X="102" Y="187" T="1034209" />
  <Point X="106" Y="195" T="1034216" />
  <Point X="110" Y="202" T="1034223" />
  <Point X="113" Y="205" T="1034230" />
  <Point X="115" Y="209" T="1034231" />
  <Point X="118" Y="215" T="1034239" />
  <Point X="122" Y="220" T="1034248" />
  <Point X="124" Y="226" T="1034256" />
  <Point X="126" Y="232" T="1034265" />
  <Point X="128" Y="239" T="1034274" />
  <Point X="130" Y="245" T="1034283" />
  <Point X="131" Y="247" T="1034292" />
  <Point X="131" Y="249" T="1034302" />
  <Point X="134" Y="249" T="1034324" />
  <Point X="134" Y="247" T="1034334" />
  <Point X="135" Y="241" T="1034345" />
  <Point X="135" Y="232" T="1034356" />
  <Point X="135" Y="224" T="1034367" />
  <Point X="135" Y="220" T="1034368" />
  <Point X="136" Y="212" T="1034379" />
  <Point X="136" Y="208" T="1034380" />
  <Point X="137" Y="199" T="1034392" />
  <Point X="138" Y="194" T="1034393" />
  <Point X="140" Y="178" T="1034405" />
  <Point X="144" Y="166" T="1034418" />
  <Point X="148" Y="156" T="1034431" />
  <Point X="149" Y="154" T="1034433" />
  <Point X="152" Y="149" T="1034445" />
  <Point X="154" Y="146" T="1034459" />
  <Point X="155" Y="143" T="1034473" />
  <Point X="156" Y="141" T="1034487" />
</Gesture>