﻿<?xml version="1.0" encoding="utf-8" standalone="yes"?>
<Gesture Name="v03" Subject="1" Speed="fast" Number="3" NumPts="38" Millseconds="326" AppName="Gestures" AppVer="3.5.0.0" Date="Monday, March 05, 2007" TimeOfDay="4:59:32 PM">
  <Point X="94" Y="155" T="1034827" />
  <Point X="94" Y="157" T="1034834" />
  <Point X="95" Y="160" T="1034842" />
  <Point X="96" Y="163" T="1034851" />
  <Point X="98" Y="167" T="1034858" />
  <Point X="99" Y="170" T="1034864" />
  <Point X="102" Y="175" T="1034870" />
  <Point X="104" Y="178" T="1034877" />
  <Point X="108" Y="184" T="1034884" />
  <Point X="111" Y="191" T="1034891" />
  <Point X="113" Y="194" T="1034898" />
  <Point X="115" Y="196" T="1034899" />
  <Point X="118" Y="202" T="1034906" />
  <Point X="121" Y="207" T="1034914" />
  <Point X="122" Y="209" T="1034922" />
  <Point X="123" Y="212" T="1034923" />
  <Point X="125" Y="216" T="1034932" />
  <Point X="127" Y="220" T="1034941" />
  <Point X="128" Y="222" T="1034942" />
  <Point X="129" Y="225" T="1034951" />
  <Point X="131" Y="228" T="1034960" />
  <Point X="132" Y="231" T="1034969" />
  <Point X="133" Y="233" T="1034981" />
  <Point X="135" Y="235" T="1035002" />
  <Point X="136" Y="233" T="1035012" />
  <Point X="138" Y="230" T="1035023" />
  <Point X="139" Y="226" T="1035033" />
  <Point X="139" Y="219" T="1035044" />
  <Point X="139" Y="207" T="1035055" />
  <Point X="140" Y="195" T="1035066" />
  <Point X="141" Y="184" T="1035077" />
  <Point X="141" Y="180" T="1035078" />
  <Point X="144" Y="166" T="1035091" />
  <Point X="147" Y="156" T="1035104" />
  <Point X="151" Y="149" T="1035116" />
  <Point X="154" Y="143" T="1035129" />
  <Point X="156" Y="141" T="1035141" />
  <Point X="158" Y="140" T="1035153" />
</Gesture>