﻿<?xml version="1.0" encoding="utf-8" standalone="yes"?>
<Gesture Name="v04" Subject="1" Speed="fast" Number="4" NumPts="37" Millseconds="335" AppName="Gestures" AppVer="3.5.0.0" Date="Monday, March 05, 2007" TimeOfDay="4:59:33 PM">
  <Point X="89" Y="148" T="1035507" />
  <Point X="90" Y="150" T="1035534" />
  <Point X="90" Y="152" T="1035541" />
  <Point X="92" Y="156" T="1035547" />
  <Point X="94" Y="159" T="1035553" />
  <Point X="95" Y="163" T="1035555" />
  <Point X="99" Y="170" T="1035563" />
  <Point X="101" Y="174" T="1035570" />
  <Point X="102" Y="178" T="1035571" />
  <Point X="106" Y="185" T="1035581" />
  <Point X="109" Y="194" T="1035589" />
  <Point X="111" Y="199" T="1035591" />
  <Point X="114" Y="207" T="1035600" />
  <Point X="116" Y="214" T="1035609" />
  <Point X="119" Y="222" T="1035618" />
  <Point X="120" Y="226" T="1035619" />
  <Point X="122" Y="236" T="1035630" />
  <Point X="123" Y="241" T="1035641" />
  <Point X="125" Y="243" T="1035651" />
  <Point X="126" Y="245" T="1035661" />
  <Point X="128" Y="245" T="1035683" />
  <Point X="128" Y="243" T="1035693" />
  <Point X="129" Y="237" T="1035704" />
  <Point X="130" Y="233" T="1035714" />
  <Point X="130" Y="230" T="1035716" />
  <Point X="131" Y="221" T="1035728" />
  <Point X="132" Y="216" T="1035739" />
  <Point X="133" Y="213" T="1035740" />
  <Point X="137" Y="204" T="1035753" />
  <Point X="141" Y="195" T="1035765" />
  <Point X="145" Y="182" T="1035776" />
  <Point X="149" Y="171" T="1035789" />
  <Point X="153" Y="159" T="1035801" />
  <Point X="156" Y="147" T="1035814" />
  <Point X="157" Y="144" T="1035826" />
  <Point X="158" Y="141" T="1035827" />
  <Point X="159" Y="139" T="1035842" />
</Gesture>