﻿<?xml version="1.0" encoding="utf-8" standalone="yes"?>
<Gesture Name="v05" Subject="1" Speed="fast" Number="5" NumPts="37" Millseconds="330" AppName="Gestures" AppVer="3.5.0.0" Date="Monday, March 05, 2007" TimeOfDay="4:59:34 PM">
  <Point X="92" Y="150" T="1036193" />
  <Point X="94" Y="153" T="1036213" />
  <Point X="95" Y="157" T="1036221" />
  <Point X="97" Y="161" T="1036230" />
  <Point X="99" Y="163" T="1036235" />
  <Point X="100" Y="167" T="1036242" />
  <Point X="102" Y="170" T="1036243" />
  <Point X="105" Y="176" T="1036251" />
  <Point X="107" Y="179" T="1036258" />
  <Point X="109" Y="183" T="1036259" />
  <Point X="112" Y="190" T="1036268" />
  <Point X="116" Y="197" T="1036276" />
  <Point X="119" Y="204" T="1036283" />
  <Point X="122" Y="210" T="1036291" />
  <Point X="124" Y="216" T="1036299" />
  <Point X="127" Y="222" T="1036307" />
  <Point X="129" Y="226" T="1036316" />
  <Point X="131" Y="231" T="1036325" />
  <Point X="132" Y="234" T="1036326" />
  <Point X="134" Y="237" T="1036337" />
  <Point X="135" Y="239" T="1036347" />
  <Point X="136" Y="242" T="1036356" />
  <Point X="138" Y="242" T="1036375" />
  <Point X="140" Y="238" T="1036390" />
  <Point X="140" Y="234" T="1036400" />
  <Point X="140" Y="226" T="1036411" />
  <Point X="140" Y="220" T="1036422" />
  <Point X="140" Y="216" T="1036423" />
  <Point X="141" Y="207" T="1036433" />
  <Point X="141" Y="202" T="1036435" />
  <Point X="142" Y="188" T="1036448" />
  <Point X="145" Y="176" T="1036459" />
  <Point X="148" Y="164" T="1036471" />
  <Point X="151" Y="157" T="1036484" />
  <Point X="154" Y="151" T="1036498" />
  <Point X="156" Y="148" T="1036511" />
  <Point X="158" Y="146" T="1036523" />
</Gesture>