﻿<?xml version="1.0" encoding="utf-8" standalone="yes"?>
<Gesture Name="v06" Subject="1" Speed="fast" Number="6" NumPts="40" Millseconds="406" AppName="Gestures" AppVer="3.5.0.0" Date="Monday, March 05, 2007" TimeOfDay="4:59:34 PM">
  <Point X="96" Y="149" T="1036871" />
  <Point X="96" Y="151" T="1036887" />
  <Point X="97" Y="155" T="1036899" />
  <Point X="98" Y="157" T="1036904" />
  <Point X="99" Y="160" T="1036910" />
  <Point X="101" Y="166" T="1036916" />
  <Point X="102" Y="169" T="1036922" />
  <Point X="104" Y="172" T="1036923" />
  <Point X="106" Y="180" T="1036932" />
  <Point X="110" Y="188" T="1036939" />
  <Point X="111" Y="191" T="1036946" />
  <Point X="113" Y="195" T="1036947" />
  <Point X="116" Y="202" T="1036957" />
  <Point X="118" Y="209" T="1036965" />
  <Point X="120" Y="215" T="1036973" />
  <Point X="123" Y="220" T="1036982" />
  <Point X="124" Y="224" T="1036990" />
  <Point X="126" Y="231" T="1036999" />
  <Point X="127" Y="235" T="1037008" />
  <Point X="128" Y="238" T="1037016" />
  <Point X="130" Y="241" T="1037032" />
  <Point X="132" Y="242" T="1037056" />
  <Point X="134" Y="238" T="1037068" />
  <Point X="134" Y="234" T="1037078" />
  <Point X="135" Y="225" T="1037089" />
  <Point X="136" Y="218" T="1037099" />
  <Point X="138" Y="207" T="1037110" />
  <Point X="141" Y="195" T="1037121" />
  <Point X="145" Y="183" T="1037133" />
  <Point X="149" Y="176" T="1037144" />
  <Point X="150" Y="173" T="1037145" />
  <Point X="156" Y="163" T="1037159" />
  <Point X="161" Y="156" T="1037171" />
  <Point X="162" Y="153" T="1037172" />
  <Point X="166" Y="148" T="1037187" />
  <Point X="168" Y="145" T="1037200" />
  <Point X="170" Y="144" T="1037212" />
  <Point X="171" Y="142" T="1037225" />
  <Point X="169" Y="144" T="1037264" />
  <Point X="168" Y="146" T="1037277" />
</Gesture>