﻿<?xml version="1.0" encoding="utf-8" standalone="yes"?>
<Gesture Name="v07" Subject="1" Speed="fast" Number="7" NumPts="39" Millseconds="433" AppName="Gestures" AppVer="3.5.0.0" Date="Monday, March 05, 2007" TimeOfDay="4:59:35 PM">
  <Point X="97" Y="147" T="1037565" />
  <Point X="98" Y="149" T="1037593" />
  <Point X="100" Y="152" T="1037601" />
  <Point X="101" Y="154" T="1037606" />
  <Point X="102" Y="156" T="1037612" />
  <Point X="103" Y="159" T="1037613" />
  <Point X="106" Y="165" T="1037622" />
  <Point X="108" Y="168" T="1037628" />
  <Point X="110" Y="171" T="1037629" />
  <Point X="113" Y="179" T="1037638" />
  <Point X="117" Y="186" T="1037645" />
  <Point X="119" Y="189" T="1037652" />
  <Point X="121" Y="193" T="1037653" />
  <Point X="124" Y="200" T="1037662" />
  <Point X="127" Y="206" T="1037670" />
  <Point X="130" Y="212" T="1037678" />
  <Point X="133" Y="218" T="1037687" />
  <Point X="135" Y="223" T="1037695" />
  <Point X="138" Y="228" T="1037704" />
  <Point X="139" Y="230" T="1037713" />
  <Point X="140" Y="233" T="1037714" />
  <Point X="142" Y="236" T="1037728" />
  <Point X="143" Y="238" T="1037738" />
  <Point X="144" Y="240" T="1037749" />
  <Point X="146" Y="240" T="1037786" />
  <Point X="146" Y="238" T="1037797" />
  <Point X="147" Y="234" T="1037808" />
  <Point X="147" Y="224" T="1037819" />
  <Point X="147" Y="213" T="1037831" />
  <Point X="147" Y="199" T="1037842" />
  <Point X="147" Y="185" T="1037854" />
  <Point X="149" Y="171" T="1037866" />
  <Point X="152" Y="161" T="1037879" />
  <Point X="154" Y="156" T="1037891" />
  <Point X="156" Y="150" T="1037903" />
  <Point X="159" Y="144" T="1037916" />
  <Point X="161" Y="141" T="1037928" />
  <Point X="162" Y="139" T="1037962" />
  <Point X="160" Y="141" T="1037998" />
</Gesture>