﻿<?xml version="1.0" encoding="utf-8" standalone="yes"?>
<Gesture Name="v08" Subject="1" Speed="fast" Number="8" NumPts="42" Millseconds="391" AppName="Gestures" AppVer="3.5.0.0" Date="Monday, March 05, 2007" TimeOfDay="4:59:36 PM">
  <Point X="91" Y="152" T="1038337" />
  <Point X="93" Y="154" T="1038365" />
  <Point X="95" Y="157" T="1038374" />
  <Point X="96" Y="159" T="1038379" />
  <Point X="97" Y="162" T="1038385" />
  <Point X="99" Y="166" T="1038386" />
  <Point X="101" Y="173" T="1038395" />
  <Point X="102" Y="176" T="1038401" />
  <Point X="104" Y="180" T="1038402" />
  <Point X="106" Y="187" T="1038411" />
  <Point X="107" Y="190" T="1038418" />
  <Point X="108" Y="193" T="1038419" />
  <Point X="110" Y="201" T="1038428" />
  <Point X="112" Y="208" T="1038436" />
  <Point X="114" Y="215" T="1038444" />
  <Point X="116" Y="221" T="1038452" />
  <Point X="117" Y="227" T="1038460" />
  <Point X="118" Y="232" T="1038469" />
  <Point X="119" Y="237" T="1038478" />
  <Point X="120" Y="239" T="1038479" />
  <Point X="121" Y="242" T="1038490" />
  <Point X="122" Y="244" T="1038499" />
  <Point X="123" Y="246" T="1038510" />
  <Point X="125" Y="246" T="1038538" />
  <Point X="126" Y="244" T="1038549" />
  <Point X="127" Y="242" T="1038560" />
  <Point X="130" Y="236" T="1038571" />
  <Point X="130" Y="233" T="1038581" />
  <Point X="132" Y="227" T="1038593" />
  <Point X="134" Y="217" T="1038604" />
  <Point X="137" Y="208" T="1038616" />
  <Point X="140" Y="195" T="1038628" />
  <Point X="145" Y="183" T="1038640" />
  <Point X="150" Y="174" T="1038653" />
  <Point X="155" Y="166" T="1038666" />
  <Point X="157" Y="163" T="1038667" />
  <Point X="162" Y="157" T="1038682" />
  <Point X="164" Y="155" T="1038683" />
  <Point X="167" Y="151" T="1038698" />
  <Point X="169" Y="149" T="1038699" />
  <Point X="171" Y="147" T="1038714" />
  <Point X="173" Y="145" T="1038728" />
</Gesture>