﻿<?xml version="1.0" encoding="utf-8" standalone="yes"?>
<Gesture Name="v09" Subject="1" Speed="fast" Number="9" NumPts="37" Millseconds="354" AppName="Gestures" AppVer="3.5.0.0" Date="Monday, March 05, 2007" TimeOfDay="4:59:37 PM">
  <Point X="99" Y="165" T="1039118" />
  <Point X="101" Y="168" T="1039159" />
  <Point X="104" Y="171" T="1039167" />
  <Point X="105" Y="174" T="1039172" />
  <Point X="107" Y="176" T="1039178" />
  <Point X="110" Y="181" T="1039184" />
  <Point X="111" Y="185" T="1039190" />
  <Point X="115" Y="191" T="1039196" />
  <Point X="116" Y="193" T="1039202" />
  <Point X="118" Y="197" T="1039204" />
  <Point X="121" Y="203" T="1039212" />
  <Point X="124" Y="209" T="1039220" />
  <Point X="126" Y="215" T="1039228" />
  <Point X="129" Y="221" T="1039236" />
  <Point X="130" Y="224" T="1039244" />
  <Point X="134" Y="230" T="1039252" />
  <Point X="135" Y="233" T="1039261" />
  <Point X="137" Y="236" T="1039270" />
  <Point X="139" Y="239" T="1039271" />
  <Point X="141" Y="241" T="1039282" />
  <Point X="142" Y="243" T="1039292" />
  <Point X="144" Y="243" T="1039316" />
  <Point X="144" Y="241" T="1039325" />
  <Point X="145" Y="238" T="1039335" />
  <Point X="145" Y="231" T="1039345" />
  <Point X="145" Y="224" T="1039355" />
  <Point X="145" Y="221" T="1039356" />
  <Point X="145" Y="215" T="1039367" />
  <Point X="145" Y="212" T="1039369" />
  <Point X="146" Y="200" T="1039381" />
  <Point X="148" Y="189" T="1039393" />
  <Point X="151" Y="180" T="1039405" />
  <Point X="154" Y="173" T="1039418" />
  <Point X="157" Y="166" T="1039431" />
  <Point X="159" Y="161" T="1039444" />
  <Point X="162" Y="155" T="1039457" />
  <Point X="163" Y="153" T="1039472" />
</Gesture>