﻿<?xml version="1.0" encoding="utf-8" standalone="yes"?>
<Gesture Name="v10" Subject="1" Speed="fast" Number="10" NumPts="42" Millseconds="417" AppName="Gestures" AppVer="3.5.0.0" Date="Monday, March 05, 2007" TimeOfDay="4:59:37 PM">
  <Point X="96" Y="151" T="1039880" />
  <Point X="96" Y="153" T="1039896" />
  <Point X="97" Y="156" T="1039904" />
  <Point X="99" Y="158" T="1039912" />
  <Point X="100" Y="160" T="1039917" />
  <Point X="101" Y="162" T="1039924" />
  <Point X="102" Y="165" T="1039925" />
  <Point X="104" Y="171" T="1039933" />
  <Point X="106" Y="174" T="1039939" />
  <Point X="107" Y="177" T="1039940" />
  <Point X="110" Y="183" T="1039949" />
  <Point X="111" Y="187" T="1039956" />
  <Point X="112" Y="191" T="1039957" />
  <Point X="114" Y="197" T="1039966" />
  <Point X="116" Y="204" T="1039974" />
  <Point X="117" Y="209" T="1039982" />
  <Point X="119" Y="215" T="1039991" />
  <Point X="120" Y="222" T="1040000" />
  <Point X="120" Y="224" T="1040001" />
  <Point X="121" Y="226" T="1040011" />
  <Point X="122" Y="231" T="1040020" />
  <Point X="123" Y="234" T="1040030" />
  <Point X="124" Y="237" T="1040039" />
  <Point X="125" Y="239" T="1040041" />
  <Point X="127" Y="240" T="1040076" />
  <Point X="128" Y="238" T="1040088" />
  <Point X="128" Y="235" T="1040099" />
  <Point X="128" Y="231" T="1040111" />
  <Point X="129" Y="225" T="1040122" />
  <Point X="131" Y="216" T="1040134" />
  <Point X="133" Y="206" T="1040147" />
  <Point X="136" Y="195" T="1040159" />
  <Point X="137" Y="191" T="1040161" />
  <Point X="141" Y="180" T="1040175" />
  <Point X="145" Y="170" T="1040188" />
  <Point X="147" Y="167" T="1040189" />
  <Point X="152" Y="154" T="1040205" />
  <Point X="155" Y="151" T="1040218" />
  <Point X="156" Y="147" T="1040232" />
  <Point X="158" Y="145" T="1040233" />
  <Point X="159" Y="143" T="1040249" />
  <Point X="157" Y="145" T="1040297" />
</Gesture>