﻿<?xml version="1.0" encoding="utf-8" standalone="yes"?>
<Gesture Name="x02" Subject="1" Speed="fast" Number="2" NumPts="52" Millseconds="567" AppName="Gestures" AppVer="3.5.0.0" Date="Monday, March 05, 2007" TimeOfDay="5:01:06 PM">
  <Point X="87" Y="167" T="1127970" />
  <Point X="89" Y="170" T="1127991" />
  <Point X="89" Y="172" T="1127997" />
  <Point X="91" Y="176" T="1128003" />
  <Point X="94" Y="179" T="1128013" />
  <Point X="96" Y="182" T="1128020" />
  <Point X="98" Y="184" T="1128021" />
  <Point X="103" Y="189" T="1128029" />
  <Point X="105" Y="192" T="1128035" />
  <Point X="107" Y="195" T="1128037" />
  <Point X="113" Y="200" T="1128045" />
  <Point X="118" Y="206" T="1128053" />
  <Point X="123" Y="211" T="1128060" />
  <Point X="125" Y="213" T="1128068" />
  <Point X="127" Y="216" T="1128069" />
  <Point X="131" Y="222" T="1128079" />
  <Point X="133" Y="223" T="1128087" />
  <Point X="137" Y="226" T="1128088" />
  <Point X="139" Y="229" T="1128099" />
  <Point X="142" Y="233" T="1128108" />
  <Point X="144" Y="234" T="1128120" />
  <Point X="146" Y="236" T="1128129" />
  <Point X="148" Y="236" T="1128144" />
  <Point X="148" Y="233" T="1128156" />
  <Point X="148" Y="229" T="1128166" />
  <Point X="147" Y="221" T="1128177" />
  <Point X="147" Y="215" T="1128187" />
  <Point X="146" Y="212" T="1128188" />
  <Point X="144" Y="199" T="1128201" />
  <Point X="143" Y="187" T="1128213" />
  <Point X="144" Y="176" T="1128225" />
  <Point X="145" Y="165" T="1128236" />
  <Point X="147" Y="154" T="1128248" />
  <Point X="149" Y="146" T="1128261" />
  <Point X="151" Y="141" T="1128273" />
  <Point X="151" Y="139" T="1128285" />
  <Point X="149" Y="143" T="1128321" />
  <Point X="145" Y="150" T="1128334" />
  <Point X="141" Y="155" T="1128347" />
  <Point X="133" Y="165" T="1128360" />
  <Point X="124" Y="179" T="1128374" />
  <Point X="115" Y="190" T="1128388" />
  <Point X="105" Y="205" T="1128402" />
  <Point X="98" Y="217" T="1128416" />
  <Point X="97" Y="220" T="1128417" />
  <Point X="91" Y="230" T="1128436" />
  <Point X="88" Y="238" T="1128451" />
  <Point X="87" Y="240" T="1128466" />
  <Point X="87" Y="238" T="1128502" />
  <Point X="88" Y="235" T="1128517" />
  <Point X="89" Y="232" T="1128518" />
  <Point X="90" Y="230" T="1128537" />
</Gesture>