﻿<?xml version="1.0" encoding="utf-8" standalone="yes"?>
<Gesture Name="x03" Subject="1" Speed="fast" Number="3" NumPts="53" Millseconds="584" AppName="Gestures" AppVer="3.5.0.0" Date="Monday, March 05, 2007" TimeOfDay="5:01:06 PM">
  <Point X="83" Y="167" T="1128835" />
  <Point X="85" Y="168" T="1128876" />
  <Point X="87" Y="171" T="1128883" />
  <Point X="90" Y="174" T="1128892" />
  <Point X="92" Y="176" T="1128898" />
  <Point X="94" Y="178" T="1128903" />
  <Point X="96" Y="181" T="1128904" />
  <Point X="100" Y="186" T="1128913" />
  <Point X="102" Y="190" T="1128919" />
  <Point X="104" Y="192" T="1128920" />
  <Point X="108" Y="197" T="1128929" />
  <Point X="112" Y="202" T="1128937" />
  <Point X="115" Y="206" T="1128944" />
  <Point X="116" Y="209" T="1128951" />
  <Point X="117" Y="212" T="1128953" />
  <Point X="119" Y="215" T="1128962" />
  <Point X="122" Y="218" T="1128971" />
  <Point X="125" Y="224" T="1128979" />
  <Point X="127" Y="226" T="1128988" />
  <Point X="129" Y="228" T="1128997" />
  <Point X="132" Y="230" T="1129006" />
  <Point X="134" Y="229" T="1129020" />
  <Point X="136" Y="229" T="1129047" />
  <Point X="136" Y="227" T="1129056" />
  <Point X="136" Y="224" T="1129066" />
  <Point X="136" Y="220" T="1129076" />
  <Point X="136" Y="212" T="1129087" />
  <Point X="135" Y="206" T="1129098" />
  <Point X="135" Y="195" T="1129109" />
  <Point X="135" Y="183" T="1129120" />
  <Point X="136" Y="169" T="1129132" />
  <Point X="137" Y="159" T="1129143" />
  <Point X="138" Y="147" T="1129155" />
  <Point X="139" Y="140" T="1129167" />
  <Point X="139" Y="136" T="1129179" />
  <Point X="139" Y="133" T="1129191" />
  <Point X="137" Y="135" T="1129216" />
  <Point X="135" Y="141" T="1129229" />
  <Point X="132" Y="147" T="1129242" />
  <Point X="128" Y="156" T="1129255" />
  <Point X="127" Y="159" T="1129256" />
  <Point X="120" Y="172" T="1129272" />
  <Point X="113" Y="183" T="1129286" />
  <Point X="103" Y="199" T="1129301" />
  <Point X="95" Y="210" T="1129318" />
  <Point X="93" Y="214" T="1129319" />
  <Point X="90" Y="218" T="1129321" />
  <Point X="83" Y="230" T="1129337" />
  <Point X="79" Y="238" T="1129352" />
  <Point X="76" Y="244" T="1129367" />
  <Point X="74" Y="246" T="1129383" />
  <Point X="75" Y="244" T="1129403" />
  <Point X="76" Y="241" T="1129419" />
</Gesture>