﻿<?xml version="1.0" encoding="utf-8" standalone="yes"?>
<Gesture Name="x04" Subject="1" Speed="fast" Number="4" NumPts="48" Millseconds="481" AppName="Gestures" AppVer="3.5.0.0" Date="Monday, March 05, 2007" TimeOfDay="5:01:07 PM">
  <Point X="91" Y="164" T="1129721" />
  <Point X="92" Y="166" T="1129729" />
  <Point X="93" Y="169" T="1129738" />
  <Point X="94" Y="171" T="1129743" />
  <Point X="95" Y="173" T="1129749" />
  <Point X="96" Y="175" T="1129750" />
  <Point X="99" Y="179" T="1129759" />
  <Point X="101" Y="181" T="1129765" />
  <Point X="102" Y="184" T="1129766" />
  <Point X="106" Y="189" T="1129775" />
  <Point X="108" Y="191" T="1129782" />
  <Point X="110" Y="194" T="1129783" />
  <Point X="115" Y="199" T="1129792" />
  <Point X="119" Y="204" T="1129800" />
  <Point X="123" Y="210" T="1129807" />
  <Point X="126" Y="215" T="1129816" />
  <Point X="129" Y="219" T="1129824" />
  <Point X="132" Y="223" T="1129832" />
  <Point X="135" Y="226" T="1129843" />
  <Point X="137" Y="229" T="1129852" />
  <Point X="139" Y="231" T="1129861" />
  <Point X="140" Y="233" T="1129870" />
  <Point X="142" Y="233" T="1129889" />
  <Point X="142" Y="231" T="1129901" />
  <Point X="142" Y="227" T="1129911" />
  <Point X="141" Y="221" T="1129921" />
  <Point X="140" Y="214" T="1129932" />
  <Point X="139" Y="206" T="1129942" />
  <Point X="138" Y="195" T="1129954" />
  <Point X="138" Y="188" T="1129965" />
  <Point X="138" Y="185" T="1129966" />
  <Point X="139" Y="173" T="1129978" />
  <Point X="141" Y="163" T="1129990" />
  <Point X="143" Y="154" T="1130003" />
  <Point X="145" Y="150" T="1130015" />
  <Point X="147" Y="145" T="1130027" />
  <Point X="145" Y="147" T="1130057" />
  <Point X="143" Y="151" T="1130070" />
  <Point X="137" Y="160" T="1130083" />
  <Point X="130" Y="168" T="1130096" />
  <Point X="128" Y="171" T="1130097" />
  <Point X="117" Y="185" T="1130114" />
  <Point X="108" Y="194" T="1130128" />
  <Point X="99" Y="205" T="1130143" />
  <Point X="92" Y="216" T="1130158" />
  <Point X="88" Y="223" T="1130172" />
  <Point X="86" Y="226" T="1130187" />
  <Point X="84" Y="230" T="1130202" />
</Gesture>