﻿<?xml version="1.0" encoding="utf-8" standalone="yes"?>
<Gesture Name="x05" Subject="1" Speed="fast" Number="5" NumPts="46" Millseconds="470" AppName="Gestures" AppVer="3.5.0.0" Date="Monday, March 05, 2007" TimeOfDay="5:01:08 PM">
  <Point X="83" Y="167" T="1130514" />
  <Point X="84" Y="171" T="1130522" />
  <Point X="85" Y="173" T="1130528" />
  <Point X="87" Y="177" T="1130534" />
  <Point X="90" Y="181" T="1130543" />
  <Point X="93" Y="185" T="1130551" />
  <Point X="95" Y="187" T="1130557" />
  <Point X="99" Y="194" T="1130564" />
  <Point X="102" Y="196" T="1130570" />
  <Point X="104" Y="198" T="1130571" />
  <Point X="109" Y="202" T="1130580" />
  <Point X="113" Y="206" T="1130587" />
  <Point X="115" Y="208" T="1130594" />
  <Point X="117" Y="210" T="1130596" />
  <Point X="121" Y="213" T="1130605" />
  <Point X="125" Y="217" T="1130613" />
  <Point X="127" Y="219" T="1130622" />
  <Point X="130" Y="222" T="1130630" />
  <Point X="132" Y="224" T="1130640" />
  <Point X="134" Y="223" T="1130655" />
  <Point X="136" Y="221" T="1130672" />
  <Point X="137" Y="219" T="1130681" />
  <Point X="137" Y="214" T="1130691" />
  <Point X="135" Y="204" T="1130701" />
  <Point X="134" Y="196" T="1130711" />
  <Point X="133" Y="184" T="1130721" />
  <Point X="132" Y="174" T="1130731" />
  <Point X="132" Y="169" T="1130732" />
  <Point X="134" Y="155" T="1130745" />
  <Point X="136" Y="145" T="1130757" />
  <Point X="138" Y="140" T="1130769" />
  <Point X="139" Y="136" T="1130780" />
  <Point X="141" Y="134" T="1130781" />
  <Point X="141" Y="136" T="1130816" />
  <Point X="140" Y="142" T="1130828" />
  <Point X="135" Y="153" T="1130841" />
  <Point X="130" Y="163" T="1130853" />
  <Point X="122" Y="176" T="1130866" />
  <Point X="112" Y="189" T="1130880" />
  <Point X="109" Y="194" T="1130881" />
  <Point X="96" Y="212" T="1130896" />
  <Point X="89" Y="222" T="1130910" />
  <Point X="82" Y="233" T="1130925" />
  <Point X="80" Y="236" T="1130939" />
  <Point X="79" Y="238" T="1130952" />
  <Point X="80" Y="236" T="1130984" />
</Gesture>