﻿<?xml version="1.0" encoding="utf-8" standalone="yes"?>
<Gesture Name="x06" Subject="1" Speed="fast" Number="6" NumPts="50" Millseconds="505" AppName="Gestures" AppVer="3.5.0.0" Date="Monday, March 05, 2007" TimeOfDay="5:01:09 PM">
  <Point X="83" Y="166" T="1131277" />
  <Point X="85" Y="168" T="1131286" />
  <Point X="86" Y="170" T="1131291" />
  <Point X="87" Y="172" T="1131297" />
  <Point X="88" Y="175" T="1131303" />
  <Point X="90" Y="179" T="1131308" />
  <Point X="93" Y="184" T="1131314" />
  <Point X="95" Y="187" T="1131321" />
  <Point X="99" Y="192" T="1131327" />
  <Point X="101" Y="194" T="1131334" />
  <Point X="103" Y="197" T="1131335" />
  <Point X="108" Y="202" T="1131344" />
  <Point X="112" Y="207" T="1131351" />
  <Point X="116" Y="212" T="1131359" />
  <Point X="120" Y="216" T="1131367" />
  <Point X="123" Y="220" T="1131375" />
  <Point X="125" Y="222" T="1131383" />
  <Point X="127" Y="225" T="1131391" />
  <Point X="130" Y="226" T="1131400" />
  <Point X="132" Y="228" T="1131409" />
  <Point X="134" Y="230" T="1131417" />
  <Point X="136" Y="231" T="1131430" />
  <Point X="137" Y="228" T="1131439" />
  <Point X="138" Y="225" T="1131449" />
  <Point X="139" Y="220" T="1131459" />
  <Point X="139" Y="214" T="1131469" />
  <Point X="139" Y="212" T="1131470" />
  <Point X="138" Y="200" T="1131482" />
  <Point X="138" Y="190" T="1131493" />
  <Point X="138" Y="186" T="1131494" />
  <Point X="138" Y="173" T="1131507" />
  <Point X="139" Y="160" T="1131518" />
  <Point X="141" Y="150" T="1131530" />
  <Point X="143" Y="145" T="1131542" />
  <Point X="145" Y="137" T="1131554" />
  <Point X="142" Y="140" T="1131597" />
  <Point X="138" Y="147" T="1131610" />
  <Point X="133" Y="154" T="1131623" />
  <Point X="126" Y="162" T="1131636" />
  <Point X="115" Y="177" T="1131649" />
  <Point X="106" Y="188" T="1131663" />
  <Point X="96" Y="205" T="1131677" />
  <Point X="89" Y="216" T="1131692" />
  <Point X="83" Y="230" T="1131706" />
  <Point X="80" Y="239" T="1131721" />
  <Point X="79" Y="241" T="1131722" />
  <Point X="78" Y="243" T="1131738" />
  <Point X="77" Y="245" T="1131752" />
  <Point X="77" Y="243" T="1131767" />
  <Point X="77" Y="241" T="1131782" />
</Gesture>