﻿<?xml version="1.0" encoding="utf-8" standalone="yes"?>
<Gesture Name="x07" Subject="1" Speed="fast" Number="7" NumPts="54" Millseconds="570" AppName="Gestures" AppVer="3.5.0.0" Date="Monday, March 05, 2007" TimeOfDay="5:01:10 PM">
  <Point X="86" Y="154" T="1132132" />
  <Point X="87" Y="156" T="1132144" />
  <Point X="88" Y="159" T="1132153" />
  <Point X="90" Y="161" T="1132161" />
  <Point X="92" Y="164" T="1132169" />
  <Point X="93" Y="166" T="1132175" />
  <Point X="97" Y="169" T="1132181" />
  <Point X="99" Y="171" T="1132187" />
  <Point X="104" Y="176" T="1132194" />
  <Point X="106" Y="178" T="1132201" />
  <Point X="108" Y="180" T="1132202" />
  <Point X="113" Y="184" T="1132211" />
  <Point X="118" Y="189" T="1132218" />
  <Point X="122" Y="194" T="1132226" />
  <Point X="126" Y="199" T="1132234" />
  <Point X="130" Y="203" T="1132242" />
  <Point X="134" Y="208" T="1132250" />
  <Point X="137" Y="212" T="1132259" />
  <Point X="141" Y="216" T="1132267" />
  <Point X="143" Y="218" T="1132276" />
  <Point X="149" Y="225" T="1132285" />
  <Point X="152" Y="228" T="1132295" />
  <Point X="154" Y="230" T="1132304" />
  <Point X="156" Y="232" T="1132314" />
  <Point X="158" Y="233" T="1132324" />
  <Point X="160" Y="232" T="1132346" />
  <Point X="160" Y="229" T="1132356" />
  <Point X="160" Y="226" T="1132367" />
  <Point X="159" Y="221" T="1132378" />
  <Point X="159" Y="218" T="1132379" />
  <Point X="158" Y="214" T="1132392" />
  <Point X="156" Y="205" T="1132403" />
  <Point X="155" Y="196" T="1132415" />
  <Point X="153" Y="186" T="1132427" />
  <Point X="152" Y="173" T="1132440" />
  <Point X="151" Y="162" T="1132452" />
  <Point X="150" Y="155" T="1132465" />
  <Point X="150" Y="151" T="1132478" />
  <Point X="150" Y="147" T="1132479" />
  <Point X="148" Y="144" T="1132498" />
  <Point X="145" Y="145" T="1132511" />
  <Point X="143" Y="147" T="1132524" />
  <Point X="135" Y="157" T="1132538" />
  <Point X="129" Y="164" T="1132553" />
  <Point X="121" Y="177" T="1132567" />
  <Point X="111" Y="191" T="1132582" />
  <Point X="104" Y="199" T="1132597" />
  <Point X="102" Y="202" T="1132599" />
  <Point X="93" Y="211" T="1132617" />
  <Point X="86" Y="219" T="1132632" />
  <Point X="82" Y="225" T="1132647" />
  <Point X="80" Y="227" T="1132663" />
  <Point X="79" Y="229" T="1132679" />
  <Point X="79" Y="227" T="1132702" />
</Gesture>