﻿<?xml version="1.0" encoding="utf-8" standalone="yes"?>
<Gesture Name="x08" Subject="1" Speed="fast" Number="8" NumPts="50" Millseconds="531" AppName="Gestures" AppVer="3.5.0.0" Date="Monday, March 05, 2007" TimeOfDay="5:01:11 PM">
  <Point X="83" Y="161" T="1133005" />
  <Point X="84" Y="164" T="1133013" />
  <Point X="86" Y="169" T="1133021" />
  <Point X="88" Y="172" T="1133028" />
  <Point X="91" Y="176" T="1133036" />
  <Point X="93" Y="179" T="1133042" />
  <Point X="95" Y="181" T="1133048" />
  <Point X="98" Y="183" T="1133049" />
  <Point X="103" Y="188" T="1133057" />
  <Point X="106" Y="191" T="1133064" />
  <Point X="109" Y="193" T="1133065" />
  <Point X="115" Y="198" T="1133074" />
  <Point X="121" Y="201" T="1133081" />
  <Point X="127" Y="206" T="1133089" />
  <Point X="132" Y="209" T="1133097" />
  <Point X="136" Y="214" T="1133105" />
  <Point X="140" Y="217" T="1133113" />
  <Point X="143" Y="222" T="1133122" />
  <Point X="146" Y="224" T="1133130" />
  <Point X="148" Y="226" T="1133139" />
  <Point X="149" Y="228" T="1133148" />
  <Point X="149" Y="225" T="1133181" />
  <Point X="148" Y="220" T="1133191" />
  <Point X="147" Y="214" T="1133200" />
  <Point X="146" Y="212" T="1133201" />
  <Point X="145" Y="200" T="1133214" />
  <Point X="144" Y="191" T="1133224" />
  <Point X="144" Y="187" T="1133225" />
  <Point X="145" Y="177" T="1133238" />
  <Point X="147" Y="165" T="1133250" />
  <Point X="150" Y="154" T="1133262" />
  <Point X="153" Y="146" T="1133273" />
  <Point X="155" Y="140" T="1133285" />
  <Point X="157" Y="138" T="1133297" />
  <Point X="158" Y="136" T="1133298" />
  <Point X="156" Y="135" T="1133325" />
  <Point X="152" Y="139" T="1133338" />
  <Point X="148" Y="142" T="1133351" />
  <Point X="140" Y="149" T="1133364" />
  <Point X="130" Y="158" T="1133378" />
  <Point X="121" Y="168" T="1133392" />
  <Point X="107" Y="182" T="1133406" />
  <Point X="97" Y="193" T="1133421" />
  <Point X="94" Y="195" T="1133422" />
  <Point X="84" Y="209" T="1133439" />
  <Point X="77" Y="218" T="1133454" />
  <Point X="75" Y="221" T="1133468" />
  <Point X="73" Y="223" T="1133483" />
  <Point X="74" Y="221" T="1133521" />
  <Point X="76" Y="219" T="1133536" />
</Gesture>