﻿<?xml version="1.0" encoding="utf-8" standalone="yes"?>
<Gesture Name="x09" Subject="1" Speed="fast" Number="9" NumPts="54" Millseconds="576" AppName="Gestures" AppVer="3.5.0.0" Date="Monday, March 05, 2007" TimeOfDay="5:01:12 PM">
  <Point X="90" Y="157" T="1133972" />
  <Point X="91" Y="160" T="1133985" />
  <Point X="93" Y="162" T="1133993" />
  <Point X="95" Y="165" T="1134001" />
  <Point X="97" Y="168" T="1134009" />
  <Point X="99" Y="170" T="1134016" />
  <Point X="103" Y="175" T="1134022" />
  <Point X="107" Y="181" T="1134030" />
  <Point X="112" Y="186" T="1134037" />
  <Point X="115" Y="189" T="1134045" />
  <Point X="117" Y="192" T="1134046" />
  <Point X="123" Y="197" T="1134056" />
  <Point X="126" Y="200" T="1134058" />
  <Point X="132" Y="205" T="1134067" />
  <Point X="139" Y="211" T="1134077" />
  <Point X="143" Y="215" T="1134087" />
  <Point X="145" Y="217" T="1134097" />
  <Point X="148" Y="220" T="1134098" />
  <Point X="150" Y="221" T="1134109" />
  <Point X="152" Y="224" T="1134120" />
  <Point X="154" Y="226" T="1134130" />
  <Point X="156" Y="226" T="1134141" />
  <Point X="157" Y="224" T="1134158" />
  <Point X="157" Y="222" T="1134168" />
  <Point X="156" Y="214" T="1134180" />
  <Point X="155" Y="204" T="1134193" />
  <Point X="154" Y="195" T="1134205" />
  <Point X="154" Y="190" T="1134207" />
  <Point X="154" Y="181" T="1134220" />
  <Point X="155" Y="170" T="1134233" />
  <Point X="156" Y="165" T="1134235" />
  <Point X="158" Y="154" T="1134248" />
  <Point X="160" Y="144" T="1134261" />
  <Point X="161" Y="142" T="1134263" />
  <Point X="163" Y="132" T="1134277" />
  <Point X="164" Y="125" T="1134290" />
  <Point X="165" Y="123" T="1134303" />
  <Point X="163" Y="124" T="1134318" />
  <Point X="160" Y="127" T="1134331" />
  <Point X="152" Y="136" T="1134346" />
  <Point X="150" Y="139" T="1134347" />
  <Point X="140" Y="153" T="1134363" />
  <Point X="130" Y="166" T="1134379" />
  <Point X="122" Y="176" T="1134394" />
  <Point X="120" Y="180" T="1134395" />
  <Point X="109" Y="193" T="1134413" />
  <Point X="100" Y="208" T="1134429" />
  <Point X="92" Y="218" T="1134445" />
  <Point X="90" Y="220" T="1134447" />
  <Point X="86" Y="225" T="1134464" />
  <Point X="85" Y="228" T="1134480" />
  <Point X="87" Y="225" T="1134514" />
  <Point X="89" Y="226" T="1134531" />
  <Point X="94" Y="223" T="1134548" />
</Gesture>