﻿<?xml version="1.0" encoding="utf-8" standalone="yes"?>
<Gesture Name="x10" Subject="1" Speed="fast" Number="10" NumPts="50" Millseconds="483" AppName="Gestures" AppVer="3.5.0.0" Date="Monday, March 05, 2007" TimeOfDay="5:01:12 PM">
  <Point X="94" Y="159" T="1134962" />
  <Point X="96" Y="162" T="1134977" />
  <Point X="98" Y="166" T="1134986" />
  <Point X="99" Y="168" T="1134991" />
  <Point X="100" Y="171" T="1134997" />
  <Point X="104" Y="176" T="1135003" />
  <Point X="106" Y="179" T="1135009" />
  <Point X="110" Y="186" T="1135015" />
  <Point X="113" Y="189" T="1135022" />
  <Point X="115" Y="191" T="1135023" />
  <Point X="120" Y="196" T="1135032" />
  <Point X="125" Y="202" T="1135039" />
  <Point X="129" Y="206" T="1135047" />
  <Point X="133" Y="209" T="1135055" />
  <Point X="135" Y="211" T="1135063" />
  <Point X="138" Y="214" T="1135072" />
  <Point X="141" Y="216" T="1135080" />
  <Point X="143" Y="218" T="1135089" />
  <Point X="145" Y="220" T="1135098" />
  <Point X="147" Y="219" T="1135106" />
  <Point X="150" Y="216" T="1135117" />
  <Point X="152" Y="212" T="1135126" />
  <Point X="153" Y="207" T="1135136" />
  <Point X="153" Y="204" T="1135138" />
  <Point X="154" Y="192" T="1135150" />
  <Point X="154" Y="184" T="1135160" />
  <Point X="154" Y="179" T="1135162" />
  <Point X="155" Y="164" T="1135174" />
  <Point X="156" Y="154" T="1135185" />
  <Point X="157" Y="150" T="1135186" />
  <Point X="159" Y="140" T="1135199" />
  <Point X="161" Y="132" T="1135211" />
  <Point X="162" Y="130" T="1135223" />
  <Point X="163" Y="127" T="1135234" />
  <Point X="160" Y="130" T="1135258" />
  <Point X="156" Y="137" T="1135271" />
  <Point X="151" Y="144" T="1135283" />
  <Point X="143" Y="152" T="1135297" />
  <Point X="135" Y="163" T="1135310" />
  <Point X="131" Y="166" T="1135311" />
  <Point X="118" Y="180" T="1135327" />
  <Point X="107" Y="192" T="1135341" />
  <Point X="94" Y="207" T="1135355" />
  <Point X="87" Y="215" T="1135370" />
  <Point X="85" Y="218" T="1135371" />
  <Point X="80" Y="225" T="1135387" />
  <Point X="79" Y="228" T="1135402" />
  <Point X="79" Y="230" T="1135403" />
  <Point X="81" Y="230" T="1135430" />
  <Point X="83" Y="228" T="1135445" />
</Gesture>