﻿<?xml version="1.0" encoding="utf-8" standalone="yes"?>
<Gesture Name="arrow01" Subject="1" Speed="medium" Number="1" NumPts="59" Millseconds="709" AppName="Gestures" AppVer="3.5.0.0" Date="Monday, March 05, 2007" TimeOfDay="5:04:47 PM">
  <Point X="66" Y="218" T="1349546" />
  <Point X="68" Y="217" T="1349579" />
  <Point X="70" Y="215" T="1349587" />
  <Point X="73" Y="215" T="1349596" />
  <Point X="76" Y="213" T="1349603" />
  <Point X="78" Y="211" T="1349610" />
  <Point X="82" Y="209" T="1349616" />
  <Point X="84" Y="208" T="1349623" />
  <Point X="87" Y="208" T="1349624" />
  <Point X="91" Y="206" T="1349632" />
  <Point X="96" Y="204" T="1349640" />
  <Point X="102" Y="201" T="1349649" />
  <Point X="107" Y="198" T="1349658" />
  <Point X="113" Y="194" T="1349667" />
  <Point X="116" Y="193" T="1349668" />
  <Point X="126" Y="188" T="1349680" />
  <Point X="132" Y="184" T="1349689" />
  <Point X="142" Y="180" T="1349700" />
  <Point X="151" Y="175" T="1349711" />
  <Point X="157" Y="171" T="1349722" />
  <Point X="164" Y="168" T="1349732" />
  <Point X="171" Y="164" T="1349744" />
  <Point X="175" Y="162" T="1349755" />
  <Point X="178" Y="160" T="1349766" />
  <Point X="181" Y="158" T="1349768" />
  <Point X="183" Y="158" T="1349780" />
  <Point X="185" Y="155" T="1349790" />
  <Point X="185" Y="153" T="1349804" />
  <Point X="183" Y="151" T="1349820" />
  <Point X="181" Y="150" T="1349831" />
  <Point X="179" Y="150" T="1349842" />
  <Point X="173" Y="149" T="1349854" />
  <Point X="169" Y="148" T="1349865" />
  <Point X="162" Y="149" T="1349877" />
  <Point X="159" Y="150" T="1349889" />
  <Point X="152" Y="151" T="1349901" />
  <Point X="148" Y="152" T="1349914" />
  <Point X="143" Y="152" T="1349927" />
  <Point X="141" Y="154" T="1349939" />
  <Point X="143" Y="153" T="1349984" />
  <Point X="146" Y="153" T="1349997" />
  <Point X="153" Y="153" T="1350011" />
  <Point X="155" Y="152" T="1350012" />
  <Point X="164" Y="150" T="1350029" />
  <Point X="173" Y="149" T="1350044" />
  <Point X="180" Y="148" T="1350059" />
  <Point X="182" Y="148" T="1350060" />
  <Point X="187" Y="146" T="1350078" />
  <Point X="193" Y="145" T="1350097" />
  <Point X="195" Y="145" T="1350112" />
  <Point X="197" Y="146" T="1350128" />
  <Point X="196" Y="149" T="1350143" />
  <Point X="193" Y="157" T="1350160" />
  <Point X="189" Y="162" T="1350176" />
  <Point X="184" Y="168" T="1350198" />
  <Point X="180" Y="175" T="1350214" />
  <Point X="178" Y="178" T="1350216" />
  <Point X="174" Y="183" T="1350236" />
  <Point X="172" Y="184" T="1350255" />
</Gesture>