﻿<?xml version="1.0" encoding="utf-8" standalone="yes"?>
<Gesture Name="arrow04" Subject="1" Speed="medium" Number="4" NumPts="63" Millseconds="796" AppName="Gestures" AppVer="3.5.0.0" Date="Monday, March 05, 2007" TimeOfDay="5:04:51 PM">
  <Point X="52" Y="237" T="1353192" />
  <Point X="55" Y="236" T="1353211" />
  <Point X="58" Y="234" T="1353219" />
  <Point X="62" Y="231" T="1353228" />
  <Point X="64" Y="230" T="1353234" />
  <Point X="69" Y="226" T="1353241" />
  <Point X="75" Y="223" T="1353249" />
  <Point X="81" Y="220" T="1353256" />
  <Point X="88" Y="217" T="1353265" />
  <Point X="94" Y="213" T="1353273" />
  <Point X="100" Y="210" T="1353281" />
  <Point X="107" Y="206" T="1353289" />
  <Point X="113" Y="202" T="1353298" />
  <Point X="119" Y="200" T="1353307" />
  <Point X="122" Y="198" T="1353309" />
  <Point X="128" Y="195" T="1353319" />
  <Point X="131" Y="194" T="1353321" />
  <Point X="137" Y="191" T="1353332" />
  <Point X="140" Y="189" T="1353333" />
  <Point X="149" Y="186" T="1353345" />
  <Point X="155" Y="183" T="1353354" />
  <Point X="162" Y="178" T="1353364" />
  <Point X="167" Y="175" T="1353374" />
  <Point X="172" Y="171" T="1353384" />
  <Point X="175" Y="169" T="1353394" />
  <Point X="177" Y="168" T="1353404" />
  <Point X="179" Y="165" T="1353415" />
  <Point X="179" Y="163" T="1353435" />
  <Point X="176" Y="161" T="1353451" />
  <Point X="174" Y="161" T="1353462" />
  <Point X="172" Y="160" T="1353474" />
  <Point X="166" Y="160" T="1353485" />
  <Point X="160" Y="160" T="1353497" />
  <Point X="154" Y="160" T="1353509" />
  <Point X="148" Y="162" T="1353522" />
  <Point X="142" Y="164" T="1353535" />
  <Point X="140" Y="165" T="1353536" />
  <Point X="134" Y="168" T="1353551" />
  <Point X="132" Y="169" T="1353564" />
  <Point X="129" Y="171" T="1353577" />
  <Point X="132" Y="170" T="1353620" />
  <Point X="136" Y="169" T="1353633" />
  <Point X="143" Y="166" T="1353647" />
  <Point X="145" Y="165" T="1353649" />
  <Point X="155" Y="162" T="1353665" />
  <Point X="165" Y="159" T="1353681" />
  <Point X="175" Y="157" T="1353697" />
  <Point X="183" Y="157" T="1353713" />
  <Point X="188" Y="156" T="1353731" />
  <Point X="191" Y="156" T="1353732" />
  <Point X="194" Y="156" T="1353751" />
  <Point X="196" Y="157" T="1353766" />
  <Point X="197" Y="159" T="1353782" />
  <Point X="196" Y="162" T="1353798" />
  <Point X="191" Y="167" T="1353815" />
  <Point X="186" Y="172" T="1353833" />
  <Point X="181" Y="178" T="1353850" />
  <Point X="174" Y="186" T="1353867" />
  <Point X="169" Y="190" T="1353885" />
  <Point X="165" Y="195" T="1353903" />
  <Point X="160" Y="199" T="1353921" />
  <Point X="158" Y="201" T="1353948" />
  <Point X="160" Y="201" T="1353988" />
</Gesture>