﻿<?xml version="1.0" encoding="utf-8" standalone="yes"?>
<Gesture Name="arrow02" Subject="1" Speed="medium" Number="2" NumPts="66" Millseconds="715" AppName="Gestures" AppVer="3.5.0.0" Date="Monday, March 05, 2007" TimeOfDay="5:04:48 PM">
  <Point X="45" Y="236" T="1350727" />
  <Point X="48" Y="234" T="1350738" />
  <Point X="51" Y="231" T="1350747" />
  <Point X="53" Y="230" T="1350753" />
  <Point X="57" Y="228" T="1350759" />
  <Point X="60" Y="227" T="1350765" />
  <Point X="66" Y="223" T="1350772" />
  <Point X="69" Y="221" T="1350779" />
  <Point X="72" Y="219" T="1350780" />
  <Point X="75" Y="218" T="1350787" />
  <Point X="78" Y="217" T="1350788" />
  <Point X="85" Y="214" T="1350796" />
  <Point X="92" Y="210" T="1350804" />
  <Point X="98" Y="205" T="1350812" />
  <Point X="105" Y="202" T="1350820" />
  <Point X="111" Y="198" T="1350829" />
  <Point X="118" Y="195" T="1350839" />
  <Point X="121" Y="193" T="1350840" />
  <Point X="128" Y="189" T="1350849" />
  <Point X="134" Y="185" T="1350859" />
  <Point X="138" Y="183" T="1350860" />
  <Point X="144" Y="180" T="1350870" />
  <Point X="153" Y="176" T="1350880" />
  <Point X="158" Y="173" T="1350890" />
  <Point X="160" Y="172" T="1350892" />
  <Point X="164" Y="169" T="1350902" />
  <Point X="167" Y="168" T="1350903" />
  <Point X="170" Y="166" T="1350915" />
  <Point X="173" Y="164" T="1350927" />
  <Point X="176" Y="163" T="1350928" />
  <Point X="178" Y="160" T="1350940" />
  <Point X="180" Y="159" T="1350951" />
  <Point X="180" Y="157" T="1350968" />
  <Point X="179" Y="155" T="1350980" />
  <Point X="177" Y="154" T="1350993" />
  <Point X="174" Y="154" T="1351006" />
  <Point X="168" Y="154" T="1351020" />
  <Point X="166" Y="153" T="1351022" />
  <Point X="158" Y="155" T="1351039" />
  <Point X="151" Y="156" T="1351052" />
  <Point X="143" Y="159" T="1351066" />
  <Point X="139" Y="159" T="1351080" />
  <Point X="134" Y="162" T="1351094" />
  <Point X="132" Y="163" T="1351108" />
  <Point X="130" Y="164" T="1351122" />
  <Point X="132" Y="163" T="1351146" />
  <Point X="134" Y="163" T="1351161" />
  <Point X="140" Y="163" T="1351176" />
  <Point X="151" Y="160" T="1351192" />
  <Point X="159" Y="158" T="1351209" />
  <Point X="166" Y="156" T="1351225" />
  <Point X="174" Y="154" T="1351241" />
  <Point X="180" Y="154" T="1351257" />
  <Point X="182" Y="154" T="1351258" />
  <Point X="185" Y="153" T="1351276" />
  <Point X="187" Y="155" T="1351292" />
  <Point X="188" Y="160" T="1351309" />
  <Point X="186" Y="166" T="1351326" />
  <Point X="181" Y="173" T="1351344" />
  <Point X="176" Y="178" T="1351362" />
  <Point X="173" Y="181" T="1351363" />
  <Point X="167" Y="187" T="1351384" />
  <Point X="161" Y="191" T="1351402" />
  <Point X="159" Y="195" T="1351403" />
  <Point X="156" Y="197" T="1351424" />
  <Point X="154" Y="199" T="1351442" />
</Gesture>