﻿<?xml version="1.0" encoding="utf-8" standalone="yes"?>
<Gesture Name="arrow07" Subject="1" Speed="medium" Number="7" NumPts="66" Millseconds="749" AppName="Gestures" AppVer="3.5.0.0" Date="Monday, March 05, 2007" TimeOfDay="5:04:54 PM">
  <Point X="68" Y="222" T="1356897" />
  <Point X="70" Y="220" T="1356908" />
  <Point X="73" Y="218" T="1356917" />
  <Point X="75" Y="217" T="1356923" />
  <Point X="77" Y="215" T="1356929" />
  <Point X="80" Y="213" T="1356930" />
  <Point X="82" Y="212" T="1356936" />
  <Point X="84" Y="210" T="1356937" />
  <Point X="87" Y="209" T="1356944" />
  <Point X="89" Y="208" T="1356945" />
  <Point X="92" Y="206" T="1356953" />
  <Point X="95" Y="204" T="1356954" />
  <Point X="101" Y="201" T="1356962" />
  <Point X="106" Y="198" T="1356970" />
  <Point X="112" Y="194" T="1356979" />
  <Point X="118" Y="191" T="1356988" />
  <Point X="124" Y="187" T="1356997" />
  <Point X="127" Y="186" T="1356998" />
  <Point X="132" Y="183" T="1357007" />
  <Point X="138" Y="181" T="1357017" />
  <Point X="141" Y="180" T="1357018" />
  <Point X="146" Y="178" T="1357028" />
  <Point X="154" Y="173" T="1357038" />
  <Point X="159" Y="171" T="1357048" />
  <Point X="161" Y="170" T="1357049" />
  <Point X="166" Y="167" T="1357060" />
  <Point X="168" Y="167" T="1357061" />
  <Point X="171" Y="166" T="1357073" />
  <Point X="174" Y="164" T="1357085" />
  <Point X="177" Y="162" T="1357086" />
  <Point X="180" Y="160" T="1357098" />
  <Point X="182" Y="158" T="1357110" />
  <Point X="183" Y="156" T="1357133" />
  <Point X="181" Y="154" T="1357145" />
  <Point X="178" Y="153" T="1357158" />
  <Point X="171" Y="153" T="1357172" />
  <Point X="164" Y="153" T="1357185" />
  <Point X="160" Y="153" T="1357199" />
  <Point X="150" Y="154" T="1357214" />
  <Point X="147" Y="155" T="1357228" />
  <Point X="141" Y="157" T="1357243" />
  <Point X="137" Y="158" T="1357258" />
  <Point X="135" Y="158" T="1357272" />
  <Point X="137" Y="158" T="1357314" />
  <Point X="140" Y="157" T="1357329" />
  <Point X="143" Y="156" T="1357331" />
  <Point X="151" Y="154" T="1357348" />
  <Point X="160" Y="152" T="1357363" />
  <Point X="170" Y="149" T="1357379" />
  <Point X="179" Y="147" T="1357395" />
  <Point X="185" Y="145" T="1357411" />
  <Point X="192" Y="144" T="1357427" />
  <Point X="196" Y="144" T="1357443" />
  <Point X="198" Y="144" T="1357460" />
  <Point X="200" Y="144" T="1357475" />
  <Point X="201" Y="147" T="1357492" />
  <Point X="199" Y="149" T="1357509" />
  <Point X="194" Y="157" T="1357529" />
  <Point X="191" Y="160" T="1357530" />
  <Point X="186" Y="167" T="1357551" />
  <Point X="180" Y="176" T="1357569" />
  <Point X="177" Y="179" T="1357570" />
  <Point X="171" Y="187" T="1357590" />
  <Point X="169" Y="189" T="1357609" />
  <Point X="165" Y="194" T="1357627" />
  <Point X="164" Y="196" T="1357646" />
</Gesture>