﻿<?xml version="1.0" encoding="utf-8" standalone="yes"?>
<Gesture Name="arrow03" Subject="1" Speed="medium" Number="3" NumPts="67" Millseconds="818" AppName="Gestures" AppVer="3.5.0.0" Date="Monday, March 05, 2007" TimeOfDay="5:04:49 PM">
  <Point X="54" Y="239" T="1351945" />
  <Point X="56" Y="238" T="1351952" />
  <Point X="59" Y="236" T="1351960" />
  <Point X="62" Y="235" T="1351968" />
  <Point X="64" Y="234" T="1351974" />
  <Point X="66" Y="233" T="1351980" />
  <Point X="68" Y="231" T="1351981" />
  <Point X="73" Y="229" T="1351989" />
  <Point X="76" Y="229" T="1351995" />
  <Point X="79" Y="228" T="1351997" />
  <Point X="85" Y="224" T="1352005" />
  <Point X="91" Y="220" T="1352013" />
  <Point X="97" Y="218" T="1352020" />
  <Point X="100" Y="216" T="1352028" />
  <Point X="103" Y="214" T="1352029" />
  <Point X="109" Y="211" T="1352039" />
  <Point X="115" Y="207" T="1352047" />
  <Point X="122" Y="203" T="1352055" />
  <Point X="125" Y="202" T="1352056" />
  <Point X="131" Y="199" T="1352067" />
  <Point X="134" Y="196" T="1352068" />
  <Point X="144" Y="191" T="1352081" />
  <Point X="149" Y="189" T="1352091" />
  <Point X="157" Y="183" T="1352101" />
  <Point X="162" Y="180" T="1352112" />
  <Point X="165" Y="179" T="1352113" />
  <Point X="171" Y="175" T="1352125" />
  <Point X="174" Y="172" T="1352136" />
  <Point X="177" Y="171" T="1352147" />
  <Point X="179" Y="169" T="1352158" />
  <Point X="181" Y="166" T="1352169" />
  <Point X="178" Y="165" T="1352192" />
  <Point X="176" Y="165" T="1352204" />
  <Point X="173" Y="166" T="1352216" />
  <Point X="169" Y="166" T="1352217" />
  <Point X="161" Y="165" T="1352233" />
  <Point X="154" Y="165" T="1352246" />
  <Point X="147" Y="167" T="1352259" />
  <Point X="145" Y="168" T="1352261" />
  <Point X="135" Y="171" T="1352277" />
  <Point X="131" Y="173" T="1352290" />
  <Point X="125" Y="176" T="1352304" />
  <Point X="122" Y="177" T="1352318" />
  <Point X="120" Y="177" T="1352331" />
  <Point X="123" Y="176" T="1352364" />
  <Point X="126" Y="176" T="1352378" />
  <Point X="136" Y="173" T="1352394" />
  <Point X="146" Y="170" T="1352409" />
  <Point X="156" Y="167" T="1352425" />
  <Point X="167" Y="163" T="1352441" />
  <Point X="177" Y="161" T="1352457" />
  <Point X="186" Y="158" T="1352476" />
  <Point X="192" Y="157" T="1352492" />
  <Point X="196" Y="157" T="1352508" />
  <Point X="198" Y="156" T="1352524" />
  <Point X="198" Y="158" T="1352555" />
  <Point X="196" Y="160" T="1352572" />
  <Point X="190" Y="167" T="1352589" />
  <Point X="182" Y="174" T="1352606" />
  <Point X="176" Y="180" T="1352624" />
  <Point X="170" Y="188" T="1352642" />
  <Point X="168" Y="191" T="1352643" />
  <Point X="163" Y="198" T="1352663" />
  <Point X="159" Y="204" T="1352682" />
  <Point X="156" Y="208" T="1352701" />
  <Point X="155" Y="210" T="1352719" />
  <Point X="157" Y="211" T="1352763" />
</Gesture>