﻿<?xml version="1.0" encoding="utf-8" standalone="yes"?>
<Gesture Name="arrow09" Subject="1" Speed="medium" Number="9" NumPts="61" Millseconds="752" AppName="Gestures" AppVer="3.5.0.0" Date="Monday, March 05, 2007" TimeOfDay="5:04:57 PM">
  <Point X="71" Y="215" T="1359271" />
  <Point X="74" Y="213" T="1359286" />
  <Point X="77" Y="211" T="1359294" />
  <Point X="79" Y="211" T="1359300" />
  <Point X="83" Y="209" T="1359306" />
  <Point X="85" Y="207" T="1359313" />
  <Point X="90" Y="204" T="1359320" />
  <Point X="96" Y="200" T="1359327" />
  <Point X="103" Y="197" T="1359335" />
  <Point X="109" Y="194" T="1359342" />
  <Point X="116" Y="189" T="1359350" />
  <Point X="122" Y="186" T="1359359" />
  <Point X="128" Y="182" T="1359367" />
  <Point X="134" Y="179" T="1359376" />
  <Point X="140" Y="175" T="1359385" />
  <Point X="145" Y="172" T="1359394" />
  <Point X="148" Y="170" T="1359395" />
  <Point X="156" Y="167" T="1359408" />
  <Point X="165" Y="163" T="1359421" />
  <Point X="170" Y="161" T="1359431" />
  <Point X="174" Y="158" T="1359441" />
  <Point X="177" Y="156" T="1359451" />
  <Point X="183" Y="154" T="1359461" />
  <Point X="185" Y="153" T="1359472" />
  <Point X="188" Y="151" T="1359483" />
  <Point X="190" Y="148" T="1359493" />
  <Point X="188" Y="146" T="1359526" />
  <Point X="185" Y="145" T="1359537" />
  <Point X="182" Y="144" T="1359549" />
  <Point X="178" Y="144" T="1359551" />
  <Point X="171" Y="145" T="1359565" />
  <Point X="164" Y="148" T="1359577" />
  <Point X="158" Y="148" T="1359589" />
  <Point X="152" Y="150" T="1359601" />
  <Point X="148" Y="151" T="1359613" />
  <Point X="144" Y="152" T="1359614" />
  <Point X="139" Y="154" T="1359633" />
  <Point X="136" Y="154" T="1359646" />
  <Point X="134" Y="155" T="1359658" />
  <Point X="136" Y="153" T="1359699" />
  <Point X="139" Y="152" T="1359712" />
  <Point X="145" Y="151" T="1359726" />
  <Point X="153" Y="147" T="1359740" />
  <Point X="161" Y="144" T="1359755" />
  <Point X="168" Y="142" T="1359770" />
  <Point X="170" Y="141" T="1359771" />
  <Point X="177" Y="140" T="1359788" />
  <Point X="183" Y="140" T="1359806" />
  <Point X="185" Y="140" T="1359821" />
  <Point X="188" Y="140" T="1359836" />
  <Point X="190" Y="142" T="1359851" />
  <Point X="189" Y="144" T="1359871" />
  <Point X="188" Y="147" T="1359887" />
  <Point X="186" Y="153" T="1359903" />
  <Point X="182" Y="159" T="1359920" />
  <Point X="177" Y="165" T="1359937" />
  <Point X="172" Y="172" T="1359954" />
  <Point X="165" Y="181" T="1359971" />
  <Point X="160" Y="187" T="1359988" />
  <Point X="158" Y="191" T="1360006" />
  <Point X="156" Y="193" T="1360023" />
</Gesture>