﻿<?xml version="1.0" encoding="utf-8" standalone="yes"?>
<Gesture Name="arrow05" Subject="1" Speed="medium" Number="5" NumPts="70" Millseconds="886" AppName="Gestures" AppVer="3.5.0.0" Date="Monday, March 05, 2007" TimeOfDay="5:04:52 PM">
  <Point X="50" Y="236" T="1354426" />
  <Point X="53" Y="235" T="1354441" />
  <Point X="55" Y="232" T="1354449" />
  <Point X="58" Y="231" T="1354458" />
  <Point X="62" Y="229" T="1354465" />
  <Point X="64" Y="228" T="1354471" />
  <Point X="66" Y="227" T="1354477" />
  <Point X="69" Y="225" T="1354478" />
  <Point X="74" Y="223" T="1354486" />
  <Point X="80" Y="221" T="1354493" />
  <Point X="83" Y="219" T="1354500" />
  <Point X="85" Y="217" T="1354501" />
  <Point X="91" Y="214" T="1354511" />
  <Point X="96" Y="211" T="1354519" />
  <Point X="101" Y="209" T="1354527" />
  <Point X="107" Y="206" T="1354535" />
  <Point X="112" Y="203" T="1354544" />
  <Point X="117" Y="200" T="1354553" />
  <Point X="120" Y="199" T="1354554" />
  <Point X="125" Y="197" T="1354565" />
  <Point X="128" Y="195" T="1354566" />
  <Point X="135" Y="192" T="1354578" />
  <Point X="140" Y="190" T="1354588" />
  <Point X="147" Y="185" T="1354598" />
  <Point X="151" Y="184" T="1354608" />
  <Point X="155" Y="183" T="1354618" />
  <Point X="158" Y="181" T="1354628" />
  <Point X="162" Y="179" T="1354629" />
  <Point X="165" Y="177" T="1354643" />
  <Point X="170" Y="173" T="1354654" />
  <Point X="172" Y="172" T="1354666" />
  <Point X="176" Y="168" T="1354677" />
  <Point X="179" Y="166" T="1354690" />
  <Point X="180" Y="164" T="1354702" />
  <Point X="180" Y="161" T="1354713" />
  <Point X="180" Y="159" T="1354725" />
  <Point X="177" Y="158" T="1354738" />
  <Point X="175" Y="157" T="1354750" />
  <Point X="170" Y="157" T="1354764" />
  <Point X="164" Y="158" T="1354777" />
  <Point X="161" Y="159" T="1354791" />
  <Point X="154" Y="163" T="1354804" />
  <Point X="147" Y="166" T="1354819" />
  <Point X="144" Y="167" T="1354833" />
  <Point X="141" Y="168" T="1354834" />
  <Point X="139" Y="169" T="1354851" />
  <Point X="137" Y="169" T="1354867" />
  <Point X="140" Y="170" T="1354906" />
  <Point X="143" Y="169" T="1354921" />
  <Point X="146" Y="167" T="1354922" />
  <Point X="153" Y="166" T="1354941" />
  <Point X="161" Y="164" T="1354957" />
  <Point X="163" Y="163" T="1354958" />
  <Point X="172" Y="160" T="1354977" />
  <Point X="174" Y="160" T="1354978" />
  <Point X="181" Y="159" T="1354998" />
  <Point X="188" Y="158" T="1355015" />
  <Point X="193" Y="159" T="1355033" />
  <Point X="197" Y="160" T="1355050" />
  <Point X="199" Y="163" T="1355075" />
  <Point X="197" Y="165" T="1355092" />
  <Point X="194" Y="169" T="1355110" />
  <Point X="189" Y="174" T="1355128" />
  <Point X="185" Y="179" T="1355147" />
  <Point X="180" Y="183" T="1355166" />
  <Point X="172" Y="193" T="1355185" />
  <Point X="168" Y="199" T="1355204" />
  <Point X="166" Y="202" T="1355223" />
  <Point X="163" Y="206" T="1355243" />
  <Point X="163" Y="208" T="1355312" />
</Gesture>