﻿<?xml version="1.0" encoding="utf-8" standalone="yes"?>
<Gesture Name="arrow08" Subject="1" Speed="medium" Number="8" NumPts="63" Millseconds="727" AppName="Gestures" AppVer="3.5.0.0" Date="Monday, March 05, 2007" TimeOfDay="5:04:56 PM">
  <Point X="77" Y="220" T="1358081" />
  <Point X="80" Y="220" T="1358096" />
  <Point X="83" Y="218" T="1358104" />
  <Point X="84" Y="216" T="1358109" />
  <Point X="86" Y="214" T="1358115" />
  <Point X="90" Y="211" T="1358121" />
  <Point X="93" Y="210" T="1358127" />
  <Point X="96" Y="208" T="1358128" />
  <Point X="101" Y="205" T="1358137" />
  <Point X="104" Y="203" T="1358144" />
  <Point X="107" Y="201" T="1358145" />
  <Point X="113" Y="198" T="1358155" />
  <Point X="120" Y="194" T="1358163" />
  <Point X="125" Y="190" T="1358171" />
  <Point X="131" Y="187" T="1358179" />
  <Point X="136" Y="185" T="1358187" />
  <Point X="141" Y="181" T="1358195" />
  <Point X="144" Y="179" T="1358196" />
  <Point X="149" Y="177" T="1358207" />
  <Point X="151" Y="175" T="1358208" />
  <Point X="156" Y="173" T="1358220" />
  <Point X="158" Y="172" T="1358221" />
  <Point X="164" Y="168" T="1358234" />
  <Point X="168" Y="165" T="1358244" />
  <Point X="172" Y="164" T="1358254" />
  <Point X="178" Y="158" T="1358264" />
  <Point X="180" Y="158" T="1358275" />
  <Point X="183" Y="156" T="1358285" />
  <Point X="185" Y="154" T="1358305" />
  <Point X="184" Y="152" T="1358330" />
  <Point X="181" Y="152" T="1358342" />
  <Point X="178" Y="152" T="1358353" />
  <Point X="173" Y="152" T="1358365" />
  <Point X="170" Y="152" T="1358377" />
  <Point X="166" Y="152" T="1358378" />
  <Point X="161" Y="153" T="1358391" />
  <Point X="157" Y="152" T="1358404" />
  <Point X="152" Y="153" T="1358417" />
  <Point X="145" Y="155" T="1358429" />
  <Point X="139" Y="157" T="1358443" />
  <Point X="137" Y="157" T="1358456" />
  <Point X="135" Y="158" T="1358469" />
  <Point X="138" Y="158" T="1358518" />
  <Point X="141" Y="157" T="1358532" />
  <Point X="148" Y="154" T="1358546" />
  <Point X="156" Y="153" T="1358561" />
  <Point X="159" Y="153" T="1358563" />
  <Point X="168" Y="150" T="1358580" />
  <Point X="176" Y="148" T="1358596" />
  <Point X="182" Y="149" T="1358611" />
  <Point X="188" Y="148" T="1358629" />
  <Point X="190" Y="148" T="1358630" />
  <Point X="192" Y="148" T="1358649" />
  <Point X="193" Y="150" T="1358666" />
  <Point X="191" Y="156" T="1358682" />
  <Point X="185" Y="163" T="1358699" />
  <Point X="178" Y="172" T="1358716" />
  <Point X="173" Y="179" T="1358733" />
  <Point X="171" Y="181" T="1358734" />
  <Point X="165" Y="191" T="1358755" />
  <Point X="161" Y="196" T="1358773" />
  <Point X="156" Y="203" T="1358791" />
  <Point X="155" Y="205" T="1358808" />
</Gesture>