﻿<?xml version="1.0" encoding="utf-8" standalone="yes"?>
<Gesture Name="arrow10" Subject="1" Speed="medium" Number="10" NumPts="66" Millseconds="815" AppName="Gestures" AppVer="3.5.0.0" Date="Monday, March 05, 2007" TimeOfDay="5:04:58 PM">
  <Point X="81" Y="219" T="1360517" />
  <Point X="83" Y="218" T="1360533" />
  <Point X="85" Y="218" T="1360542" />
  <Point X="87" Y="216" T="1360550" />
  <Point X="90" Y="213" T="1360558" />
  <Point X="94" Y="211" T="1360566" />
  <Point X="96" Y="210" T="1360572" />
  <Point X="101" Y="208" T="1360579" />
  <Point X="103" Y="206" T="1360586" />
  <Point X="106" Y="204" T="1360587" />
  <Point X="108" Y="202" T="1360594" />
  <Point X="111" Y="200" T="1360595" />
  <Point X="117" Y="196" T="1360603" />
  <Point X="123" Y="193" T="1360611" />
  <Point X="129" Y="190" T="1360619" />
  <Point X="135" Y="186" T="1360627" />
  <Point X="141" Y="183" T="1360636" />
  <Point X="147" Y="179" T="1360645" />
  <Point X="149" Y="177" T="1360646" />
  <Point X="155" Y="174" T="1360656" />
  <Point X="160" Y="172" T="1360666" />
  <Point X="163" Y="170" T="1360667" />
  <Point X="168" Y="167" T="1360677" />
  <Point X="175" Y="162" T="1360689" />
  <Point X="182" Y="157" T="1360700" />
  <Point X="185" Y="154" T="1360711" />
  <Point X="190" Y="152" T="1360723" />
  <Point X="192" Y="151" T="1360739" />
  <Point X="192" Y="149" T="1360751" />
  <Point X="190" Y="148" T="1360767" />
  <Point X="187" Y="147" T="1360779" />
  <Point X="182" Y="146" T="1360793" />
  <Point X="178" Y="146" T="1360806" />
  <Point X="168" Y="147" T="1360820" />
  <Point X="162" Y="147" T="1360834" />
  <Point X="160" Y="148" T="1360836" />
  <Point X="152" Y="148" T="1360852" />
  <Point X="148" Y="148" T="1360867" />
  <Point X="145" Y="149" T="1360868" />
  <Point X="141" Y="150" T="1360883" />
  <Point X="138" Y="152" T="1360896" />
  <Point X="140" Y="153" T="1360950" />
  <Point X="143" Y="152" T="1360964" />
  <Point X="153" Y="151" T="1360979" />
  <Point X="159" Y="151" T="1360993" />
  <Point X="162" Y="151" T="1360995" />
  <Point X="171" Y="148" T="1361011" />
  <Point X="180" Y="144" T="1361027" />
  <Point X="187" Y="141" T="1361042" />
  <Point X="190" Y="141" T="1361058" />
  <Point X="193" Y="140" T="1361059" />
  <Point X="195" Y="140" T="1361077" />
  <Point X="197" Y="139" T="1361093" />
  <Point X="197" Y="141" T="1361115" />
  <Point X="196" Y="144" T="1361131" />
  <Point X="194" Y="149" T="1361148" />
  <Point X="189" Y="154" T="1361165" />
  <Point X="182" Y="166" T="1361183" />
  <Point X="177" Y="175" T="1361201" />
  <Point X="173" Y="183" T="1361219" />
  <Point X="170" Y="193" T="1361237" />
  <Point X="169" Y="195" T="1361255" />
  <Point X="168" Y="202" T="1361273" />
  <Point X="169" Y="204" T="1361295" />
  <Point X="171" Y="204" T="1361313" />
  <Point X="173" Y="202" T="1361332" />
</Gesture>