﻿<?xml version="1.0" encoding="utf-8" standalone="yes"?>
<Gesture Name="arrow06" Subject="1" Speed="medium" Number="6" NumPts="63" Millseconds="745" AppName="Gestures" AppVer="3.5.0.0" Date="Monday, March 05, 2007" TimeOfDay="5:04:53 PM">
  <Point X="59" Y="236" T="1355765" />
  <Point X="62" Y="234" T="1355776" />
  <Point X="65" Y="233" T="1355784" />
  <Point X="68" Y="230" T="1355792" />
  <Point X="71" Y="228" T="1355798" />
  <Point X="76" Y="226" T="1355805" />
  <Point X="81" Y="223" T="1355812" />
  <Point X="84" Y="222" T="1355819" />
  <Point X="87" Y="220" T="1355821" />
  <Point X="93" Y="216" T="1355831" />
  <Point X="99" Y="212" T="1355839" />
  <Point X="106" Y="208" T="1355847" />
  <Point X="109" Y="206" T="1355849" />
  <Point X="115" Y="203" T="1355859" />
  <Point X="122" Y="199" T="1355867" />
  <Point X="127" Y="195" T="1355875" />
  <Point X="133" Y="193" T="1355883" />
  <Point X="138" Y="190" T="1355891" />
  <Point X="141" Y="188" T="1355893" />
  <Point X="149" Y="183" T="1355905" />
  <Point X="153" Y="180" T="1355914" />
  <Point X="160" Y="177" T="1355924" />
  <Point X="165" Y="175" T="1355934" />
  <Point X="167" Y="174" T="1355944" />
  <Point X="170" Y="171" T="1355945" />
  <Point X="173" Y="170" T="1355957" />
  <Point X="175" Y="168" T="1355968" />
  <Point X="177" Y="166" T="1355978" />
  <Point X="177" Y="164" T="1356000" />
  <Point X="175" Y="163" T="1356012" />
  <Point X="173" Y="162" T="1356025" />
  <Point X="167" Y="162" T="1356037" />
  <Point X="162" Y="160" T="1356050" />
  <Point X="157" Y="160" T="1356063" />
  <Point X="151" Y="161" T="1356077" />
  <Point X="144" Y="163" T="1356090" />
  <Point X="141" Y="164" T="1356104" />
  <Point X="138" Y="164" T="1356105" />
  <Point X="135" Y="166" T="1356120" />
  <Point X="133" Y="167" T="1356135" />
  <Point X="132" Y="169" T="1356169" />
  <Point X="135" Y="169" T="1356184" />
  <Point X="141" Y="168" T="1356199" />
  <Point X="151" Y="164" T="1356216" />
  <Point X="153" Y="163" T="1356218" />
  <Point X="162" Y="160" T="1356237" />
  <Point X="164" Y="159" T="1356238" />
  <Point X="176" Y="156" T="1356258" />
  <Point X="184" Y="155" T="1356277" />
  <Point X="189" Y="153" T="1356292" />
  <Point X="192" Y="152" T="1356308" />
  <Point X="194" Y="152" T="1356323" />
  <Point X="195" Y="154" T="1356338" />
  <Point X="194" Y="159" T="1356354" />
  <Point X="190" Y="165" T="1356371" />
  <Point X="184" Y="174" T="1356388" />
  <Point X="176" Y="183" T="1356405" />
  <Point X="171" Y="190" T="1356423" />
  <Point X="166" Y="197" T="1356440" />
  <Point X="165" Y="199" T="1356441" />
  <Point X="160" Y="203" T="1356461" />
  <Point X="158" Y="206" T="1356480" />
  <Point X="157" Y="208" T="1356510" />
</Gesture>