﻿<?xml version="1.0" encoding="utf-8" standalone="yes"?>
<Gesture Name="caret05" Subject="1" Speed="medium" Number="5" NumPts="49" Millseconds="436" AppName="Gestures" AppVer="3.5.0.0" Date="Monday, March 05, 2007" TimeOfDay="5:03:16 PM">
  <Point X="74" Y="245" T="1259060" />
  <Point X="76" Y="242" T="1259071" />
  <Point X="78" Y="240" T="1259079" />
  <Point X="79" Y="238" T="1259087" />
  <Point X="80" Y="236" T="1259092" />
  <Point X="82" Y="234" T="1259098" />
  <Point X="85" Y="230" T="1259104" />
  <Point X="86" Y="227" T="1259111" />
  <Point X="88" Y="225" T="1259112" />
  <Point X="91" Y="221" T="1259120" />
  <Point X="94" Y="217" T="1259127" />
  <Point X="96" Y="214" T="1259135" />
  <Point X="97" Y="211" T="1259136" />
  <Point X="101" Y="204" T="1259146" />
  <Point X="103" Y="200" T="1259147" />
  <Point X="106" Y="193" T="1259157" />
  <Point X="110" Y="185" T="1259166" />
  <Point X="113" Y="177" T="1259174" />
  <Point X="114" Y="173" T="1259176" />
  <Point X="117" Y="162" T="1259188" />
  <Point X="120" Y="154" T="1259197" />
  <Point X="121" Y="149" T="1259206" />
  <Point X="122" Y="147" T="1259207" />
  <Point X="125" Y="139" T="1259219" />
  <Point X="126" Y="137" T="1259230" />
  <Point X="129" Y="128" T="1259240" />
  <Point X="131" Y="124" T="1259250" />
  <Point X="132" Y="122" T="1259261" />
  <Point X="135" Y="117" T="1259272" />
  <Point X="137" Y="115" T="1259283" />
  <Point X="139" Y="114" T="1259296" />
  <Point X="141" Y="114" T="1259307" />
  <Point X="143" Y="117" T="1259320" />
  <Point X="145" Y="120" T="1259331" />
  <Point X="148" Y="128" T="1259344" />
  <Point X="150" Y="138" T="1259356" />
  <Point X="153" Y="149" T="1259369" />
  <Point X="156" Y="163" T="1259382" />
  <Point X="157" Y="168" T="1259383" />
  <Point X="160" Y="181" T="1259398" />
  <Point X="161" Y="186" T="1259399" />
  <Point X="167" Y="203" T="1259416" />
  <Point X="170" Y="216" T="1259430" />
  <Point X="171" Y="219" T="1259431" />
  <Point X="176" Y="232" T="1259448" />
  <Point X="179" Y="239" T="1259463" />
  <Point X="179" Y="241" T="1259464" />
  <Point X="182" Y="248" T="1259482" />
  <Point X="183" Y="250" T="1259496" />
</Gesture>