﻿<?xml version="1.0" encoding="utf-8" standalone="yes"?>
<Gesture Name="caret02" Subject="1" Speed="medium" Number="2" NumPts="43" Millseconds="399" AppName="Gestures" AppVer="3.5.0.0" Date="Monday, March 05, 2007" TimeOfDay="5:03:14 PM">
  <Point X="86" Y="238" T="1256745" />
  <Point X="87" Y="235" T="1256757" />
  <Point X="89" Y="233" T="1256765" />
  <Point X="90" Y="228" T="1256774" />
  <Point X="91" Y="226" T="1256779" />
  <Point X="92" Y="224" T="1256785" />
  <Point X="94" Y="222" T="1256786" />
  <Point X="96" Y="218" T="1256795" />
  <Point X="97" Y="215" T="1256801" />
  <Point X="98" Y="212" T="1256802" />
  <Point X="101" Y="206" T="1256811" />
  <Point X="104" Y="200" T="1256819" />
  <Point X="106" Y="193" T="1256826" />
  <Point X="108" Y="189" T="1256833" />
  <Point X="109" Y="185" T="1256835" />
  <Point X="112" Y="178" T="1256845" />
  <Point X="114" Y="170" T="1256853" />
  <Point X="116" Y="164" T="1256861" />
  <Point X="117" Y="160" T="1256862" />
  <Point X="118" Y="153" T="1256873" />
  <Point X="119" Y="150" T="1256874" />
  <Point X="119" Y="147" T="1256885" />
  <Point X="120" Y="143" T="1256887" />
  <Point X="121" Y="140" T="1256898" />
  <Point X="122" Y="138" T="1256908" />
  <Point X="122" Y="135" T="1256918" />
  <Point X="124" Y="133" T="1256934" />
  <Point X="127" Y="133" T="1256954" />
  <Point X="128" Y="135" T="1256965" />
  <Point X="129" Y="139" T="1256976" />
  <Point X="134" Y="145" T="1256987" />
  <Point X="137" Y="156" T="1256999" />
  <Point X="141" Y="166" T="1257011" />
  <Point X="145" Y="179" T="1257024" />
  <Point X="148" Y="190" T="1257036" />
  <Point X="151" Y="202" T="1257049" />
  <Point X="156" Y="218" T="1257062" />
  <Point X="159" Y="228" T="1257075" />
  <Point X="163" Y="237" T="1257089" />
  <Point X="168" Y="246" T="1257103" />
  <Point X="170" Y="251" T="1257116" />
  <Point X="172" Y="253" T="1257130" />
  <Point X="174" Y="255" T="1257144" />
</Gesture>