﻿<?xml version="1.0" encoding="utf-8" standalone="yes"?>
<Gesture Name="caret09" Subject="1" Speed="medium" Number="9" NumPts="46" Millseconds="503" AppName="Gestures" AppVer="3.5.0.0" Date="Monday, March 05, 2007" TimeOfDay="5:03:20 PM">
  <Point X="79" Y="247" T="1262460" />
  <Point X="80" Y="244" T="1262468" />
  <Point X="81" Y="242" T="1262477" />
  <Point X="82" Y="239" T="1262484" />
  <Point X="84" Y="236" T="1262493" />
  <Point X="85" Y="233" T="1262499" />
  <Point X="87" Y="229" T="1262506" />
  <Point X="89" Y="224" T="1262515" />
  <Point X="91" Y="219" T="1262522" />
  <Point X="93" Y="217" T="1262529" />
  <Point X="94" Y="213" T="1262530" />
  <Point X="97" Y="206" T="1262537" />
  <Point X="100" Y="200" T="1262545" />
  <Point X="102" Y="193" T="1262553" />
  <Point X="104" Y="187" T="1262561" />
  <Point X="106" Y="181" T="1262570" />
  <Point X="108" Y="176" T="1262578" />
  <Point X="110" Y="170" T="1262587" />
  <Point X="112" Y="164" T="1262596" />
  <Point X="113" Y="161" T="1262597" />
  <Point X="114" Y="156" T="1262607" />
  <Point X="117" Y="150" T="1262618" />
  <Point X="119" Y="145" T="1262628" />
  <Point X="121" Y="140" T="1262639" />
  <Point X="125" Y="133" T="1262650" />
  <Point X="127" Y="130" T="1262661" />
  <Point X="129" Y="129" T="1262672" />
  <Point X="131" Y="126" T="1262690" />
  <Point X="133" Y="128" T="1262722" />
  <Point X="135" Y="128" T="1262738" />
  <Point X="137" Y="130" T="1262750" />
  <Point X="139" Y="132" T="1262762" />
  <Point X="141" Y="135" T="1262775" />
  <Point X="144" Y="144" T="1262789" />
  <Point X="146" Y="148" T="1262791" />
  <Point X="151" Y="169" T="1262808" />
  <Point X="158" Y="191" T="1262823" />
  <Point X="164" Y="211" T="1262839" />
  <Point X="170" Y="224" T="1262854" />
  <Point X="174" Y="235" T="1262871" />
  <Point X="176" Y="241" T="1262887" />
  <Point X="177" Y="244" T="1262902" />
  <Point X="178" Y="246" T="1262918" />
  <Point X="179" Y="244" T="1262946" />
  <Point X="178" Y="242" T="1262962" />
  <Point X="178" Y="239" T="1262963" />
</Gesture>