﻿<?xml version="1.0" encoding="utf-8" standalone="yes"?>
<Gesture Name="caret07" Subject="1" Speed="medium" Number="7" NumPts="47" Millseconds="471" AppName="Gestures" AppVer="3.5.0.0" Date="Monday, March 05, 2007" TimeOfDay="5:03:18 PM">
  <Point X="89" Y="251" T="1260664" />
  <Point X="89" Y="249" T="1260671" />
  <Point X="91" Y="246" T="1260683" />
  <Point X="92" Y="243" T="1260690" />
  <Point X="94" Y="241" T="1260703" />
  <Point X="96" Y="238" T="1260710" />
  <Point X="98" Y="234" T="1260718" />
  <Point X="100" Y="230" T="1260726" />
  <Point X="102" Y="226" T="1260734" />
  <Point X="103" Y="223" T="1260741" />
  <Point X="106" Y="217" T="1260748" />
  <Point X="109" Y="211" T="1260756" />
  <Point X="112" Y="205" T="1260763" />
  <Point X="114" Y="199" T="1260771" />
  <Point X="116" Y="194" T="1260779" />
  <Point X="118" Y="189" T="1260788" />
  <Point X="120" Y="184" T="1260796" />
  <Point X="121" Y="178" T="1260805" />
  <Point X="123" Y="169" T="1260814" />
  <Point X="124" Y="164" T="1260823" />
  <Point X="126" Y="157" T="1260833" />
  <Point X="129" Y="148" T="1260843" />
  <Point X="130" Y="143" T="1260853" />
  <Point X="133" Y="135" T="1260863" />
  <Point X="134" Y="132" T="1260873" />
  <Point X="135" Y="130" T="1260883" />
  <Point X="137" Y="127" T="1260893" />
  <Point X="139" Y="125" T="1260906" />
  <Point X="141" Y="126" T="1260922" />
  <Point X="143" Y="128" T="1260937" />
  <Point X="146" Y="130" T="1260949" />
  <Point X="147" Y="133" T="1260960" />
  <Point X="150" Y="139" T="1260973" />
  <Point X="153" Y="144" T="1260985" />
  <Point X="154" Y="148" T="1260986" />
  <Point X="159" Y="161" T="1261001" />
  <Point X="162" Y="172" T="1261014" />
  <Point X="166" Y="185" T="1261028" />
  <Point X="170" Y="204" T="1261041" />
  <Point X="174" Y="216" T="1261055" />
  <Point X="178" Y="229" T="1261069" />
  <Point X="179" Y="234" T="1261070" />
  <Point X="185" Y="247" T="1261087" />
  <Point X="189" Y="256" T="1261102" />
  <Point X="190" Y="259" T="1261116" />
  <Point X="192" Y="261" T="1261117" />
  <Point X="193" Y="263" T="1261135" />
</Gesture>