﻿<?xml version="1.0" encoding="utf-8" standalone="yes"?>
<Gesture Name="caret03" Subject="1" Speed="medium" Number="3" NumPts="47" Millseconds="424" AppName="Gestures" AppVer="3.5.0.0" Date="Monday, March 05, 2007" TimeOfDay="5:03:15 PM">
  <Point X="78" Y="248" T="1257506" />
  <Point X="79" Y="246" T="1257513" />
  <Point X="80" Y="244" T="1257521" />
  <Point X="82" Y="241" T="1257530" />
  <Point X="83" Y="238" T="1257538" />
  <Point X="84" Y="236" T="1257544" />
  <Point X="85" Y="233" T="1257550" />
  <Point X="86" Y="231" T="1257551" />
  <Point X="89" Y="226" T="1257559" />
  <Point X="92" Y="221" T="1257566" />
  <Point X="94" Y="219" T="1257573" />
  <Point X="95" Y="216" T="1257574" />
  <Point X="98" Y="210" T="1257584" />
  <Point X="101" Y="203" T="1257592" />
  <Point X="103" Y="198" T="1257600" />
  <Point X="106" Y="191" T="1257609" />
  <Point X="109" Y="184" T="1257617" />
  <Point X="110" Y="181" T="1257618" />
  <Point X="112" Y="175" T="1257629" />
  <Point X="116" Y="164" T="1257638" />
  <Point X="118" Y="158" T="1257649" />
  <Point X="121" Y="152" T="1257659" />
  <Point X="123" Y="147" T="1257668" />
  <Point X="124" Y="143" T="1257678" />
  <Point X="126" Y="139" T="1257688" />
  <Point X="127" Y="137" T="1257697" />
  <Point X="129" Y="134" T="1257708" />
  <Point X="130" Y="132" T="1257718" />
  <Point X="132" Y="131" T="1257738" />
  <Point X="134" Y="132" T="1257754" />
  <Point X="136" Y="133" T="1257766" />
  <Point X="138" Y="135" T="1257777" />
  <Point X="139" Y="137" T="1257778" />
  <Point X="142" Y="145" T="1257793" />
  <Point X="146" Y="154" T="1257805" />
  <Point X="147" Y="158" T="1257806" />
  <Point X="151" Y="172" T="1257821" />
  <Point X="152" Y="177" T="1257822" />
  <Point X="158" Y="197" T="1257838" />
  <Point X="161" Y="211" T="1257852" />
  <Point X="165" Y="224" T="1257865" />
  <Point X="167" Y="228" T="1257866" />
  <Point X="171" Y="242" T="1257883" />
  <Point X="174" Y="250" T="1257898" />
  <Point X="175" Y="252" T="1257899" />
  <Point X="177" Y="260" T="1257916" />
  <Point X="179" Y="262" T="1257930" />
</Gesture>