﻿<?xml version="1.0" encoding="utf-8" standalone="yes"?>
<Gesture Name="caret10" Subject="1" Speed="medium" Number="10" NumPts="49" Millseconds="465" AppName="Gestures" AppVer="3.5.0.0" Date="Monday, March 05, 2007" TimeOfDay="5:03:21 PM">
  <Point X="74" Y="246" T="1263322" />
  <Point X="75" Y="243" T="1263338" />
  <Point X="76" Y="241" T="1263346" />
  <Point X="78" Y="238" T="1263354" />
  <Point X="79" Y="236" T="1263359" />
  <Point X="82" Y="233" T="1263367" />
  <Point X="84" Y="228" T="1263374" />
  <Point X="86" Y="226" T="1263381" />
  <Point X="88" Y="222" T="1263387" />
  <Point X="92" Y="217" T="1263395" />
  <Point X="93" Y="214" T="1263402" />
  <Point X="95" Y="211" T="1263403" />
  <Point X="98" Y="205" T="1263412" />
  <Point X="101" Y="199" T="1263420" />
  <Point X="104" Y="192" T="1263428" />
  <Point X="106" Y="184" T="1263436" />
  <Point X="108" Y="177" T="1263444" />
  <Point X="109" Y="170" T="1263452" />
  <Point X="111" Y="163" T="1263461" />
  <Point X="112" Y="157" T="1263470" />
  <Point X="112" Y="154" T="1263471" />
  <Point X="115" Y="148" T="1263482" />
  <Point X="116" Y="144" T="1263491" />
  <Point X="118" Y="140" T="1263501" />
  <Point X="120" Y="134" T="1263511" />
  <Point X="122" Y="129" T="1263521" />
  <Point X="124" Y="127" T="1263531" />
  <Point X="125" Y="125" T="1263541" />
  <Point X="126" Y="123" T="1263542" />
  <Point X="128" Y="122" T="1263566" />
  <Point X="130" Y="123" T="1263586" />
  <Point X="131" Y="125" T="1263598" />
  <Point X="131" Y="128" T="1263599" />
  <Point X="133" Y="136" T="1263613" />
  <Point X="136" Y="146" T="1263626" />
  <Point X="137" Y="149" T="1263627" />
  <Point X="142" Y="163" T="1263642" />
  <Point X="146" Y="174" T="1263657" />
  <Point X="148" Y="178" T="1263659" />
  <Point X="154" Y="195" T="1263675" />
  <Point X="158" Y="206" T="1263689" />
  <Point X="160" Y="209" T="1263691" />
  <Point X="166" Y="224" T="1263707" />
  <Point X="172" Y="237" T="1263723" />
  <Point X="176" Y="248" T="1263738" />
  <Point X="179" Y="253" T="1263754" />
  <Point X="179" Y="255" T="1263755" />
  <Point X="180" Y="258" T="1263771" />
  <Point X="181" Y="260" T="1263787" />
</Gesture>