﻿<?xml version="1.0" encoding="utf-8" standalone="yes"?>
<Gesture Name="caret01" Subject="1" Speed="medium" Number="1" NumPts="41" Millseconds="428" AppName="Gestures" AppVer="3.5.0.0" Date="Monday, March 05, 2007" TimeOfDay="5:03:13 PM">
  <Point X="77" Y="241" T="1255877" />
  <Point X="77" Y="239" T="1255914" />
  <Point X="78" Y="236" T="1255930" />
  <Point X="80" Y="234" T="1255938" />
  <Point X="81" Y="230" T="1255947" />
  <Point X="82" Y="228" T="1255953" />
  <Point X="83" Y="226" T="1255960" />
  <Point X="87" Y="219" T="1255967" />
  <Point X="88" Y="216" T="1255974" />
  <Point X="88" Y="214" T="1255976" />
  <Point X="91" Y="210" T="1255984" />
  <Point X="93" Y="204" T="1255992" />
  <Point X="94" Y="198" T="1256001" />
  <Point X="96" Y="191" T="1256009" />
  <Point X="98" Y="185" T="1256018" />
  <Point X="100" Y="179" T="1256026" />
  <Point X="101" Y="176" T="1256027" />
  <Point X="103" Y="167" T="1256040" />
  <Point X="105" Y="160" T="1256049" />
  <Point X="107" Y="153" T="1256059" />
  <Point X="109" Y="148" T="1256069" />
  <Point X="112" Y="141" T="1256080" />
  <Point X="114" Y="138" T="1256090" />
  <Point X="115" Y="136" T="1256100" />
  <Point X="116" Y="134" T="1256110" />
  <Point X="117" Y="131" T="1256112" />
  <Point X="120" Y="133" T="1256139" />
  <Point X="122" Y="135" T="1256151" />
  <Point X="123" Y="138" T="1256163" />
  <Point X="125" Y="140" T="1256174" />
  <Point X="127" Y="145" T="1256176" />
  <Point X="132" Y="156" T="1256192" />
  <Point X="137" Y="167" T="1256205" />
  <Point X="142" Y="179" T="1256218" />
  <Point X="148" Y="192" T="1256231" />
  <Point X="150" Y="196" T="1256232" />
  <Point X="158" Y="210" T="1256250" />
  <Point X="165" Y="221" T="1256264" />
  <Point X="169" Y="224" T="1256277" />
  <Point X="174" Y="231" T="1256291" />
  <Point X="177" Y="233" T="1256305" />
</Gesture>