﻿<?xml version="1.0" encoding="utf-8" standalone="yes"?>
<Gesture Name="caret08" Subject="1" Speed="medium" Number="8" NumPts="54" Millseconds="565" AppName="Gestures" AppVer="3.5.0.0" Date="Monday, March 05, 2007" TimeOfDay="5:03:19 PM">
  <Point X="79" Y="245" T="1261521" />
  <Point X="79" Y="242" T="1261537" />
  <Point X="79" Y="239" T="1261549" />
  <Point X="80" Y="237" T="1261561" />
  <Point X="80" Y="234" T="1261569" />
  <Point X="81" Y="232" T="1261575" />
  <Point X="82" Y="230" T="1261582" />
  <Point X="84" Y="224" T="1261589" />
  <Point X="86" Y="220" T="1261597" />
  <Point X="86" Y="218" T="1261604" />
  <Point X="87" Y="216" T="1261606" />
  <Point X="88" Y="213" T="1261616" />
  <Point X="90" Y="207" T="1261624" />
  <Point X="91" Y="202" T="1261632" />
  <Point X="92" Y="200" T="1261634" />
  <Point X="93" Y="194" T="1261645" />
  <Point X="94" Y="192" T="1261646" />
  <Point X="96" Y="189" T="1261656" />
  <Point X="97" Y="186" T="1261658" />
  <Point X="100" Y="179" T="1261670" />
  <Point X="102" Y="173" T="1261680" />
  <Point X="105" Y="165" T="1261690" />
  <Point X="107" Y="160" T="1261701" />
  <Point X="109" Y="158" T="1261702" />
  <Point X="112" Y="151" T="1261716" />
  <Point X="115" Y="144" T="1261727" />
  <Point X="117" Y="139" T="1261738" />
  <Point X="119" Y="136" T="1261749" />
  <Point X="119" Y="134" T="1261761" />
  <Point X="120" Y="132" T="1261772" />
  <Point X="121" Y="129" T="1261774" />
  <Point X="122" Y="127" T="1261788" />
  <Point X="124" Y="125" T="1261805" />
  <Point X="126" Y="124" T="1261825" />
  <Point X="129" Y="125" T="1261842" />
  <Point X="131" Y="127" T="1261855" />
  <Point X="132" Y="130" T="1261868" />
  <Point X="136" Y="139" T="1261881" />
  <Point X="141" Y="154" T="1261895" />
  <Point X="145" Y="166" T="1261909" />
  <Point X="151" Y="182" T="1261924" />
  <Point X="156" Y="193" T="1261938" />
  <Point X="157" Y="196" T="1261940" />
  <Point X="161" Y="209" T="1261959" />
  <Point X="162" Y="211" T="1261960" />
  <Point X="167" Y="223" T="1261980" />
  <Point X="169" Y="229" T="1261995" />
  <Point X="170" Y="231" T="1261996" />
  <Point X="173" Y="237" T="1262014" />
  <Point X="176" Y="242" T="1262030" />
  <Point X="177" Y="244" T="1262032" />
  <Point X="179" Y="250" T="1262050" />
  <Point X="181" Y="255" T="1262070" />
  <Point X="182" Y="257" T="1262086" />
</Gesture>