﻿<?xml version="1.0" encoding="utf-8" standalone="yes"?>
<Gesture Name="caret06" Subject="1" Speed="medium" Number="6" NumPts="50" Millseconds="479" AppName="Gestures" AppVer="3.5.0.0" Date="Monday, March 05, 2007" TimeOfDay="5:03:17 PM">
  <Point X="81" Y="248" T="1259867" />
  <Point X="82" Y="245" T="1259876" />
  <Point X="85" Y="244" T="1259888" />
  <Point X="86" Y="241" T="1259893" />
  <Point X="87" Y="237" T="1259900" />
  <Point X="89" Y="234" T="1259908" />
  <Point X="91" Y="232" T="1259914" />
  <Point X="94" Y="228" T="1259920" />
  <Point X="95" Y="226" T="1259927" />
  <Point X="98" Y="222" T="1259934" />
  <Point X="101" Y="216" T="1259941" />
  <Point X="103" Y="214" T="1259947" />
  <Point X="104" Y="211" T="1259949" />
  <Point X="107" Y="205" T="1259958" />
  <Point X="109" Y="198" T="1259966" />
  <Point X="112" Y="192" T="1259974" />
  <Point X="113" Y="185" T="1259982" />
  <Point X="114" Y="178" T="1259991" />
  <Point X="115" Y="171" T="1260000" />
  <Point X="116" Y="169" T="1260001" />
  <Point X="118" Y="159" T="1260012" />
  <Point X="119" Y="155" T="1260021" />
  <Point X="120" Y="149" T="1260031" />
  <Point X="121" Y="147" T="1260032" />
  <Point X="122" Y="142" T="1260045" />
  <Point X="124" Y="139" T="1260055" />
  <Point X="125" Y="136" T="1260056" />
  <Point X="126" Y="134" T="1260069" />
  <Point X="129" Y="129" T="1260080" />
  <Point X="131" Y="128" T="1260109" />
  <Point X="132" Y="130" T="1260133" />
  <Point X="133" Y="132" T="1260144" />
  <Point X="134" Y="135" T="1260146" />
  <Point X="136" Y="143" T="1260160" />
  <Point X="139" Y="152" T="1260172" />
  <Point X="140" Y="156" T="1260173" />
  <Point X="144" Y="167" T="1260188" />
  <Point X="146" Y="170" T="1260190" />
  <Point X="150" Y="180" T="1260205" />
  <Point X="151" Y="183" T="1260206" />
  <Point X="155" Y="196" T="1260224" />
  <Point X="159" Y="211" T="1260238" />
  <Point X="162" Y="221" T="1260253" />
  <Point X="163" Y="225" T="1260254" />
  <Point X="168" Y="236" T="1260270" />
  <Point X="172" Y="242" T="1260285" />
  <Point X="173" Y="244" T="1260300" />
  <Point X="175" Y="246" T="1260301" />
  <Point X="177" Y="247" T="1260322" />
  <Point X="178" Y="244" T="1260346" />
</Gesture>