﻿<?xml version="1.0" encoding="utf-8" standalone="yes"?>
<Gesture Name="caret04" Subject="1" Speed="medium" Number="4" NumPts="45" Millseconds="419" AppName="Gestures" AppVer="3.5.0.0" Date="Monday, March 05, 2007" TimeOfDay="5:03:16 PM">
  <Point X="77" Y="245" T="1258277" />
  <Point X="78" Y="242" T="1258286" />
  <Point X="80" Y="239" T="1258294" />
  <Point X="82" Y="235" T="1258302" />
  <Point X="83" Y="232" T="1258308" />
  <Point X="85" Y="229" T="1258313" />
  <Point X="86" Y="227" T="1258315" />
  <Point X="87" Y="224" T="1258323" />
  <Point X="91" Y="220" T="1258329" />
  <Point X="92" Y="217" T="1258331" />
  <Point X="96" Y="211" T="1258339" />
  <Point X="99" Y="204" T="1258347" />
  <Point X="103" Y="196" T="1258355" />
  <Point X="106" Y="188" T="1258362" />
  <Point X="109" Y="179" T="1258371" />
  <Point X="113" Y="171" T="1258379" />
  <Point X="116" Y="164" T="1258387" />
  <Point X="119" Y="158" T="1258396" />
  <Point X="121" Y="152" T="1258405" />
  <Point X="122" Y="149" T="1258406" />
  <Point X="125" Y="143" T="1258418" />
  <Point X="126" Y="141" T="1258419" />
  <Point X="129" Y="134" T="1258430" />
  <Point X="131" Y="129" T="1258441" />
  <Point X="133" Y="125" T="1258451" />
  <Point X="135" Y="122" T="1258461" />
  <Point X="136" Y="120" T="1258471" />
  <Point X="138" Y="120" T="1258482" />
  <Point X="141" Y="119" T="1258506" />
  <Point X="142" Y="121" T="1258518" />
  <Point X="144" Y="126" T="1258531" />
  <Point X="146" Y="136" T="1258543" />
  <Point X="149" Y="146" T="1258555" />
  <Point X="152" Y="159" T="1258568" />
  <Point X="155" Y="172" T="1258580" />
  <Point X="157" Y="184" T="1258593" />
  <Point X="160" Y="195" T="1258606" />
  <Point X="161" Y="199" T="1258607" />
  <Point X="165" Y="215" T="1258623" />
  <Point X="168" Y="225" T="1258637" />
  <Point X="171" Y="234" T="1258650" />
  <Point X="172" Y="237" T="1258651" />
  <Point X="174" Y="245" T="1258668" />
  <Point X="175" Y="248" T="1258682" />
  <Point X="177" Y="253" T="1258696" />
</Gesture>