﻿<?xml version="1.0" encoding="utf-8" standalone="yes"?>
<Gesture Name="check01" Subject="1" Speed="medium" Number="1" NumPts="43" Millseconds="456" AppName="Gestures" AppVer="3.5.0.0" Date="Monday, March 05, 2007" TimeOfDay="4:56:21 PM">
  <Point X="76" Y="190" T="842650" />
  <Point X="77" Y="188" T="842678" />
  <Point X="79" Y="186" T="842694" />
  <Point X="81" Y="184" T="842705" />
  <Point X="83" Y="183" T="842717" />
  <Point X="86" Y="184" T="842729" />
  <Point X="88" Y="185" T="842737" />
  <Point X="91" Y="187" T="842745" />
  <Point X="94" Y="190" T="842753" />
  <Point X="97" Y="194" T="842761" />
  <Point X="100" Y="197" T="842769" />
  <Point X="103" Y="201" T="842777" />
  <Point X="105" Y="203" T="842785" />
  <Point X="108" Y="208" T="842794" />
  <Point X="110" Y="211" T="842802" />
  <Point X="112" Y="214" T="842809" />
  <Point X="113" Y="217" T="842817" />
  <Point X="114" Y="219" T="842826" />
  <Point X="116" Y="221" T="842837" />
  <Point X="118" Y="221" T="842865" />
  <Point X="119" Y="218" T="842889" />
  <Point X="119" Y="215" T="842899" />
  <Point X="118" Y="212" T="842909" />
  <Point X="118" Y="207" T="842920" />
  <Point X="119" Y="199" T="842931" />
  <Point X="121" Y="191" T="842942" />
  <Point X="122" Y="186" T="842953" />
  <Point X="126" Y="179" T="842965" />
  <Point X="127" Y="176" T="842966" />
  <Point X="131" Y="170" T="842980" />
  <Point X="138" Y="161" T="842993" />
  <Point X="140" Y="159" T="842994" />
  <Point X="146" Y="151" T="843008" />
  <Point X="148" Y="148" T="843010" />
  <Point X="151" Y="144" T="843023" />
  <Point X="156" Y="137" T="843035" />
  <Point X="158" Y="133" T="843047" />
  <Point X="160" Y="128" T="843060" />
  <Point X="161" Y="126" T="843073" />
  <Point X="163" Y="123" T="843074" />
  <Point X="164" Y="120" T="843089" />
  <Point X="165" Y="117" T="843090" />
  <Point X="165" Y="115" T="843106" />
</Gesture>