﻿<?xml version="1.0" encoding="utf-8" standalone="yes"?>
<Gesture Name="check08" Subject="1" Speed="medium" Number="8" NumPts="42" Millseconds="577" AppName="Gestures" AppVer="3.5.0.0" Date="Monday, March 05, 2007" TimeOfDay="4:56:30 PM">
  <Point X="90" Y="192" T="851543" />
  <Point X="91" Y="189" T="851575" />
  <Point X="94" Y="188" T="851592" />
  <Point X="96" Y="187" T="851607" />
  <Point X="98" Y="189" T="851620" />
  <Point X="100" Y="189" T="851628" />
  <Point X="102" Y="190" T="851636" />
  <Point X="104" Y="190" T="851644" />
  <Point X="107" Y="193" T="851656" />
  <Point X="109" Y="195" T="851668" />
  <Point X="112" Y="198" T="851680" />
  <Point X="114" Y="200" T="851692" />
  <Point X="115" Y="203" T="851700" />
  <Point X="117" Y="205" T="851709" />
  <Point X="118" Y="208" T="851716" />
  <Point X="119" Y="210" T="851724" />
  <Point X="120" Y="212" T="851733" />
  <Point X="121" Y="214" T="851741" />
  <Point X="123" Y="217" T="851756" />
  <Point X="124" Y="219" T="851765" />
  <Point X="126" Y="221" T="851776" />
  <Point X="128" Y="223" T="851805" />
  <Point X="129" Y="221" T="851878" />
  <Point X="129" Y="218" T="851889" />
  <Point X="129" Y="216" T="851900" />
  <Point X="129" Y="214" T="851911" />
  <Point X="130" Y="206" T="851922" />
  <Point X="131" Y="200" T="851933" />
  <Point X="133" Y="192" T="851945" />
  <Point X="135" Y="185" T="851958" />
  <Point X="138" Y="176" T="851970" />
  <Point X="141" Y="168" T="851983" />
  <Point X="145" Y="161" T="851996" />
  <Point X="150" Y="154" T="852009" />
  <Point X="158" Y="145" T="852022" />
  <Point X="161" Y="141" T="852035" />
  <Point X="167" Y="133" T="852049" />
  <Point X="171" Y="127" T="852062" />
  <Point X="172" Y="124" T="852076" />
  <Point X="174" Y="122" T="852092" />
  <Point X="174" Y="120" T="852106" />
  <Point X="175" Y="117" T="852120" />
</Gesture>