﻿<?xml version="1.0" encoding="utf-8" standalone="yes"?>
<Gesture Name="check02" Subject="1" Speed="medium" Number="2" NumPts="45" Millseconds="514" AppName="Gestures" AppVer="3.5.0.0" Date="Monday, March 05, 2007" TimeOfDay="4:56:22 PM">
  <Point X="81" Y="194" T="843768" />
  <Point X="82" Y="192" T="843779" />
  <Point X="84" Y="191" T="843800" />
  <Point X="86" Y="190" T="843811" />
  <Point X="88" Y="190" T="843823" />
  <Point X="90" Y="192" T="843831" />
  <Point X="93" Y="193" T="843839" />
  <Point X="95" Y="193" T="843847" />
  <Point X="98" Y="195" T="843855" />
  <Point X="100" Y="198" T="843863" />
  <Point X="102" Y="201" T="843871" />
  <Point X="104" Y="202" T="843879" />
  <Point X="105" Y="204" T="843886" />
  <Point X="107" Y="208" T="843894" />
  <Point X="110" Y="211" T="843903" />
  <Point X="111" Y="214" T="843912" />
  <Point X="113" Y="216" T="843921" />
  <Point X="114" Y="219" T="843929" />
  <Point X="116" Y="222" T="843938" />
  <Point X="117" Y="224" T="843946" />
  <Point X="118" Y="227" T="843955" />
  <Point X="119" Y="229" T="843964" />
  <Point X="120" Y="227" T="844026" />
  <Point X="120" Y="224" T="844035" />
  <Point X="120" Y="221" T="844045" />
  <Point X="119" Y="218" T="844055" />
  <Point X="119" Y="214" T="844066" />
  <Point X="118" Y="211" T="844067" />
  <Point X="118" Y="203" T="844080" />
  <Point X="119" Y="196" T="844091" />
  <Point X="121" Y="190" T="844102" />
  <Point X="123" Y="184" T="844114" />
  <Point X="124" Y="181" T="844115" />
  <Point X="128" Y="174" T="844129" />
  <Point X="133" Y="168" T="844141" />
  <Point X="134" Y="166" T="844142" />
  <Point X="139" Y="159" T="844157" />
  <Point X="144" Y="153" T="844170" />
  <Point X="150" Y="146" T="844183" />
  <Point X="153" Y="143" T="844196" />
  <Point X="157" Y="137" T="844209" />
  <Point X="161" Y="133" T="844222" />
  <Point X="162" Y="130" T="844237" />
  <Point X="162" Y="128" T="844251" />
  <Point X="164" Y="126" T="844282" />
</Gesture>