﻿<?xml version="1.0" encoding="utf-8" standalone="yes"?>
<Gesture Name="check03" Subject="1" Speed="medium" Number="3" NumPts="46" Millseconds="620" AppName="Gestures" AppVer="3.5.0.0" Date="Monday, March 05, 2007" TimeOfDay="4:56:23 PM">
  <Point X="81" Y="190" T="845080" />
  <Point X="83" Y="188" T="845119" />
  <Point X="85" Y="185" T="845131" />
  <Point X="87" Y="184" T="845143" />
  <Point X="90" Y="183" T="845159" />
  <Point X="92" Y="183" T="845175" />
  <Point X="94" Y="184" T="845191" />
  <Point X="97" Y="186" T="845208" />
  <Point X="98" Y="188" T="845216" />
  <Point X="100" Y="191" T="845228" />
  <Point X="102" Y="194" T="845236" />
  <Point X="104" Y="196" T="845248" />
  <Point X="106" Y="198" T="845256" />
  <Point X="108" Y="201" T="845265" />
  <Point X="110" Y="203" T="845272" />
  <Point X="112" Y="206" T="845280" />
  <Point X="114" Y="208" T="845288" />
  <Point X="115" Y="211" T="845297" />
  <Point X="116" Y="213" T="845306" />
  <Point X="118" Y="215" T="845316" />
  <Point X="119" Y="219" T="845317" />
  <Point X="120" Y="221" T="845329" />
  <Point X="123" Y="223" T="845340" />
  <Point X="124" Y="225" T="845361" />
  <Point X="123" Y="223" T="845416" />
  <Point X="123" Y="220" T="845427" />
  <Point X="122" Y="218" T="845438" />
  <Point X="121" Y="215" T="845449" />
  <Point X="120" Y="208" T="845461" />
  <Point X="121" Y="202" T="845473" />
  <Point X="121" Y="196" T="845485" />
  <Point X="123" Y="189" T="845498" />
  <Point X="125" Y="182" T="845511" />
  <Point X="128" Y="173" T="845524" />
  <Point X="131" Y="165" T="845538" />
  <Point X="134" Y="158" T="845551" />
  <Point X="140" Y="148" T="845565" />
  <Point X="145" Y="141" T="845579" />
  <Point X="151" Y="131" T="845593" />
  <Point X="153" Y="127" T="845607" />
  <Point X="155" Y="124" T="845609" />
  <Point X="157" Y="121" T="845627" />
  <Point X="158" Y="119" T="845641" />
  <Point X="159" Y="116" T="845656" />
  <Point X="161" Y="113" T="845680" />
  <Point X="164" Y="113" T="845700" />
</Gesture>