﻿<?xml version="1.0" encoding="utf-8" standalone="yes"?>
<Gesture Name="check09" Subject="1" Speed="medium" Number="9" NumPts="47" Millseconds="679" AppName="Gestures" AppVer="3.5.0.0" Date="Monday, March 05, 2007" TimeOfDay="4:56:31 PM">
  <Point X="93" Y="181" T="852806" />
  <Point X="95" Y="180" T="852839" />
  <Point X="97" Y="182" T="852851" />
  <Point X="99" Y="183" T="852864" />
  <Point X="102" Y="184" T="852876" />
  <Point X="103" Y="186" T="852884" />
  <Point X="105" Y="188" T="852897" />
  <Point X="106" Y="191" T="852909" />
  <Point X="107" Y="193" T="852917" />
  <Point X="108" Y="195" T="852925" />
  <Point X="109" Y="198" T="852933" />
  <Point X="111" Y="201" T="852941" />
  <Point X="112" Y="203" T="852949" />
  <Point X="114" Y="206" T="852958" />
  <Point X="116" Y="209" T="852965" />
  <Point X="118" Y="212" T="852973" />
  <Point X="120" Y="215" T="852981" />
  <Point X="122" Y="216" T="852989" />
  <Point X="124" Y="219" T="852999" />
  <Point X="126" Y="221" T="853008" />
  <Point X="127" Y="223" T="853018" />
  <Point X="129" Y="225" T="853033" />
  <Point X="130" Y="227" T="853052" />
  <Point X="130" Y="229" T="853105" />
  <Point X="129" Y="227" T="853129" />
  <Point X="129" Y="225" T="853153" />
  <Point X="129" Y="223" T="853165" />
  <Point X="129" Y="221" T="853177" />
  <Point X="129" Y="219" T="853189" />
  <Point X="130" Y="214" T="853201" />
  <Point X="130" Y="211" T="853213" />
  <Point X="130" Y="207" T="853214" />
  <Point X="130" Y="202" T="853226" />
  <Point X="131" Y="193" T="853239" />
  <Point X="133" Y="185" T="853253" />
  <Point X="134" Y="183" T="853254" />
  <Point X="138" Y="172" T="853269" />
  <Point X="141" Y="165" T="853284" />
  <Point X="148" Y="156" T="853298" />
  <Point X="152" Y="149" T="853312" />
  <Point X="159" Y="141" T="853326" />
  <Point X="164" Y="135" T="853341" />
  <Point X="168" Y="129" T="853355" />
  <Point X="171" Y="125" T="853370" />
  <Point X="172" Y="123" T="853387" />
  <Point X="173" Y="121" T="853469" />
  <Point X="171" Y="122" T="853485" />
</Gesture>