﻿<?xml version="1.0" encoding="utf-8" standalone="yes"?>
<Gesture Name="check05" Subject="1" Speed="medium" Number="5" NumPts="52" Millseconds="701" AppName="Gestures" AppVer="3.5.0.0" Date="Monday, March 05, 2007" TimeOfDay="4:56:26 PM">
  <Point X="88" Y="188" T="847491" />
  <Point X="90" Y="186" T="847563" />
  <Point X="92" Y="184" T="847575" />
  <Point X="94" Y="182" T="847588" />
  <Point X="97" Y="180" T="847600" />
  <Point X="100" Y="180" T="847612" />
  <Point X="102" Y="179" T="847624" />
  <Point X="105" Y="180" T="847637" />
  <Point X="107" Y="181" T="847649" />
  <Point X="109" Y="183" T="847661" />
  <Point X="111" Y="185" T="847673" />
  <Point X="112" Y="188" T="847681" />
  <Point X="114" Y="191" T="847698" />
  <Point X="115" Y="194" T="847706" />
  <Point X="116" Y="197" T="847715" />
  <Point X="117" Y="200" T="847726" />
  <Point X="118" Y="203" T="847735" />
  <Point X="119" Y="205" T="847743" />
  <Point X="120" Y="208" T="847752" />
  <Point X="120" Y="210" T="847761" />
  <Point X="123" Y="215" T="847771" />
  <Point X="124" Y="218" T="847781" />
  <Point X="126" Y="220" T="847792" />
  <Point X="126" Y="222" T="847802" />
  <Point X="127" Y="225" T="847812" />
  <Point X="128" Y="228" T="847835" />
  <Point X="128" Y="226" T="847876" />
  <Point X="127" Y="223" T="847888" />
  <Point X="127" Y="221" T="847900" />
  <Point X="126" Y="217" T="847911" />
  <Point X="126" Y="214" T="847913" />
  <Point X="126" Y="210" T="847926" />
  <Point X="125" Y="202" T="847938" />
  <Point X="126" Y="194" T="847950" />
  <Point X="127" Y="189" T="847962" />
  <Point X="130" Y="182" T="847975" />
  <Point X="132" Y="175" T="847988" />
  <Point X="133" Y="172" T="847989" />
  <Point X="138" Y="163" T="848004" />
  <Point X="141" Y="156" T="848017" />
  <Point X="143" Y="152" T="848031" />
  <Point X="149" Y="142" T="848045" />
  <Point X="151" Y="139" T="848058" />
  <Point X="156" Y="130" T="848072" />
  <Point X="158" Y="127" T="848086" />
  <Point X="163" Y="121" T="848101" />
  <Point X="166" Y="116" T="848116" />
  <Point X="168" Y="113" T="848117" />
  <Point X="171" Y="111" T="848133" />
  <Point X="172" Y="109" T="848149" />
  <Point X="171" Y="111" T="848177" />
  <Point X="170" Y="114" T="848192" />
</Gesture>