﻿<?xml version="1.0" encoding="utf-8" standalone="yes"?>
<Gesture Name="check06" Subject="1" Speed="medium" Number="6" NumPts="55" Millseconds="790" AppName="Gestures" AppVer="3.5.0.0" Date="Monday, March 05, 2007" TimeOfDay="4:56:27 PM">
  <Point X="89" Y="183" T="848745" />
  <Point X="92" Y="182" T="848838" />
  <Point X="94" Y="181" T="848858" />
  <Point X="95" Y="179" T="848867" />
  <Point X="98" Y="177" T="848878" />
  <Point X="100" Y="176" T="848890" />
  <Point X="102" Y="175" T="848902" />
  <Point X="104" Y="174" T="848914" />
  <Point X="106" Y="174" T="848930" />
  <Point X="109" Y="174" T="848946" />
  <Point X="111" Y="175" T="848958" />
  <Point X="113" Y="176" T="848970" />
  <Point X="114" Y="178" T="848978" />
  <Point X="115" Y="180" T="848987" />
  <Point X="117" Y="183" T="848998" />
  <Point X="118" Y="186" T="849006" />
  <Point X="119" Y="189" T="849014" />
  <Point X="121" Y="192" T="849026" />
  <Point X="122" Y="194" T="849034" />
  <Point X="123" Y="197" T="849044" />
  <Point X="124" Y="199" T="849054" />
  <Point X="124" Y="202" T="849055" />
  <Point X="126" Y="205" T="849065" />
  <Point X="127" Y="208" T="849076" />
  <Point X="128" Y="210" T="849086" />
  <Point X="130" Y="213" T="849097" />
  <Point X="132" Y="218" T="849109" />
  <Point X="134" Y="220" T="849122" />
  <Point X="135" Y="222" T="849134" />
  <Point X="135" Y="225" T="849154" />
  <Point X="135" Y="222" T="849194" />
  <Point X="134" Y="219" T="849210" />
  <Point X="133" Y="216" T="849223" />
  <Point X="133" Y="212" T="849235" />
  <Point X="133" Y="208" T="849248" />
  <Point X="133" Y="200" T="849261" />
  <Point X="133" Y="197" T="849263" />
  <Point X="133" Y="191" T="849276" />
  <Point X="136" Y="179" T="849291" />
  <Point X="139" Y="173" T="849305" />
  <Point X="142" Y="167" T="849321" />
  <Point X="145" Y="163" T="849323" />
  <Point X="150" Y="155" T="849339" />
  <Point X="152" Y="151" T="849353" />
  <Point X="157" Y="144" T="849367" />
  <Point X="162" Y="140" T="849381" />
  <Point X="165" Y="134" T="849395" />
  <Point X="169" Y="127" T="849410" />
  <Point X="172" Y="122" T="849427" />
  <Point X="175" Y="117" T="849442" />
  <Point X="176" Y="114" T="849458" />
  <Point X="177" Y="112" T="849473" />
  <Point X="178" Y="109" T="849474" />
  <Point X="178" Y="107" T="849510" />
  <Point X="178" Y="109" T="849535" />
</Gesture>