﻿<?xml version="1.0" encoding="utf-8" standalone="yes"?>
<Gesture Name="check07" Subject="1" Speed="medium" Number="7" NumPts="49" Millseconds="681" AppName="Gestures" AppVer="3.5.0.0" Date="Monday, March 05, 2007" TimeOfDay="4:56:28 PM">
  <Point X="91" Y="185" T="850162" />
  <Point X="93" Y="185" T="850236" />
  <Point X="95" Y="185" T="850252" />
  <Point X="97" Y="185" T="850264" />
  <Point X="100" Y="188" T="850276" />
  <Point X="102" Y="189" T="850285" />
  <Point X="104" Y="190" T="850293" />
  <Point X="106" Y="193" T="850301" />
  <Point X="108" Y="195" T="850309" />
  <Point X="110" Y="198" T="850317" />
  <Point X="112" Y="201" T="850325" />
  <Point X="114" Y="204" T="850337" />
  <Point X="115" Y="207" T="850345" />
  <Point X="117" Y="210" T="850353" />
  <Point X="118" Y="212" T="850362" />
  <Point X="120" Y="214" T="850370" />
  <Point X="121" Y="217" T="850378" />
  <Point X="122" Y="219" T="850387" />
  <Point X="123" Y="222" T="850396" />
  <Point X="124" Y="224" T="850406" />
  <Point X="126" Y="226" T="850416" />
  <Point X="127" Y="229" T="850426" />
  <Point X="129" Y="231" T="850437" />
  <Point X="130" Y="233" T="850481" />
  <Point X="129" Y="231" T="850526" />
  <Point X="129" Y="228" T="850538" />
  <Point X="129" Y="226" T="850550" />
  <Point X="129" Y="224" T="850561" />
  <Point X="129" Y="221" T="850573" />
  <Point X="129" Y="218" T="850575" />
  <Point X="129" Y="212" T="850587" />
  <Point X="129" Y="208" T="850599" />
  <Point X="130" Y="198" T="850611" />
  <Point X="132" Y="189" T="850623" />
  <Point X="134" Y="182" T="850635" />
  <Point X="137" Y="173" T="850648" />
  <Point X="143" Y="164" T="850663" />
  <Point X="147" Y="157" T="850676" />
  <Point X="151" Y="151" T="850689" />
  <Point X="155" Y="144" T="850702" />
  <Point X="161" Y="137" T="850715" />
  <Point X="165" Y="131" T="850729" />
  <Point X="171" Y="122" T="850743" />
  <Point X="174" Y="118" T="850757" />
  <Point X="176" Y="114" T="850771" />
  <Point X="177" Y="112" T="850786" />
  <Point X="177" Y="114" T="850807" />
  <Point X="175" Y="116" T="850827" />
  <Point X="173" Y="118" T="850843" />
</Gesture>