﻿<?xml version="1.0" encoding="utf-8" standalone="yes"?>
<Gesture Name="check10" Subject="1" Speed="medium" Number="10" NumPts="46" Millseconds="613" AppName="Gestures" AppVer="3.5.0.0" Date="Monday, March 05, 2007" TimeOfDay="4:56:33 PM">
  <Point X="89" Y="193" T="854494" />
  <Point X="92" Y="192" T="854546" />
  <Point X="94" Y="191" T="854562" />
  <Point X="96" Y="190" T="854578" />
  <Point X="98" Y="190" T="854593" />
  <Point X="100" Y="192" T="854606" />
  <Point X="103" Y="195" T="854618" />
  <Point X="105" Y="197" T="854626" />
  <Point X="107" Y="197" T="854634" />
  <Point X="109" Y="199" T="854642" />
  <Point X="111" Y="202" T="854650" />
  <Point X="113" Y="204" T="854658" />
  <Point X="115" Y="207" T="854666" />
  <Point X="117" Y="209" T="854675" />
  <Point X="118" Y="212" T="854682" />
  <Point X="121" Y="214" T="854693" />
  <Point X="122" Y="216" T="854701" />
  <Point X="123" Y="219" T="854710" />
  <Point X="125" Y="222" T="854719" />
  <Point X="126" Y="224" T="854728" />
  <Point X="127" Y="226" T="854737" />
  <Point X="128" Y="228" T="854747" />
  <Point X="129" Y="232" T="854758" />
  <Point X="130" Y="234" T="854777" />
  <Point X="130" Y="236" T="854806" />
  <Point X="129" Y="234" T="854834" />
  <Point X="128" Y="232" T="854854" />
  <Point X="128" Y="229" T="854865" />
  <Point X="127" Y="225" T="854877" />
  <Point X="127" Y="223" T="854879" />
  <Point X="128" Y="217" T="854891" />
  <Point X="128" Y="209" T="854903" />
  <Point X="129" Y="202" T="854915" />
  <Point X="130" Y="192" T="854927" />
  <Point X="132" Y="182" T="854940" />
  <Point X="134" Y="172" T="854952" />
  <Point X="138" Y="163" T="854965" />
  <Point X="144" Y="151" T="854978" />
  <Point X="150" Y="143" T="854991" />
  <Point X="156" Y="136" T="855005" />
  <Point X="164" Y="126" T="855019" />
  <Point X="167" Y="121" T="855032" />
  <Point X="173" Y="116" T="855046" />
  <Point X="175" Y="113" T="855062" />
  <Point X="177" Y="111" T="855076" />
  <Point X="178" Y="109" T="855107" />
</Gesture>