﻿<?xml version="1.0" encoding="utf-8" standalone="yes"?>
<Gesture Name="check04" Subject="1" Speed="medium" Number="4" NumPts="45" Millseconds="590" AppName="Gestures" AppVer="3.5.0.0" Date="Monday, March 05, 2007" TimeOfDay="4:56:24 PM">
  <Point X="88" Y="192" T="846301" />
  <Point X="89" Y="189" T="846341" />
  <Point X="90" Y="187" T="846358" />
  <Point X="92" Y="185" T="846366" />
  <Point X="94" Y="184" T="846382" />
  <Point X="96" Y="184" T="846395" />
  <Point X="99" Y="184" T="846407" />
  <Point X="101" Y="187" T="846419" />
  <Point X="103" Y="189" T="846427" />
  <Point X="105" Y="191" T="846435" />
  <Point X="106" Y="193" T="846443" />
  <Point X="108" Y="197" T="846454" />
  <Point X="109" Y="199" T="846462" />
  <Point X="112" Y="202" T="846475" />
  <Point X="113" Y="206" T="846483" />
  <Point X="114" Y="208" T="846492" />
  <Point X="115" Y="210" T="846501" />
  <Point X="117" Y="214" T="846509" />
  <Point X="118" Y="216" T="846519" />
  <Point X="119" Y="219" T="846529" />
  <Point X="121" Y="222" T="846541" />
  <Point X="123" Y="224" T="846557" />
  <Point X="124" Y="222" T="846618" />
  <Point X="124" Y="219" T="846630" />
  <Point X="124" Y="217" T="846641" />
  <Point X="124" Y="214" T="846651" />
  <Point X="124" Y="207" T="846663" />
  <Point X="125" Y="199" T="846674" />
  <Point X="126" Y="193" T="846687" />
  <Point X="127" Y="185" T="846699" />
  <Point X="130" Y="176" T="846711" />
  <Point X="133" Y="169" T="846723" />
  <Point X="137" Y="161" T="846736" />
  <Point X="141" Y="154" T="846749" />
  <Point X="146" Y="146" T="846762" />
  <Point X="151" Y="139" T="846775" />
  <Point X="153" Y="135" T="846789" />
  <Point X="158" Y="128" T="846803" />
  <Point X="161" Y="123" T="846816" />
  <Point X="164" Y="121" T="846830" />
  <Point X="165" Y="119" T="846844" />
  <Point X="167" Y="116" T="846858" />
  <Point X="169" Y="114" T="846859" />
  <Point X="172" Y="109" T="846876" />
  <Point X="174" Y="107" T="846891" />
</Gesture>