﻿<?xml version="1.0" encoding="utf-8" standalone="yes"?>
<Gesture Name="circle06" Subject="1" Speed="medium" Number="6" NumPts="50" Millseconds="451" AppName="Gestures" AppVer="3.5.0.0" Date="Monday, March 05, 2007" TimeOfDay="5:01:36 PM">
  <Point X="141" Y="145" T="1158465" />
  <Point X="139" Y="142" T="1158471" />
  <Point X="135" Y="141" T="1158479" />
  <Point X="133" Y="139" T="1158484" />
  <Point X="131" Y="139" T="1158490" />
  <Point X="126" Y="136" T="1158496" />
  <Point X="123" Y="135" T="1158502" />
  <Point X="117" Y="135" T="1158508" />
  <Point X="114" Y="136" T="1158515" />
  <Point X="111" Y="136" T="1158516" />
  <Point X="105" Y="139" T="1158524" />
  <Point X="100" Y="143" T="1158532" />
  <Point X="94" Y="148" T="1158539" />
  <Point X="90" Y="153" T="1158547" />
  <Point X="86" Y="158" T="1158555" />
  <Point X="82" Y="165" T="1158563" />
  <Point X="79" Y="172" T="1158572" />
  <Point X="76" Y="179" T="1158580" />
  <Point X="74" Y="186" T="1158589" />
  <Point X="72" Y="192" T="1158598" />
  <Point X="71" Y="202" T="1158608" />
  <Point X="72" Y="210" T="1158617" />
  <Point X="73" Y="215" T="1158627" />
  <Point X="74" Y="218" T="1158628" />
  <Point X="79" Y="225" T="1158640" />
  <Point X="82" Y="230" T="1158650" />
  <Point X="84" Y="232" T="1158651" />
  <Point X="90" Y="237" T="1158664" />
  <Point X="98" Y="241" T="1158675" />
  <Point X="106" Y="244" T="1158687" />
  <Point X="112" Y="245" T="1158699" />
  <Point X="115" Y="245" T="1158700" />
  <Point X="125" Y="244" T="1158713" />
  <Point X="136" Y="242" T="1158725" />
  <Point X="146" Y="236" T="1158738" />
  <Point X="157" Y="229" T="1158750" />
  <Point X="160" Y="227" T="1158751" />
  <Point X="170" Y="220" T="1158766" />
  <Point X="180" Y="208" T="1158779" />
  <Point X="185" Y="198" T="1158793" />
  <Point X="187" Y="188" T="1158806" />
  <Point X="187" Y="184" T="1158807" />
  <Point X="184" Y="171" T="1158824" />
  <Point X="179" Y="160" T="1158838" />
  <Point X="171" Y="148" T="1158852" />
  <Point X="162" Y="140" T="1158868" />
  <Point X="154" Y="138" T="1158883" />
  <Point X="151" Y="137" T="1158884" />
  <Point X="140" Y="140" T="1158901" />
  <Point X="137" Y="142" T="1158916" />
</Gesture>