﻿<?xml version="1.0" encoding="utf-8" standalone="yes"?>
<Gesture Name="circle03" Subject="1" Speed="medium" Number="3" NumPts="51" Millseconds="444" AppName="Gestures" AppVer="3.5.0.0" Date="Monday, March 05, 2007" TimeOfDay="5:01:34 PM">
  <Point X="135" Y="138" T="1156082" />
  <Point X="132" Y="135" T="1156089" />
  <Point X="129" Y="131" T="1156097" />
  <Point X="125" Y="127" T="1156105" />
  <Point X="123" Y="127" T="1156110" />
  <Point X="121" Y="127" T="1156116" />
  <Point X="118" Y="128" T="1156117" />
  <Point X="114" Y="129" T="1156125" />
  <Point X="111" Y="131" T="1156132" />
  <Point X="106" Y="134" T="1156139" />
  <Point X="101" Y="138" T="1156146" />
  <Point X="97" Y="144" T="1156153" />
  <Point X="94" Y="148" T="1156161" />
  <Point X="92" Y="152" T="1156162" />
  <Point X="89" Y="158" T="1156172" />
  <Point X="86" Y="165" T="1156180" />
  <Point X="83" Y="172" T="1156188" />
  <Point X="81" Y="180" T="1156196" />
  <Point X="80" Y="183" T="1156197" />
  <Point X="79" Y="191" T="1156208" />
  <Point X="79" Y="194" T="1156209" />
  <Point X="79" Y="200" T="1156221" />
  <Point X="79" Y="203" T="1156222" />
  <Point X="80" Y="209" T="1156232" />
  <Point X="81" Y="212" T="1156234" />
  <Point X="85" Y="220" T="1156246" />
  <Point X="86" Y="222" T="1156256" />
  <Point X="89" Y="225" T="1156257" />
  <Point X="95" Y="231" T="1156270" />
  <Point X="102" Y="235" T="1156281" />
  <Point X="108" Y="235" T="1156293" />
  <Point X="111" Y="236" T="1156294" />
  <Point X="121" Y="237" T="1156310" />
  <Point X="124" Y="237" T="1156311" />
  <Point X="136" Y="235" T="1156325" />
  <Point X="139" Y="234" T="1156326" />
  <Point X="150" Y="230" T="1156341" />
  <Point X="162" Y="224" T="1156354" />
  <Point X="171" Y="217" T="1156367" />
  <Point X="178" Y="210" T="1156381" />
  <Point X="186" Y="198" T="1156395" />
  <Point X="188" Y="184" T="1156411" />
  <Point X="186" Y="171" T="1156427" />
  <Point X="180" Y="161" T="1156442" />
  <Point X="177" Y="158" T="1156443" />
  <Point X="167" Y="149" T="1156459" />
  <Point X="155" Y="143" T="1156475" />
  <Point X="147" Y="142" T="1156490" />
  <Point X="144" Y="142" T="1156491" />
  <Point X="133" Y="145" T="1156508" />
  <Point X="131" Y="146" T="1156526" />
</Gesture>