﻿<?xml version="1.0" encoding="utf-8" standalone="yes"?>
<Gesture Name="circle07" Subject="1" Speed="medium" Number="7" NumPts="44" Millseconds="419" AppName="Gestures" AppVer="3.5.0.0" Date="Monday, March 05, 2007" TimeOfDay="5:01:37 PM">
  <Point X="127" Y="141" T="1159312" />
  <Point X="124" Y="140" T="1159318" />
  <Point X="120" Y="139" T="1159324" />
  <Point X="118" Y="139" T="1159330" />
  <Point X="116" Y="139" T="1159332" />
  <Point X="111" Y="140" T="1159339" />
  <Point X="109" Y="141" T="1159346" />
  <Point X="104" Y="144" T="1159353" />
  <Point X="100" Y="147" T="1159361" />
  <Point X="96" Y="152" T="1159368" />
  <Point X="93" Y="157" T="1159376" />
  <Point X="90" Y="163" T="1159384" />
  <Point X="87" Y="169" T="1159393" />
  <Point X="85" Y="175" T="1159401" />
  <Point X="83" Y="181" T="1159410" />
  <Point X="82" Y="190" T="1159420" />
  <Point X="82" Y="195" T="1159429" />
  <Point X="83" Y="200" T="1159437" />
  <Point X="84" Y="205" T="1159446" />
  <Point X="88" Y="213" T="1159456" />
  <Point X="91" Y="216" T="1159465" />
  <Point X="96" Y="219" T="1159474" />
  <Point X="103" Y="222" T="1159485" />
  <Point X="108" Y="224" T="1159494" />
  <Point X="111" Y="224" T="1159496" />
  <Point X="120" Y="224" T="1159508" />
  <Point X="133" Y="223" T="1159526" />
  <Point X="142" Y="222" T="1159537" />
  <Point X="152" Y="218" T="1159549" />
  <Point X="160" Y="214" T="1159561" />
  <Point X="167" Y="210" T="1159573" />
  <Point X="173" Y="204" T="1159586" />
  <Point X="178" Y="198" T="1159598" />
  <Point X="179" Y="196" T="1159600" />
  <Point X="182" Y="188" T="1159614" />
  <Point X="182" Y="177" T="1159628" />
  <Point X="178" Y="167" T="1159642" />
  <Point X="170" Y="150" T="1159656" />
  <Point X="163" Y="138" T="1159670" />
  <Point X="152" Y="130" T="1159684" />
  <Point X="143" Y="129" T="1159699" />
  <Point X="140" Y="131" T="1159700" />
  <Point X="129" Y="136" T="1159717" />
  <Point X="126" Y="139" T="1159731" />
</Gesture>