﻿<?xml version="1.0" encoding="utf-8" standalone="yes"?>
<Gesture Name="circle01" Subject="1" Speed="medium" Number="1" NumPts="40" Millseconds="348" AppName="Gestures" AppVer="3.5.0.0" Date="Monday, March 05, 2007" TimeOfDay="5:01:32 PM">
  <Point X="126" Y="140" T="1154653" />
  <Point X="122" Y="138" T="1154660" />
  <Point X="120" Y="138" T="1154666" />
  <Point X="115" Y="139" T="1154673" />
  <Point X="113" Y="139" T="1154679" />
  <Point X="110" Y="138" T="1154681" />
  <Point X="105" Y="139" T="1154689" />
  <Point X="102" Y="141" T="1154696" />
  <Point X="100" Y="142" T="1154697" />
  <Point X="96" Y="145" T="1154706" />
  <Point X="92" Y="151" T="1154714" />
  <Point X="89" Y="157" T="1154722" />
  <Point X="86" Y="164" T="1154730" />
  <Point X="84" Y="172" T="1154739" />
  <Point X="83" Y="181" T="1154748" />
  <Point X="83" Y="186" T="1154749" />
  <Point X="83" Y="195" T="1154758" />
  <Point X="85" Y="208" T="1154768" />
  <Point X="87" Y="216" T="1154778" />
  <Point X="93" Y="225" T="1154788" />
  <Point X="98" Y="230" T="1154798" />
  <Point X="107" Y="234" T="1154809" />
  <Point X="113" Y="234" T="1154819" />
  <Point X="124" Y="234" T="1154830" />
  <Point X="134" Y="230" T="1154841" />
  <Point X="140" Y="226" T="1154852" />
  <Point X="143" Y="224" T="1154853" />
  <Point X="151" Y="216" T="1154866" />
  <Point X="158" Y="207" T="1154878" />
  <Point X="163" Y="197" T="1154891" />
  <Point X="167" Y="185" T="1154903" />
  <Point X="168" Y="172" T="1154915" />
  <Point X="167" Y="168" T="1154916" />
  <Point X="164" Y="155" T="1154929" />
  <Point X="159" Y="145" T="1154943" />
  <Point X="151" Y="135" T="1154956" />
  <Point X="145" Y="132" T="1154970" />
  <Point X="139" Y="132" T="1154983" />
  <Point X="136" Y="133" T="1154985" />
  <Point X="132" Y="135" T="1155001" />
</Gesture>