﻿<?xml version="1.0" encoding="utf-8" standalone="yes"?>
<Gesture Name="circle02" Subject="1" Speed="medium" Number="2" NumPts="48" Millseconds="387" AppName="Gestures" AppVer="3.5.0.0" Date="Monday, March 05, 2007" TimeOfDay="5:01:33 PM">
  <Point X="144" Y="142" T="1155361" />
  <Point X="142" Y="140" T="1155366" />
  <Point X="141" Y="138" T="1155371" />
  <Point X="137" Y="135" T="1155377" />
  <Point X="135" Y="134" T="1155382" />
  <Point X="129" Y="132" T="1155388" />
  <Point X="127" Y="131" T="1155394" />
  <Point X="121" Y="131" T="1155401" />
  <Point X="118" Y="130" T="1155407" />
  <Point X="112" Y="132" T="1155414" />
  <Point X="107" Y="136" T="1155421" />
  <Point X="104" Y="138" T="1155428" />
  <Point X="102" Y="141" T="1155429" />
  <Point X="98" Y="147" T="1155438" />
  <Point X="94" Y="153" T="1155446" />
  <Point X="91" Y="160" T="1155454" />
  <Point X="89" Y="167" T="1155463" />
  <Point X="88" Y="170" T="1155465" />
  <Point X="86" Y="179" T="1155475" />
  <Point X="86" Y="183" T="1155476" />
  <Point X="85" Y="190" T="1155488" />
  <Point X="86" Y="194" T="1155489" />
  <Point X="87" Y="200" T="1155499" />
  <Point X="88" Y="203" T="1155500" />
  <Point X="91" Y="212" T="1155512" />
  <Point X="95" Y="217" T="1155522" />
  <Point X="101" Y="221" T="1155533" />
  <Point X="106" Y="224" T="1155543" />
  <Point X="109" Y="225" T="1155544" />
  <Point X="117" Y="230" T="1155558" />
  <Point X="125" Y="230" T="1155570" />
  <Point X="134" Y="230" T="1155581" />
  <Point X="142" Y="227" T="1155593" />
  <Point X="150" Y="221" T="1155607" />
  <Point X="158" Y="215" T="1155619" />
  <Point X="160" Y="213" T="1155620" />
  <Point X="167" Y="205" T="1155635" />
  <Point X="169" Y="202" T="1155636" />
  <Point X="173" Y="194" T="1155652" />
  <Point X="174" Y="191" T="1155653" />
  <Point X="174" Y="176" T="1155669" />
  <Point X="171" Y="164" T="1155683" />
  <Point X="169" Y="160" T="1155684" />
  <Point X="162" Y="149" T="1155701" />
  <Point X="156" Y="145" T="1155715" />
  <Point X="154" Y="143" T="1155716" />
  <Point X="146" Y="143" T="1155733" />
  <Point X="143" Y="145" T="1155748" />
</Gesture>