﻿<?xml version="1.0" encoding="utf-8" standalone="yes"?>
<Gesture Name="circle05" Subject="1" Speed="medium" Number="5" NumPts="52" Millseconds="453" AppName="Gestures" AppVer="3.5.0.0" Date="Monday, March 05, 2007" TimeOfDay="5:01:35 PM">
  <Point X="144" Y="142" T="1157641" />
  <Point X="140" Y="139" T="1157649" />
  <Point X="138" Y="137" T="1157654" />
  <Point X="136" Y="136" T="1157660" />
  <Point X="133" Y="135" T="1157661" />
  <Point X="130" Y="134" T="1157668" />
  <Point X="125" Y="132" T="1157674" />
  <Point X="122" Y="131" T="1157680" />
  <Point X="116" Y="131" T="1157686" />
  <Point X="110" Y="133" T="1157693" />
  <Point X="107" Y="136" T="1157700" />
  <Point X="102" Y="140" T="1157707" />
  <Point X="97" Y="146" T="1157715" />
  <Point X="93" Y="152" T="1157722" />
  <Point X="89" Y="159" T="1157730" />
  <Point X="85" Y="166" T="1157738" />
  <Point X="82" Y="173" T="1157747" />
  <Point X="79" Y="181" T="1157755" />
  <Point X="78" Y="189" T="1157764" />
  <Point X="77" Y="199" T="1157773" />
  <Point X="77" Y="206" T="1157782" />
  <Point X="79" Y="211" T="1157792" />
  <Point X="82" Y="219" T="1157802" />
  <Point X="85" Y="223" T="1157812" />
  <Point X="91" Y="229" T="1157822" />
  <Point X="95" Y="232" T="1157832" />
  <Point X="102" Y="237" T="1157843" />
  <Point X="109" Y="239" T="1157854" />
  <Point X="115" Y="239" T="1157864" />
  <Point X="117" Y="239" T="1157865" />
  <Point X="123" Y="239" T="1157877" />
  <Point X="126" Y="239" T="1157878" />
  <Point X="136" Y="239" T="1157889" />
  <Point X="146" Y="234" T="1157902" />
  <Point X="155" Y="229" T="1157914" />
  <Point X="164" Y="224" T="1157926" />
  <Point X="172" Y="216" T="1157939" />
  <Point X="179" Y="207" T="1157952" />
  <Point X="181" Y="204" T="1157953" />
  <Point X="185" Y="195" T="1157967" />
  <Point X="187" Y="185" T="1157981" />
  <Point X="187" Y="181" T="1157982" />
  <Point X="184" Y="170" T="1157996" />
  <Point X="183" Y="166" T="1157997" />
  <Point X="176" Y="156" T="1158012" />
  <Point X="174" Y="153" T="1158013" />
  <Point X="167" Y="142" T="1158028" />
  <Point X="165" Y="140" T="1158029" />
  <Point X="155" Y="132" T="1158045" />
  <Point X="145" Y="130" T="1158062" />
  <Point X="135" Y="133" T="1158078" />
  <Point X="128" Y="137" T="1158094" />
</Gesture>