﻿<?xml version="1.0" encoding="utf-8" standalone="yes"?>
<Gesture Name="circle08" Subject="1" Speed="medium" Number="8" NumPts="47" Millseconds="443" AppName="Gestures" AppVer="3.5.0.0" Date="Monday, March 05, 2007" TimeOfDay="5:01:38 PM">
  <Point X="133" Y="141" T="1160137" />
  <Point X="130" Y="139" T="1160144" />
  <Point X="126" Y="137" T="1160152" />
  <Point X="123" Y="135" T="1160159" />
  <Point X="119" Y="133" T="1160168" />
  <Point X="117" Y="133" T="1160174" />
  <Point X="115" Y="134" T="1160180" />
  <Point X="113" Y="134" T="1160181" />
  <Point X="108" Y="134" T="1160189" />
  <Point X="105" Y="136" T="1160196" />
  <Point X="103" Y="139" T="1160203" />
  <Point X="99" Y="142" T="1160210" />
  <Point X="96" Y="147" T="1160218" />
  <Point X="93" Y="152" T="1160225" />
  <Point X="91" Y="158" T="1160233" />
  <Point X="89" Y="164" T="1160241" />
  <Point X="88" Y="170" T="1160250" />
  <Point X="87" Y="177" T="1160258" />
  <Point X="87" Y="184" T="1160267" />
  <Point X="87" Y="193" T="1160276" />
  <Point X="88" Y="199" T="1160285" />
  <Point X="89" Y="202" T="1160294" />
  <Point X="92" Y="208" T="1160304" />
  <Point X="96" Y="215" T="1160314" />
  <Point X="99" Y="220" T="1160324" />
  <Point X="105" Y="223" T="1160334" />
  <Point X="110" Y="227" T="1160344" />
  <Point X="115" Y="229" T="1160355" />
  <Point X="124" Y="231" T="1160366" />
  <Point X="132" Y="233" T="1160377" />
  <Point X="141" Y="232" T="1160389" />
  <Point X="150" Y="230" T="1160401" />
  <Point X="158" Y="225" T="1160413" />
  <Point X="165" Y="220" T="1160425" />
  <Point X="172" Y="212" T="1160437" />
  <Point X="178" Y="204" T="1160449" />
  <Point X="181" Y="196" T="1160462" />
  <Point X="184" Y="186" T="1160475" />
  <Point X="183" Y="173" T="1160488" />
  <Point X="180" Y="164" T="1160502" />
  <Point X="176" Y="155" T="1160515" />
  <Point X="175" Y="153" T="1160516" />
  <Point X="166" Y="146" T="1160533" />
  <Point X="158" Y="144" T="1160547" />
  <Point X="156" Y="144" T="1160548" />
  <Point X="144" Y="144" T="1160565" />
  <Point X="139" Y="145" T="1160580" />
</Gesture>