﻿<?xml version="1.0" encoding="utf-8" standalone="yes"?>
<Gesture Name="circle04" Subject="1" Speed="medium" Number="4" NumPts="45" Millseconds="423" AppName="Gestures" AppVer="3.5.0.0" Date="Monday, March 05, 2007" TimeOfDay="5:01:34 PM">
  <Point X="138" Y="143" T="1156877" />
  <Point X="136" Y="140" T="1156883" />
  <Point X="132" Y="135" T="1156889" />
  <Point X="129" Y="134" T="1156895" />
  <Point X="127" Y="132" T="1156897" />
  <Point X="122" Y="129" T="1156904" />
  <Point X="119" Y="130" T="1156911" />
  <Point X="117" Y="130" T="1156913" />
  <Point X="111" Y="133" T="1156921" />
  <Point X="105" Y="137" T="1156929" />
  <Point X="99" Y="143" T="1156936" />
  <Point X="94" Y="149" T="1156944" />
  <Point X="89" Y="156" T="1156953" />
  <Point X="86" Y="163" T="1156961" />
  <Point X="82" Y="170" T="1156970" />
  <Point X="80" Y="177" T="1156979" />
  <Point X="79" Y="181" T="1156981" />
  <Point X="78" Y="189" T="1156990" />
  <Point X="77" Y="201" T="1157000" />
  <Point X="78" Y="207" T="1157010" />
  <Point X="80" Y="214" T="1157020" />
  <Point X="82" Y="218" T="1157021" />
  <Point X="88" Y="227" T="1157033" />
  <Point X="92" Y="231" T="1157044" />
  <Point X="94" Y="233" T="1157045" />
  <Point X="102" Y="239" T="1157058" />
  <Point X="111" Y="241" T="1157069" />
  <Point X="121" Y="244" T="1157081" />
  <Point X="131" Y="243" T="1157093" />
  <Point X="141" Y="241" T="1157105" />
  <Point X="150" Y="235" T="1157118" />
  <Point X="160" Y="229" T="1157130" />
  <Point X="168" Y="221" T="1157143" />
  <Point X="179" Y="208" T="1157156" />
  <Point X="184" Y="200" T="1157169" />
  <Point X="187" Y="189" T="1157183" />
  <Point X="185" Y="177" T="1157196" />
  <Point X="180" Y="167" T="1157210" />
  <Point X="171" Y="154" T="1157225" />
  <Point X="163" Y="147" T="1157239" />
  <Point X="152" Y="141" T="1157254" />
  <Point X="140" Y="140" T="1157268" />
  <Point X="131" Y="143" T="1157284" />
  <Point X="129" Y="143" T="1157285" />
  <Point X="122" Y="147" T="1157300" />
</Gesture>