﻿<?xml version="1.0" encoding="utf-8" standalone="yes"?>
<Gesture Name="circle10" Subject="1" Speed="medium" Number="10" NumPts="47" Millseconds="413" AppName="Gestures" AppVer="3.5.0.0" Date="Monday, March 05, 2007" TimeOfDay="5:01:39 PM">
  <Point X="137" Y="138" T="1161885" />
  <Point X="134" Y="137" T="1161890" />
  <Point X="132" Y="136" T="1161895" />
  <Point X="126" Y="136" T="1161901" />
  <Point X="123" Y="136" T="1161906" />
  <Point X="121" Y="136" T="1161912" />
  <Point X="118" Y="137" T="1161913" />
  <Point X="113" Y="141" T="1161921" />
  <Point X="110" Y="143" T="1161928" />
  <Point X="107" Y="145" T="1161929" />
  <Point X="103" Y="149" T="1161938" />
  <Point X="99" Y="154" T="1161945" />
  <Point X="95" Y="160" T="1161953" />
  <Point X="92" Y="166" T="1161960" />
  <Point X="90" Y="170" T="1161968" />
  <Point X="89" Y="174" T="1161969" />
  <Point X="87" Y="182" T="1161979" />
  <Point X="85" Y="191" T="1161989" />
  <Point X="85" Y="199" T="1161998" />
  <Point X="86" Y="206" T="1162007" />
  <Point X="88" Y="213" T="1162016" />
  <Point X="89" Y="216" T="1162017" />
  <Point X="95" Y="223" T="1162029" />
  <Point X="100" Y="228" T="1162038" />
  <Point X="108" Y="233" T="1162049" />
  <Point X="114" Y="235" T="1162059" />
  <Point X="124" Y="238" T="1162069" />
  <Point X="135" Y="238" T="1162081" />
  <Point X="143" Y="236" T="1162091" />
  <Point X="146" Y="236" T="1162092" />
  <Point X="156" Y="233" T="1162106" />
  <Point X="165" Y="227" T="1162118" />
  <Point X="173" Y="222" T="1162129" />
  <Point X="180" Y="214" T="1162141" />
  <Point X="185" Y="206" T="1162154" />
  <Point X="188" Y="198" T="1162166" />
  <Point X="189" Y="187" T="1162179" />
  <Point X="186" Y="172" T="1162193" />
  <Point X="181" Y="159" T="1162206" />
  <Point X="175" Y="149" T="1162219" />
  <Point X="173" Y="145" T="1162220" />
  <Point X="165" Y="137" T="1162236" />
  <Point X="158" Y="134" T="1162251" />
  <Point X="147" Y="133" T="1162265" />
  <Point X="139" Y="135" T="1162280" />
  <Point X="136" Y="136" T="1162281" />
  <Point X="130" Y="138" T="1162298" />
</Gesture>