﻿<?xml version="1.0" encoding="utf-8" standalone="yes"?>
<Gesture Name="circle09" Subject="1" Speed="medium" Number="9" NumPts="50" Millseconds="431" AppName="Gestures" AppVer="3.5.0.0" Date="Monday, March 05, 2007" TimeOfDay="5:01:38 PM">
  <Point X="128" Y="148" T="1160987" />
  <Point X="126" Y="146" T="1160992" />
  <Point X="124" Y="146" T="1160997" />
  <Point X="120" Y="145" T="1161003" />
  <Point X="118" Y="145" T="1161008" />
  <Point X="113" Y="143" T="1161014" />
  <Point X="111" Y="142" T="1161020" />
  <Point X="106" Y="142" T="1161027" />
  <Point X="102" Y="141" T="1161034" />
  <Point X="100" Y="142" T="1161041" />
  <Point X="97" Y="146" T="1161048" />
  <Point X="94" Y="149" T="1161055" />
  <Point X="91" Y="154" T="1161063" />
  <Point X="88" Y="160" T="1161070" />
  <Point X="86" Y="163" T="1161078" />
  <Point X="85" Y="166" T="1161079" />
  <Point X="83" Y="174" T="1161089" />
  <Point X="82" Y="178" T="1161090" />
  <Point X="81" Y="185" T="1161101" />
  <Point X="81" Y="194" T="1161109" />
  <Point X="81" Y="197" T="1161111" />
  <Point X="82" Y="205" T="1161121" />
  <Point X="84" Y="215" T="1161131" />
  <Point X="86" Y="220" T="1161141" />
  <Point X="89" Y="227" T="1161151" />
  <Point X="92" Y="230" T="1161161" />
  <Point X="94" Y="232" T="1161162" />
  <Point X="99" Y="237" T="1161175" />
  <Point X="103" Y="239" T="1161185" />
  <Point X="106" Y="240" T="1161186" />
  <Point X="114" Y="242" T="1161200" />
  <Point X="122" Y="244" T="1161211" />
  <Point X="132" Y="243" T="1161223" />
  <Point X="141" Y="240" T="1161236" />
  <Point X="151" Y="235" T="1161248" />
  <Point X="160" Y="229" T="1161261" />
  <Point X="163" Y="227" T="1161262" />
  <Point X="171" Y="218" T="1161277" />
  <Point X="173" Y="216" T="1161278" />
  <Point X="179" Y="206" T="1161294" />
  <Point X="180" Y="203" T="1161295" />
  <Point X="183" Y="189" T="1161311" />
  <Point X="181" Y="177" T="1161325" />
  <Point X="173" Y="160" T="1161339" />
  <Point X="166" Y="147" T="1161353" />
  <Point X="164" Y="144" T="1161354" />
  <Point X="153" Y="137" T="1161372" />
  <Point X="142" Y="136" T="1161387" />
  <Point X="130" Y="139" T="1161402" />
  <Point X="125" Y="143" T="1161418" />
</Gesture>