﻿<?xml version="1.0" encoding="utf-8" standalone="yes"?>
<Gesture Name="delete_mark01" Subject="1" Speed="medium" Number="1" NumPts="51" Millseconds="551" AppName="Gestures" AppVer="3.5.0.0" Date="Monday, March 05, 2007" TimeOfDay="5:06:16 PM">
  <Point X="115" Y="130" T="1438941" />
  <Point X="116" Y="133" T="1438949" />
  <Point X="118" Y="137" T="1438957" />
  <Point X="120" Y="140" T="1438963" />
  <Point X="123" Y="146" T="1438970" />
  <Point X="125" Y="150" T="1438977" />
  <Point X="127" Y="152" T="1438978" />
  <Point X="132" Y="159" T="1438987" />
  <Point X="137" Y="168" T="1438995" />
  <Point X="142" Y="177" T="1439003" />
  <Point X="147" Y="183" T="1439011" />
  <Point X="152" Y="190" T="1439019" />
  <Point X="157" Y="196" T="1439028" />
  <Point X="162" Y="201" T="1439036" />
  <Point X="164" Y="204" T="1439038" />
  <Point X="167" Y="209" T="1439048" />
  <Point X="168" Y="212" T="1439049" />
  <Point X="169" Y="214" T="1439060" />
  <Point X="171" Y="216" T="1439062" />
  <Point X="172" Y="218" T="1439073" />
  <Point X="170" Y="220" T="1439105" />
  <Point X="168" Y="218" T="1439114" />
  <Point X="165" Y="218" T="1439124" />
  <Point X="159" Y="215" T="1439134" />
  <Point X="154" Y="215" T="1439145" />
  <Point X="151" Y="214" T="1439146" />
  <Point X="143" Y="214" T="1439160" />
  <Point X="134" Y="214" T="1439171" />
  <Point X="125" Y="214" T="1439182" />
  <Point X="116" Y="216" T="1439194" />
  <Point X="109" Y="217" T="1439205" />
  <Point X="105" Y="218" T="1439217" />
  <Point X="101" Y="220" T="1439229" />
  <Point X="98" Y="221" T="1439230" />
  <Point X="95" Y="222" T="1439244" />
  <Point X="93" Y="222" T="1439257" />
  <Point X="93" Y="220" T="1439289" />
  <Point X="95" Y="217" T="1439301" />
  <Point X="97" Y="215" T="1439314" />
  <Point X="103" Y="208" T="1439328" />
  <Point X="111" Y="201" T="1439342" />
  <Point X="117" Y="194" T="1439356" />
  <Point X="127" Y="182" T="1439370" />
  <Point X="137" Y="170" T="1439385" />
  <Point X="144" Y="159" T="1439400" />
  <Point X="152" Y="150" T="1439415" />
  <Point X="158" Y="143" T="1439430" />
  <Point X="162" Y="138" T="1439445" />
  <Point X="165" Y="135" T="1439460" />
  <Point X="167" Y="133" T="1439476" />
  <Point X="170" Y="129" T="1439492" />
</Gesture>