﻿<?xml version="1.0" encoding="utf-8" standalone="yes"?>
<Gesture Name="delete_mark08" Subject="1" Speed="medium" Number="8" NumPts="57" Millseconds="620" AppName="Gestures" AppVer="3.5.0.0" Date="Monday, March 05, 2007" TimeOfDay="5:06:22 PM">
  <Point X="129" Y="134" T="1445060" />
  <Point X="129" Y="137" T="1445068" />
  <Point X="129" Y="141" T="1445076" />
  <Point X="130" Y="143" T="1445081" />
  <Point X="131" Y="147" T="1445087" />
  <Point X="132" Y="149" T="1445088" />
  <Point X="134" Y="154" T="1445096" />
  <Point X="136" Y="157" T="1445103" />
  <Point X="140" Y="164" T="1445109" />
  <Point X="141" Y="167" T="1445116" />
  <Point X="143" Y="170" T="1445117" />
  <Point X="147" Y="176" T="1445126" />
  <Point X="151" Y="182" T="1445133" />
  <Point X="154" Y="187" T="1445141" />
  <Point X="157" Y="192" T="1445148" />
  <Point X="159" Y="197" T="1445157" />
  <Point X="162" Y="202" T="1445165" />
  <Point X="164" Y="206" T="1445173" />
  <Point X="167" Y="211" T="1445182" />
  <Point X="169" Y="214" T="1445191" />
  <Point X="170" Y="216" T="1445200" />
  <Point X="171" Y="218" T="1445201" />
  <Point X="173" Y="221" T="1445213" />
  <Point X="174" Y="223" T="1445232" />
  <Point X="171" Y="221" T="1445253" />
  <Point X="169" Y="219" T="1445264" />
  <Point X="166" Y="218" T="1445275" />
  <Point X="159" Y="215" T="1445286" />
  <Point X="153" Y="213" T="1445298" />
  <Point X="146" Y="215" T="1445310" />
  <Point X="139" Y="215" T="1445322" />
  <Point X="130" Y="216" T="1445334" />
  <Point X="121" Y="219" T="1445346" />
  <Point X="113" Y="220" T="1445359" />
  <Point X="104" Y="222" T="1445372" />
  <Point X="96" Y="226" T="1445385" />
  <Point X="94" Y="226" T="1445386" />
  <Point X="88" Y="229" T="1445399" />
  <Point X="85" Y="229" T="1445413" />
  <Point X="82" Y="229" T="1445414" />
  <Point X="80" Y="230" T="1445427" />
  <Point X="79" Y="228" T="1445449" />
  <Point X="80" Y="226" T="1445463" />
  <Point X="84" Y="220" T="1445478" />
  <Point X="92" Y="213" T="1445496" />
  <Point X="101" Y="204" T="1445512" />
  <Point X="110" Y="195" T="1445528" />
  <Point X="113" Y="193" T="1445530" />
  <Point X="123" Y="185" T="1445547" />
  <Point X="137" Y="176" T="1445565" />
  <Point X="147" Y="167" T="1445581" />
  <Point X="157" Y="159" T="1445597" />
  <Point X="164" Y="151" T="1445614" />
  <Point X="170" Y="145" T="1445630" />
  <Point X="174" Y="140" T="1445646" />
  <Point X="175" Y="137" T="1445662" />
  <Point X="176" Y="135" T="1445680" />
</Gesture>