﻿<?xml version="1.0" encoding="utf-8" standalone="yes"?>
<Gesture Name="delete_mark07" Subject="1" Speed="medium" Number="7" NumPts="54" Millseconds="618" AppName="Gestures" AppVer="3.5.0.0" Date="Monday, March 05, 2007" TimeOfDay="5:06:21 PM">
  <Point X="120" Y="135" T="1444160" />
  <Point X="121" Y="138" T="1444170" />
  <Point X="123" Y="141" T="1444176" />
  <Point X="125" Y="145" T="1444184" />
  <Point X="126" Y="147" T="1444190" />
  <Point X="130" Y="154" T="1444197" />
  <Point X="134" Y="161" T="1444204" />
  <Point X="136" Y="164" T="1444211" />
  <Point X="139" Y="168" T="1444213" />
  <Point X="144" Y="175" T="1444222" />
  <Point X="148" Y="182" T="1444230" />
  <Point X="152" Y="189" T="1444238" />
  <Point X="156" Y="194" T="1444246" />
  <Point X="159" Y="199" T="1444254" />
  <Point X="162" Y="204" T="1444263" />
  <Point X="163" Y="207" T="1444272" />
  <Point X="166" Y="209" T="1444273" />
  <Point X="169" Y="214" T="1444284" />
  <Point X="171" Y="216" T="1444293" />
  <Point X="173" Y="218" T="1444303" />
  <Point X="175" Y="219" T="1444313" />
  <Point X="177" Y="220" T="1444323" />
  <Point X="174" Y="219" T="1444361" />
  <Point X="172" Y="219" T="1444371" />
  <Point X="168" Y="217" T="1444382" />
  <Point X="160" Y="216" T="1444394" />
  <Point X="154" Y="215" T="1444405" />
  <Point X="147" Y="214" T="1444417" />
  <Point X="140" Y="216" T="1444429" />
  <Point X="132" Y="216" T="1444441" />
  <Point X="123" Y="216" T="1444453" />
  <Point X="114" Y="220" T="1444466" />
  <Point X="106" Y="219" T="1444478" />
  <Point X="98" Y="221" T="1444491" />
  <Point X="90" Y="224" T="1444505" />
  <Point X="88" Y="224" T="1444506" />
  <Point X="81" Y="225" T="1444520" />
  <Point X="78" Y="226" T="1444533" />
  <Point X="75" Y="225" T="1444534" />
  <Point X="73" Y="226" T="1444548" />
  <Point X="71" Y="226" T="1444562" />
  <Point X="71" Y="224" T="1444585" />
  <Point X="74" Y="222" T="1444600" />
  <Point X="80" Y="217" T="1444614" />
  <Point X="90" Y="207" T="1444630" />
  <Point X="101" Y="199" T="1444646" />
  <Point X="113" Y="190" T="1444662" />
  <Point X="125" Y="177" T="1444678" />
  <Point X="138" Y="166" T="1444694" />
  <Point X="149" Y="155" T="1444711" />
  <Point X="156" Y="147" T="1444728" />
  <Point X="165" Y="138" T="1444744" />
  <Point X="169" Y="135" T="1444761" />
  <Point X="171" Y="133" T="1444778" />
</Gesture>