﻿<?xml version="1.0" encoding="utf-8" standalone="yes"?>
<Gesture Name="delete_mark05" Subject="1" Speed="medium" Number="5" NumPts="50" Millseconds="573" AppName="Gestures" AppVer="3.5.0.0" Date="Monday, March 05, 2007" TimeOfDay="5:06:19 PM">
  <Point X="122" Y="130" T="1442373" />
  <Point X="123" Y="133" T="1442384" />
  <Point X="124" Y="137" T="1442392" />
  <Point X="125" Y="139" T="1442398" />
  <Point X="128" Y="144" T="1442405" />
  <Point X="129" Y="147" T="1442412" />
  <Point X="131" Y="150" T="1442413" />
  <Point X="134" Y="156" T="1442421" />
  <Point X="138" Y="162" T="1442429" />
  <Point X="141" Y="168" T="1442437" />
  <Point X="144" Y="173" T="1442444" />
  <Point X="147" Y="178" T="1442452" />
  <Point X="150" Y="184" T="1442461" />
  <Point X="152" Y="188" T="1442468" />
  <Point X="154" Y="192" T="1442477" />
  <Point X="156" Y="195" T="1442485" />
  <Point X="158" Y="199" T="1442493" />
  <Point X="159" Y="201" T="1442502" />
  <Point X="160" Y="203" T="1442511" />
  <Point X="161" Y="205" T="1442521" />
  <Point X="162" Y="208" T="1442532" />
  <Point X="160" Y="209" T="1442565" />
  <Point X="157" Y="207" T="1442577" />
  <Point X="154" Y="206" T="1442587" />
  <Point X="151" Y="205" T="1442598" />
  <Point X="143" Y="204" T="1442609" />
  <Point X="139" Y="205" T="1442621" />
  <Point X="133" Y="207" T="1442632" />
  <Point X="130" Y="208" T="1442634" />
  <Point X="123" Y="210" T="1442648" />
  <Point X="116" Y="214" T="1442660" />
  <Point X="109" Y="217" T="1442673" />
  <Point X="107" Y="218" T="1442674" />
  <Point X="98" Y="221" T="1442692" />
  <Point X="91" Y="224" T="1442707" />
  <Point X="85" Y="226" T="1442721" />
  <Point X="83" Y="227" T="1442736" />
  <Point X="80" Y="226" T="1442750" />
  <Point X="80" Y="224" T="1442769" />
  <Point X="81" Y="222" T="1442784" />
  <Point X="88" Y="214" T="1442800" />
  <Point X="95" Y="203" T="1442815" />
  <Point X="105" Y="191" T="1442832" />
  <Point X="108" Y="188" T="1442834" />
  <Point X="119" Y="174" T="1442852" />
  <Point X="135" Y="160" T="1442872" />
  <Point X="150" Y="146" T="1442890" />
  <Point X="161" Y="135" T="1442909" />
  <Point X="166" Y="130" T="1442927" />
  <Point X="170" Y="125" T="1442946" />
</Gesture>