﻿<?xml version="1.0" encoding="utf-8" standalone="yes"?>
<Gesture Name="delete_mark02" Subject="1" Speed="medium" Number="2" NumPts="54" Millseconds="552" AppName="Gestures" AppVer="3.5.0.0" Date="Monday, March 05, 2007" TimeOfDay="5:06:17 PM">
  <Point X="121" Y="140" T="1439775" />
  <Point X="121" Y="142" T="1439780" />
  <Point X="122" Y="145" T="1439786" />
  <Point X="124" Y="148" T="1439791" />
  <Point X="125" Y="150" T="1439797" />
  <Point X="127" Y="154" T="1439803" />
  <Point X="129" Y="157" T="1439804" />
  <Point X="133" Y="165" T="1439812" />
  <Point X="135" Y="168" T="1439819" />
  <Point X="138" Y="171" T="1439820" />
  <Point X="143" Y="178" T="1439828" />
  <Point X="148" Y="185" T="1439836" />
  <Point X="153" Y="191" T="1439843" />
  <Point X="156" Y="193" T="1439851" />
  <Point X="158" Y="196" T="1439852" />
  <Point X="162" Y="201" T="1439862" />
  <Point X="165" Y="206" T="1439870" />
  <Point X="168" Y="210" T="1439878" />
  <Point X="168" Y="212" T="1439879" />
  <Point X="171" Y="214" T="1439892" />
  <Point X="171" Y="216" T="1439907" />
  <Point X="169" Y="215" T="1439935" />
  <Point X="167" Y="214" T="1439944" />
  <Point X="164" Y="212" T="1439954" />
  <Point X="158" Y="211" T="1439964" />
  <Point X="154" Y="210" T="1439975" />
  <Point X="151" Y="210" T="1439976" />
  <Point X="146" Y="213" T="1439986" />
  <Point X="143" Y="213" T="1439987" />
  <Point X="134" Y="214" T="1440000" />
  <Point X="125" Y="217" T="1440014" />
  <Point X="113" Y="221" T="1440028" />
  <Point X="104" Y="224" T="1440040" />
  <Point X="96" Y="226" T="1440053" />
  <Point X="89" Y="230" T="1440065" />
  <Point X="84" Y="232" T="1440078" />
  <Point X="81" Y="233" T="1440091" />
  <Point X="79" Y="233" T="1440104" />
  <Point X="78" Y="231" T="1440119" />
  <Point X="80" Y="227" T="1440135" />
  <Point X="81" Y="224" T="1440150" />
  <Point X="89" Y="216" T="1440165" />
  <Point X="96" Y="207" T="1440182" />
  <Point X="99" Y="206" T="1440184" />
  <Point X="108" Y="195" T="1440200" />
  <Point X="117" Y="186" T="1440215" />
  <Point X="120" Y="182" T="1440216" />
  <Point X="131" Y="169" T="1440233" />
  <Point X="142" Y="158" T="1440248" />
  <Point X="151" Y="150" T="1440264" />
  <Point X="156" Y="144" T="1440280" />
  <Point X="162" Y="139" T="1440295" />
  <Point X="169" Y="134" T="1440311" />
  <Point X="175" Y="128" T="1440327" />
</Gesture>