﻿<?xml version="1.0" encoding="utf-8" standalone="yes"?>
<Gesture Name="delete_mark03" Subject="1" Speed="medium" Number="3" NumPts="53" Millseconds="568" AppName="Gestures" AppVer="3.5.0.0" Date="Monday, March 05, 2007" TimeOfDay="5:06:18 PM">
  <Point X="125" Y="139" T="1440612" />
  <Point X="128" Y="142" T="1440624" />
  <Point X="130" Y="145" T="1440633" />
  <Point X="131" Y="147" T="1440639" />
  <Point X="133" Y="149" T="1440641" />
  <Point X="136" Y="154" T="1440648" />
  <Point X="138" Y="157" T="1440654" />
  <Point X="143" Y="162" T="1440661" />
  <Point X="145" Y="165" T="1440667" />
  <Point X="150" Y="172" T="1440674" />
  <Point X="154" Y="176" T="1440681" />
  <Point X="158" Y="182" T="1440688" />
  <Point X="160" Y="185" T="1440695" />
  <Point X="161" Y="187" T="1440696" />
  <Point X="165" Y="193" T="1440707" />
  <Point X="167" Y="197" T="1440715" />
  <Point X="170" Y="200" T="1440724" />
  <Point X="172" Y="204" T="1440734" />
  <Point X="173" Y="206" T="1440742" />
  <Point X="175" Y="209" T="1440751" />
  <Point X="176" Y="212" T="1440764" />
  <Point X="176" Y="214" T="1440785" />
  <Point X="174" Y="214" T="1440797" />
  <Point X="171" Y="213" T="1440806" />
  <Point X="169" Y="212" T="1440817" />
  <Point X="163" Y="212" T="1440827" />
  <Point X="157" Y="211" T="1440838" />
  <Point X="150" Y="211" T="1440849" />
  <Point X="144" Y="211" T="1440861" />
  <Point X="142" Y="211" T="1440862" />
  <Point X="133" Y="211" T="1440874" />
  <Point X="124" Y="212" T="1440886" />
  <Point X="115" Y="214" T="1440898" />
  <Point X="106" Y="215" T="1440911" />
  <Point X="97" Y="220" T="1440923" />
  <Point X="89" Y="225" T="1440936" />
  <Point X="82" Y="229" T="1440949" />
  <Point X="77" Y="232" T="1440962" />
  <Point X="76" Y="230" T="1440993" />
  <Point X="77" Y="228" T="1441006" />
  <Point X="83" Y="223" T="1441020" />
  <Point X="92" Y="215" T="1441034" />
  <Point X="100" Y="208" T="1441049" />
  <Point X="103" Y="206" T="1441050" />
  <Point X="115" Y="197" T="1441066" />
  <Point X="127" Y="185" T="1441081" />
  <Point X="139" Y="174" T="1441099" />
  <Point X="150" Y="164" T="1441114" />
  <Point X="161" Y="154" T="1441130" />
  <Point X="170" Y="144" T="1441146" />
  <Point X="173" Y="140" T="1441161" />
  <Point X="175" Y="138" T="1441162" />
  <Point X="178" Y="136" T="1441180" />
</Gesture>