﻿<?xml version="1.0" encoding="utf-8" standalone="yes"?>
<Gesture Name="delete_mark06" Subject="1" Speed="medium" Number="6" NumPts="53" Millseconds="620" AppName="Gestures" AppVer="3.5.0.0" Date="Monday, March 05, 2007" TimeOfDay="5:06:20 PM">
  <Point X="124" Y="137" T="1443240" />
  <Point X="125" Y="140" T="1443257" />
  <Point X="126" Y="144" T="1443264" />
  <Point X="127" Y="146" T="1443270" />
  <Point X="129" Y="148" T="1443277" />
  <Point X="131" Y="152" T="1443284" />
  <Point X="133" Y="156" T="1443285" />
  <Point X="136" Y="163" T="1443294" />
  <Point X="140" Y="170" T="1443301" />
  <Point X="144" Y="177" T="1443309" />
  <Point X="147" Y="184" T="1443316" />
  <Point X="151" Y="189" T="1443324" />
  <Point X="155" Y="194" T="1443333" />
  <Point X="158" Y="199" T="1443341" />
  <Point X="161" Y="203" T="1443350" />
  <Point X="164" Y="207" T="1443359" />
  <Point X="167" Y="213" T="1443371" />
  <Point X="170" Y="217" T="1443380" />
  <Point X="172" Y="221" T="1443389" />
  <Point X="174" Y="223" T="1443399" />
  <Point X="176" Y="225" T="1443408" />
  <Point X="174" Y="226" T="1443460" />
  <Point X="172" Y="225" T="1443470" />
  <Point X="169" Y="223" T="1443481" />
  <Point X="167" Y="223" T="1443491" />
  <Point X="164" Y="223" T="1443493" />
  <Point X="158" Y="222" T="1443505" />
  <Point X="153" Y="221" T="1443515" />
  <Point X="151" Y="221" T="1443516" />
  <Point X="143" Y="221" T="1443530" />
  <Point X="135" Y="220" T="1443541" />
  <Point X="126" Y="220" T="1443553" />
  <Point X="118" Y="220" T="1443565" />
  <Point X="110" Y="219" T="1443577" />
  <Point X="102" Y="218" T="1443589" />
  <Point X="95" Y="218" T="1443602" />
  <Point X="89" Y="217" T="1443615" />
  <Point X="86" Y="215" T="1443627" />
  <Point X="83" Y="215" T="1443628" />
  <Point X="80" Y="215" T="1443643" />
  <Point X="78" Y="214" T="1443657" />
  <Point X="80" Y="212" T="1443692" />
  <Point X="83" Y="211" T="1443706" />
  <Point X="94" Y="204" T="1443720" />
  <Point X="104" Y="199" T="1443736" />
  <Point X="112" Y="193" T="1443751" />
  <Point X="125" Y="183" T="1443766" />
  <Point X="137" Y="171" T="1443781" />
  <Point X="149" Y="159" T="1443797" />
  <Point X="159" Y="150" T="1443813" />
  <Point X="167" Y="143" T="1443829" />
  <Point X="173" Y="138" T="1443844" />
  <Point X="175" Y="137" T="1443860" />
</Gesture>