﻿<?xml version="1.0" encoding="utf-8" standalone="yes"?>
<Gesture Name="delete_mark04" Subject="1" Speed="medium" Number="4" NumPts="54" Millseconds="589" AppName="Gestures" AppVer="3.5.0.0" Date="Monday, March 05, 2007" TimeOfDay="5:06:19 PM">
  <Point X="114" Y="141" T="1441471" />
  <Point X="115" Y="144" T="1441479" />
  <Point X="117" Y="147" T="1441488" />
  <Point X="119" Y="150" T="1441495" />
  <Point X="121" Y="153" T="1441501" />
  <Point X="122" Y="156" T="1441506" />
  <Point X="124" Y="159" T="1441507" />
  <Point X="128" Y="166" T="1441516" />
  <Point X="131" Y="169" T="1441522" />
  <Point X="133" Y="172" T="1441523" />
  <Point X="139" Y="180" T="1441533" />
  <Point X="144" Y="186" T="1441540" />
  <Point X="149" Y="192" T="1441548" />
  <Point X="153" Y="198" T="1441556" />
  <Point X="157" Y="202" T="1441564" />
  <Point X="161" Y="207" T="1441572" />
  <Point X="164" Y="211" T="1441580" />
  <Point X="165" Y="213" T="1441589" />
  <Point X="169" Y="217" T="1441600" />
  <Point X="171" Y="219" T="1441610" />
  <Point X="172" Y="222" T="1441623" />
  <Point X="171" Y="224" T="1441650" />
  <Point X="169" Y="222" T="1441659" />
  <Point X="166" Y="221" T="1441669" />
  <Point X="161" Y="221" T="1441680" />
  <Point X="155" Y="220" T="1441690" />
  <Point X="150" Y="218" T="1441701" />
  <Point X="147" Y="217" T="1441702" />
  <Point X="140" Y="217" T="1441715" />
  <Point X="131" Y="216" T="1441726" />
  <Point X="126" Y="216" T="1441737" />
  <Point X="123" Y="216" T="1441739" />
  <Point X="115" Y="216" T="1441754" />
  <Point X="105" Y="217" T="1441768" />
  <Point X="96" Y="217" T="1441781" />
  <Point X="89" Y="219" T="1441793" />
  <Point X="86" Y="218" T="1441805" />
  <Point X="83" Y="219" T="1441806" />
  <Point X="81" Y="220" T="1441820" />
  <Point X="81" Y="218" T="1441857" />
  <Point X="83" Y="216" T="1441870" />
  <Point X="88" Y="212" T="1441884" />
  <Point X="96" Y="204" T="1441898" />
  <Point X="103" Y="199" T="1441912" />
  <Point X="106" Y="196" T="1441913" />
  <Point X="116" Y="188" T="1441932" />
  <Point X="128" Y="178" T="1441947" />
  <Point X="140" Y="168" T="1441964" />
  <Point X="152" Y="155" T="1441980" />
  <Point X="163" Y="145" T="1441996" />
  <Point X="172" Y="137" T="1442012" />
  <Point X="178" Y="131" T="1442028" />
  <Point X="180" Y="129" T="1442043" />
  <Point X="182" Y="127" T="1442060" />
</Gesture>