﻿<?xml version="1.0" encoding="utf-8" standalone="yes"?>
<Gesture Name="delete_mark10" Subject="1" Speed="medium" Number="10" NumPts="53" Millseconds="567" AppName="Gestures" AppVer="3.5.0.0" Date="Monday, March 05, 2007" TimeOfDay="5:06:24 PM">
  <Point X="123" Y="129" T="1446906" />
  <Point X="123" Y="131" T="1446922" />
  <Point X="124" Y="133" T="1446930" />
  <Point X="125" Y="136" T="1446938" />
  <Point X="127" Y="140" T="1446945" />
  <Point X="129" Y="142" T="1446952" />
  <Point X="133" Y="148" T="1446958" />
  <Point X="137" Y="154" T="1446966" />
  <Point X="143" Y="158" T="1446973" />
  <Point X="145" Y="161" T="1446981" />
  <Point X="148" Y="164" T="1446982" />
  <Point X="153" Y="170" T="1446992" />
  <Point X="158" Y="176" T="1447000" />
  <Point X="160" Y="178" T="1447002" />
  <Point X="164" Y="183" T="1447011" />
  <Point X="168" Y="188" T="1447019" />
  <Point X="171" Y="191" T="1447027" />
  <Point X="175" Y="196" T="1447036" />
  <Point X="178" Y="200" T="1447045" />
  <Point X="180" Y="202" T="1447048" />
  <Point X="181" Y="205" T="1447050" />
  <Point X="184" Y="208" T="1447059" />
  <Point X="186" Y="210" T="1447069" />
  <Point X="187" Y="213" T="1447079" />
  <Point X="188" Y="215" T="1447107" />
  <Point X="186" Y="212" T="1447119" />
  <Point X="183" Y="211" T="1447130" />
  <Point X="177" Y="208" T="1447141" />
  <Point X="169" Y="206" T="1447152" />
  <Point X="162" Y="205" T="1447164" />
  <Point X="154" Y="207" T="1447175" />
  <Point X="145" Y="209" T="1447187" />
  <Point X="137" Y="210" T="1447200" />
  <Point X="129" Y="214" T="1447212" />
  <Point X="122" Y="217" T="1447225" />
  <Point X="118" Y="218" T="1447238" />
  <Point X="111" Y="221" T="1447250" />
  <Point X="109" Y="222" T="1447263" />
  <Point X="110" Y="219" T="1447300" />
  <Point X="112" Y="217" T="1447313" />
  <Point X="118" Y="209" T="1447327" />
  <Point X="120" Y="207" T="1447329" />
  <Point X="128" Y="196" T="1447345" />
  <Point X="135" Y="187" T="1447359" />
  <Point X="138" Y="183" T="1447360" />
  <Point X="148" Y="167" T="1447377" />
  <Point X="157" Y="153" T="1447392" />
  <Point X="163" Y="145" T="1447408" />
  <Point X="165" Y="142" T="1447409" />
  <Point X="172" Y="133" T="1447426" />
  <Point X="177" Y="127" T="1447442" />
  <Point X="179" Y="127" T="1447458" />
  <Point X="180" Y="125" T="1447473" />
</Gesture>