﻿<?xml version="1.0" encoding="utf-8" standalone="yes"?>
<Gesture Name="delete_mark09" Subject="1" Speed="medium" Number="9" NumPts="55" Millseconds="571" AppName="Gestures" AppVer="3.5.0.0" Date="Monday, March 05, 2007" TimeOfDay="5:06:23 PM">
  <Point X="106" Y="143" T="1445962" />
  <Point X="106" Y="146" T="1445970" />
  <Point X="106" Y="148" T="1445978" />
  <Point X="107" Y="152" T="1445988" />
  <Point X="108" Y="154" T="1445994" />
  <Point X="111" Y="160" T="1446000" />
  <Point X="113" Y="163" T="1446006" />
  <Point X="117" Y="170" T="1446012" />
  <Point X="119" Y="173" T="1446019" />
  <Point X="122" Y="176" T="1446020" />
  <Point X="126" Y="182" T="1446028" />
  <Point X="131" Y="187" T="1446036" />
  <Point X="136" Y="193" T="1446044" />
  <Point X="138" Y="196" T="1446051" />
  <Point X="140" Y="198" T="1446052" />
  <Point X="142" Y="200" T="1446062" />
  <Point X="147" Y="206" T="1446070" />
  <Point X="151" Y="210" T="1446079" />
  <Point X="153" Y="212" T="1446080" />
  <Point X="156" Y="215" T="1446090" />
  <Point X="159" Y="218" T="1446100" />
  <Point X="162" Y="221" T="1446109" />
  <Point X="165" Y="222" T="1446118" />
  <Point X="167" Y="224" T="1446128" />
  <Point X="169" Y="224" T="1446137" />
  <Point X="167" Y="223" T="1446178" />
  <Point X="164" Y="221" T="1446190" />
  <Point X="163" Y="219" T="1446201" />
  <Point X="160" Y="218" T="1446211" />
  <Point X="158" Y="216" T="1446222" />
  <Point X="155" Y="215" T="1446233" />
  <Point X="151" Y="215" T="1446234" />
  <Point X="142" Y="212" T="1446250" />
  <Point X="134" Y="212" T="1446263" />
  <Point X="126" Y="211" T="1446276" />
  <Point X="117" Y="213" T="1446288" />
  <Point X="110" Y="213" T="1446302" />
  <Point X="108" Y="213" T="1446303" />
  <Point X="101" Y="214" T="1446317" />
  <Point X="96" Y="214" T="1446330" />
  <Point X="90" Y="214" T="1446344" />
  <Point X="88" Y="214" T="1446357" />
  <Point X="88" Y="211" T="1446371" />
  <Point X="88" Y="208" T="1446386" />
  <Point X="90" Y="205" T="1446387" />
  <Point X="93" Y="200" T="1446404" />
  <Point X="103" Y="190" T="1446419" />
  <Point X="110" Y="181" T="1446434" />
  <Point X="112" Y="179" T="1446435" />
  <Point X="123" Y="168" T="1446452" />
  <Point X="133" Y="155" T="1446468" />
  <Point X="143" Y="142" T="1446484" />
  <Point X="152" Y="131" T="1446501" />
  <Point X="157" Y="126" T="1446517" />
  <Point X="159" Y="125" T="1446533" />
</Gesture>