﻿<?xml version="1.0" encoding="utf-8" standalone="yes"?>
<Gesture Name="left_curly_brace01" Subject="1" Speed="medium" Number="1" NumPts="50" Millseconds="589" AppName="Gestures" AppVer="3.5.0.0" Date="Monday, March 05, 2007" TimeOfDay="5:05:35 PM">
  <Point X="139" Y="124" T="1397615" />
  <Point X="137" Y="125" T="1397622" />
  <Point X="134" Y="125" T="1397630" />
  <Point X="131" Y="125" T="1397638" />
  <Point X="127" Y="127" T="1397646" />
  <Point X="124" Y="129" T="1397655" />
  <Point X="121" Y="131" T="1397663" />
  <Point X="118" Y="134" T="1397671" />
  <Point X="115" Y="137" T="1397679" />
  <Point X="112" Y="139" T="1397687" />
  <Point X="109" Y="142" T="1397695" />
  <Point X="108" Y="144" T="1397703" />
  <Point X="107" Y="147" T="1397711" />
  <Point X="106" Y="150" T="1397720" />
  <Point X="105" Y="152" T="1397729" />
  <Point X="105" Y="154" T="1397738" />
  <Point X="107" Y="158" T="1397747" />
  <Point X="110" Y="160" T="1397759" />
  <Point X="113" Y="160" T="1397768" />
  <Point X="116" Y="161" T="1397777" />
  <Point X="119" Y="164" T="1397787" />
  <Point X="122" Y="164" T="1397797" />
  <Point X="126" Y="169" T="1397808" />
  <Point X="128" Y="171" T="1397819" />
  <Point X="128" Y="174" T="1397831" />
  <Point X="126" Y="177" T="1397842" />
  <Point X="124" Y="179" T="1397853" />
  <Point X="117" Y="183" T="1397866" />
  <Point X="110" Y="186" T="1397878" />
  <Point X="103" Y="188" T="1397890" />
  <Point X="100" Y="188" T="1397903" />
  <Point X="97" Y="189" T="1397904" />
  <Point X="95" Y="189" T="1397919" />
  <Point X="97" Y="189" T="1397959" />
  <Point X="99" Y="190" T="1397972" />
  <Point X="106" Y="189" T="1397986" />
  <Point X="112" Y="189" T="1398000" />
  <Point X="114" Y="190" T="1398014" />
  <Point X="117" Y="190" T="1398028" />
  <Point X="118" Y="192" T="1398043" />
  <Point X="117" Y="194" T="1398057" />
  <Point X="111" Y="203" T="1398073" />
  <Point X="107" Y="207" T="1398088" />
  <Point X="104" Y="214" T="1398104" />
  <Point X="102" Y="223" T="1398120" />
  <Point X="103" Y="227" T="1398135" />
  <Point X="106" Y="233" T="1398154" />
  <Point X="114" Y="234" T="1398170" />
  <Point X="125" Y="236" T="1398187" />
  <Point X="127" Y="236" T="1398204" />
</Gesture>