﻿<?xml version="1.0" encoding="utf-8" standalone="yes"?>
<Gesture Name="left_curly_brace08" Subject="1" Speed="medium" Number="8" NumPts="59" Millseconds="689" AppName="Gestures" AppVer="3.5.0.0" Date="Monday, March 05, 2007" TimeOfDay="5:05:43 PM">
  <Point X="142" Y="118" T="1405269" />
  <Point X="139" Y="117" T="1405280" />
  <Point X="136" Y="117" T="1405288" />
  <Point X="133" Y="118" T="1405297" />
  <Point X="130" Y="118" T="1405304" />
  <Point X="126" Y="120" T="1405313" />
  <Point X="123" Y="122" T="1405321" />
  <Point X="120" Y="125" T="1405329" />
  <Point X="118" Y="127" T="1405337" />
  <Point X="116" Y="129" T="1405345" />
  <Point X="114" Y="132" T="1405353" />
  <Point X="112" Y="134" T="1405361" />
  <Point X="111" Y="137" T="1405369" />
  <Point X="110" Y="140" T="1405377" />
  <Point X="111" Y="142" T="1405390" />
  <Point X="113" Y="143" T="1405406" />
  <Point X="115" Y="144" T="1405415" />
  <Point X="118" Y="145" T="1405423" />
  <Point X="121" Y="145" T="1405432" />
  <Point X="124" Y="146" T="1405441" />
  <Point X="127" Y="146" T="1405450" />
  <Point X="131" Y="148" T="1405459" />
  <Point X="134" Y="150" T="1405468" />
  <Point X="136" Y="151" T="1405478" />
  <Point X="139" Y="153" T="1405488" />
  <Point X="139" Y="155" T="1405498" />
  <Point X="139" Y="157" T="1405508" />
  <Point X="137" Y="160" T="1405519" />
  <Point X="135" Y="163" T="1405529" />
  <Point X="130" Y="167" T="1405540" />
  <Point X="127" Y="167" T="1405551" />
  <Point X="124" Y="168" T="1405562" />
  <Point X="122" Y="168" T="1405563" />
  <Point X="120" Y="168" T="1405577" />
  <Point X="118" Y="168" T="1405589" />
  <Point X="116" Y="169" T="1405601" />
  <Point X="118" Y="167" T="1405644" />
  <Point X="121" Y="168" T="1405656" />
  <Point X="123" Y="168" T="1405669" />
  <Point X="125" Y="168" T="1405682" />
  <Point X="130" Y="169" T="1405695" />
  <Point X="132" Y="170" T="1405709" />
  <Point X="134" Y="170" T="1405722" />
  <Point X="138" Y="173" T="1405736" />
  <Point X="140" Y="176" T="1405751" />
  <Point X="140" Y="181" T="1405766" />
  <Point X="137" Y="187" T="1405780" />
  <Point X="134" Y="190" T="1405795" />
  <Point X="131" Y="195" T="1405809" />
  <Point X="128" Y="201" T="1405825" />
  <Point X="126" Y="203" T="1405840" />
  <Point X="126" Y="206" T="1405841" />
  <Point X="125" Y="208" T="1405858" />
  <Point X="125" Y="213" T="1405874" />
  <Point X="128" Y="216" T="1405890" />
  <Point X="133" Y="218" T="1405907" />
  <Point X="139" Y="219" T="1405924" />
  <Point X="146" Y="219" T="1405941" />
  <Point X="149" Y="219" T="1405958" />
</Gesture>