﻿<?xml version="1.0" encoding="utf-8" standalone="yes"?>
<Gesture Name="left_curly_brace10" Subject="1" Speed="medium" Number="10" NumPts="56" Millseconds="713" AppName="Gestures" AppVer="3.5.0.0" Date="Monday, March 05, 2007" TimeOfDay="5:05:45 PM">
  <Point X="144" Y="123" T="1407529" />
  <Point X="142" Y="121" T="1407544" />
  <Point X="139" Y="122" T="1407552" />
  <Point X="136" Y="121" T="1407560" />
  <Point X="133" Y="121" T="1407568" />
  <Point X="129" Y="123" T="1407575" />
  <Point X="125" Y="125" T="1407584" />
  <Point X="122" Y="129" T="1407592" />
  <Point X="118" Y="132" T="1407600" />
  <Point X="116" Y="135" T="1407608" />
  <Point X="113" Y="137" T="1407616" />
  <Point X="111" Y="140" T="1407624" />
  <Point X="109" Y="143" T="1407639" />
  <Point X="110" Y="145" T="1407667" />
  <Point X="112" Y="147" T="1407683" />
  <Point X="115" Y="147" T="1407692" />
  <Point X="117" Y="148" T="1407701" />
  <Point X="120" Y="148" T="1407710" />
  <Point X="123" Y="149" T="1407720" />
  <Point X="125" Y="150" T="1407730" />
  <Point X="131" Y="152" T="1407740" />
  <Point X="134" Y="154" T="1407750" />
  <Point X="136" Y="156" T="1407760" />
  <Point X="137" Y="158" T="1407770" />
  <Point X="138" Y="161" T="1407781" />
  <Point X="137" Y="165" T="1407793" />
  <Point X="135" Y="168" T="1407804" />
  <Point X="130" Y="170" T="1407815" />
  <Point X="127" Y="172" T="1407827" />
  <Point X="125" Y="173" T="1407828" />
  <Point X="121" Y="173" T="1407842" />
  <Point X="115" Y="174" T="1407854" />
  <Point X="113" Y="175" T="1407866" />
  <Point X="111" Y="174" T="1407879" />
  <Point X="113" Y="173" T="1407932" />
  <Point X="115" Y="173" T="1407945" />
  <Point X="120" Y="172" T="1407958" />
  <Point X="123" Y="173" T="1407972" />
  <Point X="126" Y="171" T="1407973" />
  <Point X="132" Y="171" T="1407989" />
  <Point X="134" Y="171" T="1408003" />
  <Point X="139" Y="172" T="1408018" />
  <Point X="140" Y="174" T="1408032" />
  <Point X="140" Y="176" T="1408047" />
  <Point X="138" Y="180" T="1408062" />
  <Point X="135" Y="185" T="1408078" />
  <Point X="134" Y="188" T="1408093" />
  <Point X="131" Y="195" T="1408109" />
  <Point X="129" Y="200" T="1408124" />
  <Point X="127" Y="205" T="1408140" />
  <Point X="127" Y="212" T="1408157" />
  <Point X="128" Y="214" T="1408173" />
  <Point X="131" Y="219" T="1408190" />
  <Point X="136" Y="222" T="1408207" />
  <Point X="142" Y="224" T="1408224" />
  <Point X="148" Y="224" T="1408242" />
</Gesture>