﻿<?xml version="1.0" encoding="utf-8" standalone="yes"?>
<Gesture Name="left_curly_brace06" Subject="1" Speed="medium" Number="6" NumPts="57" Millseconds="717" AppName="Gestures" AppVer="3.5.0.0" Date="Monday, March 05, 2007" TimeOfDay="5:05:40 PM">
  <Point X="142" Y="123" T="1402972" />
  <Point X="140" Y="122" T="1402983" />
  <Point X="137" Y="122" T="1402995" />
  <Point X="134" Y="124" T="1403003" />
  <Point X="131" Y="123" T="1403012" />
  <Point X="128" Y="124" T="1403020" />
  <Point X="125" Y="125" T="1403028" />
  <Point X="123" Y="128" T="1403036" />
  <Point X="120" Y="131" T="1403044" />
  <Point X="118" Y="133" T="1403052" />
  <Point X="116" Y="136" T="1403060" />
  <Point X="115" Y="139" T="1403068" />
  <Point X="114" Y="141" T="1403076" />
  <Point X="114" Y="143" T="1403088" />
  <Point X="117" Y="145" T="1403113" />
  <Point X="118" Y="147" T="1403121" />
  <Point X="120" Y="148" T="1403129" />
  <Point X="123" Y="148" T="1403138" />
  <Point X="125" Y="149" T="1403146" />
  <Point X="128" Y="150" T="1403155" />
  <Point X="131" Y="151" T="1403164" />
  <Point X="134" Y="151" T="1403173" />
  <Point X="136" Y="153" T="1403183" />
  <Point X="139" Y="154" T="1403193" />
  <Point X="141" Y="155" T="1403203" />
  <Point X="143" Y="158" T="1403213" />
  <Point X="142" Y="161" T="1403229" />
  <Point X="139" Y="163" T="1403241" />
  <Point X="136" Y="164" T="1403252" />
  <Point X="133" Y="165" T="1403263" />
  <Point X="127" Y="167" T="1403274" />
  <Point X="125" Y="167" T="1403286" />
  <Point X="122" Y="167" T="1403298" />
  <Point X="120" Y="167" T="1403309" />
  <Point X="122" Y="165" T="1403369" />
  <Point X="124" Y="166" T="1403382" />
  <Point X="127" Y="166" T="1403394" />
  <Point X="129" Y="166" T="1403407" />
  <Point X="131" Y="167" T="1403422" />
  <Point X="133" Y="170" T="1403442" />
  <Point X="133" Y="172" T="1403456" />
  <Point X="131" Y="177" T="1403469" />
  <Point X="130" Y="180" T="1403483" />
  <Point X="128" Y="185" T="1403497" />
  <Point X="127" Y="188" T="1403512" />
  <Point X="127" Y="191" T="1403526" />
  <Point X="126" Y="195" T="1403541" />
  <Point X="126" Y="198" T="1403557" />
  <Point X="126" Y="200" T="1403559" />
  <Point X="126" Y="202" T="1403575" />
  <Point X="125" Y="207" T="1403591" />
  <Point X="126" Y="213" T="1403606" />
  <Point X="126" Y="218" T="1403623" />
  <Point X="128" Y="224" T="1403639" />
  <Point X="129" Y="226" T="1403655" />
  <Point X="134" Y="229" T="1403672" />
  <Point X="136" Y="229" T="1403689" />
</Gesture>