﻿<?xml version="1.0" encoding="utf-8" standalone="yes"?>
<Gesture Name="left_curly_brace04" Subject="1" Speed="medium" Number="4" NumPts="53" Millseconds="641" AppName="Gestures" AppVer="3.5.0.0" Date="Monday, March 05, 2007" TimeOfDay="5:05:38 PM">
  <Point X="135" Y="125" T="1400764" />
  <Point X="133" Y="125" T="1400776" />
  <Point X="130" Y="127" T="1400784" />
  <Point X="127" Y="128" T="1400793" />
  <Point X="123" Y="130" T="1400800" />
  <Point X="120" Y="133" T="1400808" />
  <Point X="117" Y="137" T="1400817" />
  <Point X="114" Y="140" T="1400825" />
  <Point X="113" Y="142" T="1400833" />
  <Point X="111" Y="145" T="1400841" />
  <Point X="110" Y="148" T="1400849" />
  <Point X="109" Y="150" T="1400870" />
  <Point X="112" Y="152" T="1400890" />
  <Point X="114" Y="153" T="1400898" />
  <Point X="116" Y="154" T="1400907" />
  <Point X="119" Y="156" T="1400916" />
  <Point X="122" Y="156" T="1400925" />
  <Point X="125" Y="156" T="1400934" />
  <Point X="128" Y="158" T="1400943" />
  <Point X="130" Y="161" T="1400953" />
  <Point X="133" Y="164" T="1400962" />
  <Point X="135" Y="165" T="1400972" />
  <Point X="137" Y="168" T="1400987" />
  <Point X="136" Y="170" T="1400998" />
  <Point X="134" Y="173" T="1401011" />
  <Point X="131" Y="175" T="1401022" />
  <Point X="129" Y="175" T="1401033" />
  <Point X="124" Y="178" T="1401044" />
  <Point X="122" Y="178" T="1401056" />
  <Point X="120" Y="178" T="1401067" />
  <Point X="118" Y="179" T="1401079" />
  <Point X="116" Y="178" T="1401100" />
  <Point X="118" Y="179" T="1401141" />
  <Point X="120" Y="180" T="1401154" />
  <Point X="125" Y="181" T="1401167" />
  <Point X="127" Y="181" T="1401180" />
  <Point X="130" Y="181" T="1401193" />
  <Point X="132" Y="183" T="1401206" />
  <Point X="133" Y="186" T="1401220" />
  <Point X="132" Y="189" T="1401222" />
  <Point X="131" Y="194" T="1401236" />
  <Point X="127" Y="204" T="1401252" />
  <Point X="123" Y="213" T="1401266" />
  <Point X="120" Y="219" T="1401280" />
  <Point X="120" Y="221" T="1401281" />
  <Point X="118" Y="226" T="1401298" />
  <Point X="116" Y="229" T="1401312" />
  <Point X="115" Y="231" T="1401326" />
  <Point X="115" Y="233" T="1401344" />
  <Point X="117" Y="234" T="1401359" />
  <Point X="123" Y="236" T="1401374" />
  <Point X="131" Y="236" T="1401390" />
  <Point X="138" Y="239" T="1401405" />
</Gesture>