﻿<?xml version="1.0" encoding="utf-8" standalone="yes"?>
<Gesture Name="left_sq_bracket05" Subject="1" Speed="medium" Number="5" NumPts="76" Millseconds="1076" AppName="Gestures" AppVer="3.5.0.0" Date="Monday, March 05, 2007" TimeOfDay="4:58:33 PM">
  <Point X="140" Y="124" T="974232" />
  <Point X="138" Y="123" T="974268" />
  <Point X="135" Y="122" T="974284" />
  <Point X="133" Y="123" T="974297" />
  <Point X="130" Y="123" T="974309" />
  <Point X="128" Y="124" T="974322" />
  <Point X="125" Y="125" T="974334" />
  <Point X="122" Y="124" T="974346" />
  <Point X="120" Y="124" T="974354" />
  <Point X="118" Y="124" T="974362" />
  <Point X="116" Y="125" T="974370" />
  <Point X="113" Y="125" T="974378" />
  <Point X="111" Y="125" T="974386" />
  <Point X="108" Y="124" T="974395" />
  <Point X="106" Y="125" T="974402" />
  <Point X="104" Y="125" T="974410" />
  <Point X="102" Y="124" T="974419" />
  <Point X="100" Y="123" T="974428" />
  <Point X="98" Y="123" T="974437" />
  <Point X="95" Y="124" T="974447" />
  <Point X="93" Y="123" T="974457" />
  <Point X="90" Y="124" T="974466" />
  <Point X="88" Y="124" T="974478" />
  <Point X="85" Y="125" T="974490" />
  <Point X="83" Y="126" T="974506" />
  <Point X="81" Y="127" T="974526" />
  <Point X="81" Y="129" T="974590" />
  <Point X="82" Y="131" T="974601" />
  <Point X="82" Y="134" T="974613" />
  <Point X="83" Y="138" T="974625" />
  <Point X="84" Y="141" T="974637" />
  <Point X="84" Y="144" T="974649" />
  <Point X="85" Y="148" T="974651" />
  <Point X="85" Y="151" T="974664" />
  <Point X="86" Y="156" T="974677" />
  <Point X="86" Y="160" T="974679" />
  <Point X="86" Y="164" T="974693" />
  <Point X="86" Y="168" T="974695" />
  <Point X="87" Y="171" T="974709" />
  <Point X="87" Y="175" T="974711" />
  <Point X="87" Y="179" T="974725" />
  <Point X="87" Y="182" T="974727" />
  <Point X="87" Y="186" T="974741" />
  <Point X="88" Y="188" T="974743" />
  <Point X="88" Y="195" T="974759" />
  <Point X="88" Y="198" T="974773" />
  <Point X="88" Y="201" T="974775" />
  <Point X="88" Y="207" T="974791" />
  <Point X="89" Y="211" T="974809" />
  <Point X="89" Y="213" T="974811" />
  <Point X="89" Y="217" T="974828" />
  <Point X="89" Y="222" T="974844" />
  <Point X="88" Y="225" T="974860" />
  <Point X="88" Y="229" T="974877" />
  <Point X="88" Y="231" T="974902" />
  <Point X="88" Y="233" T="974919" />
  <Point X="88" Y="235" T="974936" />
  <Point X="89" Y="237" T="974954" />
  <Point X="89" Y="240" T="974972" />
  <Point X="89" Y="242" T="974998" />
  <Point X="91" Y="241" T="975039" />
  <Point X="94" Y="241" T="975059" />
  <Point X="96" Y="240" T="975077" />
  <Point X="98" Y="239" T="975096" />
  <Point X="105" Y="240" T="975115" />
  <Point X="109" Y="240" T="975135" />
  <Point X="113" Y="239" T="975154" />
  <Point X="116" Y="240" T="975156" />
  <Point X="121" Y="239" T="975177" />
  <Point X="130" Y="240" T="975197" />
  <Point X="136" Y="237" T="975218" />
  <Point X="139" Y="237" T="975220" />
  <Point X="144" Y="238" T="975241" />
  <Point X="151" Y="237" T="975266" />
  <Point X="157" Y="236" T="975287" />
  <Point X="159" Y="237" T="975308" />
</Gesture>