﻿<?xml version="1.0" encoding="utf-8" standalone="yes"?>
<Gesture Name="left_sq_bracket01" Subject="1" Speed="medium" Number="1" NumPts="66" Millseconds="1118" AppName="Gestures" AppVer="3.5.0.0" Date="Monday, March 05, 2007" TimeOfDay="4:58:26 PM">
  <Point X="134" Y="125" T="967627" />
  <Point X="132" Y="126" T="967682" />
  <Point X="130" Y="125" T="967706" />
  <Point X="128" Y="124" T="967722" />
  <Point X="125" Y="124" T="967734" />
  <Point X="123" Y="124" T="967747" />
  <Point X="121" Y="124" T="967755" />
  <Point X="118" Y="123" T="967767" />
  <Point X="115" Y="123" T="967779" />
  <Point X="113" Y="124" T="967795" />
  <Point X="111" Y="125" T="967815" />
  <Point X="109" Y="124" T="967836" />
  <Point X="107" Y="123" T="967859" />
  <Point X="105" Y="123" T="967879" />
  <Point X="102" Y="122" T="967900" />
  <Point X="100" Y="122" T="967917" />
  <Point X="98" Y="123" T="967934" />
  <Point X="96" Y="125" T="967958" />
  <Point X="94" Y="126" T="967994" />
  <Point X="93" Y="128" T="968013" />
  <Point X="93" Y="130" T="968038" />
  <Point X="93" Y="133" T="968048" />
  <Point X="93" Y="135" T="968058" />
  <Point X="94" Y="137" T="968069" />
  <Point X="94" Y="143" T="968080" />
  <Point X="94" Y="149" T="968091" />
  <Point X="94" Y="153" T="968102" />
  <Point X="94" Y="157" T="968113" />
  <Point X="94" Y="160" T="968125" />
  <Point X="94" Y="163" T="968127" />
  <Point X="94" Y="166" T="968139" />
  <Point X="94" Y="171" T="968151" />
  <Point X="94" Y="178" T="968164" />
  <Point X="94" Y="184" T="968177" />
  <Point X="94" Y="190" T="968189" />
  <Point X="94" Y="192" T="968191" />
  <Point X="94" Y="199" T="968205" />
  <Point X="94" Y="205" T="968218" />
  <Point X="94" Y="211" T="968232" />
  <Point X="94" Y="216" T="968247" />
  <Point X="94" Y="219" T="968260" />
  <Point X="93" Y="224" T="968275" />
  <Point X="93" Y="226" T="968289" />
  <Point X="93" Y="228" T="968306" />
  <Point X="93" Y="231" T="968322" />
  <Point X="92" Y="233" T="968337" />
  <Point X="92" Y="235" T="968352" />
  <Point X="92" Y="239" T="968367" />
  <Point X="91" Y="241" T="968383" />
  <Point X="92" Y="243" T="968399" />
  <Point X="91" Y="245" T="968427" />
  <Point X="91" Y="247" T="968452" />
  <Point X="94" Y="246" T="968524" />
  <Point X="96" Y="247" T="968541" />
  <Point X="98" Y="247" T="968557" />
  <Point X="101" Y="248" T="968574" />
  <Point X="106" Y="249" T="968591" />
  <Point X="109" Y="250" T="968593" />
  <Point X="115" Y="251" T="968612" />
  <Point X="121" Y="251" T="968630" />
  <Point X="131" Y="251" T="968651" />
  <Point X="137" Y="253" T="968669" />
  <Point X="145" Y="253" T="968688" />
  <Point X="147" Y="253" T="968707" />
  <Point X="149" Y="253" T="968726" />
  <Point X="151" Y="253" T="968745" />
</Gesture>