﻿<?xml version="1.0" encoding="utf-8" standalone="yes"?>
<Gesture Name="left_curly_brace07" Subject="1" Speed="medium" Number="7" NumPts="53" Millseconds="651" AppName="Gestures" AppVer="3.5.0.0" Date="Monday, March 05, 2007" TimeOfDay="5:05:41 PM">
  <Point X="137" Y="126" T="1404198" />
  <Point X="134" Y="126" T="1404206" />
  <Point X="132" Y="127" T="1404214" />
  <Point X="129" Y="127" T="1404221" />
  <Point X="126" Y="128" T="1404230" />
  <Point X="123" Y="131" T="1404238" />
  <Point X="121" Y="132" T="1404246" />
  <Point X="119" Y="133" T="1404254" />
  <Point X="117" Y="136" T="1404262" />
  <Point X="115" Y="139" T="1404270" />
  <Point X="114" Y="142" T="1404278" />
  <Point X="113" Y="144" T="1404290" />
  <Point X="112" Y="147" T="1404298" />
  <Point X="114" Y="150" T="1404318" />
  <Point X="117" Y="152" T="1404331" />
  <Point X="119" Y="152" T="1404340" />
  <Point X="122" Y="153" T="1404349" />
  <Point X="124" Y="155" T="1404358" />
  <Point X="127" Y="157" T="1404367" />
  <Point X="130" Y="157" T="1404377" />
  <Point X="133" Y="159" T="1404387" />
  <Point X="136" Y="161" T="1404388" />
  <Point X="138" Y="163" T="1404400" />
  <Point X="140" Y="165" T="1404410" />
  <Point X="140" Y="168" T="1404423" />
  <Point X="138" Y="170" T="1404435" />
  <Point X="135" Y="172" T="1404446" />
  <Point X="132" Y="173" T="1404457" />
  <Point X="126" Y="174" T="1404469" />
  <Point X="123" Y="174" T="1404480" />
  <Point X="119" Y="175" T="1404492" />
  <Point X="117" Y="175" T="1404507" />
  <Point X="119" Y="176" T="1404571" />
  <Point X="121" Y="175" T="1404584" />
  <Point X="124" Y="177" T="1404596" />
  <Point X="126" Y="177" T="1404609" />
  <Point X="128" Y="178" T="1404623" />
  <Point X="130" Y="178" T="1404624" />
  <Point X="132" Y="180" T="1404643" />
  <Point X="132" Y="183" T="1404657" />
  <Point X="131" Y="186" T="1404671" />
  <Point X="128" Y="192" T="1404685" />
  <Point X="125" Y="198" T="1404700" />
  <Point X="124" Y="202" T="1404716" />
  <Point X="122" Y="205" T="1404731" />
  <Point X="121" Y="208" T="1404732" />
  <Point X="120" Y="212" T="1404752" />
  <Point X="120" Y="215" T="1404767" />
  <Point X="121" Y="217" T="1404782" />
  <Point X="125" Y="220" T="1404798" />
  <Point X="130" Y="221" T="1404815" />
  <Point X="136" Y="222" T="1404831" />
  <Point X="142" Y="221" T="1404849" />
</Gesture>