﻿<?xml version="1.0" encoding="utf-8" standalone="yes"?>
<Gesture Name="left_sq_bracket08" Subject="1" Speed="medium" Number="8" NumPts="53" Millseconds="870" AppName="Gestures" AppVer="3.5.0.0" Date="Monday, March 05, 2007" TimeOfDay="4:58:37 PM">
  <Point X="141" Y="125" T="979061" />
  <Point X="139" Y="124" T="979089" />
  <Point X="137" Y="123" T="979101" />
  <Point X="135" Y="124" T="979114" />
  <Point X="132" Y="123" T="979126" />
  <Point X="130" Y="123" T="979138" />
  <Point X="128" Y="124" T="979146" />
  <Point X="126" Y="124" T="979154" />
  <Point X="123" Y="124" T="979162" />
  <Point X="121" Y="124" T="979170" />
  <Point X="119" Y="123" T="979178" />
  <Point X="117" Y="123" T="979186" />
  <Point X="115" Y="123" T="979194" />
  <Point X="113" Y="122" T="979202" />
  <Point X="110" Y="121" T="979215" />
  <Point X="108" Y="122" T="979228" />
  <Point X="106" Y="123" T="979240" />
  <Point X="104" Y="123" T="979256" />
  <Point X="102" Y="123" T="979277" />
  <Point X="100" Y="125" T="979301" />
  <Point X="98" Y="127" T="979362" />
  <Point X="98" Y="129" T="979378" />
  <Point X="98" Y="131" T="979388" />
  <Point X="97" Y="133" T="979407" />
  <Point X="97" Y="136" T="979419" />
  <Point X="97" Y="139" T="979430" />
  <Point X="97" Y="141" T="979441" />
  <Point X="97" Y="147" T="979452" />
  <Point X="97" Y="153" T="979464" />
  <Point X="97" Y="160" T="979476" />
  <Point X="98" Y="170" T="979488" />
  <Point X="98" Y="176" T="979500" />
  <Point X="100" Y="184" T="979513" />
  <Point X="101" Y="192" T="979526" />
  <Point X="101" Y="195" T="979528" />
  <Point X="101" Y="200" T="979542" />
  <Point X="102" Y="211" T="979556" />
  <Point X="102" Y="218" T="979569" />
  <Point X="102" Y="226" T="979583" />
  <Point X="102" Y="230" T="979597" />
  <Point X="103" Y="236" T="979611" />
  <Point X="103" Y="238" T="979628" />
  <Point X="103" Y="240" T="979736" />
  <Point X="106" Y="240" T="979788" />
  <Point X="108" Y="240" T="979804" />
  <Point X="111" Y="240" T="979819" />
  <Point X="115" Y="240" T="979835" />
  <Point X="120" Y="240" T="979850" />
  <Point X="125" Y="241" T="979866" />
  <Point X="130" Y="242" T="979882" />
  <Point X="132" Y="242" T="979898" />
  <Point X="134" Y="241" T="979914" />
  <Point X="136" Y="240" T="979931" />
</Gesture>