﻿<?xml version="1.0" encoding="utf-8" standalone="yes"?>
<Gesture Name="left_curly_brace03" Subject="1" Speed="medium" Number="3" NumPts="59" Millseconds="675" AppName="Gestures" AppVer="3.5.0.0" Date="Monday, March 05, 2007" TimeOfDay="5:05:37 PM">
  <Point X="139" Y="123" T="1399726" />
  <Point X="137" Y="123" T="1399733" />
  <Point X="134" Y="123" T="1399741" />
  <Point X="131" Y="123" T="1399749" />
  <Point X="127" Y="123" T="1399757" />
  <Point X="124" Y="125" T="1399766" />
  <Point X="120" Y="127" T="1399774" />
  <Point X="117" Y="130" T="1399782" />
  <Point X="115" Y="132" T="1399788" />
  <Point X="112" Y="136" T="1399795" />
  <Point X="108" Y="139" T="1399803" />
  <Point X="106" Y="143" T="1399811" />
  <Point X="104" Y="147" T="1399819" />
  <Point X="102" Y="149" T="1399828" />
  <Point X="101" Y="151" T="1399835" />
  <Point X="101" Y="154" T="1399843" />
  <Point X="101" Y="156" T="1399855" />
  <Point X="103" Y="157" T="1399866" />
  <Point X="105" Y="158" T="1399874" />
  <Point X="108" Y="158" T="1399883" />
  <Point X="111" Y="157" T="1399893" />
  <Point X="114" Y="157" T="1399903" />
  <Point X="117" Y="156" T="1399912" />
  <Point X="120" Y="155" T="1399922" />
  <Point X="123" Y="155" T="1399923" />
  <Point X="125" Y="156" T="1399935" />
  <Point X="128" Y="158" T="1399945" />
  <Point X="129" Y="160" T="1399955" />
  <Point X="129" Y="164" T="1399966" />
  <Point X="129" Y="167" T="1399978" />
  <Point X="128" Y="170" T="1399989" />
  <Point X="126" Y="172" T="1400000" />
  <Point X="122" Y="177" T="1400012" />
  <Point X="119" Y="178" T="1400023" />
  <Point X="114" Y="179" T="1400035" />
  <Point X="111" Y="181" T="1400047" />
  <Point X="109" Y="181" T="1400059" />
  <Point X="107" Y="179" T="1400073" />
  <Point X="106" Y="181" T="1400086" />
  <Point X="108" Y="179" T="1400105" />
  <Point X="111" Y="180" T="1400118" />
  <Point X="113" Y="180" T="1400132" />
  <Point X="119" Y="181" T="1400145" />
  <Point X="123" Y="181" T="1400160" />
  <Point X="125" Y="182" T="1400174" />
  <Point X="126" Y="185" T="1400197" />
  <Point X="125" Y="188" T="1400212" />
  <Point X="121" Y="193" T="1400227" />
  <Point X="116" Y="199" T="1400242" />
  <Point X="113" Y="206" T="1400256" />
  <Point X="110" Y="211" T="1400272" />
  <Point X="108" Y="217" T="1400287" />
  <Point X="109" Y="222" T="1400303" />
  <Point X="110" Y="224" T="1400319" />
  <Point X="115" Y="227" T="1400335" />
  <Point X="120" Y="228" T="1400351" />
  <Point X="126" Y="230" T="1400367" />
  <Point X="135" Y="229" T="1400384" />
  <Point X="139" Y="228" T="1400401" />
</Gesture>