﻿<?xml version="1.0" encoding="utf-8" standalone="yes"?>
<Gesture Name="left_curly_brace02" Subject="1" Speed="medium" Number="2" NumPts="56" Millseconds="676" AppName="Gestures" AppVer="3.5.0.0" Date="Monday, March 05, 2007" TimeOfDay="5:05:36 PM">
  <Point X="131" Y="127" T="1398660" />
  <Point X="129" Y="126" T="1398667" />
  <Point X="126" Y="126" T="1398675" />
  <Point X="124" Y="127" T="1398683" />
  <Point X="120" Y="128" T="1398691" />
  <Point X="116" Y="131" T="1398699" />
  <Point X="113" Y="134" T="1398707" />
  <Point X="111" Y="136" T="1398714" />
  <Point X="108" Y="140" T="1398722" />
  <Point X="106" Y="143" T="1398730" />
  <Point X="105" Y="145" T="1398738" />
  <Point X="104" Y="148" T="1398739" />
  <Point X="103" Y="150" T="1398749" />
  <Point X="102" Y="153" T="1398757" />
  <Point X="102" Y="155" T="1398765" />
  <Point X="104" Y="158" T="1398778" />
  <Point X="106" Y="159" T="1398787" />
  <Point X="109" Y="159" T="1398795" />
  <Point X="112" Y="159" T="1398805" />
  <Point X="116" Y="159" T="1398814" />
  <Point X="119" Y="160" T="1398825" />
  <Point X="124" Y="161" T="1398836" />
  <Point X="127" Y="162" T="1398847" />
  <Point X="129" Y="164" T="1398859" />
  <Point X="128" Y="166" T="1398871" />
  <Point X="127" Y="169" T="1398883" />
  <Point X="125" Y="172" T="1398894" />
  <Point X="123" Y="174" T="1398907" />
  <Point X="120" Y="177" T="1398908" />
  <Point X="117" Y="179" T="1398922" />
  <Point X="112" Y="183" T="1398935" />
  <Point X="107" Y="185" T="1398949" />
  <Point X="105" Y="187" T="1398962" />
  <Point X="103" Y="187" T="1398976" />
  <Point X="101" Y="187" T="1398989" />
  <Point X="101" Y="185" T="1399015" />
  <Point X="103" Y="184" T="1399027" />
  <Point X="105" Y="184" T="1399041" />
  <Point X="109" Y="183" T="1399057" />
  <Point X="114" Y="183" T="1399074" />
  <Point X="118" Y="184" T="1399090" />
  <Point X="121" Y="185" T="1399103" />
  <Point X="121" Y="188" T="1399118" />
  <Point X="122" Y="190" T="1399133" />
  <Point X="121" Y="194" T="1399150" />
  <Point X="119" Y="199" T="1399167" />
  <Point X="117" Y="205" T="1399184" />
  <Point X="114" Y="211" T="1399202" />
  <Point X="112" Y="214" T="1399203" />
  <Point X="109" Y="220" T="1399222" />
  <Point X="107" Y="224" T="1399241" />
  <Point X="106" Y="230" T="1399260" />
  <Point X="107" Y="232" T="1399278" />
  <Point X="112" Y="235" T="1399297" />
  <Point X="123" Y="236" T="1399317" />
  <Point X="128" Y="236" T="1399336" />
</Gesture>