﻿<?xml version="1.0" encoding="utf-8" standalone="yes"?>
<Gesture Name="left_sq_bracket10" Subject="1" Speed="medium" Number="10" NumPts="62" Millseconds="930" AppName="Gestures" AppVer="3.5.0.0" Date="Monday, March 05, 2007" TimeOfDay="4:58:40 PM">
  <Point X="143" Y="128" T="982138" />
  <Point X="140" Y="127" T="982158" />
  <Point X="138" Y="127" T="982170" />
  <Point X="136" Y="125" T="982177" />
  <Point X="133" Y="125" T="982186" />
  <Point X="131" Y="125" T="982194" />
  <Point X="128" Y="124" T="982203" />
  <Point X="125" Y="123" T="982211" />
  <Point X="123" Y="123" T="982219" />
  <Point X="120" Y="123" T="982227" />
  <Point X="117" Y="123" T="982235" />
  <Point X="114" Y="122" T="982243" />
  <Point X="112" Y="122" T="982251" />
  <Point X="109" Y="122" T="982260" />
  <Point X="107" Y="122" T="982268" />
  <Point X="105" Y="121" T="982280" />
  <Point X="102" Y="121" T="982292" />
  <Point X="100" Y="121" T="982305" />
  <Point X="98" Y="122" T="982324" />
  <Point X="97" Y="124" T="982349" />
  <Point X="97" Y="127" T="982374" />
  <Point X="98" Y="129" T="982394" />
  <Point X="98" Y="132" T="982406" />
  <Point X="99" Y="135" T="982416" />
  <Point X="100" Y="139" T="982427" />
  <Point X="100" Y="145" T="982438" />
  <Point X="101" Y="150" T="982449" />
  <Point X="101" Y="153" T="982451" />
  <Point X="101" Y="160" T="982463" />
  <Point X="101" Y="167" T="982475" />
  <Point X="102" Y="173" T="982487" />
  <Point X="102" Y="179" T="982499" />
  <Point X="102" Y="183" T="982512" />
  <Point X="102" Y="190" T="982524" />
  <Point X="102" Y="194" T="982537" />
  <Point X="102" Y="197" T="982539" />
  <Point X="102" Y="201" T="982552" />
  <Point X="103" Y="207" T="982566" />
  <Point X="103" Y="212" T="982579" />
  <Point X="103" Y="217" T="982593" />
  <Point X="103" Y="222" T="982607" />
  <Point X="103" Y="227" T="982623" />
  <Point X="104" Y="230" T="982638" />
  <Point X="104" Y="232" T="982652" />
  <Point X="104" Y="234" T="982667" />
  <Point X="104" Y="236" T="982682" />
  <Point X="104" Y="238" T="982697" />
  <Point X="105" Y="240" T="982762" />
  <Point X="107" Y="242" T="982798" />
  <Point X="109" Y="242" T="982818" />
  <Point X="111" Y="241" T="982834" />
  <Point X="114" Y="240" T="982850" />
  <Point X="118" Y="240" T="982867" />
  <Point X="123" Y="240" T="982883" />
  <Point X="129" Y="241" T="982900" />
  <Point X="134" Y="241" T="982918" />
  <Point X="137" Y="242" T="982919" />
  <Point X="143" Y="242" T="982938" />
  <Point X="145" Y="241" T="982957" />
  <Point X="147" Y="241" T="982959" />
  <Point X="149" Y="241" T="983043" />
  <Point X="151" Y="240" T="983068" />
</Gesture>