﻿<?xml version="1.0" encoding="utf-8" standalone="yes"?>
<Gesture Name="left_curly_brace09" Subject="1" Speed="medium" Number="9" NumPts="58" Millseconds="759" AppName="Gestures" AppVer="3.5.0.0" Date="Monday, March 05, 2007" TimeOfDay="5:05:44 PM">
  <Point X="150" Y="116" T="1406343" />
  <Point X="147" Y="117" T="1406358" />
  <Point X="145" Y="116" T="1406366" />
  <Point X="142" Y="116" T="1406374" />
  <Point X="139" Y="117" T="1406383" />
  <Point X="136" Y="117" T="1406391" />
  <Point X="133" Y="118" T="1406399" />
  <Point X="129" Y="121" T="1406407" />
  <Point X="126" Y="122" T="1406415" />
  <Point X="123" Y="123" T="1406423" />
  <Point X="120" Y="125" T="1406431" />
  <Point X="118" Y="127" T="1406439" />
  <Point X="115" Y="128" T="1406447" />
  <Point X="113" Y="129" T="1406459" />
  <Point X="112" Y="131" T="1406475" />
  <Point X="113" Y="134" T="1406504" />
  <Point X="115" Y="134" T="1406513" />
  <Point X="117" Y="135" T="1406521" />
  <Point X="120" Y="135" T="1406530" />
  <Point X="123" Y="137" T="1406539" />
  <Point X="126" Y="138" T="1406549" />
  <Point X="129" Y="140" T="1406559" />
  <Point X="135" Y="143" T="1406569" />
  <Point X="137" Y="144" T="1406580" />
  <Point X="139" Y="147" T="1406590" />
  <Point X="141" Y="149" T="1406605" />
  <Point X="140" Y="152" T="1406616" />
  <Point X="139" Y="155" T="1406628" />
  <Point X="134" Y="159" T="1406639" />
  <Point X="131" Y="161" T="1406651" />
  <Point X="124" Y="166" T="1406662" />
  <Point X="121" Y="166" T="1406674" />
  <Point X="117" Y="166" T="1406687" />
  <Point X="114" Y="167" T="1406699" />
  <Point X="112" Y="166" T="1406721" />
  <Point X="114" Y="164" T="1406754" />
  <Point X="116" Y="163" T="1406767" />
  <Point X="118" Y="163" T="1406783" />
  <Point X="120" Y="162" T="1406798" />
  <Point X="122" Y="163" T="1406811" />
  <Point X="125" Y="164" T="1406826" />
  <Point X="127" Y="165" T="1406843" />
  <Point X="129" Y="166" T="1406858" />
  <Point X="130" Y="168" T="1406874" />
  <Point X="129" Y="171" T="1406889" />
  <Point X="127" Y="175" T="1406904" />
  <Point X="125" Y="179" T="1406919" />
  <Point X="123" Y="184" T="1406935" />
  <Point X="121" Y="190" T="1406950" />
  <Point X="120" Y="194" T="1406966" />
  <Point X="119" Y="199" T="1406983" />
  <Point X="120" Y="202" T="1406999" />
  <Point X="123" Y="207" T="1407016" />
  <Point X="127" Y="211" T="1407033" />
  <Point X="133" Y="215" T="1407050" />
  <Point X="142" Y="219" T="1407068" />
  <Point X="148" Y="220" T="1407085" />
  <Point X="151" Y="221" T="1407102" />
</Gesture>