﻿<?xml version="1.0" encoding="utf-8" standalone="yes"?>
<Gesture Name="left_sq_bracket09" Subject="1" Speed="medium" Number="9" NumPts="59" Millseconds="870" AppName="Gestures" AppVer="3.5.0.0" Date="Monday, March 05, 2007" TimeOfDay="4:58:39 PM">
  <Point X="139" Y="119" T="980508" />
  <Point X="136" Y="119" T="980528" />
  <Point X="134" Y="119" T="980544" />
  <Point X="132" Y="119" T="980556" />
  <Point X="130" Y="119" T="980569" />
  <Point X="127" Y="118" T="980581" />
  <Point X="124" Y="118" T="980593" />
  <Point X="122" Y="117" T="980605" />
  <Point X="119" Y="116" T="980617" />
  <Point X="117" Y="115" T="980629" />
  <Point X="114" Y="117" T="980641" />
  <Point X="112" Y="116" T="980653" />
  <Point X="110" Y="115" T="980665" />
  <Point X="107" Y="116" T="980681" />
  <Point X="105" Y="117" T="980701" />
  <Point X="103" Y="118" T="980722" />
  <Point X="102" Y="120" T="980747" />
  <Point X="99" Y="121" T="980771" />
  <Point X="98" Y="123" T="980783" />
  <Point X="98" Y="126" T="980795" />
  <Point X="97" Y="128" T="980805" />
  <Point X="97" Y="131" T="980815" />
  <Point X="97" Y="134" T="980825" />
  <Point X="97" Y="140" T="980836" />
  <Point X="97" Y="145" T="980847" />
  <Point X="97" Y="148" T="980848" />
  <Point X="97" Y="152" T="980859" />
  <Point X="97" Y="155" T="980860" />
  <Point X="97" Y="163" T="980873" />
  <Point X="97" Y="172" T="980884" />
  <Point X="97" Y="177" T="980896" />
  <Point X="97" Y="185" T="980909" />
  <Point X="98" Y="192" T="980922" />
  <Point X="99" Y="199" T="980934" />
  <Point X="99" Y="201" T="980936" />
  <Point X="99" Y="208" T="980949" />
  <Point X="100" Y="215" T="980962" />
  <Point X="102" Y="221" T="980976" />
  <Point X="103" Y="226" T="980990" />
  <Point X="104" Y="232" T="981005" />
  <Point X="105" Y="239" T="981019" />
  <Point X="105" Y="242" T="981034" />
  <Point X="106" Y="247" T="981048" />
  <Point X="106" Y="249" T="981083" />
  <Point X="106" Y="251" T="981103" />
  <Point X="109" Y="249" T="981188" />
  <Point X="111" Y="249" T="981204" />
  <Point X="113" Y="249" T="981219" />
  <Point X="116" Y="249" T="981235" />
  <Point X="118" Y="249" T="981237" />
  <Point X="123" Y="249" T="981253" />
  <Point X="128" Y="249" T="981269" />
  <Point X="133" Y="247" T="981286" />
  <Point X="138" Y="247" T="981303" />
  <Point X="142" Y="247" T="981322" />
  <Point X="144" Y="247" T="981339" />
  <Point X="147" Y="247" T="981356" />
  <Point X="149" Y="246" T="981358" />
  <Point X="151" Y="246" T="981378" />
</Gesture>