﻿<?xml version="1.0" encoding="utf-8" standalone="yes"?>
<Gesture Name="left_sq_bracket03" Subject="1" Speed="medium" Number="3" NumPts="59" Millseconds="967" AppName="Gestures" AppVer="3.5.0.0" Date="Monday, March 05, 2007" TimeOfDay="4:58:29 PM">
  <Point X="141" Y="126" T="970990" />
  <Point X="139" Y="125" T="971034" />
  <Point X="137" Y="125" T="971054" />
  <Point X="135" Y="125" T="971066" />
  <Point X="132" Y="124" T="971078" />
  <Point X="130" Y="124" T="971086" />
  <Point X="128" Y="124" T="971094" />
  <Point X="126" Y="124" T="971102" />
  <Point X="124" Y="124" T="971110" />
  <Point X="122" Y="124" T="971118" />
  <Point X="119" Y="123" T="971130" />
  <Point X="117" Y="123" T="971142" />
  <Point X="115" Y="123" T="971155" />
  <Point X="112" Y="124" T="971167" />
  <Point X="110" Y="123" T="971179" />
  <Point X="108" Y="124" T="971196" />
  <Point X="106" Y="124" T="971212" />
  <Point X="104" Y="124" T="971228" />
  <Point X="102" Y="125" T="971268" />
  <Point X="102" Y="128" T="971284" />
  <Point X="102" Y="130" T="971294" />
  <Point X="101" Y="132" T="971304" />
  <Point X="101" Y="136" T="971317" />
  <Point X="101" Y="139" T="971328" />
  <Point X="101" Y="142" T="971339" />
  <Point X="101" Y="148" T="971351" />
  <Point X="102" Y="156" T="971364" />
  <Point X="102" Y="158" T="971366" />
  <Point X="102" Y="163" T="971378" />
  <Point X="103" Y="168" T="971392" />
  <Point X="103" Y="174" T="971405" />
  <Point X="103" Y="176" T="971406" />
  <Point X="103" Y="183" T="971419" />
  <Point X="103" Y="191" T="971433" />
  <Point X="104" Y="197" T="971448" />
  <Point X="104" Y="204" T="971462" />
  <Point X="105" Y="212" T="971477" />
  <Point X="105" Y="217" T="971492" />
  <Point X="105" Y="223" T="971507" />
  <Point X="106" Y="228" T="971522" />
  <Point X="106" Y="230" T="971538" />
  <Point X="106" Y="235" T="971554" />
  <Point X="107" Y="239" T="971570" />
  <Point X="107" Y="241" T="971586" />
  <Point X="107" Y="243" T="971603" />
  <Point X="107" Y="245" T="971622" />
  <Point X="107" Y="247" T="971666" />
  <Point X="109" Y="246" T="971742" />
  <Point X="111" Y="247" T="971758" />
  <Point X="113" Y="247" T="971774" />
  <Point X="118" Y="247" T="971791" />
  <Point X="122" Y="248" T="971810" />
  <Point X="127" Y="249" T="971828" />
  <Point X="135" Y="249" T="971848" />
  <Point X="139" Y="248" T="971867" />
  <Point X="142" Y="248" T="971885" />
  <Point X="144" Y="247" T="971902" />
  <Point X="146" Y="247" T="971922" />
  <Point X="146" Y="249" T="971957" />
</Gesture>