﻿<?xml version="1.0" encoding="utf-8" standalone="yes"?>
<Gesture Name="left_sq_bracket06" Subject="1" Speed="medium" Number="6" NumPts="64" Millseconds="960" AppName="Gestures" AppVer="3.5.0.0" Date="Monday, March 05, 2007" TimeOfDay="4:58:34 PM">
  <Point X="141" Y="122" T="975830" />
  <Point X="139" Y="121" T="975850" />
  <Point X="137" Y="120" T="975862" />
  <Point X="135" Y="120" T="975874" />
  <Point X="133" Y="119" T="975886" />
  <Point X="130" Y="119" T="975899" />
  <Point X="128" Y="120" T="975907" />
  <Point X="125" Y="119" T="975915" />
  <Point X="123" Y="119" T="975923" />
  <Point X="121" Y="118" T="975931" />
  <Point X="119" Y="118" T="975939" />
  <Point X="116" Y="117" T="975947" />
  <Point X="114" Y="116" T="975959" />
  <Point X="111" Y="115" T="975972" />
  <Point X="109" Y="115" T="975980" />
  <Point X="107" Y="115" T="975989" />
  <Point X="105" Y="114" T="976002" />
  <Point X="102" Y="114" T="976013" />
  <Point X="100" Y="113" T="976025" />
  <Point X="97" Y="113" T="976041" />
  <Point X="95" Y="114" T="976061" />
  <Point X="93" Y="116" T="976081" />
  <Point X="92" Y="118" T="976097" />
  <Point X="92" Y="121" T="976110" />
  <Point X="91" Y="123" T="976121" />
  <Point X="91" Y="127" T="976132" />
  <Point X="91" Y="131" T="976143" />
  <Point X="91" Y="137" T="976155" />
  <Point X="91" Y="141" T="976167" />
  <Point X="91" Y="148" T="976178" />
  <Point X="90" Y="153" T="976191" />
  <Point X="90" Y="161" T="976203" />
  <Point X="91" Y="167" T="976215" />
  <Point X="91" Y="170" T="976228" />
  <Point X="91" Y="179" T="976241" />
  <Point X="92" Y="185" T="976254" />
  <Point X="92" Y="187" T="976255" />
  <Point X="93" Y="192" T="976269" />
  <Point X="94" Y="199" T="976282" />
  <Point X="94" Y="203" T="976296" />
  <Point X="94" Y="208" T="976311" />
  <Point X="95" Y="213" T="976325" />
  <Point X="96" Y="219" T="976340" />
  <Point X="96" Y="221" T="976354" />
  <Point X="97" Y="227" T="976369" />
  <Point X="97" Y="230" T="976384" />
  <Point X="97" Y="235" T="976399" />
  <Point X="97" Y="238" T="976415" />
  <Point X="97" Y="240" T="976443" />
  <Point X="98" Y="242" T="976503" />
  <Point X="100" Y="242" T="976588" />
  <Point X="102" Y="242" T="976608" />
  <Point X="104" Y="240" T="976626" />
  <Point X="106" Y="239" T="976643" />
  <Point X="111" Y="240" T="976660" />
  <Point X="113" Y="241" T="976661" />
  <Point X="118" Y="241" T="976680" />
  <Point X="123" Y="241" T="976698" />
  <Point X="127" Y="241" T="976716" />
  <Point X="130" Y="241" T="976717" />
  <Point X="132" Y="242" T="976735" />
  <Point X="134" Y="241" T="976753" />
  <Point X="136" Y="241" T="976771" />
  <Point X="138" Y="241" T="976790" />
</Gesture>