﻿<?xml version="1.0" encoding="utf-8" standalone="yes"?>
<Gesture Name="left_curly_brace05" Subject="1" Speed="medium" Number="5" NumPts="58" Millseconds="712" AppName="Gestures" AppVer="3.5.0.0" Date="Monday, March 05, 2007" TimeOfDay="5:05:39 PM">
  <Point X="138" Y="129" T="1401845" />
  <Point X="136" Y="128" T="1401858" />
  <Point X="134" Y="128" T="1401865" />
  <Point X="131" Y="127" T="1401878" />
  <Point X="129" Y="130" T="1401886" />
  <Point X="127" Y="132" T="1401894" />
  <Point X="125" Y="134" T="1401902" />
  <Point X="123" Y="137" T="1401910" />
  <Point X="122" Y="139" T="1401917" />
  <Point X="120" Y="141" T="1401924" />
  <Point X="119" Y="144" T="1401931" />
  <Point X="118" Y="146" T="1401938" />
  <Point X="117" Y="149" T="1401946" />
  <Point X="116" Y="151" T="1401954" />
  <Point X="116" Y="154" T="1401963" />
  <Point X="118" Y="156" T="1401984" />
  <Point X="120" Y="157" T="1401997" />
  <Point X="122" Y="157" T="1402005" />
  <Point X="125" Y="159" T="1402014" />
  <Point X="127" Y="159" T="1402023" />
  <Point X="130" Y="159" T="1402033" />
  <Point X="132" Y="159" T="1402043" />
  <Point X="137" Y="160" T="1402054" />
  <Point X="139" Y="160" T="1402065" />
  <Point X="140" Y="163" T="1402081" />
  <Point X="139" Y="165" T="1402093" />
  <Point X="139" Y="167" T="1402104" />
  <Point X="137" Y="169" T="1402116" />
  <Point X="135" Y="171" T="1402118" />
  <Point X="132" Y="173" T="1402131" />
  <Point X="127" Y="176" T="1402142" />
  <Point X="123" Y="177" T="1402153" />
  <Point X="118" Y="179" T="1402165" />
  <Point X="115" Y="181" T="1402177" />
  <Point X="113" Y="181" T="1402189" />
  <Point X="116" Y="179" T="1402246" />
  <Point X="119" Y="178" T="1402258" />
  <Point X="121" Y="177" T="1402272" />
  <Point X="125" Y="177" T="1402286" />
  <Point X="128" Y="177" T="1402300" />
  <Point X="130" Y="179" T="1402314" />
  <Point X="132" Y="180" T="1402329" />
  <Point X="134" Y="181" T="1402344" />
  <Point X="136" Y="183" T="1402346" />
  <Point X="136" Y="185" T="1402363" />
  <Point X="135" Y="190" T="1402378" />
  <Point X="132" Y="196" T="1402392" />
  <Point X="131" Y="199" T="1402393" />
  <Point X="127" Y="207" T="1402411" />
  <Point X="124" Y="213" T="1402426" />
  <Point X="123" Y="218" T="1402442" />
  <Point X="123" Y="220" T="1402458" />
  <Point X="125" Y="226" T="1402474" />
  <Point X="127" Y="227" T="1402490" />
  <Point X="131" Y="230" T="1402506" />
  <Point X="136" Y="230" T="1402522" />
  <Point X="141" Y="232" T="1402539" />
  <Point X="145" Y="231" T="1402557" />
</Gesture>