﻿<?xml version="1.0" encoding="utf-8" standalone="yes"?>
<Gesture Name="left_sq_bracket02" Subject="1" Speed="medium" Number="2" NumPts="66" Millseconds="1083" AppName="Gestures" AppVer="3.5.0.0" Date="Monday, March 05, 2007" TimeOfDay="4:58:28 PM">
  <Point X="135" Y="128" T="969347" />
  <Point X="132" Y="128" T="969372" />
  <Point X="130" Y="127" T="969392" />
  <Point X="128" Y="127" T="969408" />
  <Point X="125" Y="127" T="969419" />
  <Point X="123" Y="127" T="969428" />
  <Point X="121" Y="128" T="969436" />
  <Point X="118" Y="126" T="969444" />
  <Point X="116" Y="126" T="969452" />
  <Point X="114" Y="127" T="969460" />
  <Point X="111" Y="126" T="969468" />
  <Point X="109" Y="126" T="969476" />
  <Point X="107" Y="126" T="969488" />
  <Point X="105" Y="126" T="969500" />
  <Point X="103" Y="126" T="969512" />
  <Point X="101" Y="126" T="969529" />
  <Point X="98" Y="127" T="969546" />
  <Point X="96" Y="128" T="969565" />
  <Point X="94" Y="128" T="969586" />
  <Point X="92" Y="129" T="969610" />
  <Point X="90" Y="129" T="969635" />
  <Point X="89" Y="131" T="969687" />
  <Point X="88" Y="133" T="969703" />
  <Point X="88" Y="135" T="969716" />
  <Point X="88" Y="138" T="969727" />
  <Point X="88" Y="140" T="969738" />
  <Point X="88" Y="142" T="969749" />
  <Point X="88" Y="144" T="969760" />
  <Point X="88" Y="146" T="969761" />
  <Point X="88" Y="152" T="969773" />
  <Point X="88" Y="155" T="969784" />
  <Point X="89" Y="161" T="969796" />
  <Point X="89" Y="165" T="969809" />
  <Point X="89" Y="172" T="969821" />
  <Point X="89" Y="176" T="969834" />
  <Point X="89" Y="181" T="969847" />
  <Point X="89" Y="188" T="969861" />
  <Point X="90" Y="190" T="969874" />
  <Point X="91" Y="196" T="969887" />
  <Point X="91" Y="202" T="969901" />
  <Point X="92" Y="206" T="969915" />
  <Point X="92" Y="212" T="969930" />
  <Point X="92" Y="220" T="969945" />
  <Point X="93" Y="222" T="969959" />
  <Point X="93" Y="225" T="969961" />
  <Point X="93" Y="231" T="969976" />
  <Point X="94" Y="233" T="969991" />
  <Point X="94" Y="236" T="969993" />
  <Point X="94" Y="238" T="970009" />
  <Point X="94" Y="241" T="970025" />
  <Point X="94" Y="243" T="970041" />
  <Point X="94" Y="247" T="970060" />
  <Point X="93" Y="249" T="970088" />
  <Point X="96" Y="248" T="970181" />
  <Point X="98" Y="249" T="970198" />
  <Point X="100" Y="248" T="970216" />
  <Point X="104" Y="247" T="970235" />
  <Point X="111" Y="248" T="970256" />
  <Point X="116" Y="248" T="970276" />
  <Point X="123" Y="248" T="970297" />
  <Point X="127" Y="248" T="970318" />
  <Point X="132" Y="248" T="970339" />
  <Point X="134" Y="250" T="970358" />
  <Point X="136" Y="252" T="970382" />
  <Point X="138" Y="252" T="970402" />
  <Point X="140" Y="253" T="970430" />
</Gesture>