﻿<?xml version="1.0" encoding="utf-8" standalone="yes"?>
<Gesture Name="left_sq_bracket07" Subject="1" Speed="medium" Number="7" NumPts="68" Millseconds="1135" AppName="Gestures" AppVer="3.5.0.0" Date="Monday, March 05, 2007" TimeOfDay="4:58:36 PM">
  <Point X="137" Y="113" T="977374" />
  <Point X="135" Y="113" T="977393" />
  <Point X="133" Y="113" T="977405" />
  <Point X="130" Y="113" T="977417" />
  <Point X="128" Y="114" T="977428" />
  <Point X="126" Y="115" T="977437" />
  <Point X="123" Y="116" T="977445" />
  <Point X="121" Y="115" T="977453" />
  <Point X="119" Y="115" T="977461" />
  <Point X="116" Y="115" T="977469" />
  <Point X="114" Y="116" T="977477" />
  <Point X="111" Y="116" T="977485" />
  <Point X="109" Y="117" T="977493" />
  <Point X="107" Y="116" T="977502" />
  <Point X="104" Y="116" T="977510" />
  <Point X="102" Y="115" T="977521" />
  <Point X="100" Y="116" T="977529" />
  <Point X="98" Y="117" T="977538" />
  <Point X="95" Y="117" T="977549" />
  <Point X="93" Y="118" T="977562" />
  <Point X="91" Y="118" T="977574" />
  <Point X="89" Y="120" T="977585" />
  <Point X="87" Y="121" T="977602" />
  <Point X="85" Y="122" T="977618" />
  <Point X="83" Y="123" T="977642" />
  <Point X="81" Y="125" T="977666" />
  <Point X="80" Y="127" T="977686" />
  <Point X="80" Y="129" T="977710" />
  <Point X="80" Y="132" T="977722" />
  <Point X="80" Y="134" T="977734" />
  <Point X="81" Y="137" T="977746" />
  <Point X="81" Y="139" T="977758" />
  <Point X="82" Y="145" T="977771" />
  <Point X="82" Y="149" T="977783" />
  <Point X="82" Y="155" T="977796" />
  <Point X="82" Y="162" T="977809" />
  <Point X="83" Y="164" T="977811" />
  <Point X="83" Y="168" T="977825" />
  <Point X="83" Y="176" T="977839" />
  <Point X="83" Y="184" T="977853" />
  <Point X="84" Y="190" T="977867" />
  <Point X="84" Y="196" T="977882" />
  <Point X="84" Y="202" T="977896" />
  <Point X="84" Y="207" T="977911" />
  <Point X="85" Y="215" T="977926" />
  <Point X="85" Y="221" T="977942" />
  <Point X="85" Y="223" T="977960" />
  <Point X="86" Y="228" T="977975" />
  <Point X="86" Y="230" T="977991" />
  <Point X="86" Y="232" T="978007" />
  <Point X="87" Y="235" T="978023" />
  <Point X="87" Y="237" T="978039" />
  <Point X="87" Y="239" T="978127" />
  <Point X="87" Y="241" T="978179" />
  <Point X="89" Y="239" T="978297" />
  <Point X="91" Y="238" T="978318" />
  <Point X="93" Y="239" T="978335" />
  <Point X="96" Y="239" T="978353" />
  <Point X="99" Y="239" T="978355" />
  <Point X="103" Y="240" T="978373" />
  <Point X="108" Y="240" T="978392" />
  <Point X="117" Y="239" T="978410" />
  <Point X="122" Y="240" T="978430" />
  <Point X="126" Y="239" T="978449" />
  <Point X="128" Y="239" T="978451" />
  <Point X="131" Y="239" T="978471" />
  <Point X="133" Y="239" T="978490" />
  <Point X="135" Y="239" T="978509" />
</Gesture>