﻿<?xml version="1.0" encoding="utf-8" standalone="yes"?>
<Gesture Name="left_sq_bracket04" Subject="1" Speed="medium" Number="4" NumPts="69" Millseconds="1035" AppName="Gestures" AppVer="3.5.0.0" Date="Monday, March 05, 2007" TimeOfDay="4:58:31 PM">
  <Point X="138" Y="124" T="972514" />
  <Point X="136" Y="123" T="972552" />
  <Point X="134" Y="125" T="972573" />
  <Point X="131" Y="126" T="972585" />
  <Point X="128" Y="126" T="972598" />
  <Point X="126" Y="128" T="972606" />
  <Point X="123" Y="129" T="972614" />
  <Point X="121" Y="129" T="972622" />
  <Point X="118" Y="128" T="972630" />
  <Point X="116" Y="128" T="972638" />
  <Point X="113" Y="128" T="972646" />
  <Point X="110" Y="128" T="972654" />
  <Point X="107" Y="127" T="972662" />
  <Point X="104" Y="127" T="972671" />
  <Point X="102" Y="126" T="972679" />
  <Point X="99" Y="125" T="972687" />
  <Point X="97" Y="124" T="972695" />
  <Point X="94" Y="124" T="972704" />
  <Point X="92" Y="125" T="972713" />
  <Point X="90" Y="124" T="972723" />
  <Point X="88" Y="125" T="972733" />
  <Point X="86" Y="126" T="972747" />
  <Point X="84" Y="126" T="972782" />
  <Point X="83" Y="129" T="972806" />
  <Point X="83" Y="131" T="972822" />
  <Point X="83" Y="133" T="972834" />
  <Point X="83" Y="136" T="972850" />
  <Point X="84" Y="139" T="972862" />
  <Point X="84" Y="141" T="972873" />
  <Point X="85" Y="144" T="972885" />
  <Point X="86" Y="148" T="972897" />
  <Point X="86" Y="151" T="972909" />
  <Point X="87" Y="154" T="972911" />
  <Point X="87" Y="159" T="972924" />
  <Point X="88" Y="162" T="972937" />
  <Point X="89" Y="169" T="972950" />
  <Point X="89" Y="175" T="972963" />
  <Point X="90" Y="178" T="972976" />
  <Point X="90" Y="182" T="972990" />
  <Point X="90" Y="189" T="973004" />
  <Point X="91" Y="193" T="973018" />
  <Point X="91" Y="198" T="973033" />
  <Point X="92" Y="205" T="973047" />
  <Point X="92" Y="208" T="973064" />
  <Point X="92" Y="211" T="973065" />
  <Point X="92" Y="217" T="973080" />
  <Point X="93" Y="222" T="973096" />
  <Point X="93" Y="227" T="973111" />
  <Point X="93" Y="229" T="973127" />
  <Point X="93" Y="235" T="973143" />
  <Point X="94" Y="241" T="973159" />
  <Point X="94" Y="246" T="973176" />
  <Point X="94" Y="248" T="973193" />
  <Point X="94" Y="251" T="973215" />
  <Point X="94" Y="253" T="973231" />
  <Point X="94" Y="255" T="973252" />
  <Point X="96" Y="253" T="973337" />
  <Point X="99" Y="252" T="973357" />
  <Point X="101" Y="252" T="973374" />
  <Point X="104" Y="251" T="973392" />
  <Point X="106" Y="251" T="973394" />
  <Point X="111" Y="251" T="973413" />
  <Point X="116" Y="252" T="973432" />
  <Point X="124" Y="252" T="973451" />
  <Point X="129" Y="252" T="973471" />
  <Point X="133" Y="252" T="973490" />
  <Point X="136" Y="252" T="973510" />
  <Point X="138" Y="252" T="973529" />
  <Point X="140" Y="251" T="973549" />
</Gesture>