﻿<?xml version="1.0" encoding="utf-8" standalone="yes"?>
<Gesture Name="pigtail07" Subject="1" Speed="medium" Number="7" NumPts="57" Millseconds="639" AppName="Gestures" AppVer="3.5.0.0" Date="Monday, March 05, 2007" TimeOfDay="5:00:11 PM">
  <Point X="86" Y="219" T="1073134" />
  <Point X="88" Y="220" T="1073145" />
  <Point X="91" Y="219" T="1073154" />
  <Point X="93" Y="220" T="1073162" />
  <Point X="97" Y="219" T="1073171" />
  <Point X="99" Y="218" T="1073177" />
  <Point X="103" Y="216" T="1073183" />
  <Point X="105" Y="215" T="1073190" />
  <Point X="109" Y="214" T="1073197" />
  <Point X="113" Y="211" T="1073204" />
  <Point X="117" Y="209" T="1073211" />
  <Point X="119" Y="209" T="1073219" />
  <Point X="122" Y="205" T="1073226" />
  <Point X="126" Y="203" T="1073234" />
  <Point X="129" Y="199" T="1073242" />
  <Point X="132" Y="197" T="1073251" />
  <Point X="136" Y="191" T="1073259" />
  <Point X="139" Y="188" T="1073267" />
  <Point X="141" Y="184" T="1073276" />
  <Point X="143" Y="180" T="1073285" />
  <Point X="144" Y="178" T="1073294" />
  <Point X="145" Y="174" T="1073296" />
  <Point X="147" Y="170" T="1073307" />
  <Point X="148" Y="167" T="1073317" />
  <Point X="149" Y="161" T="1073327" />
  <Point X="148" Y="158" T="1073338" />
  <Point X="147" Y="153" T="1073349" />
  <Point X="146" Y="148" T="1073360" />
  <Point X="144" Y="146" T="1073372" />
  <Point X="141" Y="144" T="1073385" />
  <Point X="139" Y="142" T="1073402" />
  <Point X="137" Y="141" T="1073415" />
  <Point X="135" Y="141" T="1073427" />
  <Point X="132" Y="141" T="1073439" />
  <Point X="130" Y="143" T="1073451" />
  <Point X="127" Y="145" T="1073464" />
  <Point X="124" Y="149" T="1073476" />
  <Point X="122" Y="155" T="1073489" />
  <Point X="121" Y="160" T="1073503" />
  <Point X="120" Y="168" T="1073519" />
  <Point X="120" Y="173" T="1073532" />
  <Point X="121" Y="178" T="1073546" />
  <Point X="123" Y="183" T="1073561" />
  <Point X="125" Y="188" T="1073575" />
  <Point X="128" Y="194" T="1073590" />
  <Point X="132" Y="200" T="1073604" />
  <Point X="135" Y="202" T="1073619" />
  <Point X="137" Y="204" T="1073621" />
  <Point X="143" Y="208" T="1073639" />
  <Point X="150" Y="211" T="1073654" />
  <Point X="156" Y="212" T="1073670" />
  <Point X="163" Y="212" T="1073686" />
  <Point X="170" Y="212" T="1073703" />
  <Point X="176" Y="211" T="1073723" />
  <Point X="180" Y="210" T="1073740" />
  <Point X="183" Y="208" T="1073756" />
  <Point X="185" Y="206" T="1073773" />
</Gesture>