﻿<?xml version="1.0" encoding="utf-8" standalone="yes"?>
<Gesture Name="pigtail04" Subject="1" Speed="medium" Number="4" NumPts="54" Millseconds="630" AppName="Gestures" AppVer="3.5.0.0" Date="Monday, March 05, 2007" TimeOfDay="5:00:07 PM">
  <Point X="69" Y="233" T="1069523" />
  <Point X="70" Y="236" T="1069531" />
  <Point X="72" Y="236" T="1069539" />
  <Point X="75" Y="236" T="1069548" />
  <Point X="78" Y="235" T="1069555" />
  <Point X="81" Y="235" T="1069563" />
  <Point X="85" Y="233" T="1069572" />
  <Point X="89" Y="231" T="1069580" />
  <Point X="91" Y="230" T="1069588" />
  <Point X="93" Y="228" T="1069589" />
  <Point X="98" Y="226" T="1069599" />
  <Point X="102" Y="224" T="1069607" />
  <Point X="104" Y="223" T="1069609" />
  <Point X="108" Y="221" T="1069619" />
  <Point X="114" Y="216" T="1069628" />
  <Point X="118" Y="213" T="1069638" />
  <Point X="122" Y="210" T="1069647" />
  <Point X="125" Y="207" T="1069657" />
  <Point X="128" Y="204" T="1069667" />
  <Point X="131" Y="201" T="1069669" />
  <Point X="134" Y="198" T="1069681" />
  <Point X="139" Y="192" T="1069692" />
  <Point X="141" Y="188" T="1069703" />
  <Point X="142" Y="185" T="1069714" />
  <Point X="144" Y="178" T="1069726" />
  <Point X="145" Y="173" T="1069737" />
  <Point X="145" Y="169" T="1069749" />
  <Point X="143" Y="163" T="1069761" />
  <Point X="142" Y="161" T="1069773" />
  <Point X="138" Y="155" T="1069787" />
  <Point X="136" Y="153" T="1069799" />
  <Point X="134" Y="151" T="1069801" />
  <Point X="132" Y="150" T="1069815" />
  <Point X="127" Y="148" T="1069829" />
  <Point X="121" Y="150" T="1069843" />
  <Point X="116" Y="152" T="1069858" />
  <Point X="112" Y="156" T="1069872" />
  <Point X="107" Y="162" T="1069888" />
  <Point X="105" Y="167" T="1069903" />
  <Point X="102" Y="175" T="1069917" />
  <Point X="101" Y="181" T="1069934" />
  <Point X="100" Y="189" T="1069951" />
  <Point X="104" Y="201" T="1069968" />
  <Point X="107" Y="205" T="1069985" />
  <Point X="114" Y="212" T="1070004" />
  <Point X="120" Y="216" T="1070021" />
  <Point X="127" Y="220" T="1070039" />
  <Point X="139" Y="223" T="1070057" />
  <Point X="147" Y="226" T="1070076" />
  <Point X="149" Y="226" T="1070077" />
  <Point X="157" Y="226" T="1070097" />
  <Point X="168" Y="224" T="1070116" />
  <Point X="175" Y="220" T="1070134" />
  <Point X="178" Y="218" T="1070153" />
</Gesture>