﻿<?xml version="1.0" encoding="utf-8" standalone="yes"?>
<Gesture Name="pigtail01" Subject="1" Speed="medium" Number="1" NumPts="45" Millseconds="427" AppName="Gestures" AppVer="3.5.0.0" Date="Monday, March 05, 2007" TimeOfDay="5:00:04 PM">
  <Point X="71" Y="224" T="1066054" />
  <Point X="71" Y="226" T="1066075" />
  <Point X="72" Y="230" T="1066083" />
  <Point X="75" Y="231" T="1066096" />
  <Point X="78" Y="232" T="1066103" />
  <Point X="81" Y="232" T="1066112" />
  <Point X="85" Y="232" T="1066120" />
  <Point X="87" Y="232" T="1066127" />
  <Point X="92" Y="230" T="1066133" />
  <Point X="97" Y="228" T="1066141" />
  <Point X="99" Y="227" T="1066148" />
  <Point X="102" Y="225" T="1066149" />
  <Point X="107" Y="222" T="1066158" />
  <Point X="113" Y="218" T="1066166" />
  <Point X="119" Y="213" T="1066175" />
  <Point X="125" Y="209" T="1066183" />
  <Point X="131" Y="203" T="1066191" />
  <Point X="134" Y="200" T="1066193" />
  <Point X="139" Y="193" T="1066203" />
  <Point X="145" Y="185" T="1066212" />
  <Point X="149" Y="178" T="1066222" />
  <Point X="151" Y="172" T="1066231" />
  <Point X="151" Y="170" T="1066232" />
  <Point X="151" Y="161" T="1066244" />
  <Point X="150" Y="156" T="1066255" />
  <Point X="148" Y="152" T="1066265" />
  <Point X="145" Y="150" T="1066275" />
  <Point X="141" Y="148" T="1066276" />
  <Point X="135" Y="149" T="1066289" />
  <Point X="129" Y="152" T="1066300" />
  <Point X="125" Y="155" T="1066312" />
  <Point X="123" Y="157" T="1066313" />
  <Point X="116" Y="171" T="1066328" />
  <Point X="113" Y="183" T="1066341" />
  <Point X="113" Y="197" T="1066353" />
  <Point X="115" Y="210" T="1066366" />
  <Point X="119" Y="222" T="1066379" />
  <Point X="129" Y="233" T="1066393" />
  <Point X="138" Y="238" T="1066406" />
  <Point X="154" Y="239" T="1066420" />
  <Point X="165" Y="237" T="1066434" />
  <Point X="176" Y="232" T="1066449" />
  <Point X="182" Y="226" T="1066463" />
  <Point X="183" Y="224" T="1066464" />
  <Point X="185" Y="220" T="1066481" />
</Gesture>