﻿<?xml version="1.0" encoding="utf-8" standalone="yes"?>
<Gesture Name="pigtail06" Subject="1" Speed="medium" Number="6" NumPts="58" Millseconds="637" AppName="Gestures" AppVer="3.5.0.0" Date="Monday, March 05, 2007" TimeOfDay="5:00:10 PM">
  <Point X="72" Y="237" T="1071946" />
  <Point X="75" Y="237" T="1071958" />
  <Point X="77" Y="237" T="1071966" />
  <Point X="79" Y="237" T="1071975" />
  <Point X="82" Y="237" T="1071983" />
  <Point X="84" Y="239" T="1071991" />
  <Point X="87" Y="237" T="1071999" />
  <Point X="91" Y="236" T="1072007" />
  <Point X="94" Y="235" T="1072015" />
  <Point X="97" Y="233" T="1072023" />
  <Point X="101" Y="231" T="1072031" />
  <Point X="103" Y="230" T="1072039" />
  <Point X="106" Y="227" T="1072048" />
  <Point X="109" Y="224" T="1072057" />
  <Point X="112" Y="220" T="1072066" />
  <Point X="114" Y="217" T="1072068" />
  <Point X="116" Y="214" T="1072078" />
  <Point X="119" Y="209" T="1072088" />
  <Point X="121" Y="206" T="1072098" />
  <Point X="124" Y="202" T="1072100" />
  <Point X="126" Y="197" T="1072111" />
  <Point X="128" Y="194" T="1072112" />
  <Point X="131" Y="189" T="1072125" />
  <Point X="134" Y="182" T="1072136" />
  <Point X="136" Y="175" T="1072148" />
  <Point X="136" Y="170" T="1072160" />
  <Point X="136" Y="167" T="1072172" />
  <Point X="135" Y="162" T="1072185" />
  <Point X="132" Y="159" T="1072195" />
  <Point X="131" Y="157" T="1072207" />
  <Point X="127" Y="156" T="1072221" />
  <Point X="124" Y="155" T="1072234" />
  <Point X="119" Y="154" T="1072248" />
  <Point X="114" Y="155" T="1072262" />
  <Point X="109" Y="157" T="1072277" />
  <Point X="106" Y="160" T="1072291" />
  <Point X="104" Y="162" T="1072292" />
  <Point X="100" Y="168" T="1072307" />
  <Point X="98" Y="171" T="1072322" />
  <Point X="96" Y="177" T="1072338" />
  <Point X="96" Y="181" T="1072340" />
  <Point X="96" Y="184" T="1072355" />
  <Point X="96" Y="188" T="1072356" />
  <Point X="98" Y="194" T="1072372" />
  <Point X="101" Y="201" T="1072389" />
  <Point X="107" Y="207" T="1072406" />
  <Point X="110" Y="209" T="1072408" />
  <Point X="115" Y="213" T="1072425" />
  <Point X="124" Y="220" T="1072446" />
  <Point X="134" Y="225" T="1072463" />
  <Point X="144" Y="227" T="1072483" />
  <Point X="146" Y="227" T="1072484" />
  <Point X="155" Y="226" T="1072502" />
  <Point X="157" Y="226" T="1072504" />
  <Point X="165" Y="222" T="1072524" />
  <Point X="171" Y="218" T="1072544" />
  <Point X="176" Y="215" T="1072564" />
  <Point X="178" Y="213" T="1072583" />
</Gesture>