﻿<?xml version="1.0" encoding="utf-8" standalone="yes"?>
<Gesture Name="pigtail03" Subject="1" Speed="medium" Number="3" NumPts="50" Millseconds="556" AppName="Gestures" AppVer="3.5.0.0" Date="Monday, March 05, 2007" TimeOfDay="5:00:06 PM">
  <Point X="69" Y="230" T="1068229" />
  <Point X="71" Y="229" T="1068241" />
  <Point X="73" Y="229" T="1068249" />
  <Point X="76" Y="230" T="1068257" />
  <Point X="79" Y="229" T="1068265" />
  <Point X="82" Y="227" T="1068272" />
  <Point X="86" Y="226" T="1068280" />
  <Point X="89" Y="226" T="1068288" />
  <Point X="91" Y="226" T="1068295" />
  <Point X="95" Y="225" T="1068303" />
  <Point X="98" Y="223" T="1068311" />
  <Point X="100" Y="221" T="1068313" />
  <Point X="103" Y="220" T="1068322" />
  <Point X="106" Y="219" T="1068331" />
  <Point X="110" Y="216" T="1068340" />
  <Point X="116" Y="211" T="1068349" />
  <Point X="118" Y="208" T="1068359" />
  <Point X="121" Y="207" T="1068361" />
  <Point X="125" Y="203" T="1068371" />
  <Point X="127" Y="201" T="1068373" />
  <Point X="132" Y="195" T="1068385" />
  <Point X="137" Y="189" T="1068396" />
  <Point X="140" Y="184" T="1068407" />
  <Point X="141" Y="182" T="1068409" />
  <Point X="145" Y="176" T="1068421" />
  <Point X="146" Y="173" T="1068432" />
  <Point X="148" Y="167" T="1068445" />
  <Point X="149" Y="164" T="1068456" />
  <Point X="148" Y="157" T="1068469" />
  <Point X="147" Y="155" T="1068481" />
  <Point X="144" Y="150" T="1068495" />
  <Point X="139" Y="150" T="1068509" />
  <Point X="137" Y="149" T="1068522" />
  <Point X="131" Y="151" T="1068536" />
  <Point X="125" Y="154" T="1068551" />
  <Point X="119" Y="160" T="1068566" />
  <Point X="113" Y="168" T="1068581" />
  <Point X="108" Y="177" T="1068597" />
  <Point X="105" Y="186" T="1068612" />
  <Point X="103" Y="195" T="1068628" />
  <Point X="103" Y="205" T="1068645" />
  <Point X="105" Y="214" T="1068662" />
  <Point X="108" Y="219" T="1068679" />
  <Point X="113" Y="225" T="1068694" />
  <Point X="122" Y="232" T="1068713" />
  <Point X="130" Y="234" T="1068729" />
  <Point X="140" Y="235" T="1068748" />
  <Point X="145" Y="233" T="1068765" />
  <Point X="152" Y="230" T="1068784" />
  <Point X="156" Y="227" T="1068785" />
</Gesture>