﻿<?xml version="1.0" encoding="utf-8" standalone="yes"?>
<Gesture Name="pigtail10" Subject="1" Speed="medium" Number="10" NumPts="63" Millseconds="755" AppName="Gestures" AppVer="3.5.0.0" Date="Monday, March 05, 2007" TimeOfDay="5:00:15 PM">
  <Point X="75" Y="225" T="1077325" />
  <Point X="77" Y="227" T="1077356" />
  <Point X="79" Y="226" T="1077365" />
  <Point X="81" Y="225" T="1077372" />
  <Point X="84" Y="224" T="1077381" />
  <Point X="87" Y="224" T="1077389" />
  <Point X="90" Y="223" T="1077397" />
  <Point X="94" Y="222" T="1077405" />
  <Point X="97" Y="221" T="1077413" />
  <Point X="100" Y="220" T="1077421" />
  <Point X="103" Y="218" T="1077429" />
  <Point X="107" Y="215" T="1077437" />
  <Point X="110" Y="213" T="1077445" />
  <Point X="113" Y="211" T="1077454" />
  <Point X="116" Y="207" T="1077462" />
  <Point X="120" Y="203" T="1077470" />
  <Point X="123" Y="200" T="1077479" />
  <Point X="127" Y="195" T="1077487" />
  <Point X="130" Y="192" T="1077496" />
  <Point X="133" Y="189" T="1077505" />
  <Point X="137" Y="183" T="1077514" />
  <Point X="139" Y="179" T="1077523" />
  <Point X="140" Y="177" T="1077533" />
  <Point X="142" Y="175" T="1077534" />
  <Point X="144" Y="168" T="1077547" />
  <Point X="145" Y="164" T="1077557" />
  <Point X="145" Y="162" T="1077560" />
  <Point X="146" Y="155" T="1077573" />
  <Point X="145" Y="150" T="1077584" />
  <Point X="144" Y="144" T="1077595" />
  <Point X="143" Y="142" T="1077607" />
  <Point X="142" Y="139" T="1077618" />
  <Point X="139" Y="135" T="1077630" />
  <Point X="137" Y="132" T="1077651" />
  <Point X="134" Y="130" T="1077676" />
  <Point X="132" Y="131" T="1077693" />
  <Point X="129" Y="130" T="1077705" />
  <Point X="126" Y="131" T="1077718" />
  <Point X="124" Y="132" T="1077731" />
  <Point X="120" Y="137" T="1077744" />
  <Point X="117" Y="143" T="1077758" />
  <Point X="114" Y="149" T="1077772" />
  <Point X="112" Y="154" T="1077786" />
  <Point X="111" Y="158" T="1077801" />
  <Point X="111" Y="161" T="1077802" />
  <Point X="110" Y="168" T="1077818" />
  <Point X="111" Y="174" T="1077833" />
  <Point X="112" Y="182" T="1077848" />
  <Point X="113" Y="185" T="1077850" />
  <Point X="115" Y="192" T="1077867" />
  <Point X="117" Y="198" T="1077883" />
  <Point X="121" Y="204" T="1077899" />
  <Point X="125" Y="210" T="1077916" />
  <Point X="131" Y="214" T="1077932" />
  <Point X="135" Y="215" T="1077933" />
  <Point X="144" Y="218" T="1077953" />
  <Point X="153" Y="220" T="1077971" />
  <Point X="163" Y="220" T="1077989" />
  <Point X="170" Y="220" T="1078007" />
  <Point X="176" Y="219" T="1078025" />
  <Point X="180" Y="218" T="1078044" />
  <Point X="182" Y="218" T="1078061" />
  <Point X="185" Y="217" T="1078080" />
</Gesture>