﻿<?xml version="1.0" encoding="utf-8" standalone="yes"?>
<Gesture Name="pigtail05" Subject="1" Speed="medium" Number="5" NumPts="52" Millseconds="600" AppName="Gestures" AppVer="3.5.0.0" Date="Monday, March 05, 2007" TimeOfDay="5:00:08 PM">
  <Point X="75" Y="218" T="1070730" />
  <Point X="78" Y="219" T="1070750" />
  <Point X="80" Y="220" T="1070762" />
  <Point X="83" Y="221" T="1070771" />
  <Point X="86" Y="221" T="1070778" />
  <Point X="89" Y="219" T="1070786" />
  <Point X="92" Y="218" T="1070795" />
  <Point X="94" Y="218" T="1070802" />
  <Point X="98" Y="216" T="1070810" />
  <Point X="102" Y="215" T="1070817" />
  <Point X="105" Y="213" T="1070825" />
  <Point X="107" Y="212" T="1070833" />
  <Point X="111" Y="211" T="1070842" />
  <Point X="117" Y="207" T="1070851" />
  <Point X="119" Y="206" T="1070852" />
  <Point X="123" Y="203" T="1070862" />
  <Point X="125" Y="201" T="1070864" />
  <Point X="130" Y="198" T="1070874" />
  <Point X="132" Y="196" T="1070876" />
  <Point X="138" Y="190" T="1070887" />
  <Point X="142" Y="185" T="1070899" />
  <Point X="144" Y="183" T="1070900" />
  <Point X="149" Y="176" T="1070912" />
  <Point X="153" Y="168" T="1070924" />
  <Point X="155" Y="160" T="1070937" />
  <Point X="156" Y="152" T="1070949" />
  <Point X="156" Y="144" T="1070962" />
  <Point X="155" Y="139" T="1070975" />
  <Point X="154" Y="137" T="1070976" />
  <Point X="152" Y="132" T="1070990" />
  <Point X="148" Y="129" T="1071004" />
  <Point X="142" Y="128" T="1071018" />
  <Point X="135" Y="128" T="1071031" />
  <Point X="132" Y="130" T="1071044" />
  <Point X="126" Y="136" T="1071059" />
  <Point X="121" Y="141" T="1071074" />
  <Point X="117" Y="149" T="1071089" />
  <Point X="113" Y="155" T="1071104" />
  <Point X="112" Y="161" T="1071119" />
  <Point X="111" Y="169" T="1071135" />
  <Point X="111" Y="171" T="1071136" />
  <Point X="113" Y="179" T="1071152" />
  <Point X="115" Y="188" T="1071169" />
  <Point X="120" Y="196" T="1071185" />
  <Point X="125" Y="203" T="1071202" />
  <Point X="134" Y="209" T="1071219" />
  <Point X="141" Y="212" T="1071236" />
  <Point X="149" Y="213" T="1071253" />
  <Point X="157" Y="214" T="1071271" />
  <Point X="164" Y="212" T="1071290" />
  <Point X="172" Y="209" T="1071311" />
  <Point X="177" Y="206" T="1071330" />
</Gesture>