﻿<?xml version="1.0" encoding="utf-8" standalone="yes"?>
<Gesture Name="pigtail09" Subject="1" Speed="medium" Number="9" NumPts="64" Millseconds="686" AppName="Gestures" AppVer="3.5.0.0" Date="Monday, March 05, 2007" TimeOfDay="5:00:14 PM">
  <Point X="84" Y="226" T="1075836" />
  <Point X="86" Y="227" T="1075851" />
  <Point X="89" Y="228" T="1075864" />
  <Point X="91" Y="228" T="1075872" />
  <Point X="94" Y="228" T="1075880" />
  <Point X="98" Y="227" T="1075889" />
  <Point X="101" Y="226" T="1075897" />
  <Point X="103" Y="225" T="1075903" />
  <Point X="107" Y="223" T="1075910" />
  <Point X="110" Y="221" T="1075918" />
  <Point X="112" Y="219" T="1075925" />
  <Point X="114" Y="218" T="1075926" />
  <Point X="118" Y="216" T="1075936" />
  <Point X="122" Y="212" T="1075944" />
  <Point X="126" Y="208" T="1075952" />
  <Point X="128" Y="206" T="1075953" />
  <Point X="132" Y="202" T="1075964" />
  <Point X="136" Y="198" T="1075972" />
  <Point X="138" Y="196" T="1075974" />
  <Point X="141" Y="192" T="1075985" />
  <Point X="147" Y="187" T="1075994" />
  <Point X="150" Y="182" T="1076004" />
  <Point X="151" Y="179" T="1076005" />
  <Point X="154" Y="175" T="1076017" />
  <Point X="156" Y="172" T="1076027" />
  <Point X="159" Y="165" T="1076038" />
  <Point X="159" Y="161" T="1076048" />
  <Point X="159" Y="159" T="1076049" />
  <Point X="159" Y="156" T="1076061" />
  <Point X="158" Y="153" T="1076072" />
  <Point X="157" Y="151" T="1076073" />
  <Point X="157" Y="148" T="1076087" />
  <Point X="154" Y="142" T="1076099" />
  <Point X="153" Y="140" T="1076111" />
  <Point X="149" Y="139" T="1076124" />
  <Point X="146" Y="138" T="1076137" />
  <Point X="143" Y="138" T="1076138" />
  <Point X="140" Y="140" T="1076152" />
  <Point X="137" Y="141" T="1076153" />
  <Point X="131" Y="146" T="1076169" />
  <Point X="129" Y="149" T="1076183" />
  <Point X="124" Y="154" T="1076197" />
  <Point X="120" Y="162" T="1076211" />
  <Point X="117" Y="167" T="1076225" />
  <Point X="116" Y="172" T="1076240" />
  <Point X="115" Y="181" T="1076255" />
  <Point X="115" Y="187" T="1076270" />
  <Point X="117" Y="196" T="1076286" />
  <Point X="118" Y="199" T="1076301" />
  <Point X="119" Y="203" T="1076302" />
  <Point X="122" Y="209" T="1076322" />
  <Point X="126" Y="213" T="1076339" />
  <Point X="130" Y="216" T="1076355" />
  <Point X="136" Y="221" T="1076372" />
  <Point X="142" Y="224" T="1076388" />
  <Point X="144" Y="226" T="1076389" />
  <Point X="151" Y="229" T="1076410" />
  <Point X="158" Y="229" T="1076428" />
  <Point X="167" Y="228" T="1076446" />
  <Point X="172" Y="226" T="1076463" />
  <Point X="174" Y="226" T="1076481" />
  <Point X="177" Y="224" T="1076482" />
  <Point X="179" Y="224" T="1076503" />
  <Point X="181" Y="224" T="1076522" />
</Gesture>