﻿<?xml version="1.0" encoding="utf-8" standalone="yes"?>
<Gesture Name="pigtail02" Subject="1" Speed="medium" Number="2" NumPts="54" Millseconds="584" AppName="Gestures" AppVer="3.5.0.0" Date="Monday, March 05, 2007" TimeOfDay="5:00:05 PM">
  <Point X="69" Y="226" T="1067055" />
  <Point X="72" Y="229" T="1067065" />
  <Point X="75" Y="230" T="1067073" />
  <Point X="79" Y="231" T="1067081" />
  <Point X="83" Y="230" T="1067090" />
  <Point X="85" Y="229" T="1067097" />
  <Point X="91" Y="226" T="1067103" />
  <Point X="96" Y="225" T="1067111" />
  <Point X="99" Y="225" T="1067118" />
  <Point X="102" Y="224" T="1067119" />
  <Point X="108" Y="220" T="1067129" />
  <Point X="114" Y="217" T="1067137" />
  <Point X="117" Y="215" T="1067139" />
  <Point X="122" Y="212" T="1067149" />
  <Point X="128" Y="209" T="1067157" />
  <Point X="130" Y="207" T="1067159" />
  <Point X="135" Y="203" T="1067170" />
  <Point X="137" Y="203" T="1067171" />
  <Point X="142" Y="199" T="1067181" />
  <Point X="148" Y="192" T="1067191" />
  <Point X="150" Y="190" T="1067200" />
  <Point X="156" Y="183" T="1067211" />
  <Point X="157" Y="181" T="1067221" />
  <Point X="160" Y="174" T="1067231" />
  <Point X="160" Y="168" T="1067242" />
  <Point X="160" Y="166" T="1067253" />
  <Point X="157" Y="161" T="1067265" />
  <Point X="156" Y="158" T="1067276" />
  <Point X="151" Y="154" T="1067288" />
  <Point X="149" Y="154" T="1067299" />
  <Point X="142" Y="154" T="1067311" />
  <Point X="139" Y="154" T="1067323" />
  <Point X="133" Y="156" T="1067336" />
  <Point X="130" Y="157" T="1067348" />
  <Point X="124" Y="162" T="1067361" />
  <Point X="121" Y="166" T="1067375" />
  <Point X="117" Y="173" T="1067388" />
  <Point X="115" Y="179" T="1067401" />
  <Point X="115" Y="181" T="1067403" />
  <Point X="113" Y="188" T="1067419" />
  <Point X="113" Y="195" T="1067433" />
  <Point X="113" Y="202" T="1067448" />
  <Point X="115" Y="209" T="1067462" />
  <Point X="116" Y="212" T="1067477" />
  <Point X="120" Y="218" T="1067492" />
  <Point X="125" Y="222" T="1067509" />
  <Point X="132" Y="225" T="1067524" />
  <Point X="139" Y="227" T="1067540" />
  <Point X="145" Y="230" T="1067556" />
  <Point X="152" Y="231" T="1067572" />
  <Point X="158" Y="231" T="1067588" />
  <Point X="163" Y="229" T="1067605" />
  <Point X="167" Y="226" T="1067622" />
  <Point X="169" Y="226" T="1067639" />
</Gesture>