﻿<?xml version="1.0" encoding="utf-8" standalone="yes"?>
<Gesture Name="pigtail08" Subject="1" Speed="medium" Number="8" NumPts="65" Millseconds="775" AppName="Gestures" AppVer="3.5.0.0" Date="Monday, March 05, 2007" TimeOfDay="5:00:12 PM">
  <Point X="81" Y="219" T="1074364" />
  <Point X="84" Y="218" T="1074396" />
  <Point X="86" Y="220" T="1074409" />
  <Point X="88" Y="220" T="1074417" />
  <Point X="90" Y="220" T="1074425" />
  <Point X="92" Y="219" T="1074434" />
  <Point X="95" Y="220" T="1074442" />
  <Point X="97" Y="219" T="1074450" />
  <Point X="99" Y="220" T="1074458" />
  <Point X="102" Y="218" T="1074466" />
  <Point X="105" Y="217" T="1074474" />
  <Point X="107" Y="216" T="1074482" />
  <Point X="110" Y="216" T="1074490" />
  <Point X="113" Y="214" T="1074499" />
  <Point X="116" Y="212" T="1074507" />
  <Point X="118" Y="210" T="1074514" />
  <Point X="121" Y="208" T="1074523" />
  <Point X="124" Y="205" T="1074531" />
  <Point X="126" Y="202" T="1074539" />
  <Point X="129" Y="199" T="1074549" />
  <Point X="132" Y="196" T="1074559" />
  <Point X="136" Y="191" T="1074569" />
  <Point X="139" Y="187" T="1074579" />
  <Point X="142" Y="182" T="1074589" />
  <Point X="144" Y="179" T="1074590" />
  <Point X="146" Y="174" T="1074603" />
  <Point X="148" Y="170" T="1074613" />
  <Point X="149" Y="168" T="1074614" />
  <Point X="151" Y="162" T="1074627" />
  <Point X="152" Y="160" T="1074639" />
  <Point X="152" Y="157" T="1074650" />
  <Point X="152" Y="155" T="1074651" />
  <Point X="152" Y="151" T="1074664" />
  <Point X="152" Y="149" T="1074676" />
  <Point X="152" Y="146" T="1074688" />
  <Point X="149" Y="142" T="1074701" />
  <Point X="148" Y="139" T="1074713" />
  <Point X="145" Y="137" T="1074726" />
  <Point X="141" Y="135" T="1074739" />
  <Point X="139" Y="135" T="1074752" />
  <Point X="134" Y="136" T="1074766" />
  <Point X="130" Y="140" T="1074779" />
  <Point X="128" Y="142" T="1074793" />
  <Point X="126" Y="145" T="1074794" />
  <Point X="122" Y="150" T="1074811" />
  <Point X="119" Y="158" T="1074826" />
  <Point X="117" Y="163" T="1074841" />
  <Point X="115" Y="170" T="1074856" />
  <Point X="114" Y="175" T="1074872" />
  <Point X="117" Y="184" T="1074888" />
  <Point X="120" Y="190" T="1074907" />
  <Point X="125" Y="199" T="1074923" />
  <Point X="129" Y="203" T="1074939" />
  <Point X="133" Y="208" T="1074955" />
  <Point X="138" Y="213" T="1074972" />
  <Point X="145" Y="215" T="1074989" />
  <Point X="155" Y="218" T="1075007" />
  <Point X="164" Y="219" T="1075025" />
  <Point X="166" Y="219" T="1075026" />
  <Point X="177" Y="219" T="1075047" />
  <Point X="182" Y="218" T="1075065" />
  <Point X="192" Y="216" T="1075083" />
  <Point X="196" Y="213" T="1075101" />
  <Point X="199" Y="212" T="1075120" />
  <Point X="201" Y="211" T="1075139" />
</Gesture>