﻿<?xml version="1.0" encoding="utf-8" standalone="yes"?>
<Gesture Name="question_mark07" Subject="1" Speed="medium" Number="7" NumPts="69" Millseconds="946" AppName="Gestures" AppVer="3.5.0.0" Date="Monday, March 05, 2007" TimeOfDay="4:54:53 PM">
  <Point X="109" Y="151" T="754482" />
  <Point X="108" Y="149" T="754498" />
  <Point X="106" Y="148" T="754522" />
  <Point X="105" Y="146" T="754539" />
  <Point X="103" Y="144" T="754555" />
  <Point X="103" Y="142" T="754564" />
  <Point X="102" Y="140" T="754580" />
  <Point X="102" Y="138" T="754592" />
  <Point X="103" Y="135" T="754600" />
  <Point X="103" Y="133" T="754612" />
  <Point X="104" Y="130" T="754624" />
  <Point X="105" Y="127" T="754632" />
  <Point X="107" Y="126" T="754644" />
  <Point X="110" Y="124" T="754656" />
  <Point X="112" Y="122" T="754668" />
  <Point X="115" Y="121" T="754681" />
  <Point X="117" Y="118" T="754692" />
  <Point X="120" Y="117" T="754704" />
  <Point X="122" Y="116" T="754716" />
  <Point X="125" Y="116" T="754728" />
  <Point X="127" Y="115" T="754738" />
  <Point X="129" Y="115" T="754748" />
  <Point X="131" Y="114" T="754758" />
  <Point X="133" Y="114" T="754768" />
  <Point X="136" Y="116" T="754779" />
  <Point X="138" Y="115" T="754781" />
  <Point X="140" Y="117" T="754792" />
  <Point X="142" Y="119" T="754803" />
  <Point X="144" Y="120" T="754813" />
  <Point X="146" Y="122" T="754824" />
  <Point X="148" Y="124" T="754835" />
  <Point X="151" Y="128" T="754847" />
  <Point X="152" Y="130" T="754859" />
  <Point X="154" Y="133" T="754871" />
  <Point X="157" Y="136" T="754883" />
  <Point X="159" Y="142" T="754895" />
  <Point X="161" Y="144" T="754907" />
  <Point X="162" Y="146" T="754909" />
  <Point X="163" Y="149" T="754923" />
  <Point X="164" Y="152" T="754924" />
  <Point X="165" Y="158" T="754947" />
  <Point X="165" Y="161" T="754948" />
  <Point X="166" Y="166" T="754965" />
  <Point X="166" Y="168" T="754979" />
  <Point X="164" Y="174" T="754993" />
  <Point X="161" Y="176" T="755008" />
  <Point X="159" Y="178" T="755023" />
  <Point X="157" Y="179" T="755037" />
  <Point X="153" Y="180" T="755053" />
  <Point X="150" Y="181" T="755068" />
  <Point X="146" Y="180" T="755084" />
  <Point X="141" Y="181" T="755100" />
  <Point X="137" Y="182" T="755116" />
  <Point X="132" Y="183" T="755132" />
  <Point X="128" Y="184" T="755149" />
  <Point X="125" Y="185" T="755165" />
  <Point X="123" Y="186" T="755182" />
  <Point X="121" Y="188" T="755199" />
  <Point X="119" Y="191" T="755217" />
  <Point X="118" Y="194" T="755234" />
  <Point X="118" Y="198" T="755252" />
  <Point X="119" Y="200" T="755253" />
  <Point X="120" Y="205" T="755273" />
  <Point X="121" Y="207" T="755291" />
  <Point X="122" Y="209" T="755292" />
  <Point X="122" Y="214" T="755313" />
  <Point X="123" Y="216" T="755333" />
  <Point X="123" Y="219" T="755351" />
  <Point X="123" Y="217" T="755428" />
</Gesture>