﻿<?xml version="1.0" encoding="utf-8" standalone="yes"?>
<Gesture Name="question_mark08" Subject="1" Speed="medium" Number="8" NumPts="62" Millseconds="896" AppName="Gestures" AppVer="3.5.0.0" Date="Monday, March 05, 2007" TimeOfDay="4:54:55 PM">
  <Point X="110" Y="147" T="755937" />
  <Point X="108" Y="145" T="755958" />
  <Point X="106" Y="143" T="755974" />
  <Point X="105" Y="140" T="755985" />
  <Point X="104" Y="137" T="756001" />
  <Point X="103" Y="134" T="756013" />
  <Point X="103" Y="132" T="756029" />
  <Point X="103" Y="129" T="756038" />
  <Point X="103" Y="127" T="756053" />
  <Point X="105" Y="124" T="756069" />
  <Point X="107" Y="122" T="756081" />
  <Point X="109" Y="120" T="756093" />
  <Point X="111" Y="119" T="756105" />
  <Point X="114" Y="118" T="756117" />
  <Point X="116" Y="118" T="756130" />
  <Point X="119" Y="117" T="756143" />
  <Point X="121" Y="119" T="756156" />
  <Point X="123" Y="120" T="756168" />
  <Point X="125" Y="121" T="756176" />
  <Point X="128" Y="120" T="756188" />
  <Point X="130" Y="121" T="756198" />
  <Point X="132" Y="123" T="756208" />
  <Point X="134" Y="123" T="756221" />
  <Point X="137" Y="123" T="756232" />
  <Point X="139" Y="124" T="756245" />
  <Point X="141" Y="127" T="756261" />
  <Point X="143" Y="128" T="756273" />
  <Point X="145" Y="130" T="756285" />
  <Point X="147" Y="132" T="756297" />
  <Point X="149" Y="134" T="756313" />
  <Point X="150" Y="136" T="756325" />
  <Point X="151" Y="138" T="756338" />
  <Point X="151" Y="141" T="756349" />
  <Point X="151" Y="143" T="756362" />
  <Point X="151" Y="145" T="756374" />
  <Point X="150" Y="147" T="756387" />
  <Point X="150" Y="149" T="756400" />
  <Point X="149" Y="152" T="756401" />
  <Point X="148" Y="154" T="756418" />
  <Point X="147" Y="156" T="756432" />
  <Point X="144" Y="161" T="756446" />
  <Point X="143" Y="163" T="756460" />
  <Point X="141" Y="165" T="756474" />
  <Point X="138" Y="166" T="756489" />
  <Point X="136" Y="167" T="756490" />
  <Point X="131" Y="169" T="756507" />
  <Point X="127" Y="170" T="756522" />
  <Point X="124" Y="171" T="756537" />
  <Point X="121" Y="172" T="756553" />
  <Point X="118" Y="176" T="756570" />
  <Point X="115" Y="177" T="756585" />
  <Point X="113" Y="181" T="756602" />
  <Point X="112" Y="184" T="756618" />
  <Point X="112" Y="186" T="756635" />
  <Point X="112" Y="190" T="756652" />
  <Point X="112" Y="196" T="756669" />
  <Point X="113" Y="201" T="756686" />
  <Point X="113" Y="207" T="756704" />
  <Point X="114" Y="212" T="756723" />
  <Point X="115" Y="214" T="756741" />
  <Point X="115" Y="216" T="756788" />
  <Point X="115" Y="214" T="756833" />
</Gesture>