﻿<?xml version="1.0" encoding="utf-8" standalone="yes"?>
<Gesture Name="question_mark03" Subject="1" Speed="medium" Number="3" NumPts="60" Millseconds="853" AppName="Gestures" AppVer="3.5.0.0" Date="Monday, March 05, 2007" TimeOfDay="4:54:47 PM">
  <Point X="106" Y="153" T="748827" />
  <Point X="106" Y="151" T="748852" />
  <Point X="105" Y="149" T="748869" />
  <Point X="105" Y="146" T="748900" />
  <Point X="106" Y="144" T="748915" />
  <Point X="107" Y="142" T="748928" />
  <Point X="108" Y="140" T="748936" />
  <Point X="111" Y="137" T="748948" />
  <Point X="112" Y="135" T="748956" />
  <Point X="115" Y="133" T="748968" />
  <Point X="118" Y="131" T="748980" />
  <Point X="119" Y="129" T="748988" />
  <Point X="122" Y="127" T="749000" />
  <Point X="125" Y="125" T="749012" />
  <Point X="127" Y="124" T="749021" />
  <Point X="129" Y="124" T="749029" />
  <Point X="132" Y="123" T="749039" />
  <Point X="134" Y="123" T="749052" />
  <Point X="137" Y="123" T="749065" />
  <Point X="139" Y="124" T="749074" />
  <Point X="142" Y="125" T="749084" />
  <Point X="144" Y="125" T="749094" />
  <Point X="146" Y="126" T="749104" />
  <Point X="148" Y="128" T="749115" />
  <Point X="152" Y="130" T="749126" />
  <Point X="154" Y="132" T="749137" />
  <Point X="156" Y="134" T="749148" />
  <Point X="157" Y="137" T="749159" />
  <Point X="159" Y="139" T="749171" />
  <Point X="160" Y="143" T="749182" />
  <Point X="161" Y="149" T="749194" />
  <Point X="162" Y="151" T="749207" />
  <Point X="162" Y="157" T="749219" />
  <Point X="162" Y="159" T="749231" />
  <Point X="162" Y="166" T="749245" />
  <Point X="161" Y="168" T="749257" />
  <Point X="161" Y="170" T="749271" />
  <Point X="160" Y="172" T="749284" />
  <Point X="158" Y="174" T="749285" />
  <Point X="156" Y="177" T="749300" />
  <Point X="154" Y="177" T="749315" />
  <Point X="150" Y="178" T="749329" />
  <Point X="145" Y="178" T="749343" />
  <Point X="140" Y="179" T="749358" />
  <Point X="135" Y="180" T="749373" />
  <Point X="130" Y="182" T="749391" />
  <Point X="126" Y="183" T="749406" />
  <Point X="123" Y="184" T="749421" />
  <Point X="121" Y="185" T="749437" />
  <Point X="119" Y="186" T="749453" />
  <Point X="117" Y="189" T="749469" />
  <Point X="115" Y="191" T="749485" />
  <Point X="113" Y="196" T="749501" />
  <Point X="113" Y="198" T="749518" />
  <Point X="112" Y="204" T="749535" />
  <Point X="112" Y="209" T="749552" />
  <Point X="112" Y="213" T="749570" />
  <Point X="112" Y="216" T="749589" />
  <Point X="112" Y="218" T="749620" />
  <Point X="112" Y="215" T="749680" />
</Gesture>