﻿<?xml version="1.0" encoding="utf-8" standalone="yes"?>
<Gesture Name="question_mark05" Subject="1" Speed="medium" Number="5" NumPts="63" Millseconds="866" AppName="Gestures" AppVer="3.5.0.0" Date="Monday, March 05, 2007" TimeOfDay="4:54:50 PM">
  <Point X="104" Y="145" T="751496" />
  <Point X="103" Y="142" T="751516" />
  <Point X="103" Y="140" T="751553" />
  <Point X="103" Y="138" T="751566" />
  <Point X="103" Y="135" T="751573" />
  <Point X="104" Y="133" T="751581" />
  <Point X="105" Y="131" T="751598" />
  <Point X="106" Y="128" T="751606" />
  <Point X="107" Y="125" T="751614" />
  <Point X="108" Y="123" T="751622" />
  <Point X="111" Y="121" T="751634" />
  <Point X="113" Y="118" T="751646" />
  <Point X="115" Y="116" T="751654" />
  <Point X="117" Y="116" T="751666" />
  <Point X="119" Y="116" T="751677" />
  <Point X="121" Y="115" T="751685" />
  <Point X="124" Y="116" T="751698" />
  <Point X="126" Y="115" T="751706" />
  <Point X="128" Y="114" T="751715" />
  <Point X="130" Y="115" T="751724" />
  <Point X="133" Y="116" T="751734" />
  <Point X="135" Y="117" T="751744" />
  <Point X="140" Y="120" T="751755" />
  <Point X="142" Y="121" T="751765" />
  <Point X="144" Y="123" T="751776" />
  <Point X="146" Y="125" T="751787" />
  <Point X="149" Y="127" T="751798" />
  <Point X="150" Y="129" T="751809" />
  <Point X="152" Y="130" T="751821" />
  <Point X="154" Y="132" T="751832" />
  <Point X="156" Y="134" T="751844" />
  <Point X="158" Y="137" T="751857" />
  <Point X="159" Y="139" T="751869" />
  <Point X="160" Y="141" T="751881" />
  <Point X="160" Y="143" T="751882" />
  <Point X="160" Y="146" T="751896" />
  <Point X="160" Y="149" T="751909" />
  <Point X="159" Y="153" T="751922" />
  <Point X="158" Y="155" T="751936" />
  <Point X="157" Y="157" T="751950" />
  <Point X="155" Y="159" T="751964" />
  <Point X="153" Y="161" T="751978" />
  <Point X="151" Y="163" T="751993" />
  <Point X="146" Y="167" T="752010" />
  <Point X="142" Y="170" T="752025" />
  <Point X="138" Y="172" T="752041" />
  <Point X="134" Y="173" T="752056" />
  <Point X="132" Y="175" T="752072" />
  <Point X="127" Y="175" T="752087" />
  <Point X="124" Y="175" T="752103" />
  <Point X="122" Y="176" T="752121" />
  <Point X="120" Y="178" T="752142" />
  <Point X="119" Y="180" T="752182" />
  <Point X="119" Y="183" T="752199" />
  <Point X="119" Y="185" T="752215" />
  <Point X="120" Y="190" T="752233" />
  <Point X="121" Y="194" T="752250" />
  <Point X="122" Y="200" T="752268" />
  <Point X="123" Y="205" T="752288" />
  <Point X="123" Y="211" T="752306" />
  <Point X="124" Y="215" T="752325" />
  <Point X="124" Y="223" T="752343" />
  <Point X="124" Y="225" T="752362" />
</Gesture>