﻿<?xml version="1.0" encoding="utf-8" standalone="yes"?>
<Gesture Name="question_mark09" Subject="1" Speed="medium" Number="9" NumPts="60" Millseconds="833" AppName="Gestures" AppVer="3.5.0.0" Date="Monday, March 05, 2007" TimeOfDay="4:54:56 PM">
  <Point X="110" Y="147" T="757269" />
  <Point X="109" Y="145" T="757297" />
  <Point X="108" Y="142" T="757313" />
  <Point X="107" Y="140" T="757342" />
  <Point X="107" Y="138" T="757350" />
  <Point X="107" Y="136" T="757369" />
  <Point X="107" Y="133" T="757377" />
  <Point X="107" Y="131" T="757393" />
  <Point X="108" Y="129" T="757405" />
  <Point X="109" Y="126" T="757417" />
  <Point X="111" Y="124" T="757425" />
  <Point X="113" Y="121" T="757442" />
  <Point X="115" Y="121" T="757454" />
  <Point X="117" Y="120" T="757463" />
  <Point X="119" Y="118" T="757472" />
  <Point X="122" Y="118" T="757482" />
  <Point X="124" Y="117" T="757490" />
  <Point X="126" Y="116" T="757499" />
  <Point X="128" Y="116" T="757510" />
  <Point X="131" Y="118" T="757522" />
  <Point X="133" Y="120" T="757534" />
  <Point X="135" Y="122" T="757546" />
  <Point X="136" Y="124" T="757556" />
  <Point X="139" Y="126" T="757567" />
  <Point X="140" Y="128" T="757577" />
  <Point X="141" Y="131" T="757589" />
  <Point X="143" Y="132" T="757600" />
  <Point X="145" Y="135" T="757611" />
  <Point X="147" Y="137" T="757623" />
  <Point X="148" Y="139" T="757634" />
  <Point X="150" Y="144" T="757647" />
  <Point X="151" Y="147" T="757663" />
  <Point X="151" Y="149" T="757675" />
  <Point X="151" Y="151" T="757688" />
  <Point X="151" Y="153" T="757700" />
  <Point X="149" Y="159" T="757713" />
  <Point X="148" Y="161" T="757727" />
  <Point X="144" Y="166" T="757740" />
  <Point X="142" Y="167" T="757754" />
  <Point X="138" Y="171" T="757768" />
  <Point X="134" Y="173" T="757784" />
  <Point X="130" Y="173" T="757798" />
  <Point X="126" Y="174" T="757813" />
  <Point X="124" Y="175" T="757828" />
  <Point X="122" Y="174" T="757842" />
  <Point X="120" Y="176" T="757857" />
  <Point X="118" Y="178" T="757872" />
  <Point X="118" Y="181" T="757893" />
  <Point X="118" Y="183" T="757909" />
  <Point X="118" Y="185" T="757924" />
  <Point X="118" Y="187" T="757926" />
  <Point X="118" Y="190" T="757942" />
  <Point X="119" Y="195" T="757958" />
  <Point X="120" Y="200" T="757974" />
  <Point X="121" Y="202" T="757990" />
  <Point X="121" Y="207" T="758007" />
  <Point X="122" Y="211" T="758023" />
  <Point X="123" Y="214" T="758040" />
  <Point X="123" Y="216" T="758070" />
  <Point X="121" Y="218" T="758102" />
</Gesture>