﻿<?xml version="1.0" encoding="utf-8" standalone="yes"?>
<Gesture Name="question_mark04" Subject="1" Speed="medium" Number="4" NumPts="59" Millseconds="824" AppName="Gestures" AppVer="3.5.0.0" Date="Monday, March 05, 2007" TimeOfDay="4:54:49 PM">
  <Point X="106" Y="157" T="750137" />
  <Point X="106" Y="155" T="750148" />
  <Point X="105" Y="153" T="750156" />
  <Point X="104" Y="151" T="750168" />
  <Point X="103" Y="149" T="750181" />
  <Point X="102" Y="146" T="750193" />
  <Point X="102" Y="144" T="750201" />
  <Point X="102" Y="142" T="750209" />
  <Point X="102" Y="139" T="750217" />
  <Point X="102" Y="137" T="750233" />
  <Point X="102" Y="135" T="750248" />
  <Point X="104" Y="132" T="750265" />
  <Point X="106" Y="130" T="750277" />
  <Point X="108" Y="128" T="750289" />
  <Point X="110" Y="127" T="750298" />
  <Point X="112" Y="125" T="750306" />
  <Point X="114" Y="125" T="750314" />
  <Point X="116" Y="123" T="750323" />
  <Point X="119" Y="123" T="750333" />
  <Point X="121" Y="123" T="750343" />
  <Point X="125" Y="124" T="750354" />
  <Point X="127" Y="124" T="750364" />
  <Point X="130" Y="124" T="750375" />
  <Point X="134" Y="126" T="750387" />
  <Point X="136" Y="127" T="750398" />
  <Point X="141" Y="129" T="750412" />
  <Point X="143" Y="130" T="750423" />
  <Point X="146" Y="131" T="750434" />
  <Point X="148" Y="133" T="750445" />
  <Point X="150" Y="135" T="750457" />
  <Point X="152" Y="138" T="750470" />
  <Point X="155" Y="143" T="750484" />
  <Point X="157" Y="148" T="750497" />
  <Point X="158" Y="150" T="750510" />
  <Point X="158" Y="153" T="750523" />
  <Point X="158" Y="157" T="750538" />
  <Point X="158" Y="159" T="750552" />
  <Point X="156" Y="163" T="750568" />
  <Point X="153" Y="168" T="750583" />
  <Point X="150" Y="170" T="750598" />
  <Point X="145" Y="173" T="750614" />
  <Point X="141" Y="175" T="750629" />
  <Point X="138" Y="175" T="750645" />
  <Point X="136" Y="176" T="750646" />
  <Point X="131" Y="179" T="750663" />
  <Point X="127" Y="179" T="750680" />
  <Point X="125" Y="180" T="750697" />
  <Point X="122" Y="182" T="750698" />
  <Point X="120" Y="183" T="750716" />
  <Point X="118" Y="184" T="750732" />
  <Point X="116" Y="186" T="750749" />
  <Point X="115" Y="188" T="750773" />
  <Point X="115" Y="193" T="750791" />
  <Point X="116" Y="198" T="750811" />
  <Point X="117" Y="202" T="750831" />
  <Point X="118" Y="209" T="750851" />
  <Point X="119" Y="214" T="750872" />
  <Point X="120" Y="216" T="750891" />
  <Point X="119" Y="213" T="750961" />
</Gesture>