﻿<?xml version="1.0" encoding="utf-8" standalone="yes"?>
<Gesture Name="question_mark01" Subject="1" Speed="medium" Number="1" NumPts="62" Millseconds="893" AppName="Gestures" AppVer="3.5.0.0" Date="Monday, March 05, 2007" TimeOfDay="4:54:44 PM">
  <Point X="108" Y="148" T="745782" />
  <Point X="107" Y="146" T="745821" />
  <Point X="106" Y="144" T="745850" />
  <Point X="104" Y="141" T="745890" />
  <Point X="104" Y="139" T="745903" />
  <Point X="104" Y="136" T="745910" />
  <Point X="104" Y="134" T="745923" />
  <Point X="105" Y="131" T="745940" />
  <Point X="106" Y="129" T="745948" />
  <Point X="108" Y="127" T="745964" />
  <Point X="110" Y="125" T="745972" />
  <Point X="112" Y="123" T="745984" />
  <Point X="114" Y="121" T="745996" />
  <Point X="117" Y="121" T="746008" />
  <Point X="119" Y="119" T="746017" />
  <Point X="121" Y="119" T="746025" />
  <Point X="123" Y="118" T="746033" />
  <Point X="125" Y="118" T="746042" />
  <Point X="128" Y="118" T="746051" />
  <Point X="130" Y="118" T="746061" />
  <Point X="133" Y="118" T="746071" />
  <Point X="138" Y="119" T="746081" />
  <Point X="140" Y="119" T="746091" />
  <Point X="142" Y="120" T="746102" />
  <Point X="146" Y="123" T="746112" />
  <Point X="148" Y="125" T="746123" />
  <Point X="151" Y="127" T="746134" />
  <Point X="153" Y="129" T="746145" />
  <Point X="156" Y="130" T="746156" />
  <Point X="157" Y="132" T="746168" />
  <Point X="159" Y="135" T="746180" />
  <Point X="161" Y="137" T="746195" />
  <Point X="161" Y="139" T="746207" />
  <Point X="161" Y="141" T="746240" />
  <Point X="161" Y="144" T="746253" />
  <Point X="159" Y="146" T="746266" />
  <Point X="158" Y="149" T="746279" />
  <Point X="156" Y="154" T="746292" />
  <Point X="154" Y="156" T="746306" />
  <Point X="153" Y="158" T="746320" />
  <Point X="151" Y="160" T="746321" />
  <Point X="149" Y="161" T="746337" />
  <Point X="147" Y="164" T="746351" />
  <Point X="145" Y="166" T="746366" />
  <Point X="140" Y="171" T="746381" />
  <Point X="138" Y="172" T="746396" />
  <Point X="135" Y="173" T="746411" />
  <Point X="133" Y="173" T="746426" />
  <Point X="129" Y="176" T="746442" />
  <Point X="127" Y="177" T="746458" />
  <Point X="125" Y="177" T="746474" />
  <Point X="123" Y="178" T="746490" />
  <Point X="121" Y="181" T="746507" />
  <Point X="119" Y="183" T="746533" />
  <Point X="119" Y="185" T="746550" />
  <Point X="120" Y="189" T="746567" />
  <Point X="120" Y="195" T="746584" />
  <Point X="121" Y="199" T="746602" />
  <Point X="122" Y="204" T="746620" />
  <Point X="123" Y="213" T="746638" />
  <Point X="123" Y="217" T="746656" />
  <Point X="123" Y="220" T="746675" />
</Gesture>