﻿<?xml version="1.0" encoding="utf-8" standalone="yes"?>
<Gesture Name="question_mark02" Subject="1" Speed="medium" Number="2" NumPts="63" Millseconds="811" AppName="Gestures" AppVer="3.5.0.0" Date="Monday, March 05, 2007" TimeOfDay="4:54:46 PM">
  <Point X="112" Y="147" T="747439" />
  <Point X="110" Y="146" T="747459" />
  <Point X="108" Y="144" T="747475" />
  <Point X="107" Y="142" T="747487" />
  <Point X="105" Y="140" T="747500" />
  <Point X="105" Y="137" T="747516" />
  <Point X="104" Y="135" T="747528" />
  <Point X="104" Y="132" T="747540" />
  <Point X="105" Y="129" T="747557" />
  <Point X="107" Y="127" T="747569" />
  <Point X="108" Y="125" T="747577" />
  <Point X="111" Y="122" T="747589" />
  <Point X="113" Y="120" T="747597" />
  <Point X="115" Y="119" T="747605" />
  <Point X="117" Y="118" T="747614" />
  <Point X="119" Y="118" T="747622" />
  <Point X="121" Y="118" T="747633" />
  <Point X="124" Y="117" T="747645" />
  <Point X="127" Y="118" T="747658" />
  <Point X="129" Y="118" T="747667" />
  <Point X="131" Y="118" T="747676" />
  <Point X="133" Y="119" T="747686" />
  <Point X="135" Y="121" T="747697" />
  <Point X="139" Y="121" T="747707" />
  <Point X="141" Y="123" T="747718" />
  <Point X="143" Y="125" T="747729" />
  <Point X="145" Y="126" T="747731" />
  <Point X="148" Y="128" T="747743" />
  <Point X="150" Y="130" T="747754" />
  <Point X="152" Y="132" T="747765" />
  <Point X="154" Y="134" T="747776" />
  <Point X="156" Y="138" T="747787" />
  <Point X="157" Y="140" T="747799" />
  <Point X="159" Y="143" T="747811" />
  <Point X="161" Y="148" T="747823" />
  <Point X="161" Y="150" T="747835" />
  <Point X="162" Y="154" T="747847" />
  <Point X="161" Y="159" T="747860" />
  <Point X="161" Y="161" T="747873" />
  <Point X="160" Y="166" T="747886" />
  <Point X="159" Y="171" T="747899" />
  <Point X="157" Y="174" T="747913" />
  <Point X="156" Y="176" T="747926" />
  <Point X="154" Y="178" T="747940" />
  <Point X="149" Y="180" T="747957" />
  <Point X="144" Y="182" T="747971" />
  <Point X="139" Y="184" T="747985" />
  <Point X="134" Y="185" T="748000" />
  <Point X="129" Y="185" T="748015" />
  <Point X="125" Y="187" T="748030" />
  <Point X="123" Y="187" T="748046" />
  <Point X="119" Y="190" T="748062" />
  <Point X="116" Y="190" T="748082" />
  <Point X="115" Y="193" T="748098" />
  <Point X="115" Y="195" T="748114" />
  <Point X="116" Y="198" T="748130" />
  <Point X="117" Y="201" T="748147" />
  <Point X="118" Y="206" T="748163" />
  <Point X="118" Y="210" T="748180" />
  <Point X="119" Y="216" T="748198" />
  <Point X="119" Y="219" T="748215" />
  <Point X="119" Y="221" T="748232" />
  <Point X="119" Y="225" T="748250" />
</Gesture>