﻿<?xml version="1.0" encoding="utf-8" standalone="yes"?>
<Gesture Name="question_mark06" Subject="1" Speed="medium" Number="6" NumPts="62" Millseconds="814" AppName="Gestures" AppVer="3.5.0.0" Date="Monday, March 05, 2007" TimeOfDay="4:54:52 PM">
  <Point X="111" Y="149" T="753107" />
  <Point X="110" Y="147" T="753131" />
  <Point X="110" Y="144" T="753143" />
  <Point X="109" Y="142" T="753167" />
  <Point X="109" Y="139" T="753182" />
  <Point X="108" Y="137" T="753190" />
  <Point X="108" Y="135" T="753198" />
  <Point X="109" Y="132" T="753210" />
  <Point X="110" Y="130" T="753226" />
  <Point X="111" Y="127" T="753234" />
  <Point X="113" Y="125" T="753250" />
  <Point X="115" Y="123" T="753266" />
  <Point X="118" Y="121" T="753279" />
  <Point X="121" Y="120" T="753291" />
  <Point X="123" Y="119" T="753300" />
  <Point X="125" Y="118" T="753308" />
  <Point X="128" Y="117" T="753317" />
  <Point X="130" Y="117" T="753327" />
  <Point X="133" Y="117" T="753337" />
  <Point X="137" Y="117" T="753348" />
  <Point X="139" Y="118" T="753357" />
  <Point X="142" Y="119" T="753367" />
  <Point X="144" Y="120" T="753377" />
  <Point X="146" Y="121" T="753388" />
  <Point X="148" Y="122" T="753400" />
  <Point X="151" Y="124" T="753413" />
  <Point X="155" Y="129" T="753426" />
  <Point X="157" Y="132" T="753437" />
  <Point X="159" Y="134" T="753448" />
  <Point X="161" Y="139" T="753461" />
  <Point X="163" Y="141" T="753475" />
  <Point X="165" Y="147" T="753488" />
  <Point X="166" Y="149" T="753500" />
  <Point X="166" Y="152" T="753513" />
  <Point X="166" Y="154" T="753526" />
  <Point X="165" Y="159" T="753541" />
  <Point X="164" Y="161" T="753554" />
  <Point X="163" Y="164" T="753569" />
  <Point X="158" Y="167" T="753584" />
  <Point X="156" Y="169" T="753598" />
  <Point X="151" Y="170" T="753614" />
  <Point X="146" Y="171" T="753630" />
  <Point X="141" Y="173" T="753646" />
  <Point X="136" Y="176" T="753663" />
  <Point X="132" Y="177" T="753682" />
  <Point X="130" Y="177" T="753684" />
  <Point X="128" Y="178" T="753700" />
  <Point X="126" Y="178" T="753714" />
  <Point X="123" Y="180" T="753729" />
  <Point X="121" Y="181" T="753744" />
  <Point X="121" Y="184" T="753763" />
  <Point X="121" Y="187" T="753783" />
  <Point X="121" Y="189" T="753799" />
  <Point X="121" Y="191" T="753800" />
  <Point X="121" Y="196" T="753817" />
  <Point X="121" Y="202" T="753833" />
  <Point X="122" Y="206" T="753850" />
  <Point X="123" Y="209" T="753866" />
  <Point X="123" Y="211" T="753867" />
  <Point X="124" Y="213" T="753887" />
  <Point X="124" Y="215" T="753904" />
  <Point X="123" Y="217" T="753921" />
</Gesture>