﻿<?xml version="1.0" encoding="utf-8" standalone="yes"?>
<Gesture Name="question_mark10" Subject="1" Speed="medium" Number="10" NumPts="56" Millseconds="781" AppName="Gestures" AppVer="3.5.0.0" Date="Monday, March 05, 2007" TimeOfDay="4:54:58 PM">
  <Point X="112" Y="146" T="758943" />
  <Point X="111" Y="144" T="759010" />
  <Point X="111" Y="142" T="759027" />
  <Point X="111" Y="140" T="759039" />
  <Point X="112" Y="137" T="759056" />
  <Point X="113" Y="135" T="759068" />
  <Point X="113" Y="133" T="759076" />
  <Point X="115" Y="131" T="759088" />
  <Point X="117" Y="129" T="759104" />
  <Point X="120" Y="128" T="759116" />
  <Point X="122" Y="126" T="759129" />
  <Point X="125" Y="125" T="759141" />
  <Point X="127" Y="123" T="759153" />
  <Point X="130" Y="123" T="759165" />
  <Point X="132" Y="123" T="759177" />
  <Point X="135" Y="124" T="759190" />
  <Point X="137" Y="125" T="759203" />
  <Point X="140" Y="127" T="759216" />
  <Point X="142" Y="128" T="759227" />
  <Point X="144" Y="131" T="759240" />
  <Point X="147" Y="132" T="759252" />
  <Point X="148" Y="135" T="759262" />
  <Point X="150" Y="137" T="759272" />
  <Point X="151" Y="139" T="759282" />
  <Point X="151" Y="141" T="759293" />
  <Point X="152" Y="144" T="759305" />
  <Point X="153" Y="146" T="759318" />
  <Point X="154" Y="149" T="759329" />
  <Point X="154" Y="153" T="759343" />
  <Point X="154" Y="157" T="759354" />
  <Point X="154" Y="159" T="759367" />
  <Point X="153" Y="161" T="759379" />
  <Point X="153" Y="164" T="759380" />
  <Point X="152" Y="166" T="759393" />
  <Point X="151" Y="168" T="759406" />
  <Point X="149" Y="170" T="759420" />
  <Point X="147" Y="172" T="759433" />
  <Point X="144" Y="173" T="759446" />
  <Point X="141" Y="173" T="759459" />
  <Point X="138" Y="172" T="759473" />
  <Point X="134" Y="172" T="759487" />
  <Point X="131" Y="172" T="759501" />
  <Point X="129" Y="173" T="759516" />
  <Point X="126" Y="174" T="759530" />
  <Point X="122" Y="176" T="759545" />
  <Point X="120" Y="178" T="759560" />
  <Point X="119" Y="181" T="759575" />
  <Point X="118" Y="183" T="759591" />
  <Point X="118" Y="186" T="759606" />
  <Point X="118" Y="190" T="759622" />
  <Point X="118" Y="193" T="759638" />
  <Point X="119" Y="197" T="759654" />
  <Point X="120" Y="199" T="759671" />
  <Point X="120" Y="202" T="759687" />
  <Point X="120" Y="204" T="759689" />
  <Point X="121" Y="206" T="759724" />
</Gesture>