﻿<?xml version="1.0" encoding="utf-8" standalone="yes"?>
<Gesture Name="rectangle06" Subject="1" Speed="medium" Number="6" NumPts="101" Millseconds="1601" AppName="Gestures" AppVer="3.5.0.0" Date="Monday, March 05, 2007" TimeOfDay="4:57:29 PM">
  <Point X="79" Y="148" T="909763" />
  <Point X="79" Y="150" T="909779" />
  <Point X="78" Y="152" T="909787" />
  <Point X="78" Y="154" T="909795" />
  <Point X="78" Y="156" T="909804" />
  <Point X="79" Y="158" T="909810" />
  <Point X="79" Y="161" T="909816" />
  <Point X="79" Y="163" T="909817" />
  <Point X="79" Y="167" T="909824" />
  <Point X="79" Y="172" T="909832" />
  <Point X="80" Y="174" T="909839" />
  <Point X="80" Y="176" T="909840" />
  <Point X="80" Y="178" T="909849" />
  <Point X="80" Y="186" T="909857" />
  <Point X="80" Y="192" T="909865" />
  <Point X="80" Y="198" T="909873" />
  <Point X="80" Y="203" T="909882" />
  <Point X="80" Y="208" T="909890" />
  <Point X="81" Y="212" T="909899" />
  <Point X="81" Y="214" T="909900" />
  <Point X="81" Y="218" T="909912" />
  <Point X="82" Y="220" T="909913" />
  <Point X="82" Y="225" T="909925" />
  <Point X="83" Y="228" T="909935" />
  <Point X="83" Y="230" T="909936" />
  <Point X="84" Y="235" T="909948" />
  <Point X="84" Y="238" T="909960" />
  <Point X="85" Y="241" T="909970" />
  <Point X="85" Y="244" T="909981" />
  <Point X="85" Y="246" T="909992" />
  <Point X="85" Y="249" T="909993" />
  <Point X="86" Y="251" T="910006" />
  <Point X="86" Y="253" T="910017" />
  <Point X="87" Y="255" T="910029" />
  <Point X="87" Y="257" T="910040" />
  <Point X="89" Y="258" T="910124" />
  <Point X="91" Y="257" T="910148" />
  <Point X="93" Y="257" T="910167" />
  <Point X="95" Y="257" T="910179" />
  <Point X="97" Y="258" T="910192" />
  <Point X="99" Y="258" T="910205" />
  <Point X="104" Y="258" T="910219" />
  <Point X="109" Y="257" T="910233" />
  <Point X="112" Y="257" T="910247" />
  <Point X="115" Y="257" T="910248" />
  <Point X="121" Y="256" T="910264" />
  <Point X="128" Y="255" T="910280" />
  <Point X="136" Y="256" T="910296" />
  <Point X="140" Y="255" T="910311" />
  <Point X="143" Y="255" T="910312" />
  <Point X="152" Y="255" T="910332" />
  <Point X="160" Y="254" T="910348" />
  <Point X="168" Y="253" T="910364" />
  <Point X="175" Y="253" T="910381" />
  <Point X="183" Y="251" T="910398" />
  <Point X="189" Y="251" T="910414" />
  <Point X="195" Y="251" T="910431" />
  <Point X="200" Y="251" T="910448" />
  <Point X="205" Y="251" T="910465" />
  <Point X="207" Y="252" T="910482" />
  <Point X="210" Y="252" T="910484" />
  <Point X="211" Y="254" T="910505" />
  <Point X="213" Y="255" T="910522" />
  <Point X="212" Y="253" T="910605" />
  <Point X="212" Y="251" T="910623" />
  <Point X="210" Y="242" T="910642" />
  <Point X="208" Y="232" T="910661" />
  <Point X="207" Y="225" T="910680" />
  <Point X="206" Y="214" T="910700" />
  <Point X="206" Y="212" T="910701" />
  <Point X="205" Y="201" T="910724" />
  <Point X="204" Y="189" T="910744" />
  <Point X="204" Y="187" T="910745" />
  <Point X="203" Y="178" T="910768" />
  <Point X="203" Y="174" T="910770" />
  <Point X="202" Y="165" T="910792" />
  <Point X="201" Y="157" T="910814" />
  <Point X="201" Y="150" T="910835" />
  <Point X="200" Y="145" T="910857" />
  <Point X="198" Y="141" T="910878" />
  <Point X="196" Y="136" T="910900" />
  <Point X="195" Y="134" T="910924" />
  <Point X="190" Y="131" T="910946" />
  <Point X="186" Y="129" T="910968" />
  <Point X="184" Y="128" T="910969" />
  <Point X="176" Y="129" T="910995" />
  <Point X="167" Y="130" T="911019" />
  <Point X="158" Y="129" T="911042" />
  <Point X="150" Y="128" T="911066" />
  <Point X="142" Y="126" T="911090" />
  <Point X="135" Y="126" T="911114" />
  <Point X="128" Y="126" T="911139" />
  <Point X="121" Y="127" T="911163" />
  <Point X="116" Y="127" T="911187" />
  <Point X="110" Y="128" T="911212" />
  <Point X="102" Y="130" T="911237" />
  <Point X="95" Y="132" T="911263" />
  <Point X="91" Y="131" T="911288" />
  <Point X="86" Y="131" T="911314" />
  <Point X="84" Y="131" T="911339" />
  <Point X="82" Y="130" T="911364" />
</Gesture>