﻿<?xml version="1.0" encoding="utf-8" standalone="yes"?>
<Gesture Name="rectangle03" Subject="1" Speed="medium" Number="3" NumPts="79" Millseconds="1205" AppName="Gestures" AppVer="3.5.0.0" Date="Monday, March 05, 2007" TimeOfDay="4:57:23 PM">
  <Point X="84" Y="147" T="904245" />
  <Point X="84" Y="150" T="904282" />
  <Point X="84" Y="153" T="904290" />
  <Point X="84" Y="156" T="904299" />
  <Point X="84" Y="159" T="904307" />
  <Point X="85" Y="161" T="904313" />
  <Point X="85" Y="166" T="904319" />
  <Point X="85" Y="168" T="904326" />
  <Point X="86" Y="172" T="904333" />
  <Point X="86" Y="177" T="904340" />
  <Point X="86" Y="180" T="904347" />
  <Point X="87" Y="182" T="904348" />
  <Point X="87" Y="184" T="904357" />
  <Point X="88" Y="192" T="904364" />
  <Point X="88" Y="198" T="904372" />
  <Point X="88" Y="203" T="904380" />
  <Point X="89" Y="208" T="904388" />
  <Point X="89" Y="214" T="904397" />
  <Point X="90" Y="219" T="904406" />
  <Point X="90" Y="221" T="904414" />
  <Point X="91" Y="224" T="904415" />
  <Point X="92" Y="228" T="904426" />
  <Point X="92" Y="230" T="904427" />
  <Point X="93" Y="234" T="904439" />
  <Point X="94" Y="236" T="904448" />
  <Point X="94" Y="238" T="904476" />
  <Point X="96" Y="237" T="904556" />
  <Point X="98" Y="235" T="904576" />
  <Point X="100" Y="236" T="904596" />
  <Point X="103" Y="235" T="904608" />
  <Point X="105" Y="236" T="904620" />
  <Point X="108" Y="236" T="904632" />
  <Point X="111" Y="236" T="904633" />
  <Point X="114" Y="236" T="904646" />
  <Point X="121" Y="237" T="904659" />
  <Point X="123" Y="237" T="904661" />
  <Point X="133" Y="236" T="904676" />
  <Point X="140" Y="236" T="904690" />
  <Point X="147" Y="236" T="904704" />
  <Point X="150" Y="237" T="904705" />
  <Point X="159" Y="238" T="904721" />
  <Point X="168" Y="237" T="904736" />
  <Point X="174" Y="239" T="904751" />
  <Point X="179" Y="237" T="904766" />
  <Point X="186" Y="237" T="904781" />
  <Point X="192" Y="237" T="904796" />
  <Point X="196" Y="237" T="904814" />
  <Point X="198" Y="237" T="904829" />
  <Point X="200" Y="237" T="904857" />
  <Point X="198" Y="235" T="904922" />
  <Point X="197" Y="233" T="904938" />
  <Point X="196" Y="228" T="904954" />
  <Point X="196" Y="222" T="904971" />
  <Point X="195" Y="214" T="904988" />
  <Point X="193" Y="203" T="905005" />
  <Point X="192" Y="191" T="905023" />
  <Point X="190" Y="180" T="905040" />
  <Point X="189" Y="169" T="905059" />
  <Point X="188" Y="160" T="905077" />
  <Point X="187" Y="153" T="905095" />
  <Point X="187" Y="147" T="905113" />
  <Point X="186" Y="139" T="905132" />
  <Point X="186" Y="137" T="905150" />
  <Point X="185" Y="134" T="905151" />
  <Point X="185" Y="132" T="905178" />
  <Point X="183" Y="131" T="905210" />
  <Point X="180" Y="131" T="905230" />
  <Point X="178" Y="131" T="905250" />
  <Point X="173" Y="132" T="905269" />
  <Point X="168" Y="132" T="905289" />
  <Point X="164" Y="132" T="905291" />
  <Point X="154" Y="132" T="905313" />
  <Point X="140" Y="133" T="905338" />
  <Point X="137" Y="133" T="905339" />
  <Point X="119" Y="136" T="905362" />
  <Point X="106" Y="135" T="905384" />
  <Point X="96" Y="135" T="905406" />
  <Point X="89" Y="135" T="905428" />
  <Point X="82" Y="135" T="905450" />
</Gesture>