﻿<?xml version="1.0" encoding="utf-8" standalone="yes"?>
<Gesture Name="rectangle02" Subject="1" Speed="medium" Number="2" NumPts="82" Millseconds="1258" AppName="Gestures" AppVer="3.5.0.0" Date="Monday, March 05, 2007" TimeOfDay="4:57:21 PM">
  <Point X="78" Y="149" T="902582" />
  <Point X="78" Y="153" T="902631" />
  <Point X="78" Y="157" T="902639" />
  <Point X="78" Y="160" T="902647" />
  <Point X="79" Y="162" T="902653" />
  <Point X="79" Y="164" T="902659" />
  <Point X="79" Y="167" T="902660" />
  <Point X="79" Y="169" T="902666" />
  <Point X="79" Y="173" T="902673" />
  <Point X="79" Y="178" T="902681" />
  <Point X="79" Y="183" T="902688" />
  <Point X="80" Y="189" T="902695" />
  <Point X="80" Y="193" T="902703" />
  <Point X="80" Y="198" T="902711" />
  <Point X="80" Y="202" T="902719" />
  <Point X="81" Y="208" T="902728" />
  <Point X="81" Y="210" T="902736" />
  <Point X="81" Y="216" T="902745" />
  <Point X="82" Y="222" T="902755" />
  <Point X="82" Y="224" T="902764" />
  <Point X="82" Y="227" T="902774" />
  <Point X="83" Y="229" T="902784" />
  <Point X="83" Y="231" T="902843" />
  <Point X="85" Y="230" T="902887" />
  <Point X="88" Y="232" T="902904" />
  <Point X="90" Y="233" T="902915" />
  <Point X="92" Y="232" T="902926" />
  <Point X="94" Y="233" T="902938" />
  <Point X="99" Y="232" T="902950" />
  <Point X="102" Y="233" T="902962" />
  <Point X="106" Y="233" T="902963" />
  <Point X="109" Y="234" T="902976" />
  <Point X="117" Y="235" T="902990" />
  <Point X="123" Y="236" T="903003" />
  <Point X="126" Y="236" T="903004" />
  <Point X="135" Y="237" T="903019" />
  <Point X="142" Y="238" T="903034" />
  <Point X="145" Y="238" T="903036" />
  <Point X="152" Y="238" T="903050" />
  <Point X="154" Y="239" T="903052" />
  <Point X="165" Y="238" T="903067" />
  <Point X="174" Y="237" T="903083" />
  <Point X="179" Y="236" T="903099" />
  <Point X="186" Y="235" T="903115" />
  <Point X="191" Y="235" T="903131" />
  <Point X="195" Y="233" T="903147" />
  <Point X="197" Y="233" T="903163" />
  <Point X="200" Y="233" T="903179" />
  <Point X="201" Y="235" T="903196" />
  <Point X="201" Y="233" T="903272" />
  <Point X="199" Y="231" T="903288" />
  <Point X="198" Y="226" T="903305" />
  <Point X="198" Y="220" T="903323" />
  <Point X="196" Y="207" T="903341" />
  <Point X="195" Y="195" T="903361" />
  <Point X="195" Y="181" T="903380" />
  <Point X="195" Y="173" T="903398" />
  <Point X="195" Y="163" T="903417" />
  <Point X="194" Y="155" T="903437" />
  <Point X="192" Y="145" T="903457" />
  <Point X="192" Y="143" T="903475" />
  <Point X="192" Y="138" T="903496" />
  <Point X="191" Y="135" T="903515" />
  <Point X="191" Y="133" T="903516" />
  <Point X="191" Y="130" T="903536" />
  <Point X="190" Y="128" T="903556" />
  <Point X="188" Y="129" T="903576" />
  <Point X="186" Y="129" T="903595" />
  <Point X="181" Y="132" T="903616" />
  <Point X="173" Y="131" T="903638" />
  <Point X="162" Y="131" T="903660" />
  <Point X="151" Y="132" T="903683" />
  <Point X="149" Y="132" T="903685" />
  <Point X="138" Y="132" T="903707" />
  <Point X="136" Y="132" T="903709" />
  <Point X="122" Y="131" T="903736" />
  <Point X="120" Y="131" T="903737" />
  <Point X="109" Y="130" T="903760" />
  <Point X="107" Y="130" T="903761" />
  <Point X="90" Y="132" T="903793" />
  <Point X="81" Y="133" T="903816" />
  <Point X="76" Y="133" T="903840" />
</Gesture>