﻿<?xml version="1.0" encoding="utf-8" standalone="yes"?>
<Gesture Name="rectangle08" Subject="1" Speed="medium" Number="8" NumPts="95" Millseconds="1547" AppName="Gestures" AppVer="3.5.0.0" Date="Monday, March 05, 2007" TimeOfDay="4:57:33 PM">
  <Point X="71" Y="146" T="913821" />
  <Point X="71" Y="149" T="913865" />
  <Point X="72" Y="151" T="913873" />
  <Point X="72" Y="154" T="913881" />
  <Point X="72" Y="156" T="913886" />
  <Point X="73" Y="159" T="913893" />
  <Point X="73" Y="161" T="913899" />
  <Point X="73" Y="166" T="913906" />
  <Point X="73" Y="168" T="913913" />
  <Point X="73" Y="170" T="913914" />
  <Point X="73" Y="175" T="913922" />
  <Point X="73" Y="180" T="913929" />
  <Point X="73" Y="185" T="913937" />
  <Point X="73" Y="188" T="913945" />
  <Point X="73" Y="190" T="913946" />
  <Point X="73" Y="196" T="913955" />
  <Point X="73" Y="202" T="913964" />
  <Point X="73" Y="206" T="913973" />
  <Point X="73" Y="208" T="913974" />
  <Point X="74" Y="213" T="913984" />
  <Point X="74" Y="216" T="913993" />
  <Point X="74" Y="219" T="913994" />
  <Point X="74" Y="224" T="914004" />
  <Point X="74" Y="226" T="914006" />
  <Point X="75" Y="229" T="914016" />
  <Point X="75" Y="231" T="914017" />
  <Point X="75" Y="236" T="914030" />
  <Point X="75" Y="239" T="914040" />
  <Point X="75" Y="241" T="914042" />
  <Point X="75" Y="244" T="914053" />
  <Point X="75" Y="246" T="914070" />
  <Point X="75" Y="248" T="914102" />
  <Point X="77" Y="248" T="914183" />
  <Point X="79" Y="246" T="914208" />
  <Point X="81" Y="246" T="914224" />
  <Point X="84" Y="246" T="914236" />
  <Point X="87" Y="246" T="914248" />
  <Point X="89" Y="245" T="914261" />
  <Point X="94" Y="246" T="914274" />
  <Point X="97" Y="246" T="914287" />
  <Point X="104" Y="247" T="914300" />
  <Point X="111" Y="247" T="914314" />
  <Point X="119" Y="249" T="914328" />
  <Point X="127" Y="250" T="914345" />
  <Point X="133" Y="251" T="914359" />
  <Point X="135" Y="252" T="914361" />
  <Point X="146" Y="252" T="914380" />
  <Point X="152" Y="251" T="914396" />
  <Point X="154" Y="252" T="914397" />
  <Point X="160" Y="251" T="914413" />
  <Point X="168" Y="252" T="914429" />
  <Point X="174" Y="253" T="914446" />
  <Point X="179" Y="253" T="914462" />
  <Point X="183" Y="254" T="914478" />
  <Point X="185" Y="255" T="914494" />
  <Point X="187" Y="255" T="914510" />
  <Point X="189" Y="257" T="914544" />
  <Point X="189" Y="255" T="914604" />
  <Point X="188" Y="252" T="914625" />
  <Point X="188" Y="250" T="914642" />
  <Point X="187" Y="245" T="914660" />
  <Point X="187" Y="240" T="914678" />
  <Point X="185" Y="230" T="914696" />
  <Point X="185" Y="221" T="914714" />
  <Point X="184" Y="213" T="914733" />
  <Point X="184" Y="205" T="914752" />
  <Point X="183" Y="194" T="914771" />
  <Point X="181" Y="184" T="914791" />
  <Point X="181" Y="173" T="914811" />
  <Point X="180" Y="165" T="914830" />
  <Point X="180" Y="157" T="914850" />
  <Point X="180" Y="151" T="914870" />
  <Point X="179" Y="149" T="914890" />
  <Point X="179" Y="146" T="914910" />
  <Point X="177" Y="142" T="914933" />
  <Point X="177" Y="139" T="914954" />
  <Point X="175" Y="136" T="914975" />
  <Point X="172" Y="132" T="914996" />
  <Point X="169" Y="130" T="915017" />
  <Point X="165" Y="129" T="915038" />
  <Point X="161" Y="130" T="915060" />
  <Point X="153" Y="130" T="915082" />
  <Point X="146" Y="130" T="915104" />
  <Point X="138" Y="132" T="915126" />
  <Point X="130" Y="133" T="915150" />
  <Point X="124" Y="134" T="915172" />
  <Point X="121" Y="134" T="915173" />
  <Point X="112" Y="136" T="915199" />
  <Point X="104" Y="136" T="915223" />
  <Point X="96" Y="134" T="915247" />
  <Point X="89" Y="135" T="915271" />
  <Point X="85" Y="136" T="915295" />
  <Point X="83" Y="136" T="915319" />
  <Point X="81" Y="136" T="915344" />
  <Point X="79" Y="135" T="915368" />
</Gesture>