﻿<?xml version="1.0" encoding="utf-8" standalone="yes"?>
<Gesture Name="rectangle09" Subject="1" Speed="medium" Number="9" NumPts="90" Millseconds="1497" AppName="Gestures" AppVer="3.5.0.0" Date="Monday, March 05, 2007" TimeOfDay="4:57:35 PM">
  <Point X="76" Y="150" T="915766" />
  <Point X="75" Y="152" T="915803" />
  <Point X="75" Y="154" T="915815" />
  <Point X="75" Y="157" T="915824" />
  <Point X="75" Y="160" T="915831" />
  <Point X="75" Y="162" T="915837" />
  <Point X="76" Y="166" T="915844" />
  <Point X="76" Y="168" T="915850" />
  <Point X="76" Y="170" T="915851" />
  <Point X="77" Y="172" T="915859" />
  <Point X="77" Y="177" T="915866" />
  <Point X="77" Y="179" T="915867" />
  <Point X="78" Y="184" T="915876" />
  <Point X="78" Y="190" T="915884" />
  <Point X="79" Y="195" T="915892" />
  <Point X="79" Y="201" T="915901" />
  <Point X="80" Y="206" T="915909" />
  <Point X="81" Y="211" T="915918" />
  <Point X="81" Y="213" T="915919" />
  <Point X="82" Y="219" T="915930" />
  <Point X="82" Y="226" T="915940" />
  <Point X="83" Y="230" T="915949" />
  <Point X="84" Y="236" T="915959" />
  <Point X="84" Y="238" T="915969" />
  <Point X="86" Y="243" T="915979" />
  <Point X="86" Y="246" T="915990" />
  <Point X="87" Y="248" T="916000" />
  <Point X="87" Y="250" T="916011" />
  <Point X="87" Y="253" T="916031" />
  <Point X="88" Y="256" T="916059" />
  <Point X="88" Y="258" T="916075" />
  <Point X="89" Y="260" T="916132" />
  <Point X="91" Y="258" T="916177" />
  <Point X="93" Y="256" T="916193" />
  <Point X="95" Y="256" T="916210" />
  <Point X="98" Y="255" T="916223" />
  <Point X="100" Y="254" T="916235" />
  <Point X="105" Y="253" T="916248" />
  <Point X="108" Y="252" T="916261" />
  <Point X="114" Y="252" T="916275" />
  <Point X="121" Y="252" T="916288" />
  <Point X="127" Y="251" T="916302" />
  <Point X="135" Y="250" T="916316" />
  <Point X="143" Y="250" T="916331" />
  <Point X="149" Y="249" T="916346" />
  <Point X="155" Y="248" T="916361" />
  <Point X="165" Y="247" T="916376" />
  <Point X="171" Y="247" T="916391" />
  <Point X="178" Y="247" T="916407" />
  <Point X="184" Y="247" T="916422" />
  <Point X="190" Y="246" T="916438" />
  <Point X="195" Y="246" T="916454" />
  <Point X="199" Y="246" T="916471" />
  <Point X="202" Y="247" T="916487" />
  <Point X="204" Y="247" T="916503" />
  <Point X="206" Y="247" T="916520" />
  <Point X="204" Y="244" T="916583" />
  <Point X="202" Y="243" T="916611" />
  <Point X="201" Y="240" T="916628" />
  <Point X="200" Y="234" T="916646" />
  <Point X="198" Y="226" T="916664" />
  <Point X="197" Y="217" T="916682" />
  <Point X="196" Y="207" T="916701" />
  <Point X="195" Y="196" T="916720" />
  <Point X="194" Y="187" T="916739" />
  <Point X="194" Y="184" T="916740" />
  <Point X="193" Y="173" T="916761" />
  <Point X="193" Y="165" T="916780" />
  <Point X="192" Y="160" T="916800" />
  <Point X="191" Y="155" T="916830" />
  <Point X="189" Y="151" T="916851" />
  <Point X="187" Y="149" T="916895" />
  <Point X="186" Y="147" T="916918" />
  <Point X="182" Y="143" T="916939" />
  <Point X="178" Y="143" T="916961" />
  <Point X="171" Y="142" T="916982" />
  <Point X="162" Y="140" T="917006" />
  <Point X="155" Y="138" T="917028" />
  <Point X="144" Y="139" T="917050" />
  <Point X="135" Y="137" T="917071" />
  <Point X="125" Y="138" T="917094" />
  <Point X="116" Y="138" T="917119" />
  <Point X="108" Y="139" T="917143" />
  <Point X="102" Y="140" T="917166" />
  <Point X="100" Y="141" T="917167" />
  <Point X="95" Y="143" T="917190" />
  <Point X="92" Y="144" T="917191" />
  <Point X="88" Y="144" T="917217" />
  <Point X="86" Y="144" T="917240" />
  <Point X="83" Y="145" T="917263" />
</Gesture>