﻿<?xml version="1.0" encoding="utf-8" standalone="yes"?>
<Gesture Name="rectangle01" Subject="1" Speed="medium" Number="1" NumPts="71" Millseconds="1013" AppName="Gestures" AppVer="3.5.0.0" Date="Monday, March 05, 2007" TimeOfDay="4:57:20 PM">
  <Point X="84" Y="151" T="901156" />
  <Point X="85" Y="153" T="901201" />
  <Point X="86" Y="157" T="901209" />
  <Point X="87" Y="161" T="901218" />
  <Point X="87" Y="164" T="901224" />
  <Point X="88" Y="171" T="901231" />
  <Point X="89" Y="177" T="901239" />
  <Point X="89" Y="184" T="901246" />
  <Point X="90" Y="188" T="901253" />
  <Point X="90" Y="191" T="901254" />
  <Point X="91" Y="199" T="901263" />
  <Point X="91" Y="205" T="901271" />
  <Point X="92" Y="210" T="901279" />
  <Point X="92" Y="215" T="901288" />
  <Point X="92" Y="220" T="901297" />
  <Point X="92" Y="223" T="901298" />
  <Point X="92" Y="227" T="901308" />
  <Point X="92" Y="230" T="901317" />
  <Point X="92" Y="232" T="901327" />
  <Point X="92" Y="234" T="901337" />
  <Point X="92" Y="236" T="901351" />
  <Point X="95" Y="234" T="901403" />
  <Point X="98" Y="233" T="901415" />
  <Point X="100" Y="233" T="901425" />
  <Point X="103" Y="232" T="901436" />
  <Point X="110" Y="230" T="901448" />
  <Point X="118" Y="231" T="901460" />
  <Point X="127" Y="231" T="901472" />
  <Point X="136" Y="231" T="901485" />
  <Point X="145" Y="230" T="901497" />
  <Point X="154" Y="231" T="901510" />
  <Point X="161" Y="231" T="901523" />
  <Point X="163" Y="231" T="901524" />
  <Point X="170" Y="231" T="901538" />
  <Point X="178" Y="230" T="901551" />
  <Point X="181" Y="231" T="901566" />
  <Point X="186" Y="234" T="901580" />
  <Point X="191" Y="234" T="901594" />
  <Point X="193" Y="234" T="901608" />
  <Point X="198" Y="235" T="901623" />
  <Point X="198" Y="233" T="901673" />
  <Point X="198" Y="231" T="901687" />
  <Point X="195" Y="226" T="901701" />
  <Point X="194" Y="221" T="901716" />
  <Point X="193" Y="219" T="901717" />
  <Point X="192" Y="208" T="901737" />
  <Point X="190" Y="199" T="901753" />
  <Point X="188" Y="187" T="901769" />
  <Point X="187" Y="174" T="901785" />
  <Point X="185" Y="162" T="901801" />
  <Point X="184" Y="152" T="901818" />
  <Point X="184" Y="149" T="901834" />
  <Point X="183" Y="143" T="901850" />
  <Point X="183" Y="141" T="901867" />
  <Point X="183" Y="139" T="901884" />
  <Point X="183" Y="137" T="901901" />
  <Point X="182" Y="134" T="901917" />
  <Point X="182" Y="132" T="901934" />
  <Point X="181" Y="129" T="901952" />
  <Point X="179" Y="128" T="901969" />
  <Point X="177" Y="127" T="901987" />
  <Point X="174" Y="127" T="901989" />
  <Point X="168" Y="128" T="902010" />
  <Point X="156" Y="130" T="902029" />
  <Point X="143" Y="131" T="902049" />
  <Point X="128" Y="134" T="902069" />
  <Point X="115" Y="138" T="902090" />
  <Point X="103" Y="139" T="902110" />
  <Point X="97" Y="138" T="902130" />
  <Point X="92" Y="139" T="902149" />
  <Point X="90" Y="137" T="902169" />
</Gesture>