﻿<?xml version="1.0" encoding="utf-8" standalone="yes"?>
<Gesture Name="rectangle07" Subject="1" Speed="medium" Number="7" NumPts="93" Millseconds="1554" AppName="Gestures" AppVer="3.5.0.0" Date="Monday, March 05, 2007" TimeOfDay="4:57:31 PM">
  <Point X="89" Y="141" T="911765" />
  <Point X="89" Y="143" T="911810" />
  <Point X="89" Y="145" T="911817" />
  <Point X="89" Y="149" T="911825" />
  <Point X="89" Y="152" T="911833" />
  <Point X="90" Y="156" T="911841" />
  <Point X="90" Y="158" T="911847" />
  <Point X="91" Y="163" T="911854" />
  <Point X="91" Y="165" T="911860" />
  <Point X="91" Y="168" T="911861" />
  <Point X="92" Y="172" T="911869" />
  <Point X="92" Y="174" T="911877" />
  <Point X="92" Y="177" T="911878" />
  <Point X="92" Y="179" T="911886" />
  <Point X="93" Y="184" T="911894" />
  <Point X="94" Y="190" T="911903" />
  <Point X="94" Y="195" T="911911" />
  <Point X="94" Y="201" T="911920" />
  <Point X="96" Y="208" T="911929" />
  <Point X="96" Y="212" T="911938" />
  <Point X="97" Y="217" T="911948" />
  <Point X="98" Y="224" T="911958" />
  <Point X="98" Y="227" T="911967" />
  <Point X="99" Y="233" T="911977" />
  <Point X="100" Y="236" T="911987" />
  <Point X="100" Y="238" T="911998" />
  <Point X="101" Y="241" T="912009" />
  <Point X="101" Y="243" T="912029" />
  <Point X="102" Y="245" T="912049" />
  <Point X="102" Y="247" T="912073" />
  <Point X="105" Y="247" T="912154" />
  <Point X="107" Y="247" T="912174" />
  <Point X="109" Y="247" T="912191" />
  <Point X="112" Y="247" T="912203" />
  <Point X="114" Y="248" T="912216" />
  <Point X="117" Y="248" T="912228" />
  <Point X="121" Y="247" T="912241" />
  <Point X="124" Y="246" T="912253" />
  <Point X="131" Y="247" T="912266" />
  <Point X="136" Y="247" T="912280" />
  <Point X="142" Y="247" T="912293" />
  <Point X="149" Y="246" T="912307" />
  <Point X="156" Y="247" T="912323" />
  <Point X="164" Y="246" T="912337" />
  <Point X="172" Y="243" T="912352" />
  <Point X="177" Y="242" T="912366" />
  <Point X="184" Y="241" T="912381" />
  <Point X="191" Y="242" T="912396" />
  <Point X="194" Y="240" T="912411" />
  <Point X="197" Y="240" T="912412" />
  <Point X="203" Y="238" T="912430" />
  <Point X="208" Y="238" T="912446" />
  <Point X="210" Y="238" T="912462" />
  <Point X="212" Y="238" T="912478" />
  <Point X="214" Y="237" T="912496" />
  <Point X="214" Y="239" T="912531" />
  <Point X="213" Y="237" T="912563" />
  <Point X="211" Y="235" T="912579" />
  <Point X="210" Y="232" T="912596" />
  <Point X="209" Y="228" T="912614" />
  <Point X="208" Y="222" T="912632" />
  <Point X="206" Y="213" T="912650" />
  <Point X="205" Y="204" T="912668" />
  <Point X="205" Y="192" T="912687" />
  <Point X="204" Y="185" T="912706" />
  <Point X="204" Y="176" T="912725" />
  <Point X="203" Y="164" T="912744" />
  <Point X="203" Y="158" T="912767" />
  <Point X="203" Y="155" T="912768" />
  <Point X="203" Y="150" T="912788" />
  <Point X="202" Y="146" T="912808" />
  <Point X="202" Y="143" T="912828" />
  <Point X="202" Y="141" T="912847" />
  <Point X="200" Y="139" T="912868" />
  <Point X="198" Y="137" T="912888" />
  <Point X="197" Y="135" T="912908" />
  <Point X="195" Y="134" T="912929" />
  <Point X="190" Y="130" T="912950" />
  <Point X="185" Y="129" T="912972" />
  <Point X="179" Y="128" T="912993" />
  <Point X="172" Y="127" T="913015" />
  <Point X="168" Y="127" T="913038" />
  <Point X="160" Y="127" T="913060" />
  <Point X="147" Y="127" T="913102" />
  <Point X="138" Y="129" T="913124" />
  <Point X="129" Y="131" T="913147" />
  <Point X="122" Y="131" T="913170" />
  <Point X="115" Y="130" T="913194" />
  <Point X="111" Y="130" T="913218" />
  <Point X="106" Y="131" T="913242" />
  <Point X="104" Y="132" T="913265" />
  <Point X="102" Y="131" T="913289" />
  <Point X="100" Y="132" T="913319" />
</Gesture>