﻿<?xml version="1.0" encoding="utf-8" standalone="yes"?>
<Gesture Name="rectangle05" Subject="1" Speed="medium" Number="5" NumPts="100" Millseconds="1621" AppName="Gestures" AppVer="3.5.0.0" Date="Monday, March 05, 2007" TimeOfDay="4:57:27 PM">
  <Point X="75" Y="145" T="907625" />
  <Point X="75" Y="147" T="907649" />
  <Point X="75" Y="150" T="907657" />
  <Point X="75" Y="153" T="907664" />
  <Point X="75" Y="157" T="907673" />
  <Point X="76" Y="161" T="907681" />
  <Point X="76" Y="164" T="907687" />
  <Point X="77" Y="169" T="907694" />
  <Point X="77" Y="171" T="907701" />
  <Point X="77" Y="174" T="907702" />
  <Point X="78" Y="179" T="907709" />
  <Point X="78" Y="183" T="907717" />
  <Point X="78" Y="186" T="907718" />
  <Point X="78" Y="191" T="907727" />
  <Point X="78" Y="197" T="907735" />
  <Point X="78" Y="202" T="907743" />
  <Point X="79" Y="207" T="907751" />
  <Point X="79" Y="213" T="907760" />
  <Point X="79" Y="215" T="907761" />
  <Point X="79" Y="220" T="907770" />
  <Point X="79" Y="224" T="907780" />
  <Point X="79" Y="229" T="907792" />
  <Point X="80" Y="234" T="907801" />
  <Point X="80" Y="236" T="907803" />
  <Point X="80" Y="241" T="907815" />
  <Point X="81" Y="243" T="907826" />
  <Point X="81" Y="245" T="907842" />
  <Point X="83" Y="248" T="907909" />
  <Point X="85" Y="249" T="907950" />
  <Point X="88" Y="249" T="907971" />
  <Point X="90" Y="248" T="907983" />
  <Point X="92" Y="248" T="907995" />
  <Point X="95" Y="248" T="908007" />
  <Point X="98" Y="247" T="908019" />
  <Point X="104" Y="247" T="908031" />
  <Point X="107" Y="246" T="908044" />
  <Point X="114" Y="246" T="908056" />
  <Point X="117" Y="245" T="908069" />
  <Point X="124" Y="246" T="908082" />
  <Point X="131" Y="246" T="908095" />
  <Point X="135" Y="247" T="908108" />
  <Point X="142" Y="246" T="908122" />
  <Point X="150" Y="245" T="908137" />
  <Point X="154" Y="245" T="908151" />
  <Point X="158" Y="245" T="908152" />
  <Point X="166" Y="244" T="908168" />
  <Point X="169" Y="244" T="908182" />
  <Point X="172" Y="245" T="908183" />
  <Point X="178" Y="245" T="908201" />
  <Point X="183" Y="245" T="908219" />
  <Point X="187" Y="246" T="908235" />
  <Point X="190" Y="246" T="908250" />
  <Point X="193" Y="246" T="908266" />
  <Point X="196" Y="246" T="908267" />
  <Point X="198" Y="246" T="908284" />
  <Point X="200" Y="246" T="908300" />
  <Point X="202" Y="246" T="908318" />
  <Point X="204" Y="247" T="908344" />
  <Point X="204" Y="244" T="908411" />
  <Point X="203" Y="241" T="908431" />
  <Point X="203" Y="238" T="908448" />
  <Point X="203" Y="232" T="908466" />
  <Point X="203" Y="225" T="908484" />
  <Point X="202" Y="218" T="908503" />
  <Point X="202" Y="216" T="908504" />
  <Point X="201" Y="206" T="908525" />
  <Point X="200" Y="194" T="908544" />
  <Point X="200" Y="178" T="908564" />
  <Point X="200" Y="166" T="908584" />
  <Point X="199" Y="156" T="908604" />
  <Point X="199" Y="152" T="908624" />
  <Point X="198" Y="147" T="908644" />
  <Point X="198" Y="143" T="908664" />
  <Point X="198" Y="137" T="908684" />
  <Point X="197" Y="133" T="908705" />
  <Point X="197" Y="130" T="908725" />
  <Point X="195" Y="128" T="908756" />
  <Point X="193" Y="128" T="908789" />
  <Point X="191" Y="128" T="908810" />
  <Point X="188" Y="128" T="908831" />
  <Point X="184" Y="130" T="908853" />
  <Point X="179" Y="129" T="908875" />
  <Point X="174" Y="129" T="908897" />
  <Point X="167" Y="129" T="908919" />
  <Point X="159" Y="129" T="908942" />
  <Point X="153" Y="129" T="908965" />
  <Point X="150" Y="129" T="908966" />
  <Point X="141" Y="129" T="908990" />
  <Point X="131" Y="128" T="909013" />
  <Point X="125" Y="128" T="909037" />
  <Point X="122" Y="128" T="909038" />
  <Point X="113" Y="129" T="909063" />
  <Point X="105" Y="130" T="909088" />
  <Point X="98" Y="128" T="909113" />
  <Point X="91" Y="131" T="909138" />
  <Point X="83" Y="134" T="909164" />
  <Point X="77" Y="135" T="909189" />
  <Point X="74" Y="136" T="909193" />
  <Point X="70" Y="136" T="909220" />
  <Point X="69" Y="134" T="909246" />
</Gesture>