﻿<?xml version="1.0" encoding="utf-8" standalone="yes"?>
<Gesture Name="rectangle04" Subject="1" Speed="medium" Number="4" NumPts="85" Millseconds="1345" AppName="Gestures" AppVer="3.5.0.0" Date="Monday, March 05, 2007" TimeOfDay="4:57:25 PM">
  <Point X="83" Y="147" T="905830" />
  <Point X="84" Y="145" T="905861" />
  <Point X="84" Y="148" T="905889" />
  <Point X="84" Y="152" T="905897" />
  <Point X="84" Y="154" T="905905" />
  <Point X="85" Y="158" T="905913" />
  <Point X="85" Y="162" T="905919" />
  <Point X="85" Y="166" T="905926" />
  <Point X="85" Y="170" T="905933" />
  <Point X="85" Y="173" T="905940" />
  <Point X="85" Y="175" T="905941" />
  <Point X="85" Y="177" T="905949" />
  <Point X="85" Y="179" T="905950" />
  <Point X="85" Y="184" T="905958" />
  <Point X="86" Y="189" T="905966" />
  <Point X="86" Y="194" T="905974" />
  <Point X="86" Y="199" T="905984" />
  <Point X="87" Y="203" T="905992" />
  <Point X="87" Y="206" T="905994" />
  <Point X="88" Y="211" T="906003" />
  <Point X="88" Y="218" T="906014" />
  <Point X="89" Y="220" T="906023" />
  <Point X="89" Y="228" T="906034" />
  <Point X="89" Y="230" T="906044" />
  <Point X="89" Y="233" T="906054" />
  <Point X="89" Y="235" T="906065" />
  <Point X="89" Y="237" T="906076" />
  <Point X="91" Y="239" T="906140" />
  <Point X="94" Y="239" T="906168" />
  <Point X="96" Y="239" T="906184" />
  <Point X="98" Y="239" T="906196" />
  <Point X="100" Y="239" T="906208" />
  <Point X="103" Y="240" T="906221" />
  <Point X="108" Y="240" T="906234" />
  <Point X="112" Y="241" T="906247" />
  <Point X="119" Y="240" T="906261" />
  <Point X="127" Y="239" T="906275" />
  <Point X="130" Y="239" T="906277" />
  <Point X="136" Y="239" T="906292" />
  <Point X="139" Y="240" T="906293" />
  <Point X="150" Y="241" T="906312" />
  <Point X="159" Y="242" T="906328" />
  <Point X="166" Y="242" T="906343" />
  <Point X="168" Y="242" T="906345" />
  <Point X="174" Y="241" T="906361" />
  <Point X="182" Y="240" T="906377" />
  <Point X="189" Y="240" T="906393" />
  <Point X="196" Y="239" T="906410" />
  <Point X="199" Y="239" T="906413" />
  <Point X="204" Y="240" T="906431" />
  <Point X="209" Y="239" T="906448" />
  <Point X="213" Y="238" T="906465" />
  <Point X="216" Y="237" T="906483" />
  <Point X="218" Y="237" T="906505" />
  <Point X="219" Y="235" T="906553" />
  <Point X="218" Y="233" T="906586" />
  <Point X="217" Y="230" T="906603" />
  <Point X="215" Y="219" T="906623" />
  <Point X="214" Y="208" T="906642" />
  <Point X="213" Y="195" T="906663" />
  <Point X="212" Y="181" T="906683" />
  <Point X="211" Y="171" T="906703" />
  <Point X="210" Y="162" T="906723" />
  <Point X="210" Y="150" T="906744" />
  <Point X="209" Y="144" T="906765" />
  <Point X="209" Y="139" T="906785" />
  <Point X="209" Y="136" T="906806" />
  <Point X="209" Y="134" T="906825" />
  <Point X="207" Y="133" T="906864" />
  <Point X="205" Y="133" T="906883" />
  <Point X="200" Y="135" T="906902" />
  <Point X="195" Y="134" T="906923" />
  <Point X="192" Y="134" T="906924" />
  <Point X="184" Y="133" T="906947" />
  <Point X="171" Y="131" T="906968" />
  <Point X="159" Y="130" T="906989" />
  <Point X="143" Y="131" T="907011" />
  <Point X="131" Y="132" T="907033" />
  <Point X="119" Y="131" T="907055" />
  <Point X="117" Y="131" T="907056" />
  <Point X="105" Y="128" T="907085" />
  <Point X="94" Y="124" T="907107" />
  <Point X="85" Y="123" T="907130" />
  <Point X="80" Y="122" T="907152" />
  <Point X="78" Y="121" T="907175" />
</Gesture>