﻿<?xml version="1.0" encoding="utf-8" standalone="yes"?>
<Gesture Name="rectangle10" Subject="1" Speed="medium" Number="10" NumPts="96" Millseconds="1583" AppName="Gestures" AppVer="3.5.0.0" Date="Monday, March 05, 2007" TimeOfDay="4:57:37 PM">
  <Point X="88" Y="145" T="917691" />
  <Point X="88" Y="147" T="917714" />
  <Point X="87" Y="150" T="917726" />
  <Point X="88" Y="154" T="917734" />
  <Point X="88" Y="156" T="917740" />
  <Point X="88" Y="159" T="917746" />
  <Point X="89" Y="163" T="917754" />
  <Point X="89" Y="166" T="917760" />
  <Point X="89" Y="169" T="917767" />
  <Point X="89" Y="171" T="917773" />
  <Point X="90" Y="174" T="917774" />
  <Point X="89" Y="179" T="917782" />
  <Point X="90" Y="184" T="917790" />
  <Point X="90" Y="189" T="917798" />
  <Point X="91" Y="193" T="917807" />
  <Point X="91" Y="199" T="917815" />
  <Point X="92" Y="204" T="917824" />
  <Point X="92" Y="210" T="917833" />
  <Point X="93" Y="215" T="917842" />
  <Point X="93" Y="217" T="917843" />
  <Point X="94" Y="220" T="917852" />
  <Point X="94" Y="224" T="917864" />
  <Point X="95" Y="227" T="917873" />
  <Point X="95" Y="231" T="917875" />
  <Point X="96" Y="234" T="917885" />
  <Point X="96" Y="236" T="917895" />
  <Point X="96" Y="238" T="917906" />
  <Point X="96" Y="240" T="917917" />
  <Point X="97" Y="242" T="917946" />
  <Point X="99" Y="243" T="918040" />
  <Point X="101" Y="243" T="918055" />
  <Point X="103" Y="244" T="918068" />
  <Point X="105" Y="245" T="918080" />
  <Point X="107" Y="245" T="918093" />
  <Point X="112" Y="246" T="918105" />
  <Point X="115" Y="245" T="918118" />
  <Point X="118" Y="245" T="918119" />
  <Point X="121" Y="246" T="918132" />
  <Point X="128" Y="245" T="918146" />
  <Point X="134" Y="246" T="918159" />
  <Point X="142" Y="246" T="918173" />
  <Point X="147" Y="245" T="918187" />
  <Point X="155" Y="245" T="918201" />
  <Point X="163" Y="245" T="918216" />
  <Point X="169" Y="244" T="918230" />
  <Point X="171" Y="243" T="918231" />
  <Point X="176" Y="243" T="918246" />
  <Point X="183" Y="242" T="918261" />
  <Point X="188" Y="242" T="918276" />
  <Point X="193" Y="243" T="918292" />
  <Point X="195" Y="243" T="918307" />
  <Point X="197" Y="244" T="918323" />
  <Point X="199" Y="244" T="918339" />
  <Point X="201" Y="244" T="918354" />
  <Point X="203" Y="246" T="918375" />
  <Point X="205" Y="248" T="918412" />
  <Point X="206" Y="246" T="918516" />
  <Point X="206" Y="244" T="918533" />
  <Point X="206" Y="239" T="918550" />
  <Point X="205" Y="234" T="918568" />
  <Point X="205" Y="225" T="918585" />
  <Point X="204" Y="219" T="918603" />
  <Point X="204" Y="217" T="918604" />
  <Point X="203" Y="207" T="918623" />
  <Point X="203" Y="204" T="918624" />
  <Point X="202" Y="197" T="918644" />
  <Point X="202" Y="193" T="918645" />
  <Point X="201" Y="186" T="918664" />
  <Point X="200" Y="178" T="918683" />
  <Point X="199" Y="171" T="918703" />
  <Point X="199" Y="167" T="918704" />
  <Point X="199" Y="157" T="918725" />
  <Point X="199" Y="148" T="918745" />
  <Point X="199" Y="140" T="918765" />
  <Point X="199" Y="136" T="918786" />
  <Point X="199" Y="134" T="918806" />
  <Point X="198" Y="132" T="918829" />
  <Point X="196" Y="131" T="918857" />
  <Point X="194" Y="132" T="918878" />
  <Point X="192" Y="133" T="918899" />
  <Point X="189" Y="134" T="918920" />
  <Point X="185" Y="132" T="918942" />
  <Point X="180" Y="132" T="918964" />
  <Point X="173" Y="131" T="918986" />
  <Point X="165" Y="131" T="919009" />
  <Point X="156" Y="130" T="919032" />
  <Point X="146" Y="130" T="919055" />
  <Point X="136" Y="131" T="919079" />
  <Point X="127" Y="132" T="919103" />
  <Point X="117" Y="133" T="919127" />
  <Point X="109" Y="132" T="919151" />
  <Point X="102" Y="131" T="919176" />
  <Point X="96" Y="132" T="919200" />
  <Point X="91" Y="133" T="919225" />
  <Point X="89" Y="134" T="919249" />
  <Point X="87" Y="133" T="919274" />
</Gesture>