﻿<?xml version="1.0" encoding="utf-8" standalone="yes"?>
<Gesture Name="right_sq_bracket08" Subject="1" Speed="medium" Number="8" NumPts="52" Millseconds="634" AppName="Gestures" AppVer="3.5.0.0" Date="Monday, March 05, 2007" TimeOfDay="4:55:41 PM">
  <Point X="118" Y="126" T="803196" />
  <Point X="120" Y="127" T="803224" />
  <Point X="123" Y="127" T="803236" />
  <Point X="125" Y="127" T="803244" />
  <Point X="129" Y="127" T="803253" />
  <Point X="132" Y="128" T="803260" />
  <Point X="135" Y="128" T="803268" />
  <Point X="138" Y="129" T="803276" />
  <Point X="140" Y="128" T="803284" />
  <Point X="143" Y="128" T="803292" />
  <Point X="145" Y="128" T="803300" />
  <Point X="147" Y="129" T="803308" />
  <Point X="149" Y="130" T="803316" />
  <Point X="152" Y="131" T="803329" />
  <Point X="154" Y="132" T="803341" />
  <Point X="156" Y="131" T="803362" />
  <Point X="157" Y="134" T="803391" />
  <Point X="157" Y="136" T="803403" />
  <Point X="156" Y="138" T="803419" />
  <Point X="156" Y="140" T="803428" />
  <Point X="156" Y="143" T="803437" />
  <Point X="156" Y="145" T="803447" />
  <Point X="156" Y="148" T="803448" />
  <Point X="156" Y="152" T="803458" />
  <Point X="156" Y="154" T="803460" />
  <Point X="156" Y="158" T="803470" />
  <Point X="155" Y="166" T="803481" />
  <Point X="155" Y="174" T="803492" />
  <Point X="155" Y="178" T="803502" />
  <Point X="155" Y="181" T="803504" />
  <Point X="155" Y="190" T="803516" />
  <Point X="154" Y="198" T="803528" />
  <Point X="155" Y="203" T="803540" />
  <Point X="155" Y="208" T="803551" />
  <Point X="156" Y="214" T="803563" />
  <Point X="156" Y="217" T="803575" />
  <Point X="156" Y="220" T="803588" />
  <Point X="156" Y="224" T="803600" />
  <Point X="156" Y="227" T="803616" />
  <Point X="156" Y="230" T="803632" />
  <Point X="153" Y="229" T="803668" />
  <Point X="151" Y="229" T="803681" />
  <Point X="149" Y="228" T="803695" />
  <Point X="145" Y="229" T="803709" />
  <Point X="142" Y="229" T="803723" />
  <Point X="136" Y="228" T="803737" />
  <Point X="130" Y="227" T="803751" />
  <Point X="124" Y="229" T="803766" />
  <Point X="118" Y="229" T="803784" />
  <Point X="112" Y="230" T="803799" />
  <Point X="107" Y="230" T="803815" />
  <Point X="105" Y="230" T="803830" />
</Gesture>