﻿<?xml version="1.0" encoding="utf-8" standalone="yes"?>
<Gesture Name="right_sq_bracket06" Subject="1" Speed="medium" Number="6" NumPts="49" Millseconds="592" AppName="Gestures" AppVer="3.5.0.0" Date="Monday, March 05, 2007" TimeOfDay="4:55:39 PM">
  <Point X="116" Y="135" T="800952" />
  <Point X="119" Y="134" T="800976" />
  <Point X="121" Y="132" T="800988" />
  <Point X="123" Y="130" T="800997" />
  <Point X="125" Y="129" T="801005" />
  <Point X="128" Y="128" T="801013" />
  <Point X="130" Y="129" T="801021" />
  <Point X="132" Y="128" T="801029" />
  <Point X="135" Y="127" T="801037" />
  <Point X="137" Y="128" T="801045" />
  <Point X="139" Y="128" T="801053" />
  <Point X="142" Y="129" T="801065" />
  <Point X="144" Y="129" T="801073" />
  <Point X="146" Y="130" T="801085" />
  <Point X="149" Y="130" T="801098" />
  <Point X="151" Y="132" T="801110" />
  <Point X="153" Y="133" T="801130" />
  <Point X="153" Y="136" T="801143" />
  <Point X="153" Y="138" T="801152" />
  <Point X="153" Y="140" T="801161" />
  <Point X="153" Y="145" T="801171" />
  <Point X="154" Y="149" T="801182" />
  <Point X="154" Y="156" T="801192" />
  <Point X="154" Y="161" T="801202" />
  <Point X="154" Y="164" T="801204" />
  <Point X="155" Y="168" T="801214" />
  <Point X="155" Y="171" T="801216" />
  <Point X="156" Y="179" T="801228" />
  <Point X="156" Y="187" T="801240" />
  <Point X="157" Y="194" T="801253" />
  <Point X="157" Y="201" T="801265" />
  <Point X="156" Y="208" T="801277" />
  <Point X="155" Y="213" T="801290" />
  <Point X="155" Y="218" T="801302" />
  <Point X="155" Y="221" T="801304" />
  <Point X="155" Y="224" T="801317" />
  <Point X="155" Y="229" T="801330" />
  <Point X="154" Y="231" T="801344" />
  <Point X="154" Y="233" T="801357" />
  <Point X="152" Y="235" T="801394" />
  <Point X="150" Y="236" T="801420" />
  <Point X="147" Y="235" T="801436" />
  <Point X="145" Y="234" T="801451" />
  <Point X="139" Y="233" T="801465" />
  <Point X="133" Y="230" T="801480" />
  <Point X="127" Y="229" T="801495" />
  <Point X="120" Y="228" T="801511" />
  <Point X="115" Y="230" T="801526" />
  <Point X="110" Y="231" T="801544" />
</Gesture>