﻿<?xml version="1.0" encoding="utf-8" standalone="yes"?>
<Gesture Name="right_curly_brace01" Subject="1" Speed="medium" Number="1" NumPts="70" Millseconds="1031" AppName="Gestures" AppVer="3.5.0.0" Date="Monday, March 05, 2007" TimeOfDay="5:02:18 PM">
  <Point X="117" Y="132" T="1199784" />
  <Point X="115" Y="132" T="1199814" />
  <Point X="115" Y="129" T="1199845" />
  <Point X="117" Y="129" T="1199869" />
  <Point X="119" Y="128" T="1199881" />
  <Point X="122" Y="127" T="1199893" />
  <Point X="125" Y="127" T="1199901" />
  <Point X="127" Y="127" T="1199909" />
  <Point X="130" Y="127" T="1199917" />
  <Point X="133" Y="129" T="1199925" />
  <Point X="136" Y="129" T="1199934" />
  <Point X="138" Y="130" T="1199941" />
  <Point X="140" Y="131" T="1199950" />
  <Point X="143" Y="134" T="1199963" />
  <Point X="144" Y="136" T="1199975" />
  <Point X="145" Y="139" T="1199983" />
  <Point X="145" Y="142" T="1199992" />
  <Point X="145" Y="145" T="1200001" />
  <Point X="145" Y="147" T="1200010" />
  <Point X="145" Y="149" T="1200020" />
  <Point X="144" Y="152" T="1200029" />
  <Point X="142" Y="157" T="1200040" />
  <Point X="141" Y="160" T="1200050" />
  <Point X="139" Y="163" T="1200060" />
  <Point X="137" Y="166" T="1200070" />
  <Point X="135" Y="167" T="1200072" />
  <Point X="133" Y="169" T="1200083" />
  <Point X="131" Y="172" T="1200094" />
  <Point X="128" Y="173" T="1200106" />
  <Point X="126" Y="176" T="1200118" />
  <Point X="125" Y="178" T="1200130" />
  <Point X="125" Y="180" T="1200142" />
  <Point X="125" Y="182" T="1200154" />
  <Point X="126" Y="184" T="1200156" />
  <Point X="128" Y="187" T="1200170" />
  <Point X="130" Y="187" T="1200183" />
  <Point X="132" Y="188" T="1200184" />
  <Point X="135" Y="189" T="1200197" />
  <Point X="140" Y="189" T="1200212" />
  <Point X="145" Y="189" T="1200226" />
  <Point X="150" Y="187" T="1200241" />
  <Point X="155" Y="186" T="1200256" />
  <Point X="157" Y="185" T="1200270" />
  <Point X="159" Y="184" T="1200287" />
  <Point X="156" Y="185" T="1200339" />
  <Point X="154" Y="185" T="1200354" />
  <Point X="149" Y="185" T="1200370" />
  <Point X="145" Y="187" T="1200387" />
  <Point X="141" Y="188" T="1200403" />
  <Point X="136" Y="191" T="1200420" />
  <Point X="134" Y="191" T="1200437" />
  <Point X="131" Y="192" T="1200454" />
  <Point X="129" Y="193" T="1200475" />
  <Point X="129" Y="195" T="1200495" />
  <Point X="129" Y="197" T="1200512" />
  <Point X="131" Y="200" T="1200531" />
  <Point X="133" Y="202" T="1200549" />
  <Point X="136" Y="206" T="1200568" />
  <Point X="139" Y="211" T="1200587" />
  <Point X="142" Y="215" T="1200606" />
  <Point X="145" Y="220" T="1200626" />
  <Point X="147" Y="225" T="1200646" />
  <Point X="148" Y="231" T="1200666" />
  <Point X="147" Y="239" T="1200687" />
  <Point X="144" Y="244" T="1200707" />
  <Point X="139" Y="248" T="1200728" />
  <Point X="134" Y="250" T="1200749" />
  <Point X="126" Y="253" T="1200772" />
  <Point X="119" Y="253" T="1200793" />
  <Point X="115" Y="253" T="1200815" />
</Gesture>