﻿<?xml version="1.0" encoding="utf-8" standalone="yes"?>
<Gesture Name="right_sq_bracket10" Subject="1" Speed="medium" Number="10" NumPts="49" Millseconds="633" AppName="Gestures" AppVer="3.5.0.0" Date="Monday, March 05, 2007" TimeOfDay="4:55:44 PM">
  <Point X="127" Y="125" T="805602" />
  <Point X="129" Y="125" T="805645" />
  <Point X="131" Y="126" T="805657" />
  <Point X="134" Y="127" T="805669" />
  <Point X="136" Y="127" T="805680" />
  <Point X="139" Y="127" T="805689" />
  <Point X="141" Y="127" T="805697" />
  <Point X="143" Y="128" T="805705" />
  <Point X="145" Y="129" T="805713" />
  <Point X="147" Y="129" T="805721" />
  <Point X="150" Y="128" T="805729" />
  <Point X="152" Y="127" T="805741" />
  <Point X="154" Y="126" T="805753" />
  <Point X="157" Y="125" T="805774" />
  <Point X="158" Y="127" T="805823" />
  <Point X="158" Y="130" T="805836" />
  <Point X="158" Y="132" T="805844" />
  <Point X="158" Y="134" T="805852" />
  <Point X="158" Y="137" T="805862" />
  <Point X="158" Y="144" T="805873" />
  <Point X="157" Y="150" T="805884" />
  <Point X="157" Y="153" T="805885" />
  <Point X="157" Y="159" T="805895" />
  <Point X="157" Y="162" T="805897" />
  <Point X="157" Y="173" T="805908" />
  <Point X="158" Y="180" T="805919" />
  <Point X="158" Y="183" T="805921" />
  <Point X="159" Y="193" T="805933" />
  <Point X="159" Y="201" T="805945" />
  <Point X="159" Y="209" T="805957" />
  <Point X="159" Y="215" T="805970" />
  <Point X="160" Y="221" T="805982" />
  <Point X="160" Y="223" T="805994" />
  <Point X="160" Y="226" T="806006" />
  <Point X="160" Y="229" T="806019" />
  <Point X="159" Y="231" T="806032" />
  <Point X="157" Y="232" T="806088" />
  <Point X="156" Y="230" T="806100" />
  <Point X="153" Y="229" T="806114" />
  <Point X="148" Y="228" T="806128" />
  <Point X="146" Y="228" T="806129" />
  <Point X="140" Y="226" T="806144" />
  <Point X="138" Y="226" T="806145" />
  <Point X="129" Y="229" T="806163" />
  <Point X="127" Y="230" T="806164" />
  <Point X="117" Y="232" T="806184" />
  <Point X="112" Y="234" T="806203" />
  <Point X="105" Y="235" T="806219" />
  <Point X="101" Y="237" T="806235" />
</Gesture>