﻿<?xml version="1.0" encoding="utf-8" standalone="yes"?>
<Gesture Name="right_curly_brace08" Subject="1" Speed="medium" Number="8" NumPts="78" Millseconds="1166" AppName="Gestures" AppVer="3.5.0.0" Date="Monday, March 05, 2007" TimeOfDay="5:02:30 PM">
  <Point X="126" Y="138" T="1211448" />
  <Point X="128" Y="136" T="1211472" />
  <Point X="130" Y="134" T="1211480" />
  <Point X="132" Y="134" T="1211488" />
  <Point X="135" Y="132" T="1211496" />
  <Point X="137" Y="131" T="1211504" />
  <Point X="140" Y="131" T="1211512" />
  <Point X="143" Y="129" T="1211520" />
  <Point X="145" Y="129" T="1211528" />
  <Point X="148" Y="130" T="1211540" />
  <Point X="150" Y="130" T="1211552" />
  <Point X="152" Y="131" T="1211564" />
  <Point X="154" Y="132" T="1211573" />
  <Point X="157" Y="133" T="1211581" />
  <Point X="159" Y="134" T="1211589" />
  <Point X="161" Y="136" T="1211598" />
  <Point X="163" Y="138" T="1211607" />
  <Point X="165" Y="139" T="1211616" />
  <Point X="166" Y="141" T="1211625" />
  <Point X="167" Y="143" T="1211634" />
  <Point X="168" Y="146" T="1211644" />
  <Point X="168" Y="149" T="1211655" />
  <Point X="168" Y="154" T="1211665" />
  <Point X="167" Y="156" T="1211676" />
  <Point X="166" Y="158" T="1211686" />
  <Point X="166" Y="161" T="1211697" />
  <Point X="163" Y="163" T="1211720" />
  <Point X="161" Y="163" T="1211733" />
  <Point X="158" Y="164" T="1211745" />
  <Point X="156" Y="165" T="1211757" />
  <Point X="153" Y="164" T="1211769" />
  <Point X="149" Y="166" T="1211782" />
  <Point X="146" Y="167" T="1211794" />
  <Point X="144" Y="169" T="1211807" />
  <Point X="142" Y="169" T="1211820" />
  <Point X="140" Y="171" T="1211833" />
  <Point X="138" Y="173" T="1211846" />
  <Point X="136" Y="174" T="1211861" />
  <Point X="134" Y="177" T="1211875" />
  <Point X="132" Y="179" T="1211894" />
  <Point X="132" Y="181" T="1211908" />
  <Point X="133" Y="183" T="1211930" />
  <Point X="136" Y="184" T="1211946" />
  <Point X="138" Y="185" T="1211961" />
  <Point X="143" Y="186" T="1211977" />
  <Point X="148" Y="187" T="1211992" />
  <Point X="153" Y="188" T="1212008" />
  <Point X="159" Y="187" T="1212025" />
  <Point X="164" Y="186" T="1212041" />
  <Point X="166" Y="187" T="1212057" />
  <Point X="168" Y="187" T="1212074" />
  <Point X="165" Y="187" T="1212131" />
  <Point X="160" Y="186" T="1212149" />
  <Point X="155" Y="188" T="1212166" />
  <Point X="149" Y="189" T="1212184" />
  <Point X="143" Y="191" T="1212203" />
  <Point X="140" Y="191" T="1212204" />
  <Point X="136" Y="192" T="1212222" />
  <Point X="131" Y="193" T="1212243" />
  <Point X="129" Y="193" T="1212262" />
  <Point X="129" Y="195" T="1212281" />
  <Point X="130" Y="197" T="1212305" />
  <Point X="133" Y="199" T="1212325" />
  <Point X="135" Y="201" T="1212326" />
  <Point X="138" Y="205" T="1212346" />
  <Point X="145" Y="208" T="1212366" />
  <Point X="150" Y="211" T="1212386" />
  <Point X="157" Y="217" T="1212408" />
  <Point X="160" Y="222" T="1212429" />
  <Point X="161" Y="224" T="1212430" />
  <Point X="162" Y="228" T="1212451" />
  <Point X="161" Y="233" T="1212472" />
  <Point X="156" Y="236" T="1212494" />
  <Point X="148" Y="240" T="1212519" />
  <Point X="138" Y="243" T="1212543" />
  <Point X="125" Y="245" T="1212568" />
  <Point X="118" Y="247" T="1212591" />
  <Point X="116" Y="247" T="1212614" />
</Gesture>