﻿<?xml version="1.0" encoding="utf-8" standalone="yes"?>
<Gesture Name="right_curly_brace06" Subject="1" Speed="medium" Number="6" NumPts="74" Millseconds="1033" AppName="Gestures" AppVer="3.5.0.0" Date="Monday, March 05, 2007" TimeOfDay="5:02:26 PM">
  <Point X="134" Y="141" T="1208182" />
  <Point X="133" Y="139" T="1208230" />
  <Point X="135" Y="138" T="1208262" />
  <Point X="137" Y="138" T="1208279" />
  <Point X="139" Y="138" T="1208287" />
  <Point X="141" Y="138" T="1208294" />
  <Point X="144" Y="138" T="1208302" />
  <Point X="146" Y="140" T="1208310" />
  <Point X="149" Y="141" T="1208318" />
  <Point X="152" Y="142" T="1208326" />
  <Point X="155" Y="144" T="1208334" />
  <Point X="157" Y="146" T="1208342" />
  <Point X="159" Y="148" T="1208350" />
  <Point X="161" Y="150" T="1208359" />
  <Point X="162" Y="153" T="1208366" />
  <Point X="162" Y="155" T="1208374" />
  <Point X="163" Y="158" T="1208382" />
  <Point X="162" Y="160" T="1208391" />
  <Point X="161" Y="163" T="1208399" />
  <Point X="160" Y="165" T="1208408" />
  <Point X="158" Y="167" T="1208417" />
  <Point X="156" Y="170" T="1208426" />
  <Point X="154" Y="172" T="1208436" />
  <Point X="151" Y="173" T="1208445" />
  <Point X="149" Y="174" T="1208446" />
  <Point X="146" Y="175" T="1208457" />
  <Point X="143" Y="177" T="1208468" />
  <Point X="138" Y="180" T="1208479" />
  <Point X="136" Y="181" T="1208489" />
  <Point X="133" Y="183" T="1208500" />
  <Point X="129" Y="187" T="1208511" />
  <Point X="127" Y="190" T="1208523" />
  <Point X="125" Y="193" T="1208535" />
  <Point X="125" Y="196" T="1208547" />
  <Point X="126" Y="198" T="1208560" />
  <Point X="128" Y="200" T="1208572" />
  <Point X="130" Y="201" T="1208584" />
  <Point X="134" Y="201" T="1208597" />
  <Point X="137" Y="201" T="1208610" />
  <Point X="143" Y="201" T="1208623" />
  <Point X="148" Y="199" T="1208636" />
  <Point X="151" Y="199" T="1208649" />
  <Point X="156" Y="199" T="1208664" />
  <Point X="158" Y="198" T="1208677" />
  <Point X="161" Y="197" T="1208691" />
  <Point X="163" Y="196" T="1208705" />
  <Point X="160" Y="196" T="1208739" />
  <Point X="158" Y="197" T="1208754" />
  <Point X="153" Y="197" T="1208768" />
  <Point X="148" Y="198" T="1208784" />
  <Point X="143" Y="200" T="1208799" />
  <Point X="139" Y="201" T="1208815" />
  <Point X="137" Y="203" T="1208830" />
  <Point X="134" Y="204" T="1208831" />
  <Point X="132" Y="205" T="1208848" />
  <Point X="133" Y="208" T="1208912" />
  <Point X="136" Y="208" T="1208929" />
  <Point X="140" Y="210" T="1208945" />
  <Point X="145" Y="212" T="1208962" />
  <Point X="151" Y="214" T="1208979" />
  <Point X="154" Y="216" T="1208981" />
  <Point X="159" Y="220" T="1208999" />
  <Point X="164" Y="223" T="1209017" />
  <Point X="166" Y="230" T="1209035" />
  <Point X="166" Y="236" T="1209053" />
  <Point X="163" Y="240" T="1209072" />
  <Point X="159" Y="244" T="1209091" />
  <Point X="147" Y="246" T="1209110" />
  <Point X="135" Y="248" T="1209131" />
  <Point X="125" Y="251" T="1209151" />
  <Point X="119" Y="252" T="1209171" />
  <Point X="117" Y="253" T="1209172" />
  <Point X="115" Y="254" T="1209192" />
  <Point X="113" Y="255" T="1209215" />
</Gesture>