﻿<?xml version="1.0" encoding="utf-8" standalone="yes"?>
<Gesture Name="right_sq_bracket02" Subject="1" Speed="medium" Number="2" NumPts="48" Millseconds="528" AppName="Gestures" AppVer="3.5.0.0" Date="Monday, March 05, 2007" TimeOfDay="4:55:35 PM">
  <Point X="116" Y="137" T="797161" />
  <Point X="118" Y="136" T="797196" />
  <Point X="121" Y="135" T="797208" />
  <Point X="123" Y="135" T="797215" />
  <Point X="126" Y="134" T="797224" />
  <Point X="129" Y="133" T="797232" />
  <Point X="132" Y="132" T="797240" />
  <Point X="135" Y="130" T="797248" />
  <Point X="138" Y="129" T="797256" />
  <Point X="140" Y="129" T="797264" />
  <Point X="142" Y="129" T="797272" />
  <Point X="144" Y="127" T="797281" />
  <Point X="147" Y="127" T="797289" />
  <Point X="149" Y="127" T="797300" />
  <Point X="151" Y="127" T="797312" />
  <Point X="153" Y="129" T="797325" />
  <Point X="155" Y="131" T="797337" />
  <Point X="156" Y="133" T="797345" />
  <Point X="157" Y="136" T="797354" />
  <Point X="157" Y="139" T="797363" />
  <Point X="158" Y="143" T="797372" />
  <Point X="158" Y="150" T="797382" />
  <Point X="159" Y="156" T="797391" />
  <Point X="159" Y="162" T="797401" />
  <Point X="159" Y="165" T="797402" />
  <Point X="159" Y="174" T="797413" />
  <Point X="159" Y="181" T="797424" />
  <Point X="159" Y="191" T="797434" />
  <Point X="160" Y="201" T="797445" />
  <Point X="160" Y="207" T="797456" />
  <Point X="161" Y="209" T="797457" />
  <Point X="162" Y="218" T="797471" />
  <Point X="163" Y="225" T="797483" />
  <Point X="164" Y="230" T="797494" />
  <Point X="165" Y="237" T="797507" />
  <Point X="165" Y="240" T="797525" />
  <Point X="165" Y="242" T="797537" />
  <Point X="162" Y="240" T="797561" />
  <Point X="160" Y="239" T="797574" />
  <Point X="155" Y="235" T="797587" />
  <Point X="152" Y="234" T="797600" />
  <Point X="141" Y="233" T="797614" />
  <Point X="134" Y="232" T="797628" />
  <Point X="125" Y="234" T="797642" />
  <Point X="122" Y="235" T="797656" />
  <Point X="119" Y="236" T="797657" />
  <Point X="113" Y="238" T="797674" />
  <Point X="111" Y="239" T="797689" />
</Gesture>