﻿<?xml version="1.0" encoding="utf-8" standalone="yes"?>
<Gesture Name="right_sq_bracket01" Subject="1" Speed="medium" Number="1" NumPts="45" Millseconds="615" AppName="Gestures" AppVer="3.5.0.0" Date="Monday, March 05, 2007" TimeOfDay="4:55:34 PM">
  <Point X="112" Y="138" T="796184" />
  <Point X="112" Y="136" T="796279" />
  <Point X="115" Y="136" T="796291" />
  <Point X="118" Y="137" T="796303" />
  <Point X="120" Y="136" T="796311" />
  <Point X="123" Y="136" T="796320" />
  <Point X="125" Y="136" T="796328" />
  <Point X="128" Y="136" T="796336" />
  <Point X="131" Y="136" T="796344" />
  <Point X="134" Y="135" T="796352" />
  <Point X="137" Y="135" T="796360" />
  <Point X="140" Y="134" T="796368" />
  <Point X="143" Y="133" T="796376" />
  <Point X="145" Y="132" T="796385" />
  <Point X="147" Y="132" T="796395" />
  <Point X="149" Y="132" T="796408" />
  <Point X="152" Y="132" T="796428" />
  <Point X="153" Y="134" T="796445" />
  <Point X="154" Y="137" T="796457" />
  <Point X="155" Y="141" T="796466" />
  <Point X="156" Y="144" T="796475" />
  <Point X="157" Y="152" T="796487" />
  <Point X="158" Y="161" T="796500" />
  <Point X="160" Y="170" T="796511" />
  <Point X="162" Y="182" T="796523" />
  <Point X="164" Y="192" T="796535" />
  <Point X="166" Y="200" T="796548" />
  <Point X="167" Y="209" T="796560" />
  <Point X="168" Y="214" T="796573" />
  <Point X="168" Y="216" T="796574" />
  <Point X="169" Y="221" T="796586" />
  <Point X="169" Y="223" T="796598" />
  <Point X="169" Y="228" T="796611" />
  <Point X="169" Y="231" T="796633" />
  <Point X="166" Y="233" T="796658" />
  <Point X="164" Y="234" T="796671" />
  <Point X="161" Y="235" T="796684" />
  <Point X="155" Y="236" T="796698" />
  <Point X="147" Y="235" T="796712" />
  <Point X="140" Y="233" T="796726" />
  <Point X="131" Y="233" T="796740" />
  <Point X="124" Y="233" T="796755" />
  <Point X="117" Y="235" T="796770" />
  <Point X="114" Y="238" T="796784" />
  <Point X="112" Y="238" T="796799" />
</Gesture>