﻿<?xml version="1.0" encoding="utf-8" standalone="yes"?>
<Gesture Name="right_sq_bracket04" Subject="1" Speed="medium" Number="4" NumPts="49" Millseconds="576" AppName="Gestures" AppVer="3.5.0.0" Date="Monday, March 05, 2007" TimeOfDay="4:55:37 PM">
  <Point X="121" Y="127" T="799027" />
  <Point X="123" Y="127" T="799059" />
  <Point X="126" Y="126" T="799072" />
  <Point X="129" Y="126" T="799079" />
  <Point X="131" Y="126" T="799088" />
  <Point X="134" Y="126" T="799096" />
  <Point X="137" Y="125" T="799104" />
  <Point X="139" Y="125" T="799112" />
  <Point X="141" Y="125" T="799120" />
  <Point X="144" Y="125" T="799128" />
  <Point X="146" Y="124" T="799136" />
  <Point X="148" Y="124" T="799145" />
  <Point X="150" Y="124" T="799154" />
  <Point X="152" Y="125" T="799163" />
  <Point X="155" Y="124" T="799174" />
  <Point X="157" Y="125" T="799186" />
  <Point X="159" Y="127" T="799202" />
  <Point X="160" Y="129" T="799218" />
  <Point X="160" Y="134" T="799227" />
  <Point X="160" Y="136" T="799236" />
  <Point X="160" Y="141" T="799247" />
  <Point X="160" Y="148" T="799258" />
  <Point X="160" Y="153" T="799269" />
  <Point X="160" Y="155" T="799270" />
  <Point X="161" Y="160" T="799281" />
  <Point X="161" Y="163" T="799283" />
  <Point X="161" Y="171" T="799295" />
  <Point X="161" Y="180" T="799309" />
  <Point X="161" Y="191" T="799323" />
  <Point X="162" Y="200" T="799337" />
  <Point X="163" Y="211" T="799351" />
  <Point X="163" Y="218" T="799365" />
  <Point X="163" Y="221" T="799367" />
  <Point X="163" Y="227" T="799380" />
  <Point X="162" Y="232" T="799395" />
  <Point X="161" Y="238" T="799410" />
  <Point X="159" Y="240" T="799422" />
  <Point X="157" Y="241" T="799442" />
  <Point X="155" Y="239" T="799454" />
  <Point X="152" Y="238" T="799468" />
  <Point X="147" Y="237" T="799483" />
  <Point X="141" Y="236" T="799501" />
  <Point X="135" Y="235" T="799517" />
  <Point X="130" Y="235" T="799534" />
  <Point X="124" Y="236" T="799552" />
  <Point X="120" Y="237" T="799569" />
  <Point X="117" Y="238" T="799571" />
  <Point X="115" Y="238" T="799587" />
  <Point X="110" Y="238" T="799603" />
</Gesture>