﻿<?xml version="1.0" encoding="utf-8" standalone="yes"?>
<Gesture Name="right_sq_bracket09" Subject="1" Speed="medium" Number="9" NumPts="50" Millseconds="633" AppName="Gestures" AppVer="3.5.0.0" Date="Monday, March 05, 2007" TimeOfDay="4:55:43 PM">
  <Point X="121" Y="126" T="804415" />
  <Point X="123" Y="124" T="804475" />
  <Point X="126" Y="123" T="804490" />
  <Point X="129" Y="121" T="804503" />
  <Point X="131" Y="121" T="804516" />
  <Point X="134" Y="119" T="804523" />
  <Point X="136" Y="118" T="804531" />
  <Point X="138" Y="117" T="804539" />
  <Point X="141" Y="117" T="804547" />
  <Point X="143" Y="117" T="804555" />
  <Point X="145" Y="117" T="804563" />
  <Point X="147" Y="116" T="804571" />
  <Point X="149" Y="117" T="804584" />
  <Point X="151" Y="117" T="804596" />
  <Point X="154" Y="119" T="804617" />
  <Point X="154" Y="121" T="804630" />
  <Point X="155" Y="123" T="804646" />
  <Point X="155" Y="126" T="804654" />
  <Point X="155" Y="129" T="804663" />
  <Point X="155" Y="131" T="804672" />
  <Point X="154" Y="134" T="804681" />
  <Point X="154" Y="139" T="804682" />
  <Point X="153" Y="146" T="804695" />
  <Point X="153" Y="150" T="804705" />
  <Point X="152" Y="159" T="804715" />
  <Point X="152" Y="163" T="804726" />
  <Point X="152" Y="167" T="804727" />
  <Point X="152" Y="176" T="804739" />
  <Point X="152" Y="181" T="804750" />
  <Point X="152" Y="185" T="804751" />
  <Point X="153" Y="193" T="804763" />
  <Point X="154" Y="200" T="804775" />
  <Point X="155" Y="208" T="804787" />
  <Point X="155" Y="212" T="804799" />
  <Point X="155" Y="215" T="804811" />
  <Point X="155" Y="218" T="804823" />
  <Point X="155" Y="220" T="804836" />
  <Point X="154" Y="222" T="804849" />
  <Point X="153" Y="224" T="804866" />
  <Point X="152" Y="226" T="804900" />
  <Point X="151" Y="228" T="804928" />
  <Point X="149" Y="230" T="804944" />
  <Point X="146" Y="230" T="804957" />
  <Point X="140" Y="230" T="804972" />
  <Point X="133" Y="229" T="804986" />
  <Point X="127" Y="226" T="805001" />
  <Point X="125" Y="226" T="805015" />
  <Point X="122" Y="226" T="805017" />
  <Point X="118" Y="228" T="805033" />
  <Point X="116" Y="228" T="805048" />
</Gesture>