﻿<?xml version="1.0" encoding="utf-8" standalone="yes"?>
<Gesture Name="right_sq_bracket05" Subject="1" Speed="medium" Number="5" NumPts="51" Millseconds="597" AppName="Gestures" AppVer="3.5.0.0" Date="Monday, March 05, 2007" TimeOfDay="4:55:38 PM">
  <Point X="118" Y="134" T="799964" />
  <Point X="120" Y="134" T="800008" />
  <Point X="122" Y="133" T="800017" />
  <Point X="124" Y="133" T="800025" />
  <Point X="126" Y="133" T="800033" />
  <Point X="129" Y="133" T="800041" />
  <Point X="131" Y="134" T="800049" />
  <Point X="133" Y="134" T="800057" />
  <Point X="135" Y="133" T="800065" />
  <Point X="138" Y="134" T="800074" />
  <Point X="140" Y="134" T="800082" />
  <Point X="142" Y="135" T="800095" />
  <Point X="145" Y="135" T="800108" />
  <Point X="147" Y="135" T="800120" />
  <Point X="149" Y="136" T="800145" />
  <Point X="151" Y="138" T="800176" />
  <Point X="151" Y="140" T="800184" />
  <Point X="151" Y="143" T="800193" />
  <Point X="151" Y="147" T="800203" />
  <Point X="151" Y="150" T="800205" />
  <Point X="151" Y="154" T="800215" />
  <Point X="151" Y="157" T="800217" />
  <Point X="151" Y="162" T="800228" />
  <Point X="151" Y="165" T="800229" />
  <Point X="151" Y="172" T="800240" />
  <Point X="152" Y="175" T="800241" />
  <Point X="152" Y="181" T="800253" />
  <Point X="154" Y="191" T="800265" />
  <Point X="155" Y="198" T="800276" />
  <Point X="155" Y="200" T="800288" />
  <Point X="156" Y="204" T="800289" />
  <Point X="157" Y="208" T="800303" />
  <Point X="157" Y="213" T="800315" />
  <Point X="157" Y="217" T="800328" />
  <Point X="157" Y="219" T="800329" />
  <Point X="156" Y="221" T="800342" />
  <Point X="156" Y="224" T="800356" />
  <Point X="153" Y="225" T="800380" />
  <Point X="151" Y="226" T="800396" />
  <Point X="148" Y="228" T="800409" />
  <Point X="146" Y="229" T="800423" />
  <Point X="141" Y="230" T="800437" />
  <Point X="136" Y="230" T="800451" />
  <Point X="130" Y="231" T="800466" />
  <Point X="124" Y="231" T="800481" />
  <Point X="117" Y="232" T="800496" />
  <Point X="115" Y="233" T="800511" />
  <Point X="113" Y="234" T="800513" />
  <Point X="110" Y="236" T="800530" />
  <Point X="108" Y="236" T="800545" />
  <Point X="106" Y="235" T="800561" />
</Gesture>