﻿<?xml version="1.0" encoding="utf-8" standalone="yes"?>
<Gesture Name="right_sq_bracket03" Subject="1" Speed="medium" Number="3" NumPts="44" Millseconds="547" AppName="Gestures" AppVer="3.5.0.0" Date="Monday, March 05, 2007" TimeOfDay="4:55:36 PM">
  <Point X="115" Y="133" T="798098" />
  <Point X="117" Y="131" T="798121" />
  <Point X="119" Y="130" T="798137" />
  <Point X="122" Y="131" T="798150" />
  <Point X="124" Y="129" T="798158" />
  <Point X="126" Y="131" T="798166" />
  <Point X="129" Y="131" T="798174" />
  <Point X="132" Y="130" T="798182" />
  <Point X="135" Y="130" T="798190" />
  <Point X="137" Y="129" T="798198" />
  <Point X="140" Y="130" T="798206" />
  <Point X="142" Y="130" T="798214" />
  <Point X="144" Y="130" T="798222" />
  <Point X="146" Y="129" T="798231" />
  <Point X="148" Y="130" T="798238" />
  <Point X="151" Y="130" T="798250" />
  <Point X="153" Y="131" T="798262" />
  <Point X="156" Y="131" T="798274" />
  <Point X="158" Y="133" T="798291" />
  <Point X="158" Y="135" T="798303" />
  <Point X="159" Y="137" T="798313" />
  <Point X="159" Y="139" T="798323" />
  <Point X="158" Y="147" T="798335" />
  <Point X="159" Y="154" T="798347" />
  <Point X="159" Y="163" T="798360" />
  <Point X="160" Y="174" T="798372" />
  <Point X="162" Y="186" T="798385" />
  <Point X="164" Y="196" T="798398" />
  <Point X="166" Y="204" T="798410" />
  <Point X="166" Y="207" T="798412" />
  <Point X="167" Y="214" T="798426" />
  <Point X="167" Y="219" T="798440" />
  <Point X="168" Y="226" T="798454" />
  <Point X="168" Y="228" T="798468" />
  <Point X="169" Y="233" T="798482" />
  <Point X="167" Y="232" T="798516" />
  <Point X="165" Y="232" T="798530" />
  <Point X="160" Y="229" T="798545" />
  <Point X="151" Y="227" T="798561" />
  <Point X="142" Y="228" T="798578" />
  <Point X="133" Y="228" T="798595" />
  <Point X="125" Y="230" T="798611" />
  <Point X="119" Y="231" T="798628" />
  <Point X="114" Y="232" T="798645" />
</Gesture>