﻿<?xml version="1.0" encoding="utf-8" standalone="yes"?>
<Gesture Name="right_curly_brace09" Subject="1" Speed="medium" Number="9" NumPts="73" Millseconds="1083" AppName="Gestures" AppVer="3.5.0.0" Date="Monday, March 05, 2007" TimeOfDay="5:02:31 PM">
  <Point X="125" Y="149" T="1213143" />
  <Point X="128" Y="147" T="1213199" />
  <Point X="130" Y="147" T="1213207" />
  <Point X="133" Y="146" T="1213215" />
  <Point X="136" Y="145" T="1213224" />
  <Point X="139" Y="144" T="1213232" />
  <Point X="141" Y="145" T="1213240" />
  <Point X="144" Y="145" T="1213248" />
  <Point X="147" Y="145" T="1213256" />
  <Point X="149" Y="145" T="1213264" />
  <Point X="151" Y="147" T="1213272" />
  <Point X="153" Y="149" T="1213281" />
  <Point X="155" Y="150" T="1213288" />
  <Point X="156" Y="153" T="1213297" />
  <Point X="157" Y="155" T="1213305" />
  <Point X="158" Y="157" T="1213313" />
  <Point X="158" Y="160" T="1213322" />
  <Point X="157" Y="162" T="1213331" />
  <Point X="157" Y="164" T="1213340" />
  <Point X="156" Y="167" T="1213350" />
  <Point X="154" Y="169" T="1213360" />
  <Point X="152" Y="171" T="1213369" />
  <Point X="150" Y="173" T="1213380" />
  <Point X="147" Y="175" T="1213390" />
  <Point X="142" Y="176" T="1213401" />
  <Point X="139" Y="177" T="1213412" />
  <Point X="137" Y="178" T="1213423" />
  <Point X="134" Y="178" T="1213424" />
  <Point X="132" Y="178" T="1213436" />
  <Point X="130" Y="180" T="1213448" />
  <Point X="128" Y="181" T="1213449" />
  <Point X="125" Y="182" T="1213462" />
  <Point X="123" Y="184" T="1213475" />
  <Point X="122" Y="187" T="1213493" />
  <Point X="122" Y="189" T="1213506" />
  <Point X="123" Y="192" T="1213519" />
  <Point X="125" Y="194" T="1213533" />
  <Point X="128" Y="196" T="1213547" />
  <Point X="130" Y="196" T="1213561" />
  <Point X="132" Y="196" T="1213562" />
  <Point X="135" Y="197" T="1213576" />
  <Point X="141" Y="196" T="1213591" />
  <Point X="146" Y="194" T="1213607" />
  <Point X="151" Y="194" T="1213624" />
  <Point X="156" Y="193" T="1213640" />
  <Point X="161" Y="191" T="1213656" />
  <Point X="163" Y="191" T="1213677" />
  <Point X="161" Y="191" T="1213705" />
  <Point X="159" Y="189" T="1213721" />
  <Point X="157" Y="190" T="1213738" />
  <Point X="152" Y="190" T="1213755" />
  <Point X="148" Y="193" T="1213773" />
  <Point X="143" Y="195" T="1213791" />
  <Point X="141" Y="195" T="1213808" />
  <Point X="139" Y="196" T="1213826" />
  <Point X="137" Y="196" T="1213853" />
  <Point X="139" Y="199" T="1213909" />
  <Point X="141" Y="201" T="1213928" />
  <Point X="143" Y="200" T="1213946" />
  <Point X="149" Y="205" T="1213966" />
  <Point X="153" Y="208" T="1213985" />
  <Point X="158" Y="213" T="1214005" />
  <Point X="159" Y="215" T="1214006" />
  <Point X="162" Y="218" T="1214026" />
  <Point X="163" Y="226" T="1214046" />
  <Point X="162" Y="229" T="1214066" />
  <Point X="160" Y="235" T="1214087" />
  <Point X="154" Y="241" T="1214110" />
  <Point X="145" Y="246" T="1214131" />
  <Point X="132" Y="247" T="1214155" />
  <Point X="123" Y="249" T="1214178" />
  <Point X="117" Y="249" T="1214200" />
  <Point X="115" Y="250" T="1214226" />
</Gesture>