﻿<?xml version="1.0" encoding="utf-8" standalone="yes"?>
<Gesture Name="right_curly_brace02" Subject="1" Speed="medium" Number="2" NumPts="69" Millseconds="977" AppName="Gestures" AppVer="3.5.0.0" Date="Monday, March 05, 2007" TimeOfDay="5:02:19 PM">
  <Point X="122" Y="144" T="1201443" />
  <Point X="122" Y="142" T="1201459" />
  <Point X="124" Y="141" T="1201483" />
  <Point X="127" Y="141" T="1201496" />
  <Point X="129" Y="141" T="1201504" />
  <Point X="131" Y="141" T="1201512" />
  <Point X="134" Y="141" T="1201520" />
  <Point X="136" Y="140" T="1201528" />
  <Point X="139" Y="140" T="1201536" />
  <Point X="142" Y="142" T="1201544" />
  <Point X="144" Y="143" T="1201552" />
  <Point X="147" Y="145" T="1201561" />
  <Point X="149" Y="146" T="1201568" />
  <Point X="152" Y="149" T="1201580" />
  <Point X="154" Y="152" T="1201596" />
  <Point X="154" Y="154" T="1201607" />
  <Point X="154" Y="156" T="1201620" />
  <Point X="153" Y="159" T="1201629" />
  <Point X="151" Y="161" T="1201638" />
  <Point X="149" Y="162" T="1201647" />
  <Point X="147" Y="164" T="1201658" />
  <Point X="141" Y="169" T="1201668" />
  <Point X="139" Y="171" T="1201678" />
  <Point X="136" Y="173" T="1201689" />
  <Point X="134" Y="174" T="1201699" />
  <Point X="132" Y="174" T="1201700" />
  <Point X="130" Y="176" T="1201712" />
  <Point X="128" Y="178" T="1201723" />
  <Point X="126" Y="180" T="1201724" />
  <Point X="124" Y="182" T="1201737" />
  <Point X="122" Y="185" T="1201748" />
  <Point X="120" Y="189" T="1201763" />
  <Point X="119" Y="192" T="1201775" />
  <Point X="119" Y="194" T="1201776" />
  <Point X="119" Y="196" T="1201792" />
  <Point X="120" Y="198" T="1201805" />
  <Point X="122" Y="201" T="1201819" />
  <Point X="126" Y="201" T="1201833" />
  <Point X="131" Y="202" T="1201847" />
  <Point X="135" Y="202" T="1201862" />
  <Point X="140" Y="201" T="1201876" />
  <Point X="142" Y="201" T="1201891" />
  <Point X="144" Y="200" T="1201906" />
  <Point X="149" Y="198" T="1201922" />
  <Point X="150" Y="195" T="1201944" />
  <Point X="148" Y="196" T="1201980" />
  <Point X="145" Y="196" T="1201996" />
  <Point X="141" Y="197" T="1202012" />
  <Point X="137" Y="199" T="1202028" />
  <Point X="134" Y="200" T="1202045" />
  <Point X="130" Y="202" T="1202062" />
  <Point X="128" Y="203" T="1202079" />
  <Point X="128" Y="205" T="1202143" />
  <Point X="130" Y="206" T="1202160" />
  <Point X="135" Y="207" T="1202178" />
  <Point X="140" Y="209" T="1202197" />
  <Point X="145" Y="213" T="1202216" />
  <Point X="150" Y="220" T="1202236" />
  <Point X="151" Y="222" T="1202254" />
  <Point X="151" Y="225" T="1202255" />
  <Point X="151" Y="231" T="1202274" />
  <Point X="148" Y="238" T="1202294" />
  <Point X="144" Y="243" T="1202314" />
  <Point X="135" Y="249" T="1202335" />
  <Point X="126" Y="250" T="1202357" />
  <Point X="117" Y="249" T="1202378" />
  <Point X="114" Y="250" T="1202379" />
  <Point X="108" Y="252" T="1202399" />
  <Point X="104" Y="254" T="1202420" />
</Gesture>