﻿<?xml version="1.0" encoding="utf-8" standalone="yes"?>
<Gesture Name="right_curly_brace03" Subject="1" Speed="medium" Number="3" NumPts="70" Millseconds="1031" AppName="Gestures" AppVer="3.5.0.0" Date="Monday, March 05, 2007" TimeOfDay="5:02:21 PM">
  <Point X="125" Y="134" T="1203145" />
  <Point X="123" Y="132" T="1203168" />
  <Point X="122" Y="130" T="1203188" />
  <Point X="125" Y="132" T="1203238" />
  <Point X="127" Y="132" T="1203246" />
  <Point X="129" Y="133" T="1203254" />
  <Point X="132" Y="133" T="1203262" />
  <Point X="134" Y="134" T="1203270" />
  <Point X="137" Y="134" T="1203278" />
  <Point X="139" Y="136" T="1203286" />
  <Point X="142" Y="136" T="1203294" />
  <Point X="144" Y="138" T="1203303" />
  <Point X="145" Y="140" T="1203311" />
  <Point X="147" Y="142" T="1203320" />
  <Point X="148" Y="144" T="1203328" />
  <Point X="148" Y="148" T="1203337" />
  <Point X="149" Y="150" T="1203346" />
  <Point X="149" Y="153" T="1203355" />
  <Point X="149" Y="157" T="1203365" />
  <Point X="149" Y="160" T="1203374" />
  <Point X="148" Y="162" T="1203384" />
  <Point X="147" Y="165" T="1203394" />
  <Point X="144" Y="168" T="1203404" />
  <Point X="142" Y="169" T="1203414" />
  <Point X="140" Y="170" T="1203425" />
  <Point X="137" Y="172" T="1203436" />
  <Point X="134" Y="173" T="1203447" />
  <Point X="132" Y="174" T="1203458" />
  <Point X="129" Y="174" T="1203470" />
  <Point X="127" Y="177" T="1203481" />
  <Point X="125" Y="179" T="1203496" />
  <Point X="124" Y="181" T="1203512" />
  <Point X="124" Y="184" T="1203524" />
  <Point X="124" Y="186" T="1203537" />
  <Point X="127" Y="188" T="1203550" />
  <Point X="131" Y="190" T="1203565" />
  <Point X="136" Y="191" T="1203578" />
  <Point X="140" Y="191" T="1203592" />
  <Point X="143" Y="190" T="1203593" />
  <Point X="145" Y="189" T="1203607" />
  <Point X="148" Y="187" T="1203608" />
  <Point X="153" Y="187" T="1203625" />
  <Point X="155" Y="185" T="1203639" />
  <Point X="157" Y="186" T="1203654" />
  <Point X="155" Y="185" T="1203701" />
  <Point X="153" Y="186" T="1203717" />
  <Point X="148" Y="188" T="1203733" />
  <Point X="144" Y="191" T="1203749" />
  <Point X="139" Y="193" T="1203766" />
  <Point X="137" Y="194" T="1203782" />
  <Point X="134" Y="195" T="1203799" />
  <Point X="132" Y="196" T="1203816" />
  <Point X="132" Y="198" T="1203853" />
  <Point X="134" Y="199" T="1203877" />
  <Point X="136" Y="200" T="1203894" />
  <Point X="138" Y="203" T="1203912" />
  <Point X="139" Y="205" T="1203913" />
  <Point X="141" Y="206" T="1203932" />
  <Point X="145" Y="212" T="1203951" />
  <Point X="149" Y="216" T="1203970" />
  <Point X="152" Y="224" T="1203990" />
  <Point X="152" Y="231" T="1204010" />
  <Point X="151" Y="236" T="1204030" />
  <Point X="145" Y="245" T="1204050" />
  <Point X="139" Y="248" T="1204070" />
  <Point X="130" Y="251" T="1204091" />
  <Point X="124" Y="251" T="1204111" />
  <Point X="116" Y="252" T="1204134" />
  <Point X="112" Y="253" T="1204155" />
  <Point X="110" Y="254" T="1204176" />
</Gesture>