﻿<?xml version="1.0" encoding="utf-8" standalone="yes"?>
<Gesture Name="right_curly_brace10" Subject="1" Speed="medium" Number="10" NumPts="73" Millseconds="1041" AppName="Gestures" AppVer="3.5.0.0" Date="Monday, March 05, 2007" TimeOfDay="5:02:33 PM">
  <Point X="130" Y="155" T="1214792" />
  <Point X="128" Y="154" T="1214817" />
  <Point X="128" Y="152" T="1214828" />
  <Point X="129" Y="150" T="1214852" />
  <Point X="131" Y="149" T="1214869" />
  <Point X="133" Y="149" T="1214881" />
  <Point X="135" Y="149" T="1214893" />
  <Point X="137" Y="149" T="1214901" />
  <Point X="140" Y="149" T="1214909" />
  <Point X="142" Y="150" T="1214917" />
  <Point X="145" Y="151" T="1214925" />
  <Point X="148" Y="151" T="1214934" />
  <Point X="151" Y="152" T="1214942" />
  <Point X="153" Y="154" T="1214951" />
  <Point X="155" Y="156" T="1214959" />
  <Point X="156" Y="159" T="1214968" />
  <Point X="158" Y="161" T="1214979" />
  <Point X="158" Y="163" T="1214988" />
  <Point X="157" Y="165" T="1214997" />
  <Point X="157" Y="168" T="1215007" />
  <Point X="155" Y="170" T="1215016" />
  <Point X="154" Y="173" T="1215026" />
  <Point X="152" Y="175" T="1215027" />
  <Point X="150" Y="177" T="1215039" />
  <Point X="147" Y="179" T="1215051" />
  <Point X="144" Y="180" T="1215062" />
  <Point X="142" Y="182" T="1215073" />
  <Point X="140" Y="184" T="1215085" />
  <Point X="135" Y="187" T="1215097" />
  <Point X="133" Y="189" T="1215109" />
  <Point X="131" Y="190" T="1215121" />
  <Point X="130" Y="192" T="1215133" />
  <Point X="129" Y="195" T="1215146" />
  <Point X="129" Y="197" T="1215158" />
  <Point X="130" Y="200" T="1215172" />
  <Point X="132" Y="202" T="1215184" />
  <Point X="135" Y="202" T="1215198" />
  <Point X="137" Y="202" T="1215200" />
  <Point X="139" Y="203" T="1215214" />
  <Point X="145" Y="202" T="1215228" />
  <Point X="150" Y="201" T="1215244" />
  <Point X="155" Y="200" T="1215259" />
  <Point X="157" Y="199" T="1215274" />
  <Point X="160" Y="198" T="1215275" />
  <Point X="162" Y="198" T="1215304" />
  <Point X="160" Y="199" T="1215357" />
  <Point X="157" Y="199" T="1215373" />
  <Point X="155" Y="199" T="1215389" />
  <Point X="152" Y="198" T="1215390" />
  <Point X="148" Y="198" T="1215407" />
  <Point X="144" Y="198" T="1215424" />
  <Point X="142" Y="198" T="1215440" />
  <Point X="140" Y="198" T="1215442" />
  <Point X="137" Y="200" T="1215460" />
  <Point X="135" Y="201" T="1215478" />
  <Point X="138" Y="201" T="1215542" />
  <Point X="140" Y="201" T="1215560" />
  <Point X="142" Y="202" T="1215579" />
  <Point X="147" Y="203" T="1215598" />
  <Point X="149" Y="205" T="1215617" />
  <Point X="151" Y="205" T="1215619" />
  <Point X="154" Y="207" T="1215639" />
  <Point X="159" Y="211" T="1215661" />
  <Point X="160" Y="218" T="1215681" />
  <Point X="159" Y="224" T="1215701" />
  <Point X="158" Y="227" T="1215703" />
  <Point X="155" Y="235" T="1215722" />
  <Point X="147" Y="243" T="1215743" />
  <Point X="138" Y="248" T="1215765" />
  <Point X="125" Y="248" T="1215789" />
  <Point X="123" Y="248" T="1215790" />
  <Point X="118" Y="247" T="1215811" />
  <Point X="113" Y="247" T="1215833" />
</Gesture>