﻿<?xml version="1.0" encoding="utf-8" standalone="yes"?>
<Gesture Name="right_sq_bracket07" Subject="1" Speed="medium" Number="7" NumPts="49" Millseconds="655" AppName="Gestures" AppVer="3.5.0.0" Date="Monday, March 05, 2007" TimeOfDay="4:55:40 PM">
  <Point X="118" Y="126" T="802001" />
  <Point X="120" Y="127" T="802028" />
  <Point X="123" Y="127" T="802040" />
  <Point X="126" Y="129" T="802053" />
  <Point X="128" Y="129" T="802060" />
  <Point X="131" Y="129" T="802068" />
  <Point X="134" Y="129" T="802077" />
  <Point X="137" Y="129" T="802085" />
  <Point X="139" Y="129" T="802093" />
  <Point X="142" Y="130" T="802105" />
  <Point X="144" Y="130" T="802113" />
  <Point X="146" Y="130" T="802125" />
  <Point X="149" Y="131" T="802137" />
  <Point X="151" Y="130" T="802150" />
  <Point X="154" Y="129" T="802162" />
  <Point X="156" Y="128" T="802175" />
  <Point X="158" Y="129" T="802204" />
  <Point X="158" Y="132" T="802220" />
  <Point X="157" Y="134" T="802229" />
  <Point X="156" Y="137" T="802238" />
  <Point X="155" Y="141" T="802248" />
  <Point X="155" Y="145" T="802258" />
  <Point X="154" Y="151" T="802268" />
  <Point X="153" Y="155" T="802279" />
  <Point X="153" Y="162" T="802290" />
  <Point X="153" Y="166" T="802301" />
  <Point X="154" Y="171" T="802311" />
  <Point X="154" Y="174" T="802313" />
  <Point X="155" Y="182" T="802325" />
  <Point X="156" Y="189" T="802337" />
  <Point X="157" Y="196" T="802349" />
  <Point X="157" Y="204" T="802361" />
  <Point X="158" Y="210" T="802374" />
  <Point X="158" Y="215" T="802386" />
  <Point X="158" Y="218" T="802399" />
  <Point X="157" Y="221" T="802412" />
  <Point X="157" Y="224" T="802413" />
  <Point X="156" Y="226" T="802436" />
  <Point X="155" Y="229" T="802488" />
  <Point X="153" Y="231" T="802508" />
  <Point X="151" Y="232" T="802536" />
  <Point X="148" Y="231" T="802550" />
  <Point X="143" Y="231" T="802565" />
  <Point X="140" Y="231" T="802579" />
  <Point X="133" Y="230" T="802594" />
  <Point X="128" Y="229" T="802609" />
  <Point X="124" Y="229" T="802624" />
  <Point X="121" Y="228" T="802641" />
  <Point X="119" Y="228" T="802656" />
</Gesture>