﻿<?xml version="1.0" encoding="utf-8" standalone="yes"?>
<Gesture Name="right_curly_brace04" Subject="1" Speed="medium" Number="4" NumPts="71" Millseconds="1065" AppName="Gestures" AppVer="3.5.0.0" Date="Monday, March 05, 2007" TimeOfDay="5:02:23 PM">
  <Point X="128" Y="136" T="1204820" />
  <Point X="130" Y="136" T="1204894" />
  <Point X="132" Y="136" T="1204907" />
  <Point X="134" Y="135" T="1204915" />
  <Point X="137" Y="135" T="1204927" />
  <Point X="140" Y="135" T="1204935" />
  <Point X="142" Y="136" T="1204943" />
  <Point X="144" Y="137" T="1204951" />
  <Point X="146" Y="138" T="1204959" />
  <Point X="148" Y="140" T="1204971" />
  <Point X="150" Y="142" T="1204987" />
  <Point X="150" Y="145" T="1204995" />
  <Point X="150" Y="147" T="1205003" />
  <Point X="150" Y="151" T="1205011" />
  <Point X="149" Y="153" T="1205019" />
  <Point X="148" Y="155" T="1205028" />
  <Point X="147" Y="159" T="1205036" />
  <Point X="146" Y="161" T="1205045" />
  <Point X="144" Y="165" T="1205055" />
  <Point X="142" Y="167" T="1205056" />
  <Point X="140" Y="169" T="1205067" />
  <Point X="138" Y="172" T="1205077" />
  <Point X="135" Y="174" T="1205087" />
  <Point X="133" Y="175" T="1205098" />
  <Point X="128" Y="180" T="1205109" />
  <Point X="125" Y="183" T="1205120" />
  <Point X="121" Y="187" T="1205131" />
  <Point X="120" Y="190" T="1205142" />
  <Point X="118" Y="192" T="1205154" />
  <Point X="117" Y="195" T="1205166" />
  <Point X="116" Y="197" T="1205178" />
  <Point X="117" Y="200" T="1205191" />
  <Point X="120" Y="201" T="1205203" />
  <Point X="124" Y="202" T="1205216" />
  <Point X="127" Y="202" T="1205229" />
  <Point X="134" Y="200" T="1205244" />
  <Point X="140" Y="200" T="1205257" />
  <Point X="147" Y="201" T="1205271" />
  <Point X="149" Y="200" T="1205285" />
  <Point X="154" Y="200" T="1205300" />
  <Point X="156" Y="199" T="1205315" />
  <Point X="158" Y="199" T="1205329" />
  <Point X="156" Y="198" T="1205376" />
  <Point X="154" Y="198" T="1205391" />
  <Point X="149" Y="199" T="1205407" />
  <Point X="144" Y="201" T="1205423" />
  <Point X="139" Y="202" T="1205439" />
  <Point X="133" Y="204" T="1205455" />
  <Point X="129" Y="204" T="1205472" />
  <Point X="127" Y="204" T="1205489" />
  <Point X="125" Y="206" T="1205507" />
  <Point X="123" Y="208" T="1205532" />
  <Point X="124" Y="210" T="1205549" />
  <Point X="126" Y="211" T="1205567" />
  <Point X="127" Y="213" T="1205584" />
  <Point X="132" Y="217" T="1205602" />
  <Point X="137" Y="220" T="1205621" />
  <Point X="141" Y="223" T="1205639" />
  <Point X="145" Y="227" T="1205658" />
  <Point X="147" Y="233" T="1205677" />
  <Point X="150" Y="240" T="1205697" />
  <Point X="152" Y="244" T="1205716" />
  <Point X="151" Y="248" T="1205736" />
  <Point X="147" Y="252" T="1205756" />
  <Point X="145" Y="253" T="1205757" />
  <Point X="135" Y="257" T="1205777" />
  <Point X="127" Y="258" T="1205798" />
  <Point X="118" Y="259" T="1205821" />
  <Point X="113" Y="261" T="1205845" />
  <Point X="111" Y="262" T="1205866" />
  <Point X="108" Y="261" T="1205885" />
</Gesture>