﻿<?xml version="1.0" encoding="utf-8" standalone="yes"?>
<Gesture Name="right_curly_brace07" Subject="1" Speed="medium" Number="7" NumPts="78" Millseconds="1089" AppName="Gestures" AppVer="3.5.0.0" Date="Monday, March 05, 2007" TimeOfDay="5:02:28 PM">
  <Point X="130" Y="128" T="1209767" />
  <Point X="132" Y="127" T="1209809" />
  <Point X="134" Y="126" T="1209816" />
  <Point X="136" Y="125" T="1209825" />
  <Point X="138" Y="126" T="1209832" />
  <Point X="140" Y="125" T="1209840" />
  <Point X="142" Y="125" T="1209848" />
  <Point X="145" Y="125" T="1209860" />
  <Point X="147" Y="125" T="1209868" />
  <Point X="150" Y="125" T="1209880" />
  <Point X="152" Y="126" T="1209892" />
  <Point X="154" Y="128" T="1209901" />
  <Point X="155" Y="131" T="1209909" />
  <Point X="157" Y="133" T="1209917" />
  <Point X="159" Y="135" T="1209928" />
  <Point X="159" Y="139" T="1209937" />
  <Point X="159" Y="143" T="1209946" />
  <Point X="160" Y="145" T="1209955" />
  <Point X="160" Y="148" T="1209964" />
  <Point X="159" Y="150" T="1209974" />
  <Point X="158" Y="153" T="1209985" />
  <Point X="156" Y="154" T="1210009" />
  <Point X="153" Y="154" T="1210025" />
  <Point X="151" Y="155" T="1210037" />
  <Point X="149" Y="155" T="1210048" />
  <Point X="147" Y="156" T="1210059" />
  <Point X="142" Y="159" T="1210069" />
  <Point X="140" Y="160" T="1210081" />
  <Point X="138" Y="163" T="1210092" />
  <Point X="135" Y="166" T="1210103" />
  <Point X="134" Y="168" T="1210115" />
  <Point X="132" Y="170" T="1210127" />
  <Point X="132" Y="172" T="1210140" />
  <Point X="132" Y="174" T="1210153" />
  <Point X="134" Y="176" T="1210166" />
  <Point X="136" Y="176" T="1210180" />
  <Point X="138" Y="176" T="1210193" />
  <Point X="143" Y="177" T="1210207" />
  <Point X="146" Y="178" T="1210220" />
  <Point X="149" Y="177" T="1210221" />
  <Point X="151" Y="178" T="1210235" />
  <Point X="157" Y="179" T="1210249" />
  <Point X="162" Y="178" T="1210263" />
  <Point X="166" Y="178" T="1210278" />
  <Point X="169" Y="178" T="1210293" />
  <Point X="171" Y="177" T="1210309" />
  <Point X="169" Y="176" T="1210356" />
  <Point X="167" Y="176" T="1210372" />
  <Point X="164" Y="175" T="1210373" />
  <Point X="159" Y="177" T="1210389" />
  <Point X="153" Y="178" T="1210405" />
  <Point X="148" Y="180" T="1210420" />
  <Point X="144" Y="181" T="1210436" />
  <Point X="142" Y="182" T="1210452" />
  <Point X="140" Y="183" T="1210469" />
  <Point X="138" Y="184" T="1210485" />
  <Point X="138" Y="186" T="1210525" />
  <Point X="140" Y="188" T="1210541" />
  <Point X="142" Y="189" T="1210558" />
  <Point X="144" Y="190" T="1210575" />
  <Point X="149" Y="195" T="1210593" />
  <Point X="153" Y="198" T="1210611" />
  <Point X="157" Y="203" T="1210629" />
  <Point X="161" Y="209" T="1210648" />
  <Point X="165" Y="215" T="1210666" />
  <Point X="168" Y="220" T="1210684" />
  <Point X="169" Y="223" T="1210686" />
  <Point X="169" Y="225" T="1210705" />
  <Point X="169" Y="228" T="1210706" />
  <Point X="168" Y="230" T="1210725" />
  <Point X="166" Y="233" T="1210726" />
  <Point X="161" Y="235" T="1210746" />
  <Point X="150" Y="238" T="1210768" />
  <Point X="140" Y="240" T="1210789" />
  <Point X="138" Y="241" T="1210790" />
  <Point X="129" Y="246" T="1210811" />
  <Point X="123" Y="247" T="1210835" />
  <Point X="121" Y="248" T="1210856" />
</Gesture>