﻿<?xml version="1.0" encoding="utf-8" standalone="yes"?>
<Gesture Name="right_curly_brace05" Subject="1" Speed="medium" Number="5" NumPts="73" Millseconds="1071" AppName="Gestures" AppVer="3.5.0.0" Date="Monday, March 05, 2007" TimeOfDay="5:02:25 PM">
  <Point X="126" Y="138" T="1206502" />
  <Point X="128" Y="137" T="1206562" />
  <Point X="131" Y="136" T="1206574" />
  <Point X="133" Y="137" T="1206587" />
  <Point X="135" Y="137" T="1206595" />
  <Point X="137" Y="137" T="1206603" />
  <Point X="139" Y="139" T="1206611" />
  <Point X="141" Y="140" T="1206619" />
  <Point X="143" Y="141" T="1206627" />
  <Point X="145" Y="143" T="1206636" />
  <Point X="147" Y="145" T="1206643" />
  <Point X="150" Y="148" T="1206655" />
  <Point X="152" Y="149" T="1206664" />
  <Point X="154" Y="151" T="1206676" />
  <Point X="156" Y="153" T="1206692" />
  <Point X="156" Y="155" T="1206701" />
  <Point X="156" Y="157" T="1206713" />
  <Point X="154" Y="160" T="1206725" />
  <Point X="152" Y="162" T="1206737" />
  <Point X="150" Y="166" T="1206747" />
  <Point X="148" Y="168" T="1206756" />
  <Point X="146" Y="170" T="1206766" />
  <Point X="144" Y="173" T="1206776" />
  <Point X="139" Y="177" T="1206786" />
  <Point X="137" Y="179" T="1206796" />
  <Point X="134" Y="180" T="1206807" />
  <Point X="130" Y="184" T="1206817" />
  <Point X="128" Y="185" T="1206829" />
  <Point X="125" Y="190" T="1206840" />
  <Point X="124" Y="192" T="1206852" />
  <Point X="123" Y="195" T="1206864" />
  <Point X="123" Y="199" T="1206876" />
  <Point X="123" Y="202" T="1206888" />
  <Point X="126" Y="203" T="1206901" />
  <Point X="131" Y="204" T="1206913" />
  <Point X="133" Y="203" T="1206927" />
  <Point X="139" Y="201" T="1206939" />
  <Point X="141" Y="201" T="1206952" />
  <Point X="144" Y="201" T="1206954" />
  <Point X="146" Y="200" T="1206967" />
  <Point X="151" Y="200" T="1206980" />
  <Point X="155" Y="200" T="1206994" />
  <Point X="158" Y="198" T="1207009" />
  <Point X="160" Y="198" T="1207024" />
  <Point X="162" Y="198" T="1207042" />
  <Point X="159" Y="197" T="1207089" />
  <Point X="157" Y="197" T="1207105" />
  <Point X="154" Y="198" T="1207121" />
  <Point X="152" Y="199" T="1207122" />
  <Point X="148" Y="199" T="1207138" />
  <Point X="144" Y="199" T="1207154" />
  <Point X="140" Y="200" T="1207170" />
  <Point X="137" Y="203" T="1207185" />
  <Point X="135" Y="203" T="1207201" />
  <Point X="133" Y="205" T="1207218" />
  <Point X="131" Y="207" T="1207249" />
  <Point X="133" Y="208" T="1207277" />
  <Point X="135" Y="210" T="1207294" />
  <Point X="137" Y="211" T="1207311" />
  <Point X="139" Y="214" T="1207328" />
  <Point X="143" Y="218" T="1207346" />
  <Point X="145" Y="220" T="1207363" />
  <Point X="149" Y="225" T="1207381" />
  <Point X="152" Y="229" T="1207400" />
  <Point X="153" Y="234" T="1207418" />
  <Point X="152" Y="239" T="1207436" />
  <Point X="148" Y="243" T="1207455" />
  <Point X="142" Y="248" T="1207474" />
  <Point X="133" Y="254" T="1207494" />
  <Point X="123" Y="260" T="1207514" />
  <Point X="117" Y="263" T="1207533" />
  <Point X="112" Y="263" T="1207553" />
  <Point X="110" Y="263" T="1207573" />
</Gesture>