﻿<?xml version="1.0" encoding="utf-8" standalone="yes"?>
<Gesture Name="star01" Subject="1" Speed="medium" Number="1" NumPts="112" Millseconds="1888" AppName="Gestures" AppVer="3.5.0.0" Date="Monday, March 05, 2007" TimeOfDay="4:53:21 PM">
  <Point X="72" Y="252" T="661037" />
  <Point X="74" Y="250" T="661102" />
  <Point X="76" Y="247" T="661123" />
  <Point X="77" Y="245" T="661131" />
  <Point X="78" Y="243" T="661143" />
  <Point X="79" Y="240" T="661150" />
  <Point X="81" Y="235" T="661157" />
  <Point X="82" Y="232" T="661164" />
  <Point X="85" Y="227" T="661171" />
  <Point X="86" Y="225" T="661179" />
  <Point X="87" Y="223" T="661180" />
  <Point X="89" Y="217" T="661190" />
  <Point X="91" Y="212" T="661198" />
  <Point X="92" Y="209" T="661200" />
  <Point X="95" Y="204" T="661209" />
  <Point X="97" Y="198" T="661218" />
  <Point X="100" Y="190" T="661227" />
  <Point X="102" Y="183" T="661236" />
  <Point X="104" Y="177" T="661246" />
  <Point X="105" Y="175" T="661248" />
  <Point X="107" Y="169" T="661258" />
  <Point X="107" Y="165" T="661260" />
  <Point X="110" Y="155" T="661272" />
  <Point X="112" Y="151" T="661282" />
  <Point X="113" Y="148" T="661284" />
  <Point X="115" Y="140" T="661296" />
  <Point X="118" Y="133" T="661307" />
  <Point X="119" Y="131" T="661319" />
  <Point X="121" Y="127" T="661320" />
  <Point X="123" Y="123" T="661333" />
  <Point X="126" Y="116" T="661345" />
  <Point X="129" Y="111" T="661357" />
  <Point X="131" Y="109" T="661369" />
  <Point X="133" Y="106" T="661382" />
  <Point X="135" Y="105" T="661395" />
  <Point X="137" Y="105" T="661411" />
  <Point X="139" Y="107" T="661423" />
  <Point X="140" Y="112" T="661437" />
  <Point X="141" Y="117" T="661451" />
  <Point X="141" Y="120" T="661452" />
  <Point X="143" Y="126" T="661466" />
  <Point X="143" Y="129" T="661468" />
  <Point X="146" Y="141" T="661484" />
  <Point X="150" Y="154" T="661499" />
  <Point X="154" Y="167" T="661515" />
  <Point X="157" Y="176" T="661531" />
  <Point X="158" Y="179" T="661532" />
  <Point X="162" Y="188" T="661550" />
  <Point X="165" Y="200" T="661566" />
  <Point X="166" Y="202" T="661568" />
  <Point X="169" Y="215" T="661585" />
  <Point X="171" Y="224" T="661602" />
  <Point X="172" Y="227" T="661604" />
  <Point X="176" Y="237" T="661624" />
  <Point X="178" Y="245" T="661641" />
  <Point X="179" Y="250" T="661658" />
  <Point X="180" Y="253" T="661660" />
  <Point X="181" Y="257" T="661679" />
  <Point X="180" Y="259" T="661715" />
  <Point X="178" Y="257" T="661767" />
  <Point X="177" Y="255" T="661785" />
  <Point X="173" Y="249" T="661803" />
  <Point X="168" Y="245" T="661822" />
  <Point X="165" Y="243" T="661824" />
  <Point X="156" Y="235" T="661844" />
  <Point X="145" Y="228" T="661864" />
  <Point X="134" Y="220" T="661884" />
  <Point X="123" Y="213" T="661905" />
  <Point X="110" Y="204" T="661926" />
  <Point X="108" Y="203" T="661928" />
  <Point X="95" Y="195" T="661950" />
  <Point X="81" Y="182" T="661973" />
  <Point X="70" Y="174" T="661994" />
  <Point X="68" Y="173" T="661995" />
  <Point X="61" Y="168" T="662019" />
  <Point X="57" Y="167" T="662020" />
  <Point X="48" Y="160" T="662044" />
  <Point X="43" Y="157" T="662066" />
  <Point X="41" Y="156" T="662089" />
  <Point X="43" Y="155" T="662127" />
  <Point X="49" Y="155" T="662150" />
  <Point X="62" Y="154" T="662173" />
  <Point X="75" Y="155" T="662196" />
  <Point X="91" Y="154" T="662220" />
  <Point X="107" Y="154" T="662244" />
  <Point X="123" Y="153" T="662269" />
  <Point X="140" Y="152" T="662293" />
  <Point X="155" Y="150" T="662318" />
  <Point X="171" Y="150" T="662344" />
  <Point X="182" Y="149" T="662369" />
  <Point X="192" Y="149" T="662394" />
  <Point X="200" Y="148" T="662418" />
  <Point X="202" Y="148" T="662420" />
  <Point X="204" Y="147" T="662446" />
  <Point X="203" Y="150" T="662476" />
  <Point X="199" Y="152" T="662501" />
  <Point X="192" Y="159" T="662528" />
  <Point X="183" Y="166" T="662554" />
  <Point X="170" Y="174" T="662583" />
  <Point X="167" Y="177" T="662585" />
  <Point X="153" Y="187" T="662613" />
  <Point X="139" Y="197" T="662641" />
  <Point X="124" Y="207" T="662669" />
  <Point X="111" Y="218" T="662697" />
  <Point X="101" Y="225" T="662725" />
  <Point X="90" Y="235" T="662753" />
  <Point X="83" Y="241" T="662781" />
  <Point X="80" Y="245" T="662810" />
  <Point X="77" Y="249" T="662838" />
  <Point X="75" Y="254" T="662867" />
  <Point X="71" Y="258" T="662896" />
  <Point X="70" Y="256" T="662925" />
</Gesture>