﻿<?xml version="1.0" encoding="utf-8" standalone="yes"?>
<Gesture Name="star10" Subject="1" Speed="medium" Number="10" NumPts="110" Millseconds="1939" AppName="Gestures" AppVer="3.5.0.0" Date="Monday, March 05, 2007" TimeOfDay="4:53:46 PM">
  <Point X="80" Y="254" T="686079" />
  <Point X="80" Y="251" T="686144" />
  <Point X="82" Y="249" T="686165" />
  <Point X="83" Y="247" T="686173" />
  <Point X="84" Y="244" T="686181" />
  <Point X="85" Y="240" T="686190" />
  <Point X="86" Y="237" T="686198" />
  <Point X="88" Y="234" T="686206" />
  <Point X="88" Y="232" T="686213" />
  <Point X="89" Y="229" T="686215" />
  <Point X="90" Y="225" T="686223" />
  <Point X="92" Y="220" T="686230" />
  <Point X="93" Y="216" T="686239" />
  <Point X="94" Y="212" T="686247" />
  <Point X="95" Y="207" T="686256" />
  <Point X="96" Y="202" T="686265" />
  <Point X="97" Y="197" T="686274" />
  <Point X="97" Y="194" T="686275" />
  <Point X="98" Y="188" T="686284" />
  <Point X="100" Y="179" T="686294" />
  <Point X="101" Y="176" T="686304" />
  <Point X="104" Y="167" T="686315" />
  <Point X="106" Y="163" T="686325" />
  <Point X="108" Y="156" T="686336" />
  <Point X="108" Y="148" T="686347" />
  <Point X="109" Y="145" T="686358" />
  <Point X="109" Y="142" T="686359" />
  <Point X="109" Y="135" T="686371" />
  <Point X="109" Y="130" T="686383" />
  <Point X="109" Y="125" T="686394" />
  <Point X="109" Y="122" T="686406" />
  <Point X="109" Y="118" T="686418" />
  <Point X="109" Y="116" T="686431" />
  <Point X="109" Y="114" T="686458" />
  <Point X="109" Y="116" T="686474" />
  <Point X="110" Y="119" T="686487" />
  <Point X="112" Y="125" T="686500" />
  <Point X="113" Y="130" T="686514" />
  <Point X="114" Y="133" T="686515" />
  <Point X="117" Y="141" T="686531" />
  <Point X="119" Y="150" T="686545" />
  <Point X="120" Y="153" T="686547" />
  <Point X="123" Y="165" T="686562" />
  <Point X="127" Y="175" T="686581" />
  <Point X="131" Y="186" T="686596" />
  <Point X="134" Y="195" T="686611" />
  <Point X="138" Y="204" T="686627" />
  <Point X="142" Y="212" T="686643" />
  <Point X="145" Y="221" T="686659" />
  <Point X="148" Y="227" T="686675" />
  <Point X="151" Y="235" T="686691" />
  <Point X="154" Y="240" T="686708" />
  <Point X="156" Y="244" T="686725" />
  <Point X="158" Y="249" T="686742" />
  <Point X="158" Y="251" T="686759" />
  <Point X="158" Y="253" T="686775" />
  <Point X="158" Y="255" T="686794" />
  <Point X="159" Y="257" T="686818" />
  <Point X="156" Y="255" T="686874" />
  <Point X="154" Y="253" T="686892" />
  <Point X="149" Y="249" T="686910" />
  <Point X="144" Y="245" T="686929" />
  <Point X="136" Y="239" T="686948" />
  <Point X="131" Y="234" T="686967" />
  <Point X="121" Y="227" T="686986" />
  <Point X="112" Y="220" T="687006" />
  <Point X="107" Y="217" T="687026" />
  <Point X="104" Y="214" T="687027" />
  <Point X="97" Y="210" T="687049" />
  <Point X="88" Y="203" T="687069" />
  <Point X="78" Y="195" T="687090" />
  <Point X="72" Y="188" T="687111" />
  <Point X="64" Y="181" T="687132" />
  <Point X="59" Y="177" T="687153" />
  <Point X="57" Y="176" T="687155" />
  <Point X="53" Y="173" T="687178" />
  <Point X="50" Y="174" T="687199" />
  <Point X="53" Y="174" T="687263" />
  <Point X="58" Y="175" T="687285" />
  <Point X="67" Y="176" T="687308" />
  <Point X="78" Y="176" T="687331" />
  <Point X="81" Y="176" T="687332" />
  <Point X="94" Y="176" T="687356" />
  <Point X="108" Y="174" T="687381" />
  <Point X="122" Y="172" T="687406" />
  <Point X="136" Y="171" T="687430" />
  <Point X="138" Y="171" T="687432" />
  <Point X="151" Y="169" T="687458" />
  <Point X="162" Y="168" T="687484" />
  <Point X="171" Y="168" T="687508" />
  <Point X="179" Y="168" T="687533" />
  <Point X="183" Y="167" T="687558" />
  <Point X="185" Y="167" T="687588" />
  <Point X="184" Y="169" T="687647" />
  <Point X="179" Y="172" T="687673" />
  <Point X="172" Y="178" T="687699" />
  <Point X="169" Y="181" T="687700" />
  <Point X="160" Y="188" T="687728" />
  <Point X="145" Y="199" T="687757" />
  <Point X="133" Y="207" T="687785" />
  <Point X="123" Y="215" T="687812" />
  <Point X="119" Y="218" T="687813" />
  <Point X="110" Y="224" T="687842" />
  <Point X="98" Y="233" T="687873" />
  <Point X="91" Y="237" T="687901" />
  <Point X="86" Y="240" T="687929" />
  <Point X="84" Y="242" T="687930" />
  <Point X="80" Y="248" T="687960" />
  <Point X="78" Y="252" T="687989" />
  <Point X="77" Y="254" T="688018" />
</Gesture>