﻿<?xml version="1.0" encoding="utf-8" standalone="yes"?>
<Gesture Name="star05" Subject="1" Speed="medium" Number="5" NumPts="108" Millseconds="1876" AppName="Gestures" AppVer="3.5.0.0" Date="Monday, March 05, 2007" TimeOfDay="4:53:32 PM">
  <Point X="75" Y="260" T="672186" />
  <Point X="76" Y="258" T="672214" />
  <Point X="78" Y="256" T="672234" />
  <Point X="80" Y="254" T="672247" />
  <Point X="81" Y="251" T="672259" />
  <Point X="83" Y="249" T="672267" />
  <Point X="84" Y="246" T="672275" />
  <Point X="85" Y="244" T="672283" />
  <Point X="86" Y="241" T="672291" />
  <Point X="87" Y="238" T="672298" />
  <Point X="88" Y="236" T="672300" />
  <Point X="89" Y="233" T="672309" />
  <Point X="90" Y="228" T="672318" />
  <Point X="91" Y="224" T="672326" />
  <Point X="92" Y="222" T="672328" />
  <Point X="93" Y="217" T="672337" />
  <Point X="94" Y="213" T="672346" />
  <Point X="94" Y="211" T="672348" />
  <Point X="95" Y="205" T="672358" />
  <Point X="96" Y="203" T="672360" />
  <Point X="97" Y="195" T="672372" />
  <Point X="98" Y="191" T="672382" />
  <Point X="98" Y="185" T="672392" />
  <Point X="100" Y="176" T="672403" />
  <Point X="101" Y="172" T="672414" />
  <Point X="101" Y="166" T="672425" />
  <Point X="102" Y="161" T="672437" />
  <Point X="102" Y="151" T="672448" />
  <Point X="103" Y="146" T="672460" />
  <Point X="103" Y="140" T="672472" />
  <Point X="105" Y="134" T="672484" />
  <Point X="105" Y="132" T="672496" />
  <Point X="106" Y="127" T="672509" />
  <Point X="107" Y="124" T="672521" />
  <Point X="107" Y="122" T="672534" />
  <Point X="108" Y="119" T="672547" />
  <Point X="110" Y="118" T="672572" />
  <Point X="112" Y="118" T="672600" />
  <Point X="114" Y="120" T="672620" />
  <Point X="116" Y="123" T="672636" />
  <Point X="118" Y="126" T="672650" />
  <Point X="121" Y="132" T="672664" />
  <Point X="123" Y="138" T="672679" />
  <Point X="124" Y="140" T="672681" />
  <Point X="127" Y="147" T="672697" />
  <Point X="132" Y="157" T="672713" />
  <Point X="138" Y="169" T="672729" />
  <Point X="142" Y="178" T="672747" />
  <Point X="143" Y="181" T="672749" />
  <Point X="148" Y="192" T="672767" />
  <Point X="149" Y="195" T="672769" />
  <Point X="153" Y="203" T="672786" />
  <Point X="158" Y="212" T="672803" />
  <Point X="160" Y="215" T="672805" />
  <Point X="165" Y="225" T="672824" />
  <Point X="168" Y="233" T="672842" />
  <Point X="170" Y="237" T="672860" />
  <Point X="171" Y="240" T="672861" />
  <Point X="173" Y="246" T="672881" />
  <Point X="175" Y="251" T="672899" />
  <Point X="176" Y="256" T="672917" />
  <Point X="176" Y="258" T="672936" />
  <Point X="174" Y="260" T="672973" />
  <Point X="172" Y="260" T="672993" />
  <Point X="170" Y="258" T="673012" />
  <Point X="165" Y="254" T="673032" />
  <Point X="157" Y="248" T="673052" />
  <Point X="145" Y="240" T="673072" />
  <Point X="143" Y="238" T="673074" />
  <Point X="130" Y="231" T="673098" />
  <Point X="119" Y="225" T="673119" />
  <Point X="108" Y="219" T="673141" />
  <Point X="105" Y="218" T="673142" />
  <Point X="92" Y="209" T="673166" />
  <Point X="83" Y="204" T="673188" />
  <Point X="73" Y="196" T="673211" />
  <Point X="64" Y="191" T="673233" />
  <Point X="56" Y="183" T="673255" />
  <Point X="52" Y="179" T="673277" />
  <Point X="48" Y="175" T="673302" />
  <Point X="50" Y="175" T="673362" />
  <Point X="54" Y="175" T="673385" />
  <Point X="63" Y="176" T="673408" />
  <Point X="74" Y="175" T="673433" />
  <Point X="88" Y="174" T="673457" />
  <Point X="103" Y="173" T="673482" />
  <Point X="105" Y="172" T="673483" />
  <Point X="122" Y="170" T="673510" />
  <Point X="124" Y="170" T="673511" />
  <Point X="140" Y="169" T="673537" />
  <Point X="157" Y="169" T="673563" />
  <Point X="167" Y="168" T="673589" />
  <Point X="179" Y="168" T="673614" />
  <Point X="186" Y="168" T="673640" />
  <Point X="193" Y="168" T="673666" />
  <Point X="193" Y="170" T="673726" />
  <Point X="188" Y="173" T="673752" />
  <Point X="177" Y="179" T="673778" />
  <Point X="166" Y="187" T="673805" />
  <Point X="151" Y="196" T="673833" />
  <Point X="136" Y="208" T="673861" />
  <Point X="122" Y="218" T="673891" />
  <Point X="107" Y="229" T="673920" />
  <Point X="99" Y="238" T="673948" />
  <Point X="89" Y="247" T="673977" />
  <Point X="83" Y="255" T="674005" />
  <Point X="79" Y="259" T="674034" />
  <Point X="77" Y="261" T="674062" />
</Gesture>