﻿<?xml version="1.0" encoding="utf-8" standalone="yes"?>
<Gesture Name="star02" Subject="1" Speed="medium" Number="2" NumPts="109" Millseconds="1810" AppName="Gestures" AppVer="3.5.0.0" Date="Monday, March 05, 2007" TimeOfDay="4:53:23 PM">
  <Point X="75" Y="250" T="663464" />
  <Point X="75" Y="247" T="663484" />
  <Point X="77" Y="244" T="663500" />
  <Point X="78" Y="242" T="663511" />
  <Point X="79" Y="239" T="663520" />
  <Point X="80" Y="237" T="663528" />
  <Point X="82" Y="234" T="663537" />
  <Point X="82" Y="232" T="663544" />
  <Point X="84" Y="229" T="663551" />
  <Point X="85" Y="225" T="663559" />
  <Point X="87" Y="222" T="663566" />
  <Point X="88" Y="219" T="663573" />
  <Point X="89" Y="216" T="663581" />
  <Point X="91" Y="212" T="663589" />
  <Point X="92" Y="208" T="663598" />
  <Point X="94" Y="204" T="663607" />
  <Point X="95" Y="201" T="663615" />
  <Point X="96" Y="196" T="663625" />
  <Point X="97" Y="194" T="663626" />
  <Point X="98" Y="191" T="663637" />
  <Point X="100" Y="185" T="663647" />
  <Point X="102" Y="178" T="663658" />
  <Point X="104" Y="173" T="663668" />
  <Point X="104" Y="171" T="663670" />
  <Point X="105" Y="164" T="663681" />
  <Point X="106" Y="158" T="663692" />
  <Point X="107" Y="156" T="663694" />
  <Point X="107" Y="152" T="663707" />
  <Point X="108" Y="145" T="663719" />
  <Point X="109" Y="141" T="663730" />
  <Point X="110" Y="139" T="663742" />
  <Point X="112" Y="133" T="663754" />
  <Point X="113" Y="131" T="663767" />
  <Point X="116" Y="127" T="663779" />
  <Point X="117" Y="125" T="663792" />
  <Point X="119" Y="122" T="663808" />
  <Point X="121" Y="121" T="663821" />
  <Point X="123" Y="120" T="663834" />
  <Point X="125" Y="122" T="663853" />
  <Point X="125" Y="125" T="663867" />
  <Point X="127" Y="130" T="663881" />
  <Point X="128" Y="133" T="663882" />
  <Point X="131" Y="143" T="663898" />
  <Point X="136" Y="153" T="663914" />
  <Point X="140" Y="163" T="663929" />
  <Point X="144" Y="172" T="663945" />
  <Point X="145" Y="175" T="663946" />
  <Point X="151" Y="189" T="663967" />
  <Point X="156" Y="201" T="663983" />
  <Point X="161" Y="213" T="663999" />
  <Point X="166" Y="225" T="664016" />
  <Point X="169" Y="233" T="664033" />
  <Point X="171" Y="236" T="664034" />
  <Point X="174" Y="243" T="664053" />
  <Point X="177" Y="247" T="664071" />
  <Point X="178" Y="249" T="664088" />
  <Point X="179" Y="251" T="664105" />
  <Point X="180" Y="253" T="664125" />
  <Point X="180" Y="255" T="664145" />
  <Point X="179" Y="257" T="664166" />
  <Point X="177" Y="257" T="664190" />
  <Point X="174" Y="255" T="664208" />
  <Point X="169" Y="250" T="664227" />
  <Point X="164" Y="247" T="664246" />
  <Point X="160" Y="245" T="664247" />
  <Point X="149" Y="238" T="664269" />
  <Point X="138" Y="230" T="664289" />
  <Point X="127" Y="221" T="664310" />
  <Point X="124" Y="220" T="664311" />
  <Point X="112" Y="212" T="664334" />
  <Point X="110" Y="210" T="664335" />
  <Point X="96" Y="201" T="664358" />
  <Point X="84" Y="195" T="664380" />
  <Point X="74" Y="190" T="664402" />
  <Point X="64" Y="182" T="664425" />
  <Point X="55" Y="175" T="664446" />
  <Point X="51" Y="172" T="664468" />
  <Point X="49" Y="170" T="664490" />
  <Point X="51" Y="169" T="664538" />
  <Point X="56" Y="169" T="664560" />
  <Point X="66" Y="169" T="664583" />
  <Point X="78" Y="168" T="664606" />
  <Point X="92" Y="166" T="664630" />
  <Point X="107" Y="164" T="664655" />
  <Point X="123" Y="161" T="664679" />
  <Point X="140" Y="162" T="664704" />
  <Point X="156" Y="162" T="664728" />
  <Point X="171" Y="160" T="664753" />
  <Point X="173" Y="160" T="664755" />
  <Point X="186" Y="160" T="664781" />
  <Point X="195" Y="160" T="664805" />
  <Point X="198" Y="161" T="664807" />
  <Point X="203" Y="163" T="664833" />
  <Point X="208" Y="163" T="664858" />
  <Point X="206" Y="164" T="664893" />
  <Point X="200" Y="167" T="664918" />
  <Point X="187" Y="172" T="664945" />
  <Point X="174" Y="179" T="664973" />
  <Point X="172" Y="181" T="664974" />
  <Point X="153" Y="192" T="665006" />
  <Point X="137" Y="201" T="665034" />
  <Point X="123" Y="211" T="665062" />
  <Point X="112" Y="220" T="665090" />
  <Point X="99" Y="229" T="665118" />
  <Point X="90" Y="237" T="665146" />
  <Point X="80" Y="244" T="665174" />
  <Point X="73" Y="250" T="665203" />
  <Point X="69" Y="254" T="665231" />
  <Point X="69" Y="252" T="665274" />
</Gesture>