﻿<?xml version="1.0" encoding="utf-8" standalone="yes"?>
<Gesture Name="star07" Subject="1" Speed="medium" Number="7" NumPts="112" Millseconds="1983" AppName="Gestures" AppVer="3.5.0.0" Date="Monday, March 05, 2007" TimeOfDay="4:53:37 PM">
  <Point X="78" Y="261" T="677461" />
  <Point X="78" Y="259" T="677481" />
  <Point X="79" Y="257" T="677505" />
  <Point X="80" Y="255" T="677518" />
  <Point X="82" Y="252" T="677531" />
  <Point X="83" Y="249" T="677538" />
  <Point X="84" Y="246" T="677546" />
  <Point X="85" Y="243" T="677554" />
  <Point X="86" Y="240" T="677562" />
  <Point X="87" Y="236" T="677570" />
  <Point X="88" Y="233" T="677578" />
  <Point X="89" Y="230" T="677586" />
  <Point X="90" Y="225" T="677594" />
  <Point X="91" Y="221" T="677603" />
  <Point X="93" Y="216" T="677612" />
  <Point X="93" Y="213" T="677620" />
  <Point X="95" Y="207" T="677630" />
  <Point X="96" Y="202" T="677639" />
  <Point X="96" Y="200" T="677640" />
  <Point X="97" Y="195" T="677650" />
  <Point X="97" Y="191" T="677660" />
  <Point X="98" Y="188" T="677670" />
  <Point X="99" Y="180" T="677680" />
  <Point X="100" Y="176" T="677691" />
  <Point X="100" Y="170" T="677702" />
  <Point X="101" Y="163" T="677713" />
  <Point X="102" Y="157" T="677724" />
  <Point X="103" Y="152" T="677736" />
  <Point X="105" Y="146" T="677747" />
  <Point X="105" Y="144" T="677759" />
  <Point X="106" Y="141" T="677760" />
  <Point X="106" Y="138" T="677774" />
  <Point X="106" Y="132" T="677786" />
  <Point X="107" Y="127" T="677799" />
  <Point X="108" Y="124" T="677813" />
  <Point X="108" Y="119" T="677826" />
  <Point X="110" Y="113" T="677840" />
  <Point X="111" Y="111" T="677853" />
  <Point X="112" Y="109" T="677871" />
  <Point X="113" Y="112" T="677903" />
  <Point X="114" Y="114" T="677917" />
  <Point X="115" Y="119" T="677931" />
  <Point X="116" Y="122" T="677946" />
  <Point X="118" Y="129" T="677961" />
  <Point X="121" Y="137" T="677976" />
  <Point X="125" Y="147" T="677992" />
  <Point X="130" Y="156" T="678007" />
  <Point X="134" Y="165" T="678023" />
  <Point X="138" Y="175" T="678040" />
  <Point X="143" Y="184" T="678056" />
  <Point X="147" Y="192" T="678072" />
  <Point X="150" Y="199" T="678089" />
  <Point X="157" Y="211" T="678109" />
  <Point X="160" Y="219" T="678126" />
  <Point X="161" Y="221" T="678128" />
  <Point X="166" Y="229" T="678147" />
  <Point X="166" Y="232" T="678148" />
  <Point X="170" Y="238" T="678166" />
  <Point X="173" Y="247" T="678184" />
  <Point X="176" Y="252" T="678202" />
  <Point X="177" Y="258" T="678221" />
  <Point X="177" Y="260" T="678239" />
  <Point X="175" Y="258" T="678297" />
  <Point X="173" Y="256" T="678316" />
  <Point X="168" Y="252" T="678335" />
  <Point X="161" Y="246" T="678355" />
  <Point X="153" Y="240" T="678376" />
  <Point X="143" Y="232" T="678396" />
  <Point X="130" Y="224" T="678419" />
  <Point X="119" Y="215" T="678441" />
  <Point X="108" Y="207" T="678462" />
  <Point X="106" Y="206" T="678463" />
  <Point X="95" Y="196" T="678486" />
  <Point X="82" Y="188" T="678513" />
  <Point X="75" Y="182" T="678535" />
  <Point X="66" Y="174" T="678556" />
  <Point X="58" Y="169" T="678578" />
  <Point X="51" Y="165" T="678600" />
  <Point X="48" Y="163" T="678623" />
  <Point X="50" Y="163" T="678689" />
  <Point X="56" Y="164" T="678711" />
  <Point X="65" Y="164" T="678734" />
  <Point X="77" Y="163" T="678758" />
  <Point X="92" Y="163" T="678782" />
  <Point X="109" Y="161" T="678806" />
  <Point X="127" Y="158" T="678831" />
  <Point X="144" Y="158" T="678856" />
  <Point X="146" Y="158" T="678858" />
  <Point X="161" Y="157" T="678883" />
  <Point X="173" Y="157" T="678912" />
  <Point X="182" Y="158" T="678936" />
  <Point X="185" Y="158" T="678938" />
  <Point X="189" Y="158" T="678964" />
  <Point X="192" Y="160" T="678989" />
  <Point X="190" Y="162" T="679029" />
  <Point X="188" Y="164" T="679055" />
  <Point X="179" Y="171" T="679082" />
  <Point X="171" Y="176" T="679108" />
  <Point X="162" Y="185" T="679133" />
  <Point X="151" Y="194" T="679160" />
  <Point X="148" Y="196" T="679161" />
  <Point X="135" Y="207" T="679190" />
  <Point X="123" Y="217" T="679218" />
  <Point X="108" Y="230" T="679245" />
  <Point X="100" Y="237" T="679273" />
  <Point X="93" Y="245" T="679300" />
  <Point X="91" Y="245" T="679301" />
  <Point X="85" Y="251" T="679331" />
  <Point X="83" Y="253" T="679359" />
  <Point X="81" Y="256" T="679386" />
  <Point X="79" Y="259" T="679414" />
  <Point X="78" Y="261" T="679444" />
</Gesture>