﻿<?xml version="1.0" encoding="utf-8" standalone="yes"?>
<Gesture Name="star03" Subject="1" Speed="medium" Number="3" NumPts="106" Millseconds="1777" AppName="Gestures" AppVer="3.5.0.0" Date="Monday, March 05, 2007" TimeOfDay="4:53:26 PM">
  <Point X="83" Y="251" T="665902" />
  <Point X="84" Y="248" T="665935" />
  <Point X="85" Y="245" T="665947" />
  <Point X="86" Y="242" T="665955" />
  <Point X="87" Y="240" T="665962" />
  <Point X="88" Y="237" T="665970" />
  <Point X="89" Y="235" T="665978" />
  <Point X="90" Y="232" T="665986" />
  <Point X="92" Y="229" T="665994" />
  <Point X="93" Y="225" T="666002" />
  <Point X="95" Y="222" T="666010" />
  <Point X="96" Y="219" T="666018" />
  <Point X="96" Y="216" T="666026" />
  <Point X="98" Y="211" T="666035" />
  <Point X="99" Y="207" T="666044" />
  <Point X="100" Y="202" T="666053" />
  <Point X="101" Y="197" T="666062" />
  <Point X="102" Y="195" T="666063" />
  <Point X="104" Y="187" T="666074" />
  <Point X="105" Y="182" T="666084" />
  <Point X="106" Y="179" T="666094" />
  <Point X="106" Y="176" T="666095" />
  <Point X="107" Y="173" T="666105" />
  <Point X="108" Y="171" T="666107" />
  <Point X="109" Y="166" T="666118" />
  <Point X="110" Y="163" T="666129" />
  <Point X="112" Y="155" T="666140" />
  <Point X="113" Y="150" T="666152" />
  <Point X="114" Y="144" T="666163" />
  <Point X="114" Y="139" T="666175" />
  <Point X="114" Y="134" T="666187" />
  <Point X="115" Y="129" T="666199" />
  <Point X="115" Y="126" T="666212" />
  <Point X="116" Y="123" T="666225" />
  <Point X="118" Y="121" T="666237" />
  <Point X="120" Y="123" T="666278" />
  <Point X="120" Y="126" T="666290" />
  <Point X="122" Y="129" T="666303" />
  <Point X="124" Y="134" T="666316" />
  <Point X="127" Y="141" T="666330" />
  <Point X="130" Y="148" T="666345" />
  <Point X="134" Y="159" T="666359" />
  <Point X="138" Y="170" T="666375" />
  <Point X="143" Y="180" T="666391" />
  <Point X="147" Y="192" T="666406" />
  <Point X="150" Y="201" T="666422" />
  <Point X="151" Y="203" T="666423" />
  <Point X="156" Y="215" T="666441" />
  <Point X="159" Y="225" T="666457" />
  <Point X="160" Y="227" T="666459" />
  <Point X="162" Y="234" T="666476" />
  <Point X="166" Y="244" T="666495" />
  <Point X="168" Y="249" T="666512" />
  <Point X="169" Y="252" T="666528" />
  <Point X="167" Y="252" T="666586" />
  <Point X="164" Y="250" T="666603" />
  <Point X="159" Y="248" T="666621" />
  <Point X="154" Y="245" T="666639" />
  <Point X="144" Y="242" T="666657" />
  <Point X="133" Y="237" T="666675" />
  <Point X="121" Y="230" T="666694" />
  <Point X="112" Y="224" T="666714" />
  <Point X="109" Y="223" T="666715" />
  <Point X="96" Y="217" T="666736" />
  <Point X="85" Y="210" T="666756" />
  <Point X="74" Y="203" T="666777" />
  <Point X="65" Y="195" T="666797" />
  <Point X="63" Y="194" T="666799" />
  <Point X="58" Y="190" T="666821" />
  <Point X="50" Y="187" T="666841" />
  <Point X="46" Y="185" T="666862" />
  <Point X="44" Y="182" T="666882" />
  <Point X="43" Y="180" T="666906" />
  <Point X="45" Y="178" T="666927" />
  <Point X="52" Y="178" T="666948" />
  <Point X="63" Y="178" T="666970" />
  <Point X="75" Y="175" T="666993" />
  <Point X="89" Y="174" T="667015" />
  <Point X="104" Y="172" T="667038" />
  <Point X="118" Y="171" T="667061" />
  <Point X="121" Y="171" T="667063" />
  <Point X="137" Y="170" T="667087" />
  <Point X="152" Y="169" T="667112" />
  <Point X="165" Y="169" T="667136" />
  <Point X="175" Y="168" T="667160" />
  <Point X="184" Y="168" T="667183" />
  <Point X="191" Y="168" T="667207" />
  <Point X="196" Y="170" T="667231" />
  <Point X="200" Y="171" T="667255" />
  <Point X="201" Y="173" T="667278" />
  <Point X="199" Y="173" T="667306" />
  <Point X="195" Y="177" T="667331" />
  <Point X="187" Y="181" T="667356" />
  <Point X="176" Y="186" T="667382" />
  <Point X="174" Y="187" T="667383" />
  <Point X="157" Y="197" T="667415" />
  <Point X="142" Y="207" T="667443" />
  <Point X="128" Y="216" T="667470" />
  <Point X="126" Y="217" T="667471" />
  <Point X="114" Y="224" T="667501" />
  <Point X="101" Y="233" T="667528" />
  <Point X="93" Y="238" T="667555" />
  <Point X="86" Y="244" T="667583" />
  <Point X="80" Y="250" T="667611" />
  <Point X="78" Y="251" T="667638" />
  <Point X="79" Y="249" T="667679" />
</Gesture>