﻿<?xml version="1.0" encoding="utf-8" standalone="yes"?>
<Gesture Name="star04" Subject="1" Speed="medium" Number="4" NumPts="113" Millseconds="1947" AppName="Gestures" AppVer="3.5.0.0" Date="Monday, March 05, 2007" TimeOfDay="4:53:29 PM">
  <Point X="79" Y="256" T="669554" />
  <Point X="80" Y="254" T="669580" />
  <Point X="82" Y="251" T="669597" />
  <Point X="84" Y="249" T="669605" />
  <Point X="86" Y="247" T="669618" />
  <Point X="88" Y="244" T="669630" />
  <Point X="88" Y="242" T="669637" />
  <Point X="90" Y="238" T="669644" />
  <Point X="91" Y="235" T="669650" />
  <Point X="92" Y="232" T="669658" />
  <Point X="94" Y="228" T="669666" />
  <Point X="95" Y="225" T="669674" />
  <Point X="97" Y="220" T="669682" />
  <Point X="98" Y="216" T="669691" />
  <Point X="99" Y="211" T="669699" />
  <Point X="101" Y="207" T="669708" />
  <Point X="103" Y="203" T="669717" />
  <Point X="103" Y="201" T="669719" />
  <Point X="105" Y="197" T="669729" />
  <Point X="107" Y="191" T="669739" />
  <Point X="108" Y="188" T="669749" />
  <Point X="110" Y="182" T="669759" />
  <Point X="112" Y="178" T="669769" />
  <Point X="115" Y="170" T="669780" />
  <Point X="116" Y="163" T="669791" />
  <Point X="117" Y="158" T="669802" />
  <Point X="118" Y="155" T="669813" />
  <Point X="118" Y="146" T="669825" />
  <Point X="118" Y="140" T="669836" />
  <Point X="119" Y="134" T="669848" />
  <Point X="119" Y="128" T="669860" />
  <Point X="120" Y="125" T="669872" />
  <Point X="121" Y="119" T="669885" />
  <Point X="122" Y="114" T="669898" />
  <Point X="122" Y="112" T="669911" />
  <Point X="123" Y="110" T="669932" />
  <Point X="123" Y="112" T="669956" />
  <Point X="124" Y="115" T="669971" />
  <Point X="125" Y="120" T="669985" />
  <Point X="126" Y="123" T="669998" />
  <Point X="128" Y="127" T="670000" />
  <Point X="131" Y="136" T="670015" />
  <Point X="134" Y="144" T="670030" />
  <Point X="138" Y="156" T="670046" />
  <Point X="142" Y="167" T="670061" />
  <Point X="145" Y="177" T="670079" />
  <Point X="146" Y="179" T="670080" />
  <Point X="149" Y="190" T="670098" />
  <Point X="152" Y="201" T="670114" />
  <Point X="155" Y="210" T="670130" />
  <Point X="156" Y="212" T="670131" />
  <Point X="159" Y="220" T="670150" />
  <Point X="159" Y="222" T="670152" />
  <Point X="161" Y="227" T="670169" />
  <Point X="164" Y="236" T="670187" />
  <Point X="165" Y="240" T="670204" />
  <Point X="166" Y="242" T="670222" />
  <Point X="166" Y="246" T="670239" />
  <Point X="167" Y="249" T="670257" />
  <Point X="167" Y="252" T="670274" />
  <Point X="166" Y="254" T="670292" />
  <Point X="164" Y="255" T="670335" />
  <Point X="163" Y="253" T="670353" />
  <Point X="159" Y="249" T="670372" />
  <Point X="151" Y="242" T="670392" />
  <Point X="143" Y="233" T="670413" />
  <Point X="133" Y="225" T="670433" />
  <Point X="125" Y="218" T="670454" />
  <Point X="121" Y="215" T="670456" />
  <Point X="111" Y="207" T="670477" />
  <Point X="101" Y="198" T="670498" />
  <Point X="88" Y="190" T="670519" />
  <Point X="82" Y="185" T="670540" />
  <Point X="73" Y="181" T="670562" />
  <Point X="65" Y="176" T="670583" />
  <Point X="60" Y="173" T="670605" />
  <Point X="57" Y="169" T="670626" />
  <Point X="55" Y="168" T="670648" />
  <Point X="54" Y="166" T="670670" />
  <Point X="56" Y="165" T="670692" />
  <Point X="62" Y="166" T="670715" />
  <Point X="71" Y="167" T="670738" />
  <Point X="82" Y="166" T="670761" />
  <Point X="95" Y="165" T="670786" />
  <Point X="107" Y="163" T="670810" />
  <Point X="120" Y="161" T="670834" />
  <Point X="123" Y="161" T="670836" />
  <Point X="136" Y="161" T="670861" />
  <Point X="149" Y="159" T="670886" />
  <Point X="151" Y="159" T="670887" />
  <Point X="161" Y="159" T="670913" />
  <Point X="171" Y="159" T="670938" />
  <Point X="179" Y="160" T="670964" />
  <Point X="185" Y="160" T="670990" />
  <Point X="189" Y="159" T="671015" />
  <Point X="188" Y="162" T="671075" />
  <Point X="185" Y="164" T="671101" />
  <Point X="177" Y="169" T="671128" />
  <Point X="168" Y="176" T="671154" />
  <Point X="164" Y="178" T="671156" />
  <Point X="154" Y="185" T="671184" />
  <Point X="142" Y="195" T="671212" />
  <Point X="127" Y="207" T="671239" />
  <Point X="116" Y="216" T="671267" />
  <Point X="107" Y="224" T="671296" />
  <Point X="97" Y="233" T="671324" />
  <Point X="92" Y="240" T="671352" />
  <Point X="87" Y="246" T="671382" />
  <Point X="84" Y="250" T="671410" />
  <Point X="83" Y="252" T="671439" />
  <Point X="81" Y="254" T="671440" />
  <Point X="80" Y="256" T="671471" />
  <Point X="78" Y="258" T="671501" />
</Gesture>