﻿<?xml version="1.0" encoding="utf-8" standalone="yes"?>
<Gesture Name="star09" Subject="1" Speed="medium" Number="9" NumPts="116" Millseconds="2066" AppName="Gestures" AppVer="3.5.0.0" Date="Monday, March 05, 2007" TimeOfDay="4:53:43 PM">
  <Point X="80" Y="261" T="683110" />
  <Point X="80" Y="259" T="683126" />
  <Point X="80" Y="257" T="683138" />
  <Point X="80" Y="254" T="683147" />
  <Point X="81" Y="252" T="683159" />
  <Point X="82" Y="250" T="683168" />
  <Point X="83" Y="246" T="683176" />
  <Point X="84" Y="243" T="683184" />
  <Point X="84" Y="239" T="683192" />
  <Point X="85" Y="236" T="683200" />
  <Point X="85" Y="232" T="683208" />
  <Point X="85" Y="230" T="683215" />
  <Point X="85" Y="228" T="683216" />
  <Point X="85" Y="226" T="683225" />
  <Point X="85" Y="221" T="683232" />
  <Point X="86" Y="218" T="683240" />
  <Point X="86" Y="213" T="683248" />
  <Point X="86" Y="211" T="683257" />
  <Point X="87" Y="205" T="683265" />
  <Point X="87" Y="202" T="683274" />
  <Point X="87" Y="196" T="683283" />
  <Point X="87" Y="194" T="683284" />
  <Point X="87" Y="190" T="683295" />
  <Point X="87" Y="183" T="683305" />
  <Point X="87" Y="181" T="683314" />
  <Point X="87" Y="174" T="683324" />
  <Point X="87" Y="172" T="683334" />
  <Point X="87" Y="165" T="683345" />
  <Point X="88" Y="161" T="683355" />
  <Point X="89" Y="158" T="683366" />
  <Point X="91" Y="149" T="683377" />
  <Point X="93" Y="144" T="683389" />
  <Point X="94" Y="139" T="683400" />
  <Point X="95" Y="136" T="683412" />
  <Point X="96" Y="131" T="683425" />
  <Point X="96" Y="128" T="683437" />
  <Point X="96" Y="122" T="683449" />
  <Point X="96" Y="119" T="683462" />
  <Point X="97" Y="115" T="683475" />
  <Point X="97" Y="113" T="683487" />
  <Point X="97" Y="111" T="683489" />
  <Point X="98" Y="109" T="683504" />
  <Point X="99" Y="107" T="683518" />
  <Point X="100" Y="104" T="683531" />
  <Point X="102" Y="105" T="683572" />
  <Point X="103" Y="108" T="683588" />
  <Point X="104" Y="110" T="683603" />
  <Point X="106" Y="115" T="683618" />
  <Point X="110" Y="122" T="683633" />
  <Point X="114" Y="132" T="683649" />
  <Point X="118" Y="142" T="683665" />
  <Point X="122" Y="152" T="683681" />
  <Point X="126" Y="162" T="683697" />
  <Point X="131" Y="171" T="683713" />
  <Point X="136" Y="181" T="683730" />
  <Point X="140" Y="189" T="683746" />
  <Point X="145" Y="197" T="683763" />
  <Point X="148" Y="201" T="683764" />
  <Point X="153" Y="211" T="683784" />
  <Point X="154" Y="213" T="683785" />
  <Point X="159" Y="223" T="683805" />
  <Point X="163" Y="229" T="683823" />
  <Point X="165" Y="235" T="683841" />
  <Point X="168" Y="239" T="683859" />
  <Point X="168" Y="241" T="683877" />
  <Point X="168" Y="244" T="683901" />
  <Point X="168" Y="246" T="683919" />
  <Point X="166" Y="247" T="683944" />
  <Point X="163" Y="246" T="683964" />
  <Point X="161" Y="245" T="683984" />
  <Point X="158" Y="244" T="684004" />
  <Point X="154" Y="244" T="684025" />
  <Point X="149" Y="240" T="684046" />
  <Point X="140" Y="233" T="684067" />
  <Point X="128" Y="223" T="684089" />
  <Point X="117" Y="214" T="684112" />
  <Point X="105" Y="203" T="684134" />
  <Point X="94" Y="194" T="684156" />
  <Point X="85" Y="187" T="684179" />
  <Point X="73" Y="180" T="684202" />
  <Point X="62" Y="173" T="684225" />
  <Point X="56" Y="168" T="684248" />
  <Point X="53" Y="167" T="684249" />
  <Point X="46" Y="161" T="684274" />
  <Point X="44" Y="159" T="684299" />
  <Point X="41" Y="157" T="684323" />
  <Point X="44" Y="159" T="684364" />
  <Point X="49" Y="159" T="684389" />
  <Point X="62" Y="161" T="684414" />
  <Point X="77" Y="163" T="684440" />
  <Point X="92" Y="162" T="684466" />
  <Point X="109" Y="164" T="684493" />
  <Point X="124" Y="165" T="684519" />
  <Point X="141" Y="166" T="684545" />
  <Point X="157" Y="166" T="684573" />
  <Point X="172" Y="168" T="684600" />
  <Point X="181" Y="170" T="684626" />
  <Point X="185" Y="169" T="684653" />
  <Point X="188" Y="168" T="684681" />
  <Point X="185" Y="170" T="684716" />
  <Point X="180" Y="173" T="684743" />
  <Point X="172" Y="177" T="684770" />
  <Point X="160" Y="186" T="684797" />
  <Point X="149" Y="194" T="684826" />
  <Point X="140" Y="202" T="684854" />
  <Point X="130" Y="211" T="684882" />
  <Point X="124" Y="219" T="684910" />
  <Point X="115" Y="226" T="684939" />
  <Point X="107" Y="234" T="684968" />
  <Point X="101" Y="242" T="684997" />
  <Point X="93" Y="249" T="685027" />
  <Point X="88" Y="255" T="685056" />
  <Point X="83" Y="261" T="685085" />
  <Point X="80" Y="262" T="685115" />
  <Point X="79" Y="264" T="685144" />
  <Point X="79" Y="262" T="685176" />
</Gesture>