﻿<?xml version="1.0" encoding="utf-8" standalone="yes"?>
<Gesture Name="star08" Subject="1" Speed="medium" Number="8" NumPts="116" Millseconds="1867" AppName="Gestures" AppVer="3.5.0.0" Date="Monday, March 05, 2007" TimeOfDay="4:53:40 PM">
  <Point X="83" Y="257" T="680406" />
  <Point X="83" Y="255" T="680447" />
  <Point X="84" Y="253" T="680459" />
  <Point X="85" Y="251" T="680470" />
  <Point X="85" Y="249" T="680478" />
  <Point X="86" Y="247" T="680486" />
  <Point X="86" Y="243" T="680498" />
  <Point X="87" Y="241" T="680506" />
  <Point X="87" Y="238" T="680514" />
  <Point X="88" Y="236" T="680521" />
  <Point X="88" Y="234" T="680528" />
  <Point X="88" Y="231" T="680535" />
  <Point X="89" Y="228" T="680542" />
  <Point X="89" Y="226" T="680543" />
  <Point X="89" Y="222" T="680553" />
  <Point X="90" Y="220" T="680561" />
  <Point X="91" Y="217" T="680569" />
  <Point X="92" Y="211" T="680577" />
  <Point X="92" Y="209" T="680578" />
  <Point X="94" Y="205" T="680589" />
  <Point X="94" Y="203" T="680590" />
  <Point X="94" Y="201" T="680601" />
  <Point X="95" Y="197" T="680603" />
  <Point X="96" Y="195" T="680614" />
  <Point X="96" Y="191" T="680615" />
  <Point X="97" Y="185" T="680627" />
  <Point X="98" Y="180" T="680637" />
  <Point X="98" Y="178" T="680638" />
  <Point X="99" Y="172" T="680651" />
  <Point X="100" Y="170" T="680662" />
  <Point X="101" Y="166" T="680673" />
  <Point X="102" Y="161" T="680684" />
  <Point X="104" Y="155" T="680696" />
  <Point X="105" Y="151" T="680707" />
  <Point X="106" Y="144" T="680721" />
  <Point X="107" Y="139" T="680733" />
  <Point X="108" Y="136" T="680745" />
  <Point X="108" Y="134" T="680746" />
  <Point X="108" Y="131" T="680761" />
  <Point X="108" Y="128" T="680787" />
  <Point X="109" Y="126" T="680800" />
  <Point X="110" Y="123" T="680813" />
  <Point X="112" Y="120" T="680827" />
  <Point X="112" Y="118" T="680841" />
  <Point X="114" Y="118" T="680884" />
  <Point X="115" Y="120" T="680900" />
  <Point X="115" Y="123" T="680915" />
  <Point X="117" Y="128" T="680930" />
  <Point X="120" Y="138" T="680945" />
  <Point X="124" Y="149" T="680960" />
  <Point X="127" Y="157" T="680976" />
  <Point X="128" Y="160" T="680977" />
  <Point X="133" Y="172" T="680995" />
  <Point X="135" Y="176" T="680996" />
  <Point X="139" Y="186" T="681015" />
  <Point X="144" Y="197" T="681032" />
  <Point X="145" Y="200" T="681033" />
  <Point X="151" Y="213" T="681052" />
  <Point X="156" Y="222" T="681070" />
  <Point X="160" Y="230" T="681087" />
  <Point X="160" Y="232" T="681088" />
  <Point X="165" Y="241" T="681108" />
  <Point X="168" Y="246" T="681126" />
  <Point X="170" Y="251" T="681144" />
  <Point X="171" Y="253" T="681162" />
  <Point X="171" Y="255" T="681181" />
  <Point X="169" Y="256" T="681208" />
  <Point X="167" Y="253" T="681227" />
  <Point X="160" Y="248" T="681246" />
  <Point X="155" Y="244" T="681266" />
  <Point X="144" Y="237" T="681285" />
  <Point X="134" Y="231" T="681306" />
  <Point X="122" Y="220" T="681327" />
  <Point X="110" Y="213" T="681348" />
  <Point X="108" Y="212" T="681349" />
  <Point X="95" Y="205" T="681374" />
  <Point X="84" Y="200" T="681395" />
  <Point X="82" Y="198" T="681397" />
  <Point X="73" Y="193" T="681423" />
  <Point X="63" Y="187" T="681445" />
  <Point X="56" Y="180" T="681467" />
  <Point X="51" Y="177" T="681489" />
  <Point X="49" Y="177" T="681511" />
  <Point X="47" Y="175" T="681533" />
  <Point X="49" Y="174" T="681556" />
  <Point X="52" Y="175" T="681579" />
  <Point X="54" Y="176" T="681581" />
  <Point X="63" Y="177" T="681606" />
  <Point X="75" Y="176" T="681629" />
  <Point X="89" Y="175" T="681654" />
  <Point X="104" Y="174" T="681679" />
  <Point X="120" Y="173" T="681703" />
  <Point X="123" Y="172" T="681705" />
  <Point X="140" Y="171" T="681732" />
  <Point X="153" Y="170" T="681758" />
  <Point X="163" Y="170" T="681783" />
  <Point X="167" Y="169" T="681785" />
  <Point X="176" Y="170" T="681812" />
  <Point X="183" Y="169" T="681838" />
  <Point X="187" Y="170" T="681865" />
  <Point X="186" Y="172" T="681901" />
  <Point X="183" Y="175" T="681927" />
  <Point X="176" Y="178" T="681954" />
  <Point X="168" Y="185" T="681981" />
  <Point X="155" Y="193" T="682008" />
  <Point X="153" Y="195" T="682009" />
  <Point X="138" Y="206" T="682040" />
  <Point X="122" Y="218" T="682069" />
  <Point X="120" Y="220" T="682070" />
  <Point X="107" Y="230" T="682101" />
  <Point X="95" Y="240" T="682129" />
  <Point X="88" Y="246" T="682158" />
  <Point X="81" Y="251" T="682186" />
  <Point X="77" Y="256" T="682216" />
  <Point X="73" Y="260" T="682244" />
  <Point X="71" Y="263" T="682273" />
</Gesture>