﻿<?xml version="1.0" encoding="utf-8" standalone="yes"?>
<Gesture Name="star06" Subject="1" Speed="medium" Number="6" NumPts="110" Millseconds="1902" AppName="Gestures" AppVer="3.5.0.0" Date="Monday, March 05, 2007" TimeOfDay="4:53:34 PM">
  <Point X="89" Y="257" T="674689" />
  <Point X="89" Y="255" T="674714" />
  <Point X="90" Y="253" T="674746" />
  <Point X="91" Y="250" T="674758" />
  <Point X="92" Y="248" T="674767" />
  <Point X="93" Y="246" T="674774" />
  <Point X="94" Y="243" T="674781" />
  <Point X="95" Y="241" T="674789" />
  <Point X="95" Y="237" T="674797" />
  <Point X="96" Y="235" T="674804" />
  <Point X="97" Y="232" T="674812" />
  <Point X="98" Y="229" T="674820" />
  <Point X="98" Y="227" T="674822" />
  <Point X="99" Y="225" T="674831" />
  <Point X="100" Y="221" T="674839" />
  <Point X="102" Y="215" T="674848" />
  <Point X="103" Y="213" T="674850" />
  <Point X="104" Y="209" T="674860" />
  <Point X="106" Y="200" T="674870" />
  <Point X="107" Y="196" T="674880" />
  <Point X="108" Y="189" T="674890" />
  <Point X="108" Y="184" T="674900" />
  <Point X="108" Y="182" T="674902" />
  <Point X="109" Y="176" T="674913" />
  <Point X="110" Y="170" T="674924" />
  <Point X="110" Y="165" T="674935" />
  <Point X="111" Y="157" T="674946" />
  <Point X="111" Y="152" T="674958" />
  <Point X="112" Y="145" T="674970" />
  <Point X="112" Y="138" T="674982" />
  <Point X="113" Y="133" T="674994" />
  <Point X="114" Y="127" T="675007" />
  <Point X="115" Y="122" T="675019" />
  <Point X="115" Y="119" T="675032" />
  <Point X="116" Y="117" T="675045" />
  <Point X="116" Y="115" T="675046" />
  <Point X="118" Y="117" T="675098" />
  <Point X="118" Y="119" T="675111" />
  <Point X="120" Y="125" T="675125" />
  <Point X="120" Y="127" T="675127" />
  <Point X="121" Y="132" T="675141" />
  <Point X="121" Y="136" T="675143" />
  <Point X="122" Y="140" T="675157" />
  <Point X="123" Y="144" T="675159" />
  <Point X="126" Y="153" T="675175" />
  <Point X="129" Y="162" T="675191" />
  <Point X="132" Y="172" T="675209" />
  <Point X="133" Y="174" T="675211" />
  <Point X="136" Y="184" T="675229" />
  <Point X="139" Y="196" T="675246" />
  <Point X="140" Y="199" T="675247" />
  <Point X="143" Y="210" T="675266" />
  <Point X="144" Y="212" T="675267" />
  <Point X="148" Y="225" T="675286" />
  <Point X="151" Y="234" T="675304" />
  <Point X="154" Y="241" T="675323" />
  <Point X="156" Y="246" T="675340" />
  <Point X="158" Y="253" T="675358" />
  <Point X="158" Y="256" T="675377" />
  <Point X="158" Y="258" T="675406" />
  <Point X="155" Y="257" T="675443" />
  <Point X="153" Y="255" T="675461" />
  <Point X="148" Y="251" T="675480" />
  <Point X="141" Y="244" T="675500" />
  <Point X="135" Y="238" T="675519" />
  <Point X="129" Y="232" T="675538" />
  <Point X="119" Y="224" T="675558" />
  <Point X="110" Y="217" T="675578" />
  <Point X="100" Y="210" T="675598" />
  <Point X="98" Y="208" T="675600" />
  <Point X="89" Y="200" T="675622" />
  <Point X="80" Y="195" T="675643" />
  <Point X="70" Y="187" T="675664" />
  <Point X="62" Y="183" T="675686" />
  <Point X="53" Y="175" T="675707" />
  <Point X="45" Y="170" T="675729" />
  <Point X="41" Y="167" T="675753" />
  <Point X="39" Y="165" T="675774" />
  <Point X="39" Y="163" T="675815" />
  <Point X="44" Y="165" T="675837" />
  <Point X="53" Y="165" T="675860" />
  <Point X="66" Y="166" T="675884" />
  <Point X="81" Y="166" T="675908" />
  <Point X="97" Y="164" T="675932" />
  <Point X="114" Y="162" T="675956" />
  <Point X="132" Y="159" T="675980" />
  <Point X="148" Y="158" T="676005" />
  <Point X="164" Y="158" T="676030" />
  <Point X="166" Y="158" T="676032" />
  <Point X="180" Y="158" T="676057" />
  <Point X="189" Y="159" T="676082" />
  <Point X="200" Y="159" T="676107" />
  <Point X="204" Y="159" T="676132" />
  <Point X="206" Y="158" T="676157" />
  <Point X="204" Y="160" T="676199" />
  <Point X="200" Y="162" T="676225" />
  <Point X="189" Y="169" T="676251" />
  <Point X="180" Y="175" T="676278" />
  <Point X="164" Y="185" T="676305" />
  <Point X="150" Y="194" T="676333" />
  <Point X="134" Y="206" T="676361" />
  <Point X="123" Y="213" T="676388" />
  <Point X="110" Y="224" T="676417" />
  <Point X="102" Y="234" T="676445" />
  <Point X="93" Y="243" T="676473" />
  <Point X="87" Y="250" T="676502" />
  <Point X="86" Y="252" T="676504" />
  <Point X="83" Y="257" T="676533" />
  <Point X="81" Y="258" T="676562" />
  <Point X="80" Y="258" T="676591" />
</Gesture>