﻿<?xml version="1.0" encoding="utf-8" standalone="yes"?>
<Gesture Name="triangle01" Subject="1" Speed="medium" Number="1" NumPts="66" Millseconds="792" AppName="Gestures" AppVer="3.5.0.0" Date="Monday, March 05, 2007" TimeOfDay="5:03:57 PM">
  <Point X="137" Y="139" T="1299383" />
  <Point X="135" Y="141" T="1299398" />
  <Point X="133" Y="144" T="1299406" />
  <Point X="132" Y="146" T="1299415" />
  <Point X="130" Y="149" T="1299423" />
  <Point X="128" Y="151" T="1299430" />
  <Point X="126" Y="155" T="1299437" />
  <Point X="123" Y="160" T="1299444" />
  <Point X="120" Y="166" T="1299452" />
  <Point X="116" Y="171" T="1299460" />
  <Point X="112" Y="177" T="1299469" />
  <Point X="107" Y="183" T="1299477" />
  <Point X="102" Y="188" T="1299486" />
  <Point X="100" Y="191" T="1299488" />
  <Point X="95" Y="195" T="1299497" />
  <Point X="90" Y="199" T="1299506" />
  <Point X="86" Y="203" T="1299514" />
  <Point X="82" Y="206" T="1299522" />
  <Point X="80" Y="209" T="1299523" />
  <Point X="75" Y="213" T="1299534" />
  <Point X="73" Y="213" T="1299535" />
  <Point X="70" Y="216" T="1299546" />
  <Point X="67" Y="219" T="1299556" />
  <Point X="64" Y="221" T="1299565" />
  <Point X="61" Y="223" T="1299575" />
  <Point X="60" Y="225" T="1299585" />
  <Point X="62" Y="226" T="1299621" />
  <Point X="65" Y="225" T="1299631" />
  <Point X="67" Y="226" T="1299642" />
  <Point X="74" Y="226" T="1299654" />
  <Point X="77" Y="227" T="1299666" />
  <Point X="85" Y="229" T="1299678" />
  <Point X="91" Y="230" T="1299689" />
  <Point X="99" Y="231" T="1299702" />
  <Point X="108" Y="232" T="1299714" />
  <Point X="116" Y="233" T="1299726" />
  <Point X="125" Y="233" T="1299739" />
  <Point X="134" Y="234" T="1299752" />
  <Point X="145" Y="233" T="1299765" />
  <Point X="153" Y="232" T="1299779" />
  <Point X="160" Y="233" T="1299792" />
  <Point X="170" Y="234" T="1299806" />
  <Point X="177" Y="235" T="1299820" />
  <Point X="179" Y="236" T="1299821" />
  <Point X="186" Y="237" T="1299838" />
  <Point X="193" Y="238" T="1299852" />
  <Point X="198" Y="239" T="1299867" />
  <Point X="200" Y="237" T="1299882" />
  <Point X="202" Y="239" T="1299897" />
  <Point X="204" Y="238" T="1299912" />
  <Point X="206" Y="234" T="1299930" />
  <Point X="205" Y="230" T="1299946" />
  <Point X="202" Y="222" T="1299962" />
  <Point X="197" Y="216" T="1299978" />
  <Point X="192" Y="207" T="1299994" />
  <Point X="186" Y="198" T="1300012" />
  <Point X="179" Y="189" T="1300029" />
  <Point X="174" Y="183" T="1300046" />
  <Point X="170" Y="178" T="1300063" />
  <Point X="164" Y="171" T="1300081" />
  <Point X="161" Y="168" T="1300082" />
  <Point X="154" Y="160" T="1300101" />
  <Point X="148" Y="155" T="1300119" />
  <Point X="143" Y="150" T="1300138" />
  <Point X="138" Y="148" T="1300157" />
  <Point X="136" Y="148" T="1300175" />
</Gesture>