﻿<?xml version="1.0" encoding="utf-8" standalone="yes"?>
<Gesture Name="triangle03" Subject="1" Speed="medium" Number="3" NumPts="70" Millseconds="859" AppName="Gestures" AppVer="3.5.0.0" Date="Monday, March 05, 2007" TimeOfDay="5:04:00 PM">
  <Point X="142" Y="125" T="1302122" />
  <Point X="140" Y="127" T="1302151" />
  <Point X="139" Y="130" T="1302159" />
  <Point X="137" Y="133" T="1302167" />
  <Point X="135" Y="137" T="1302175" />
  <Point X="134" Y="139" T="1302181" />
  <Point X="132" Y="143" T="1302188" />
  <Point X="131" Y="145" T="1302194" />
  <Point X="129" Y="148" T="1302195" />
  <Point X="126" Y="152" T="1302204" />
  <Point X="122" Y="158" T="1302212" />
  <Point X="120" Y="160" T="1302219" />
  <Point X="118" Y="163" T="1302220" />
  <Point X="113" Y="170" T="1302229" />
  <Point X="108" Y="175" T="1302237" />
  <Point X="103" Y="181" T="1302245" />
  <Point X="98" Y="186" T="1302254" />
  <Point X="93" Y="192" T="1302262" />
  <Point X="90" Y="194" T="1302263" />
  <Point X="86" Y="199" T="1302274" />
  <Point X="80" Y="205" T="1302283" />
  <Point X="76" Y="208" T="1302293" />
  <Point X="73" Y="213" T="1302303" />
  <Point X="70" Y="216" T="1302313" />
  <Point X="68" Y="219" T="1302322" />
  <Point X="66" Y="221" T="1302323" />
  <Point X="63" Y="224" T="1302335" />
  <Point X="61" Y="226" T="1302351" />
  <Point X="60" Y="229" T="1302379" />
  <Point X="62" Y="226" T="1302419" />
  <Point X="64" Y="226" T="1302431" />
  <Point X="66" Y="225" T="1302442" />
  <Point X="69" Y="225" T="1302454" />
  <Point X="75" Y="225" T="1302466" />
  <Point X="77" Y="225" T="1302467" />
  <Point X="83" Y="225" T="1302481" />
  <Point X="90" Y="223" T="1302494" />
  <Point X="99" Y="222" T="1302507" />
  <Point X="101" Y="222" T="1302508" />
  <Point X="113" Y="220" T="1302524" />
  <Point X="122" Y="220" T="1302538" />
  <Point X="133" Y="219" T="1302552" />
  <Point X="142" Y="218" T="1302566" />
  <Point X="144" Y="217" T="1302568" />
  <Point X="155" Y="217" T="1302584" />
  <Point X="166" Y="216" T="1302599" />
  <Point X="173" Y="216" T="1302614" />
  <Point X="176" Y="216" T="1302615" />
  <Point X="185" Y="215" T="1302632" />
  <Point X="194" Y="218" T="1302647" />
  <Point X="199" Y="218" T="1302664" />
  <Point X="205" Y="220" T="1302680" />
  <Point X="210" Y="220" T="1302696" />
  <Point X="212" Y="220" T="1302723" />
  <Point X="211" Y="217" T="1302739" />
  <Point X="208" Y="214" T="1302756" />
  <Point X="206" Y="211" T="1302772" />
  <Point X="201" Y="208" T="1302789" />
  <Point X="195" Y="204" T="1302806" />
  <Point X="192" Y="201" T="1302807" />
  <Point X="186" Y="194" T="1302827" />
  <Point X="180" Y="187" T="1302845" />
  <Point X="172" Y="175" T="1302864" />
  <Point X="169" Y="167" T="1302882" />
  <Point X="162" Y="154" T="1302901" />
  <Point X="156" Y="144" T="1302920" />
  <Point X="151" Y="136" T="1302940" />
  <Point X="147" Y="131" T="1302959" />
  <Point X="145" Y="129" T="1302960" />
  <Point X="143" Y="128" T="1302981" />
</Gesture>