﻿<?xml version="1.0" encoding="utf-8" standalone="yes"?>
<Gesture Name="triangle05" Subject="1" Speed="medium" Number="5" NumPts="71" Millseconds="841" AppName="Gestures" AppVer="3.5.0.0" Date="Monday, March 05, 2007" TimeOfDay="5:04:03 PM">
  <Point X="147" Y="121" T="1304905" />
  <Point X="145" Y="122" T="1304916" />
  <Point X="143" Y="125" T="1304925" />
  <Point X="142" Y="127" T="1304932" />
  <Point X="139" Y="131" T="1304940" />
  <Point X="137" Y="135" T="1304948" />
  <Point X="136" Y="138" T="1304955" />
  <Point X="133" Y="143" T="1304961" />
  <Point X="131" Y="145" T="1304968" />
  <Point X="129" Y="148" T="1304969" />
  <Point X="128" Y="150" T="1304976" />
  <Point X="126" Y="153" T="1304977" />
  <Point X="122" Y="157" T="1304985" />
  <Point X="118" Y="162" T="1304993" />
  <Point X="114" Y="167" T="1305000" />
  <Point X="109" Y="171" T="1305009" />
  <Point X="105" Y="176" T="1305017" />
  <Point X="100" Y="180" T="1305025" />
  <Point X="95" Y="184" T="1305034" />
  <Point X="90" Y="188" T="1305043" />
  <Point X="88" Y="191" T="1305044" />
  <Point X="84" Y="194" T="1305054" />
  <Point X="80" Y="197" T="1305063" />
  <Point X="78" Y="199" T="1305064" />
  <Point X="76" Y="201" T="1305075" />
  <Point X="69" Y="204" T="1305086" />
  <Point X="66" Y="207" T="1305097" />
  <Point X="63" Y="209" T="1305108" />
  <Point X="61" Y="211" T="1305109" />
  <Point X="59" Y="212" T="1305120" />
  <Point X="56" Y="215" T="1305131" />
  <Point X="53" Y="219" T="1305143" />
  <Point X="52" Y="221" T="1305161" />
  <Point X="54" Y="223" T="1305200" />
  <Point X="56" Y="222" T="1305212" />
  <Point X="58" Y="222" T="1305224" />
  <Point X="61" Y="222" T="1305225" />
  <Point X="64" Y="221" T="1305238" />
  <Point X="71" Y="221" T="1305251" />
  <Point X="79" Y="220" T="1305264" />
  <Point X="86" Y="219" T="1305277" />
  <Point X="93" Y="218" T="1305291" />
  <Point X="96" Y="217" T="1305292" />
  <Point X="106" Y="218" T="1305309" />
  <Point X="115" Y="219" T="1305323" />
  <Point X="127" Y="220" T="1305338" />
  <Point X="138" Y="222" T="1305353" />
  <Point X="146" Y="223" T="1305368" />
  <Point X="149" Y="223" T="1305369" />
  <Point X="159" Y="224" T="1305386" />
  <Point X="168" Y="225" T="1305403" />
  <Point X="176" Y="227" T="1305419" />
  <Point X="182" Y="227" T="1305434" />
  <Point X="188" Y="226" T="1305450" />
  <Point X="194" Y="225" T="1305466" />
  <Point X="198" Y="225" T="1305483" />
  <Point X="200" Y="226" T="1305499" />
  <Point X="201" Y="224" T="1305532" />
  <Point X="200" Y="221" T="1305549" />
  <Point X="196" Y="215" T="1305566" />
  <Point X="190" Y="206" T="1305584" />
  <Point X="183" Y="195" T="1305603" />
  <Point X="175" Y="182" T="1305621" />
  <Point X="169" Y="173" T="1305639" />
  <Point X="167" Y="170" T="1305640" />
  <Point X="162" Y="163" T="1305661" />
  <Point X="155" Y="153" T="1305681" />
  <Point X="150" Y="143" T="1305700" />
  <Point X="147" Y="137" T="1305719" />
  <Point X="145" Y="134" T="1305721" />
  <Point X="141" Y="126" T="1305746" />
</Gesture>