﻿<?xml version="1.0" encoding="utf-8" standalone="yes"?>
<Gesture Name="triangle02" Subject="1" Speed="medium" Number="2" NumPts="66" Millseconds="808" AppName="Gestures" AppVer="3.5.0.0" Date="Monday, March 05, 2007" TimeOfDay="5:03:58 PM">
  <Point X="133" Y="143" T="1300756" />
  <Point X="131" Y="146" T="1300767" />
  <Point X="129" Y="149" T="1300775" />
  <Point X="127" Y="152" T="1300783" />
  <Point X="124" Y="156" T="1300791" />
  <Point X="123" Y="159" T="1300797" />
  <Point X="120" Y="163" T="1300803" />
  <Point X="118" Y="165" T="1300810" />
  <Point X="115" Y="170" T="1300817" />
  <Point X="111" Y="176" T="1300824" />
  <Point X="107" Y="181" T="1300833" />
  <Point X="103" Y="187" T="1300840" />
  <Point X="99" Y="192" T="1300848" />
  <Point X="95" Y="198" T="1300856" />
  <Point X="91" Y="203" T="1300864" />
  <Point X="87" Y="209" T="1300872" />
  <Point X="83" Y="213" T="1300881" />
  <Point X="80" Y="217" T="1300890" />
  <Point X="78" Y="220" T="1300898" />
  <Point X="76" Y="223" T="1300899" />
  <Point X="73" Y="227" T="1300910" />
  <Point X="70" Y="230" T="1300920" />
  <Point X="68" Y="232" T="1300929" />
  <Point X="66" Y="234" T="1300939" />
  <Point X="64" Y="236" T="1300948" />
  <Point X="62" Y="238" T="1300968" />
  <Point X="64" Y="240" T="1301021" />
  <Point X="66" Y="240" T="1301031" />
  <Point X="69" Y="240" T="1301042" />
  <Point X="72" Y="240" T="1301053" />
  <Point X="76" Y="240" T="1301054" />
  <Point X="82" Y="239" T="1301066" />
  <Point X="90" Y="238" T="1301078" />
  <Point X="98" Y="236" T="1301090" />
  <Point X="106" Y="234" T="1301103" />
  <Point X="115" Y="233" T="1301115" />
  <Point X="124" Y="230" T="1301128" />
  <Point X="135" Y="231" T="1301141" />
  <Point X="143" Y="231" T="1301154" />
  <Point X="150" Y="232" T="1301168" />
  <Point X="158" Y="233" T="1301182" />
  <Point X="162" Y="233" T="1301195" />
  <Point X="168" Y="235" T="1301209" />
  <Point X="174" Y="237" T="1301223" />
  <Point X="177" Y="239" T="1301237" />
  <Point X="179" Y="239" T="1301238" />
  <Point X="184" Y="239" T="1301254" />
  <Point X="186" Y="239" T="1301269" />
  <Point X="189" Y="238" T="1301284" />
  <Point X="191" Y="236" T="1301299" />
  <Point X="192" Y="233" T="1301314" />
  <Point X="191" Y="229" T="1301335" />
  <Point X="188" Y="223" T="1301351" />
  <Point X="185" Y="216" T="1301367" />
  <Point X="181" Y="208" T="1301384" />
  <Point X="176" Y="200" T="1301401" />
  <Point X="170" Y="191" T="1301418" />
  <Point X="165" Y="185" T="1301436" />
  <Point X="160" Y="180" T="1301454" />
  <Point X="153" Y="170" T="1301471" />
  <Point X="149" Y="164" T="1301488" />
  <Point X="148" Y="162" T="1301490" />
  <Point X="144" Y="157" T="1301508" />
  <Point X="141" Y="152" T="1301527" />
  <Point X="139" Y="147" T="1301546" />
  <Point X="137" Y="145" T="1301564" />
</Gesture>