﻿<?xml version="1.0" encoding="utf-8" standalone="yes"?>
<Gesture Name="triangle09" Subject="1" Speed="medium" Number="9" NumPts="69" Millseconds="878" AppName="Gestures" AppVer="3.5.0.0" Date="Monday, March 05, 2007" TimeOfDay="5:04:08 PM">
  <Point X="149" Y="130" T="1310095" />
  <Point X="147" Y="129" T="1310123" />
  <Point X="145" Y="132" T="1310131" />
  <Point X="143" Y="133" T="1310138" />
  <Point X="142" Y="135" T="1310144" />
  <Point X="140" Y="140" T="1310151" />
  <Point X="138" Y="142" T="1310159" />
  <Point X="133" Y="148" T="1310166" />
  <Point X="132" Y="151" T="1310174" />
  <Point X="130" Y="154" T="1310175" />
  <Point X="126" Y="158" T="1310184" />
  <Point X="122" Y="164" T="1310193" />
  <Point X="120" Y="167" T="1310195" />
  <Point X="115" Y="173" T="1310204" />
  <Point X="110" Y="177" T="1310212" />
  <Point X="106" Y="182" T="1310219" />
  <Point X="102" Y="186" T="1310228" />
  <Point X="97" Y="190" T="1310236" />
  <Point X="93" Y="195" T="1310245" />
  <Point X="91" Y="197" T="1310246" />
  <Point X="89" Y="198" T="1310257" />
  <Point X="86" Y="202" T="1310258" />
  <Point X="82" Y="205" T="1310270" />
  <Point X="80" Y="207" T="1310279" />
  <Point X="75" Y="212" T="1310289" />
  <Point X="72" Y="215" T="1310299" />
  <Point X="70" Y="218" T="1310309" />
  <Point X="68" Y="220" T="1310311" />
  <Point X="66" Y="222" T="1310323" />
  <Point X="64" Y="224" T="1310334" />
  <Point X="62" Y="224" T="1310354" />
  <Point X="65" Y="225" T="1310403" />
  <Point X="68" Y="225" T="1310415" />
  <Point X="70" Y="225" T="1310427" />
  <Point X="75" Y="224" T="1310439" />
  <Point X="82" Y="225" T="1310451" />
  <Point X="89" Y="225" T="1310464" />
  <Point X="96" Y="226" T="1310477" />
  <Point X="103" Y="226" T="1310490" />
  <Point X="113" Y="227" T="1310504" />
  <Point X="121" Y="226" T="1310517" />
  <Point X="131" Y="226" T="1310531" />
  <Point X="139" Y="226" T="1310545" />
  <Point X="150" Y="226" T="1310560" />
  <Point X="158" Y="226" T="1310574" />
  <Point X="169" Y="227" T="1310589" />
  <Point X="179" Y="230" T="1310604" />
  <Point X="188" Y="231" T="1310621" />
  <Point X="195" Y="234" T="1310636" />
  <Point X="201" Y="236" T="1310652" />
  <Point X="203" Y="237" T="1310667" />
  <Point X="205" Y="237" T="1310682" />
  <Point X="207" Y="236" T="1310699" />
  <Point X="207" Y="234" T="1310719" />
  <Point X="205" Y="232" T="1310736" />
  <Point X="202" Y="227" T="1310752" />
  <Point X="199" Y="221" T="1310769" />
  <Point X="196" Y="215" T="1310786" />
  <Point X="189" Y="202" T="1310804" />
  <Point X="184" Y="193" T="1310822" />
  <Point X="177" Y="182" T="1310840" />
  <Point X="172" Y="173" T="1310858" />
  <Point X="165" Y="164" T="1310876" />
  <Point X="161" Y="157" T="1310894" />
  <Point X="158" Y="153" T="1310895" />
  <Point X="153" Y="144" T="1310916" />
  <Point X="150" Y="135" T="1310935" />
  <Point X="149" Y="130" T="1310954" />
  <Point X="149" Y="128" T="1310973" />
</Gesture>