﻿<?xml version="1.0" encoding="utf-8" standalone="yes"?>
<Gesture Name="triangle07" Subject="1" Speed="medium" Number="7" NumPts="69" Millseconds="824" AppName="Gestures" AppVer="3.5.0.0" Date="Monday, March 05, 2007" TimeOfDay="5:04:05 PM">
  <Point X="151" Y="127" T="1307537" />
  <Point X="149" Y="128" T="1307558" />
  <Point X="146" Y="129" T="1307570" />
  <Point X="144" Y="131" T="1307578" />
  <Point X="142" Y="134" T="1307586" />
  <Point X="140" Y="136" T="1307592" />
  <Point X="137" Y="140" T="1307598" />
  <Point X="136" Y="142" T="1307604" />
  <Point X="132" Y="146" T="1307611" />
  <Point X="130" Y="148" T="1307618" />
  <Point X="128" Y="150" T="1307619" />
  <Point X="126" Y="152" T="1307626" />
  <Point X="123" Y="155" T="1307627" />
  <Point X="118" Y="160" T="1307635" />
  <Point X="113" Y="165" T="1307643" />
  <Point X="108" Y="171" T="1307651" />
  <Point X="103" Y="176" T="1307659" />
  <Point X="97" Y="182" T="1307668" />
  <Point X="91" Y="187" T="1307676" />
  <Point X="86" Y="193" T="1307685" />
  <Point X="83" Y="196" T="1307686" />
  <Point X="78" Y="201" T="1307696" />
  <Point X="73" Y="206" T="1307706" />
  <Point X="71" Y="208" T="1307707" />
  <Point X="66" Y="212" T="1307717" />
  <Point X="60" Y="217" T="1307727" />
  <Point X="56" Y="221" T="1307738" />
  <Point X="54" Y="223" T="1307739" />
  <Point X="52" Y="225" T="1307749" />
  <Point X="51" Y="227" T="1307750" />
  <Point X="48" Y="229" T="1307762" />
  <Point X="45" Y="231" T="1307773" />
  <Point X="43" Y="233" T="1307790" />
  <Point X="44" Y="235" T="1307818" />
  <Point X="46" Y="235" T="1307835" />
  <Point X="48" Y="234" T="1307848" />
  <Point X="54" Y="234" T="1307861" />
  <Point X="62" Y="232" T="1307875" />
  <Point X="68" Y="231" T="1307889" />
  <Point X="77" Y="231" T="1307904" />
  <Point X="85" Y="230" T="1307918" />
  <Point X="87" Y="230" T="1307920" />
  <Point X="99" Y="229" T="1307936" />
  <Point X="108" Y="228" T="1307950" />
  <Point X="120" Y="227" T="1307965" />
  <Point X="132" Y="226" T="1307979" />
  <Point X="140" Y="227" T="1307994" />
  <Point X="152" Y="228" T="1308009" />
  <Point X="162" Y="228" T="1308025" />
  <Point X="174" Y="227" T="1308044" />
  <Point X="181" Y="226" T="1308059" />
  <Point X="184" Y="227" T="1308074" />
  <Point X="187" Y="227" T="1308076" />
  <Point X="189" Y="227" T="1308093" />
  <Point X="191" Y="228" T="1308109" />
  <Point X="192" Y="225" T="1308156" />
  <Point X="190" Y="224" T="1308172" />
  <Point X="186" Y="217" T="1308189" />
  <Point X="182" Y="212" T="1308207" />
  <Point X="175" Y="199" T="1308224" />
  <Point X="171" Y="188" T="1308243" />
  <Point X="165" Y="175" T="1308261" />
  <Point X="160" Y="165" T="1308279" />
  <Point X="159" Y="163" T="1308280" />
  <Point X="154" Y="154" T="1308301" />
  <Point X="152" Y="149" T="1308319" />
  <Point X="150" Y="145" T="1308320" />
  <Point X="147" Y="140" T="1308341" />
  <Point X="145" Y="134" T="1308361" />
</Gesture>