﻿<?xml version="1.0" encoding="utf-8" standalone="yes"?>
<Gesture Name="triangle08" Subject="1" Speed="medium" Number="8" NumPts="67" Millseconds="790" AppName="Gestures" AppVer="3.5.0.0" Date="Monday, March 05, 2007" TimeOfDay="5:04:06 PM">
  <Point X="143" Y="128" T="1308827" />
  <Point X="141" Y="130" T="1308838" />
  <Point X="140" Y="132" T="1308843" />
  <Point X="138" Y="135" T="1308850" />
  <Point X="136" Y="138" T="1308858" />
  <Point X="134" Y="141" T="1308866" />
  <Point X="132" Y="143" T="1308872" />
  <Point X="130" Y="147" T="1308878" />
  <Point X="127" Y="150" T="1308886" />
  <Point X="125" Y="153" T="1308893" />
  <Point X="122" Y="158" T="1308900" />
  <Point X="118" Y="162" T="1308907" />
  <Point X="114" Y="167" T="1308914" />
  <Point X="110" Y="172" T="1308922" />
  <Point X="108" Y="175" T="1308930" />
  <Point X="106" Y="178" T="1308931" />
  <Point X="101" Y="183" T="1308941" />
  <Point X="96" Y="189" T="1308949" />
  <Point X="94" Y="192" T="1308950" />
  <Point X="89" Y="197" T="1308961" />
  <Point X="87" Y="199" T="1308962" />
  <Point X="83" Y="203" T="1308974" />
  <Point X="81" Y="206" T="1308975" />
  <Point X="75" Y="211" T="1308986" />
  <Point X="72" Y="214" T="1308996" />
  <Point X="67" Y="219" T="1309006" />
  <Point X="65" Y="221" T="1309016" />
  <Point X="62" Y="223" T="1309027" />
  <Point X="61" Y="226" T="1309037" />
  <Point X="59" Y="228" T="1309038" />
  <Point X="57" Y="229" T="1309054" />
  <Point X="57" Y="232" T="1309082" />
  <Point X="60" Y="233" T="1309098" />
  <Point X="62" Y="232" T="1309111" />
  <Point X="65" Y="232" T="1309123" />
  <Point X="70" Y="232" T="1309135" />
  <Point X="76" Y="232" T="1309147" />
  <Point X="82" Y="232" T="1309161" />
  <Point X="89" Y="232" T="1309173" />
  <Point X="91" Y="231" T="1309175" />
  <Point X="101" Y="231" T="1309190" />
  <Point X="109" Y="230" T="1309204" />
  <Point X="120" Y="232" T="1309219" />
  <Point X="127" Y="233" T="1309233" />
  <Point X="138" Y="233" T="1309248" />
  <Point X="148" Y="233" T="1309263" />
  <Point X="155" Y="235" T="1309278" />
  <Point X="157" Y="235" T="1309279" />
  <Point X="165" Y="236" T="1309296" />
  <Point X="171" Y="236" T="1309311" />
  <Point X="175" Y="238" T="1309327" />
  <Point X="180" Y="239" T="1309343" />
  <Point X="184" Y="238" T="1309359" />
  <Point X="186" Y="237" T="1309375" />
  <Point X="188" Y="234" T="1309401" />
  <Point X="187" Y="231" T="1309418" />
  <Point X="186" Y="226" T="1309435" />
  <Point X="184" Y="222" T="1309452" />
  <Point X="180" Y="214" T="1309470" />
  <Point X="175" Y="203" T="1309488" />
  <Point X="171" Y="194" T="1309506" />
  <Point X="166" Y="186" T="1309524" />
  <Point X="161" Y="177" T="1309542" />
  <Point X="156" Y="168" T="1309561" />
  <Point X="152" Y="159" T="1309579" />
  <Point X="149" Y="151" T="1309598" />
  <Point X="146" Y="144" T="1309617" />
</Gesture>