﻿<?xml version="1.0" encoding="utf-8" standalone="yes"?>
<Gesture Name="triangle10" Subject="1" Speed="medium" Number="10" NumPts="60" Millseconds="772" AppName="Gestures" AppVer="3.5.0.0" Date="Monday, March 05, 2007" TimeOfDay="5:04:09 PM">
  <Point X="135" Y="133" T="1311673" />
  <Point X="132" Y="135" T="1311685" />
  <Point X="130" Y="138" T="1311693" />
  <Point X="127" Y="142" T="1311701" />
  <Point X="126" Y="144" T="1311707" />
  <Point X="123" Y="147" T="1311714" />
  <Point X="122" Y="150" T="1311721" />
  <Point X="118" Y="155" T="1311729" />
  <Point X="115" Y="161" T="1311736" />
  <Point X="110" Y="166" T="1311745" />
  <Point X="106" Y="172" T="1311753" />
  <Point X="103" Y="174" T="1311755" />
  <Point X="99" Y="180" T="1311764" />
  <Point X="94" Y="185" T="1311772" />
  <Point X="89" Y="191" T="1311781" />
  <Point X="81" Y="200" T="1311790" />
  <Point X="77" Y="205" T="1311799" />
  <Point X="72" Y="210" T="1311809" />
  <Point X="66" Y="216" T="1311819" />
  <Point X="63" Y="219" T="1311828" />
  <Point X="60" Y="224" T="1311838" />
  <Point X="57" Y="226" T="1311848" />
  <Point X="53" Y="230" T="1311859" />
  <Point X="51" Y="232" T="1311878" />
  <Point X="53" Y="232" T="1311954" />
  <Point X="55" Y="233" T="1311965" />
  <Point X="57" Y="233" T="1311976" />
  <Point X="60" Y="233" T="1311987" />
  <Point X="66" Y="231" T="1311999" />
  <Point X="71" Y="231" T="1312011" />
  <Point X="78" Y="231" T="1312023" />
  <Point X="85" Y="230" T="1312035" />
  <Point X="94" Y="229" T="1312048" />
  <Point X="107" Y="230" T="1312061" />
  <Point X="117" Y="229" T="1312074" />
  <Point X="127" Y="229" T="1312088" />
  <Point X="140" Y="230" T="1312102" />
  <Point X="149" Y="230" T="1312116" />
  <Point X="160" Y="230" T="1312130" />
  <Point X="166" Y="229" T="1312144" />
  <Point X="168" Y="230" T="1312146" />
  <Point X="171" Y="229" T="1312160" />
  <Point X="175" Y="229" T="1312162" />
  <Point X="180" Y="229" T="1312179" />
  <Point X="185" Y="227" T="1312194" />
  <Point X="187" Y="227" T="1312209" />
  <Point X="189" Y="226" T="1312224" />
  <Point X="189" Y="224" T="1312239" />
  <Point X="188" Y="222" T="1312255" />
  <Point X="183" Y="216" T="1312271" />
  <Point X="179" Y="209" T="1312287" />
  <Point X="172" Y="201" T="1312304" />
  <Point X="166" Y="191" T="1312321" />
  <Point X="159" Y="182" T="1312338" />
  <Point X="152" Y="174" T="1312355" />
  <Point X="147" Y="166" T="1312373" />
  <Point X="142" Y="159" T="1312391" />
  <Point X="135" Y="150" T="1312409" />
  <Point X="132" Y="145" T="1312427" />
  <Point X="130" Y="143" T="1312445" />
</Gesture>