﻿<?xml version="1.0" encoding="utf-8" standalone="yes"?>
<Gesture Name="triangle04" Subject="1" Speed="medium" Number="4" NumPts="72" Millseconds="866" AppName="Gestures" AppVer="3.5.0.0" Date="Monday, March 05, 2007" TimeOfDay="5:04:01 PM">
  <Point X="141" Y="128" T="1303515" />
  <Point X="140" Y="130" T="1303526" />
  <Point X="139" Y="132" T="1303539" />
  <Point X="137" Y="136" T="1303548" />
  <Point X="137" Y="138" T="1303554" />
  <Point X="136" Y="140" T="1303560" />
  <Point X="134" Y="143" T="1303566" />
  <Point X="132" Y="148" T="1303572" />
  <Point X="130" Y="150" T="1303579" />
  <Point X="129" Y="153" T="1303580" />
  <Point X="126" Y="159" T="1303589" />
  <Point X="122" Y="164" T="1303597" />
  <Point X="118" Y="170" T="1303604" />
  <Point X="115" Y="173" T="1303612" />
  <Point X="113" Y="176" T="1303613" />
  <Point X="108" Y="182" T="1303623" />
  <Point X="103" Y="188" T="1303631" />
  <Point X="98" Y="193" T="1303639" />
  <Point X="96" Y="196" T="1303640" />
  <Point X="90" Y="202" T="1303651" />
  <Point X="88" Y="204" T="1303652" />
  <Point X="81" Y="211" T="1303665" />
  <Point X="77" Y="215" T="1303675" />
  <Point X="70" Y="220" T="1303685" />
  <Point X="67" Y="223" T="1303695" />
  <Point X="65" Y="225" T="1303697" />
  <Point X="62" Y="227" T="1303709" />
  <Point X="60" Y="230" T="1303719" />
  <Point X="58" Y="232" T="1303720" />
  <Point X="55" Y="235" T="1303733" />
  <Point X="54" Y="237" T="1303744" />
  <Point X="52" Y="238" T="1303756" />
  <Point X="54" Y="239" T="1303791" />
  <Point X="56" Y="240" T="1303803" />
  <Point X="59" Y="240" T="1303816" />
  <Point X="61" Y="240" T="1303829" />
  <Point X="66" Y="240" T="1303842" />
  <Point X="72" Y="239" T="1303855" />
  <Point X="78" Y="240" T="1303868" />
  <Point X="80" Y="240" T="1303869" />
  <Point X="89" Y="239" T="1303884" />
  <Point X="97" Y="238" T="1303898" />
  <Point X="107" Y="236" T="1303912" />
  <Point X="115" Y="234" T="1303927" />
  <Point X="124" Y="234" T="1303941" />
  <Point X="132" Y="233" T="1303956" />
  <Point X="135" Y="233" T="1303957" />
  <Point X="145" Y="231" T="1303974" />
  <Point X="155" Y="231" T="1303990" />
  <Point X="164" Y="231" T="1304005" />
  <Point X="172" Y="233" T="1304024" />
  <Point X="174" Y="233" T="1304025" />
  <Point X="181" Y="235" T="1304043" />
  <Point X="186" Y="236" T="1304059" />
  <Point X="191" Y="237" T="1304076" />
  <Point X="196" Y="238" T="1304093" />
  <Point X="198" Y="239" T="1304110" />
  <Point X="200" Y="238" T="1304128" />
  <Point X="200" Y="235" T="1304153" />
  <Point X="198" Y="230" T="1304170" />
  <Point X="196" Y="223" T="1304188" />
  <Point X="192" Y="216" T="1304206" />
  <Point X="185" Y="205" T="1304224" />
  <Point X="177" Y="196" T="1304243" />
  <Point X="169" Y="188" T="1304262" />
  <Point X="164" Y="179" T="1304280" />
  <Point X="163" Y="177" T="1304281" />
  <Point X="157" Y="165" T="1304303" />
  <Point X="151" Y="154" T="1304322" />
  <Point X="146" Y="146" T="1304342" />
  <Point X="142" Y="141" T="1304362" />
  <Point X="139" Y="139" T="1304381" />
</Gesture>