﻿<?xml version="1.0" encoding="utf-8" standalone="yes"?>
<Gesture Name="triangle06" Subject="1" Speed="medium" Number="6" NumPts="72" Millseconds="882" AppName="Gestures" AppVer="3.5.0.0" Date="Monday, March 05, 2007" TimeOfDay="5:04:04 PM">
  <Point X="149" Y="123" T="1306199" />
  <Point X="147" Y="125" T="1306237" />
  <Point X="146" Y="127" T="1306244" />
  <Point X="144" Y="130" T="1306255" />
  <Point X="143" Y="132" T="1306261" />
  <Point X="142" Y="134" T="1306268" />
  <Point X="140" Y="137" T="1306276" />
  <Point X="136" Y="144" T="1306283" />
  <Point X="134" Y="147" T="1306291" />
  <Point X="133" Y="149" T="1306292" />
  <Point X="129" Y="155" T="1306302" />
  <Point X="125" Y="160" T="1306310" />
  <Point X="123" Y="162" T="1306312" />
  <Point X="118" Y="167" T="1306321" />
  <Point X="113" Y="173" T="1306329" />
  <Point X="109" Y="177" T="1306337" />
  <Point X="104" Y="180" T="1306346" />
  <Point X="100" Y="183" T="1306354" />
  <Point X="93" Y="189" T="1306363" />
  <Point X="89" Y="192" T="1306372" />
  <Point X="87" Y="194" T="1306381" />
  <Point X="81" Y="199" T="1306391" />
  <Point X="80" Y="201" T="1306392" />
  <Point X="76" Y="204" T="1306403" />
  <Point X="73" Y="207" T="1306413" />
  <Point X="67" Y="212" T="1306423" />
  <Point X="64" Y="214" T="1306433" />
  <Point X="61" Y="218" T="1306444" />
  <Point X="59" Y="220" T="1306455" />
  <Point X="56" Y="220" T="1306467" />
  <Point X="54" Y="222" T="1306478" />
  <Point X="52" Y="224" T="1306492" />
  <Point X="54" Y="224" T="1306528" />
  <Point X="57" Y="224" T="1306540" />
  <Point X="59" Y="223" T="1306552" />
  <Point X="66" Y="221" T="1306565" />
  <Point X="71" Y="221" T="1306577" />
  <Point X="78" Y="219" T="1306590" />
  <Point X="85" Y="218" T="1306603" />
  <Point X="95" Y="214" T="1306616" />
  <Point X="104" Y="213" T="1306630" />
  <Point X="112" Y="212" T="1306644" />
  <Point X="115" Y="212" T="1306645" />
  <Point X="126" Y="211" T="1306661" />
  <Point X="133" Y="213" T="1306675" />
  <Point X="136" Y="212" T="1306677" />
  <Point X="147" Y="213" T="1306694" />
  <Point X="157" Y="216" T="1306710" />
  <Point X="167" Y="218" T="1306725" />
  <Point X="176" Y="219" T="1306743" />
  <Point X="178" Y="220" T="1306745" />
  <Point X="184" Y="221" T="1306763" />
  <Point X="190" Y="222" T="1306779" />
  <Point X="193" Y="222" T="1306780" />
  <Point X="197" Y="222" T="1306799" />
  <Point X="199" Y="221" T="1306815" />
  <Point X="203" Y="219" T="1306833" />
  <Point X="204" Y="217" T="1306859" />
  <Point X="203" Y="214" T="1306884" />
  <Point X="199" Y="210" T="1306901" />
  <Point X="196" Y="205" T="1306919" />
  <Point X="194" Y="202" T="1306920" />
  <Point X="188" Y="193" T="1306941" />
  <Point X="182" Y="184" T="1306959" />
  <Point X="181" Y="182" T="1306960" />
  <Point X="175" Y="173" T="1306982" />
  <Point X="166" Y="161" T="1307001" />
  <Point X="160" Y="151" T="1307021" />
  <Point X="156" Y="141" T="1307041" />
  <Point X="152" Y="135" T="1307060" />
  <Point X="150" Y="133" T="1307079" />
  <Point X="147" Y="132" T="1307081" />
</Gesture>