﻿<?xml version="1.0" encoding="utf-8" standalone="yes"?>
<Gesture Name="v01" Subject="1" Speed="medium" Number="1" NumPts="43" Millseconds="480" AppName="Gestures" AppVer="3.5.0.0" Date="Monday, March 05, 2007" TimeOfDay="4:59:18 PM">
  <Point X="79" Y="167" T="1020136" />
  <Point X="78" Y="165" T="1020144" />
  <Point X="77" Y="163" T="1020153" />
  <Point X="76" Y="161" T="1020160" />
  <Point X="76" Y="159" T="1020173" />
  <Point X="76" Y="156" T="1020185" />
  <Point X="78" Y="158" T="1020226" />
  <Point X="79" Y="161" T="1020234" />
  <Point X="81" Y="165" T="1020242" />
  <Point X="81" Y="168" T="1020249" />
  <Point X="83" Y="171" T="1020250" />
  <Point X="85" Y="177" T="1020260" />
  <Point X="88" Y="184" T="1020268" />
  <Point X="91" Y="190" T="1020276" />
  <Point X="94" Y="196" T="1020285" />
  <Point X="97" Y="202" T="1020294" />
  <Point X="99" Y="204" T="1020295" />
  <Point X="101" Y="210" T="1020305" />
  <Point X="103" Y="213" T="1020307" />
  <Point X="107" Y="218" T="1020318" />
  <Point X="109" Y="223" T="1020328" />
  <Point X="111" Y="227" T="1020337" />
  <Point X="113" Y="230" T="1020347" />
  <Point X="115" Y="232" T="1020357" />
  <Point X="116" Y="234" T="1020367" />
  <Point X="118" Y="236" T="1020383" />
  <Point X="120" Y="235" T="1020411" />
  <Point X="122" Y="232" T="1020431" />
  <Point X="123" Y="230" T="1020442" />
  <Point X="124" Y="228" T="1020453" />
  <Point X="126" Y="223" T="1020464" />
  <Point X="127" Y="220" T="1020476" />
  <Point X="130" Y="212" T="1020488" />
  <Point X="132" Y="203" T="1020500" />
  <Point X="135" Y="195" T="1020513" />
  <Point X="137" Y="185" T="1020526" />
  <Point X="140" Y="169" T="1020540" />
  <Point X="143" Y="159" T="1020553" />
  <Point X="144" Y="154" T="1020566" />
  <Point X="145" Y="151" T="1020568" />
  <Point X="147" Y="148" T="1020583" />
  <Point X="148" Y="145" T="1020584" />
  <Point X="149" Y="143" T="1020616" />
</Gesture>