﻿<?xml version="1.0" encoding="utf-8" standalone="yes"?>
<Gesture Name="v02" Subject="1" Speed="medium" Number="2" NumPts="43" Millseconds="564" AppName="Gestures" AppVer="3.5.0.0" Date="Monday, March 05, 2007" TimeOfDay="4:59:19 PM">
  <Point X="89" Y="159" T="1021121" />
  <Point X="89" Y="157" T="1021134" />
  <Point X="91" Y="159" T="1021195" />
  <Point X="92" Y="162" T="1021202" />
  <Point X="93" Y="166" T="1021210" />
  <Point X="93" Y="168" T="1021216" />
  <Point X="94" Y="173" T="1021223" />
  <Point X="95" Y="176" T="1021229" />
  <Point X="96" Y="178" T="1021231" />
  <Point X="96" Y="180" T="1021238" />
  <Point X="97" Y="182" T="1021239" />
  <Point X="99" Y="188" T="1021246" />
  <Point X="100" Y="191" T="1021253" />
  <Point X="101" Y="193" T="1021255" />
  <Point X="102" Y="199" T="1021263" />
  <Point X="104" Y="203" T="1021271" />
  <Point X="106" Y="208" T="1021280" />
  <Point X="107" Y="213" T="1021288" />
  <Point X="108" Y="215" T="1021297" />
  <Point X="109" Y="221" T="1021306" />
  <Point X="111" Y="224" T="1021315" />
  <Point X="112" Y="226" T="1021325" />
  <Point X="113" Y="230" T="1021334" />
  <Point X="114" Y="233" T="1021335" />
  <Point X="115" Y="235" T="1021358" />
  <Point X="116" Y="237" T="1021411" />
  <Point X="117" Y="239" T="1021435" />
  <Point X="119" Y="240" T="1021479" />
  <Point X="121" Y="239" T="1021507" />
  <Point X="123" Y="235" T="1021519" />
  <Point X="125" Y="228" T="1021531" />
  <Point X="127" Y="223" T="1021544" />
  <Point X="130" Y="213" T="1021556" />
  <Point X="132" Y="203" T="1021569" />
  <Point X="136" Y="193" T="1021582" />
  <Point X="137" Y="190" T="1021584" />
  <Point X="140" Y="183" T="1021598" />
  <Point X="144" Y="175" T="1021612" />
  <Point X="148" Y="166" T="1021626" />
  <Point X="150" Y="163" T="1021640" />
  <Point X="153" Y="159" T="1021655" />
  <Point X="154" Y="157" T="1021669" />
  <Point X="155" Y="155" T="1021685" />
</Gesture>