﻿<?xml version="1.0" encoding="utf-8" standalone="yes"?>
<Gesture Name="v03" Subject="1" Speed="medium" Number="3" NumPts="41" Millseconds="494" AppName="Gestures" AppVer="3.5.0.0" Date="Monday, March 05, 2007" TimeOfDay="4:59:20 PM">
  <Point X="92" Y="155" T="1022219" />
  <Point X="94" Y="158" T="1022269" />
  <Point X="95" Y="160" T="1022277" />
  <Point X="96" Y="163" T="1022286" />
  <Point X="97" Y="165" T="1022292" />
  <Point X="99" Y="169" T="1022299" />
  <Point X="100" Y="171" T="1022305" />
  <Point X="101" Y="177" T="1022312" />
  <Point X="103" Y="183" T="1022319" />
  <Point X="105" Y="189" T="1022326" />
  <Point X="106" Y="193" T="1022334" />
  <Point X="107" Y="195" T="1022335" />
  <Point X="108" Y="197" T="1022343" />
  <Point X="110" Y="201" T="1022351" />
  <Point X="113" Y="207" T="1022359" />
  <Point X="114" Y="210" T="1022368" />
  <Point X="116" Y="213" T="1022377" />
  <Point X="118" Y="216" T="1022378" />
  <Point X="119" Y="218" T="1022388" />
  <Point X="121" Y="221" T="1022397" />
  <Point X="122" Y="224" T="1022399" />
  <Point X="124" Y="227" T="1022409" />
  <Point X="125" Y="229" T="1022419" />
  <Point X="126" Y="231" T="1022429" />
  <Point X="127" Y="234" T="1022440" />
  <Point X="127" Y="236" T="1022451" />
  <Point X="129" Y="234" T="1022524" />
  <Point X="130" Y="232" T="1022536" />
  <Point X="130" Y="229" T="1022548" />
  <Point X="131" Y="226" T="1022549" />
  <Point X="132" Y="218" T="1022564" />
  <Point X="133" Y="210" T="1022578" />
  <Point X="135" Y="201" T="1022591" />
  <Point X="135" Y="197" T="1022592" />
  <Point X="137" Y="186" T="1022606" />
  <Point X="140" Y="171" T="1022621" />
  <Point X="142" Y="163" T="1022635" />
  <Point X="143" Y="161" T="1022636" />
  <Point X="145" Y="157" T="1022653" />
  <Point X="147" Y="154" T="1022666" />
  <Point X="148" Y="152" T="1022713" />
</Gesture>