﻿<?xml version="1.0" encoding="utf-8" standalone="yes"?>
<Gesture Name="v04" Subject="1" Speed="medium" Number="4" NumPts="50" Millseconds="659" AppName="Gestures" AppVer="3.5.0.0" Date="Monday, March 05, 2007" TimeOfDay="4:59:21 PM">
  <Point X="87" Y="156" T="1023267" />
  <Point X="89" Y="158" T="1023312" />
  <Point X="91" Y="161" T="1023320" />
  <Point X="93" Y="163" T="1023329" />
  <Point X="94" Y="165" T="1023337" />
  <Point X="96" Y="167" T="1023345" />
  <Point X="98" Y="170" T="1023353" />
  <Point X="100" Y="172" T="1023361" />
  <Point X="102" Y="175" T="1023369" />
  <Point X="103" Y="177" T="1023377" />
  <Point X="106" Y="181" T="1023385" />
  <Point X="107" Y="184" T="1023386" />
  <Point X="110" Y="190" T="1023396" />
  <Point X="113" Y="195" T="1023405" />
  <Point X="115" Y="197" T="1023406" />
  <Point X="118" Y="203" T="1023417" />
  <Point X="120" Y="206" T="1023418" />
  <Point X="122" Y="208" T="1023429" />
  <Point X="125" Y="212" T="1023430" />
  <Point X="128" Y="217" T="1023442" />
  <Point X="131" Y="221" T="1023452" />
  <Point X="133" Y="224" T="1023454" />
  <Point X="135" Y="229" T="1023465" />
  <Point X="137" Y="231" T="1023475" />
  <Point X="139" Y="237" T="1023486" />
  <Point X="141" Y="239" T="1023497" />
  <Point X="142" Y="241" T="1023508" />
  <Point X="143" Y="244" T="1023525" />
  <Point X="144" Y="242" T="1023639" />
  <Point X="145" Y="240" T="1023655" />
  <Point X="145" Y="238" T="1023667" />
  <Point X="145" Y="233" T="1023679" />
  <Point X="146" Y="231" T="1023692" />
  <Point X="148" Y="223" T="1023704" />
  <Point X="149" Y="216" T="1023718" />
  <Point X="151" Y="208" T="1023731" />
  <Point X="151" Y="205" T="1023732" />
  <Point X="153" Y="197" T="1023746" />
  <Point X="153" Y="194" T="1023748" />
  <Point X="156" Y="182" T="1023766" />
  <Point X="157" Y="180" T="1023768" />
  <Point X="159" Y="175" T="1023783" />
  <Point X="160" Y="173" T="1023784" />
  <Point X="163" Y="167" T="1023800" />
  <Point X="165" Y="164" T="1023815" />
  <Point X="166" Y="162" T="1023830" />
  <Point X="167" Y="159" T="1023832" />
  <Point X="167" Y="157" T="1023848" />
  <Point X="168" Y="154" T="1023863" />
  <Point X="167" Y="156" T="1023926" />
</Gesture>