﻿<?xml version="1.0" encoding="utf-8" standalone="yes"?>
<Gesture Name="v05" Subject="1" Speed="medium" Number="5" NumPts="41" Millseconds="516" AppName="Gestures" AppVer="3.5.0.0" Date="Monday, March 05, 2007" TimeOfDay="4:59:22 PM">
  <Point X="89" Y="154" T="1024440" />
  <Point X="91" Y="156" T="1024497" />
  <Point X="93" Y="158" T="1024509" />
  <Point X="94" Y="161" T="1024517" />
  <Point X="95" Y="164" T="1024525" />
  <Point X="97" Y="168" T="1024533" />
  <Point X="98" Y="171" T="1024541" />
  <Point X="99" Y="174" T="1024548" />
  <Point X="100" Y="176" T="1024550" />
  <Point X="102" Y="182" T="1024558" />
  <Point X="104" Y="187" T="1024567" />
  <Point X="106" Y="192" T="1024575" />
  <Point X="108" Y="196" T="1024584" />
  <Point X="111" Y="200" T="1024592" />
  <Point X="112" Y="203" T="1024594" />
  <Point X="113" Y="205" T="1024604" />
  <Point X="117" Y="214" T="1024613" />
  <Point X="118" Y="218" T="1024622" />
  <Point X="120" Y="222" T="1024631" />
  <Point X="121" Y="225" T="1024641" />
  <Point X="122" Y="228" T="1024652" />
  <Point X="123" Y="231" T="1024654" />
  <Point X="124" Y="234" T="1024666" />
  <Point X="125" Y="236" T="1024677" />
  <Point X="126" Y="239" T="1024690" />
  <Point X="126" Y="241" T="1024706" />
  <Point X="127" Y="239" T="1024763" />
  <Point X="128" Y="237" T="1024775" />
  <Point X="128" Y="234" T="1024787" />
  <Point X="129" Y="232" T="1024799" />
  <Point X="130" Y="229" T="1024811" />
  <Point X="132" Y="222" T="1024824" />
  <Point X="134" Y="216" T="1024838" />
  <Point X="136" Y="204" T="1024851" />
  <Point X="139" Y="194" T="1024866" />
  <Point X="143" Y="182" T="1024880" />
  <Point X="146" Y="169" T="1024895" />
  <Point X="149" Y="162" T="1024910" />
  <Point X="152" Y="157" T="1024926" />
  <Point X="153" Y="155" T="1024940" />
  <Point X="155" Y="153" T="1024956" />
</Gesture>