﻿<?xml version="1.0" encoding="utf-8" standalone="yes"?>
<Gesture Name="v06" Subject="1" Speed="medium" Number="6" NumPts="45" Millseconds="611" AppName="Gestures" AppVer="3.5.0.0" Date="Monday, March 05, 2007" TimeOfDay="4:59:23 PM">
  <Point X="81" Y="155" T="1025521" />
  <Point X="81" Y="157" T="1025562" />
  <Point X="82" Y="159" T="1025571" />
  <Point X="84" Y="163" T="1025583" />
  <Point X="86" Y="165" T="1025591" />
  <Point X="87" Y="169" T="1025599" />
  <Point X="89" Y="171" T="1025607" />
  <Point X="91" Y="174" T="1025615" />
  <Point X="93" Y="177" T="1025623" />
  <Point X="95" Y="181" T="1025631" />
  <Point X="97" Y="184" T="1025639" />
  <Point X="100" Y="187" T="1025647" />
  <Point X="102" Y="191" T="1025656" />
  <Point X="103" Y="194" T="1025665" />
  <Point X="107" Y="200" T="1025674" />
  <Point X="108" Y="202" T="1025676" />
  <Point X="111" Y="206" T="1025686" />
  <Point X="113" Y="209" T="1025695" />
  <Point X="116" Y="215" T="1025704" />
  <Point X="118" Y="219" T="1025714" />
  <Point X="120" Y="222" T="1025724" />
  <Point X="123" Y="226" T="1025734" />
  <Point X="124" Y="230" T="1025744" />
  <Point X="126" Y="232" T="1025755" />
  <Point X="126" Y="234" T="1025766" />
  <Point X="127" Y="236" T="1025776" />
  <Point X="129" Y="239" T="1025787" />
  <Point X="129" Y="241" T="1025799" />
  <Point X="131" Y="239" T="1025892" />
  <Point X="131" Y="237" T="1025904" />
  <Point X="130" Y="234" T="1025916" />
  <Point X="130" Y="230" T="1025928" />
  <Point X="130" Y="223" T="1025941" />
  <Point X="131" Y="215" T="1025954" />
  <Point X="132" Y="206" T="1025968" />
  <Point X="133" Y="202" T="1025969" />
  <Point X="135" Y="191" T="1025984" />
  <Point X="138" Y="182" T="1025998" />
  <Point X="142" Y="173" T="1026012" />
  <Point X="145" Y="167" T="1026029" />
  <Point X="147" Y="162" T="1026043" />
  <Point X="148" Y="157" T="1026057" />
  <Point X="150" Y="152" T="1026072" />
  <Point X="151" Y="150" T="1026092" />
  <Point X="149" Y="148" T="1026132" />
</Gesture>