﻿<?xml version="1.0" encoding="utf-8" standalone="yes"?>
<Gesture Name="v07" Subject="1" Speed="medium" Number="7" NumPts="44" Millseconds="634" AppName="Gestures" AppVer="3.5.0.0" Date="Monday, March 05, 2007" TimeOfDay="4:59:25 PM">
  <Point X="77" Y="148" T="1026683" />
  <Point X="78" Y="151" T="1026723" />
  <Point X="79" Y="153" T="1026731" />
  <Point X="81" Y="156" T="1026739" />
  <Point X="82" Y="159" T="1026747" />
  <Point X="84" Y="162" T="1026754" />
  <Point X="85" Y="165" T="1026763" />
  <Point X="88" Y="169" T="1026775" />
  <Point X="88" Y="171" T="1026782" />
  <Point X="89" Y="173" T="1026784" />
  <Point X="91" Y="177" T="1026794" />
  <Point X="92" Y="179" T="1026802" />
  <Point X="94" Y="184" T="1026804" />
  <Point X="96" Y="189" T="1026813" />
  <Point X="98" Y="194" T="1026822" />
  <Point X="99" Y="197" T="1026824" />
  <Point X="101" Y="201" T="1026835" />
  <Point X="101" Y="203" T="1026836" />
  <Point X="108" Y="217" T="1026866" />
  <Point X="111" Y="223" T="1026876" />
  <Point X="112" Y="227" T="1026887" />
  <Point X="114" Y="229" T="1026898" />
  <Point X="116" Y="234" T="1026909" />
  <Point X="117" Y="237" T="1026919" />
  <Point X="118" Y="239" T="1026947" />
  <Point X="119" Y="241" T="1026982" />
  <Point X="119" Y="244" T="1026999" />
  <Point X="119" Y="241" T="1027092" />
  <Point X="119" Y="238" T="1027104" />
  <Point X="119" Y="233" T="1027116" />
  <Point X="120" Y="227" T="1027129" />
  <Point X="121" Y="220" T="1027142" />
  <Point X="122" Y="214" T="1027156" />
  <Point X="125" Y="204" T="1027170" />
  <Point X="129" Y="191" T="1027184" />
  <Point X="133" Y="182" T="1027199" />
  <Point X="136" Y="175" T="1027213" />
  <Point X="141" Y="167" T="1027228" />
  <Point X="145" Y="160" T="1027243" />
  <Point X="148" Y="155" T="1027257" />
  <Point X="151" Y="152" T="1027272" />
  <Point X="152" Y="150" T="1027286" />
  <Point X="154" Y="147" T="1027302" />
  <Point X="154" Y="145" T="1027317" />
</Gesture>