﻿<?xml version="1.0" encoding="utf-8" standalone="yes"?>
<Gesture Name="v08" Subject="1" Speed="medium" Number="8" NumPts="50" Millseconds="603" AppName="Gestures" AppVer="3.5.0.0" Date="Monday, March 05, 2007" TimeOfDay="4:59:26 PM">
  <Point X="85" Y="151" T="1027826" />
  <Point X="85" Y="153" T="1027841" />
  <Point X="86" Y="155" T="1027850" />
  <Point X="86" Y="158" T="1027858" />
  <Point X="87" Y="160" T="1027866" />
  <Point X="89" Y="164" T="1027874" />
  <Point X="89" Y="166" T="1027880" />
  <Point X="90" Y="169" T="1027887" />
  <Point X="91" Y="171" T="1027894" />
  <Point X="93" Y="174" T="1027901" />
  <Point X="94" Y="177" T="1027908" />
  <Point X="96" Y="180" T="1027915" />
  <Point X="98" Y="183" T="1027923" />
  <Point X="99" Y="185" T="1027931" />
  <Point X="101" Y="189" T="1027939" />
  <Point X="104" Y="195" T="1027948" />
  <Point X="106" Y="197" T="1027957" />
  <Point X="110" Y="205" T="1027967" />
  <Point X="112" Y="208" T="1027976" />
  <Point X="114" Y="212" T="1027985" />
  <Point X="115" Y="214" T="1027987" />
  <Point X="116" Y="216" T="1027996" />
  <Point X="120" Y="222" T="1028007" />
  <Point X="121" Y="225" T="1028017" />
  <Point X="122" Y="227" T="1028019" />
  <Point X="124" Y="231" T="1028030" />
  <Point X="125" Y="233" T="1028041" />
  <Point X="128" Y="240" T="1028053" />
  <Point X="129" Y="242" T="1028065" />
  <Point X="130" Y="247" T="1028077" />
  <Point X="131" Y="249" T="1028089" />
  <Point X="132" Y="252" T="1028111" />
  <Point X="134" Y="249" T="1028143" />
  <Point X="134" Y="246" T="1028159" />
  <Point X="134" Y="244" T="1028172" />
  <Point X="134" Y="238" T="1028186" />
  <Point X="135" Y="231" T="1028201" />
  <Point X="136" Y="223" T="1028216" />
  <Point X="138" Y="215" T="1028231" />
  <Point X="139" Y="203" T="1028246" />
  <Point X="141" Y="192" T="1028261" />
  <Point X="143" Y="179" T="1028277" />
  <Point X="145" Y="169" T="1028293" />
  <Point X="146" Y="163" T="1028310" />
  <Point X="147" Y="158" T="1028326" />
  <Point X="148" Y="156" T="1028340" />
  <Point X="149" Y="154" T="1028356" />
  <Point X="150" Y="151" T="1028384" />
  <Point X="150" Y="149" T="1028400" />
  <Point X="150" Y="147" T="1028429" />
</Gesture>