﻿<?xml version="1.0" encoding="utf-8" standalone="yes"?>
<Gesture Name="v09" Subject="1" Speed="medium" Number="9" NumPts="42" Millseconds="555" AppName="Gestures" AppVer="3.5.0.0" Date="Monday, March 05, 2007" TimeOfDay="4:59:27 PM">
  <Point X="85" Y="147" T="1028940" />
  <Point X="85" Y="150" T="1028996" />
  <Point X="87" Y="152" T="1029008" />
  <Point X="87" Y="155" T="1029017" />
  <Point X="88" Y="158" T="1029024" />
  <Point X="89" Y="162" T="1029033" />
  <Point X="89" Y="164" T="1029040" />
  <Point X="90" Y="166" T="1029047" />
  <Point X="91" Y="173" T="1029055" />
  <Point X="92" Y="176" T="1029063" />
  <Point X="94" Y="181" T="1029071" />
  <Point X="96" Y="187" T="1029079" />
  <Point X="98" Y="191" T="1029088" />
  <Point X="100" Y="196" T="1029097" />
  <Point X="101" Y="198" T="1029098" />
  <Point X="103" Y="205" T="1029110" />
  <Point X="105" Y="210" T="1029119" />
  <Point X="107" Y="214" T="1029129" />
  <Point X="108" Y="217" T="1029130" />
  <Point X="110" Y="220" T="1029142" />
  <Point X="112" Y="223" T="1029152" />
  <Point X="115" Y="228" T="1029162" />
  <Point X="116" Y="230" T="1029173" />
  <Point X="119" Y="232" T="1029185" />
  <Point X="121" Y="234" T="1029210" />
  <Point X="123" Y="235" T="1029250" />
  <Point X="123" Y="237" T="1029278" />
  <Point X="124" Y="235" T="1029318" />
  <Point X="124" Y="231" T="1029330" />
  <Point X="125" Y="223" T="1029343" />
  <Point X="126" Y="216" T="1029355" />
  <Point X="127" Y="207" T="1029369" />
  <Point X="130" Y="197" T="1029383" />
  <Point X="133" Y="190" T="1029396" />
  <Point X="139" Y="178" T="1029411" />
  <Point X="143" Y="171" T="1029426" />
  <Point X="144" Y="169" T="1029427" />
  <Point X="148" Y="162" T="1029444" />
  <Point X="152" Y="155" T="1029459" />
  <Point X="154" Y="152" T="1029473" />
  <Point X="156" Y="150" T="1029475" />
  <Point X="157" Y="148" T="1029495" />
</Gesture>