﻿<?xml version="1.0" encoding="utf-8" standalone="yes"?>
<Gesture Name="v10" Subject="1" Speed="medium" Number="10" NumPts="47" Millseconds="683" AppName="Gestures" AppVer="3.5.0.0" Date="Monday, March 05, 2007" TimeOfDay="4:59:28 PM">
  <Point X="89" Y="164" T="1030316" />
  <Point X="90" Y="162" T="1030341" />
  <Point X="92" Y="162" T="1030377" />
  <Point X="94" Y="164" T="1030402" />
  <Point X="95" Y="166" T="1030414" />
  <Point X="96" Y="169" T="1030421" />
  <Point X="97" Y="171" T="1030429" />
  <Point X="99" Y="175" T="1030437" />
  <Point X="101" Y="178" T="1030445" />
  <Point X="103" Y="182" T="1030453" />
  <Point X="106" Y="189" T="1030461" />
  <Point X="108" Y="194" T="1030469" />
  <Point X="111" Y="199" T="1030478" />
  <Point X="114" Y="204" T="1030487" />
  <Point X="117" Y="209" T="1030496" />
  <Point X="119" Y="214" T="1030505" />
  <Point X="122" Y="218" T="1030515" />
  <Point X="124" Y="222" T="1030524" />
  <Point X="126" Y="225" T="1030526" />
  <Point X="128" Y="228" T="1030536" />
  <Point X="130" Y="229" T="1030547" />
  <Point X="133" Y="233" T="1030558" />
  <Point X="134" Y="236" T="1030568" />
  <Point X="136" Y="239" T="1030581" />
  <Point X="138" Y="240" T="1030601" />
  <Point X="139" Y="242" T="1030618" />
  <Point X="140" Y="244" T="1030642" />
  <Point X="142" Y="242" T="1030683" />
  <Point X="142" Y="240" T="1030699" />
  <Point X="142" Y="237" T="1030715" />
  <Point X="143" Y="235" T="1030727" />
  <Point X="143" Y="233" T="1030740" />
  <Point X="145" Y="229" T="1030752" />
  <Point X="146" Y="226" T="1030766" />
  <Point X="148" Y="217" T="1030780" />
  <Point X="149" Y="208" T="1030794" />
  <Point X="149" Y="205" T="1030796" />
  <Point X="151" Y="196" T="1030810" />
  <Point X="151" Y="193" T="1030812" />
  <Point X="153" Y="182" T="1030828" />
  <Point X="155" Y="172" T="1030844" />
  <Point X="157" Y="165" T="1030860" />
  <Point X="159" Y="160" T="1030876" />
  <Point X="162" Y="155" T="1030892" />
  <Point X="164" Y="150" T="1030908" />
  <Point X="165" Y="148" T="1030923" />
  <Point X="166" Y="146" T="1030999" />
</Gesture>