﻿<?xml version="1.0" encoding="utf-8" standalone="yes"?>
<Gesture Name="x01" Subject="1" Speed="medium" Number="1" NumPts="51" Millseconds="620" AppName="Gestures" AppVer="3.5.0.0" Date="Monday, March 05, 2007" TimeOfDay="5:00:53 PM">
  <Point X="85" Y="140" T="1115538" />
  <Point X="86" Y="142" T="1115554" />
  <Point X="88" Y="145" T="1115570" />
  <Point X="90" Y="147" T="1115579" />
  <Point X="93" Y="151" T="1115586" />
  <Point X="94" Y="153" T="1115593" />
  <Point X="98" Y="159" T="1115600" />
  <Point X="102" Y="165" T="1115607" />
  <Point X="106" Y="172" T="1115615" />
  <Point X="111" Y="179" T="1115623" />
  <Point X="116" Y="187" T="1115631" />
  <Point X="121" Y="194" T="1115640" />
  <Point X="125" Y="200" T="1115649" />
  <Point X="131" Y="208" T="1115658" />
  <Point X="135" Y="213" T="1115667" />
  <Point X="139" Y="217" T="1115677" />
  <Point X="142" Y="221" T="1115687" />
  <Point X="145" Y="224" T="1115697" />
  <Point X="151" Y="227" T="1115707" />
  <Point X="153" Y="227" T="1115716" />
  <Point X="155" Y="229" T="1115727" />
  <Point X="157" Y="229" T="1115736" />
  <Point X="159" Y="227" T="1115755" />
  <Point X="161" Y="225" T="1115776" />
  <Point X="162" Y="222" T="1115792" />
  <Point X="162" Y="220" T="1115804" />
  <Point X="162" Y="217" T="1115805" />
  <Point X="162" Y="211" T="1115817" />
  <Point X="161" Y="205" T="1115829" />
  <Point X="160" Y="195" T="1115843" />
  <Point X="159" Y="182" T="1115856" />
  <Point X="158" Y="169" T="1115870" />
  <Point X="156" Y="152" T="1115884" />
  <Point X="156" Y="140" T="1115899" />
  <Point X="156" Y="130" T="1115913" />
  <Point X="156" Y="122" T="1115927" />
  <Point X="156" Y="120" T="1115941" />
  <Point X="154" Y="120" T="1115956" />
  <Point X="152" Y="121" T="1115969" />
  <Point X="150" Y="123" T="1115983" />
  <Point X="144" Y="132" T="1115997" />
  <Point X="139" Y="144" T="1116014" />
  <Point X="131" Y="156" T="1116031" />
  <Point X="122" Y="174" T="1116048" />
  <Point X="114" Y="189" T="1116068" />
  <Point X="113" Y="192" T="1116069" />
  <Point X="105" Y="208" T="1116089" />
  <Point X="102" Y="216" T="1116107" />
  <Point X="100" Y="221" T="1116125" />
  <Point X="98" Y="225" T="1116142" />
  <Point X="98" Y="228" T="1116158" />
</Gesture>