﻿<?xml version="1.0" encoding="utf-8" standalone="yes"?>
<Gesture Name="x02" Subject="1" Speed="medium" Number="2" NumPts="52" Millseconds="579" AppName="Gestures" AppVer="3.5.0.0" Date="Monday, March 05, 2007" TimeOfDay="5:00:54 PM">
  <Point X="84" Y="162" T="1116505" />
  <Point X="86" Y="163" T="1116537" />
  <Point X="88" Y="166" T="1116545" />
  <Point X="90" Y="169" T="1116553" />
  <Point X="91" Y="171" T="1116559" />
  <Point X="94" Y="175" T="1116566" />
  <Point X="96" Y="178" T="1116572" />
  <Point X="100" Y="184" T="1116580" />
  <Point X="103" Y="189" T="1116587" />
  <Point X="107" Y="195" T="1116594" />
  <Point X="111" Y="200" T="1116601" />
  <Point X="113" Y="203" T="1116609" />
  <Point X="114" Y="206" T="1116610" />
  <Point X="116" Y="208" T="1116618" />
  <Point X="122" Y="214" T="1116626" />
  <Point X="125" Y="219" T="1116634" />
  <Point X="128" Y="223" T="1116642" />
  <Point X="131" Y="226" T="1116651" />
  <Point X="133" Y="228" T="1116659" />
  <Point X="135" Y="231" T="1116668" />
  <Point X="137" Y="233" T="1116677" />
  <Point X="139" Y="235" T="1116686" />
  <Point X="142" Y="233" T="1116713" />
  <Point X="142" Y="231" T="1116722" />
  <Point X="142" Y="229" T="1116732" />
  <Point X="142" Y="225" T="1116733" />
  <Point X="142" Y="222" T="1116743" />
  <Point X="142" Y="213" T="1116754" />
  <Point X="141" Y="204" T="1116765" />
  <Point X="140" Y="197" T="1116776" />
  <Point X="140" Y="193" T="1116777" />
  <Point X="141" Y="182" T="1116789" />
  <Point X="141" Y="173" T="1116801" />
  <Point X="143" Y="163" T="1116814" />
  <Point X="145" Y="153" T="1116826" />
  <Point X="147" Y="146" T="1116838" />
  <Point X="148" Y="141" T="1116851" />
  <Point X="148" Y="139" T="1116863" />
  <Point X="148" Y="137" T="1116876" />
  <Point X="146" Y="136" T="1116890" />
  <Point X="144" Y="138" T="1116904" />
  <Point X="138" Y="145" T="1116918" />
  <Point X="135" Y="148" T="1116933" />
  <Point X="132" Y="153" T="1116934" />
  <Point X="123" Y="165" T="1116951" />
  <Point X="113" Y="178" T="1116966" />
  <Point X="104" Y="193" T="1116982" />
  <Point X="97" Y="209" T="1116999" />
  <Point X="90" Y="222" T="1117015" />
  <Point X="85" Y="233" T="1117032" />
  <Point X="81" Y="239" T="1117048" />
  <Point X="81" Y="236" T="1117084" />
</Gesture>