﻿<?xml version="1.0" encoding="utf-8" standalone="yes"?>
<Gesture Name="x03" Subject="1" Speed="medium" Number="3" NumPts="55" Millseconds="620" AppName="Gestures" AppVer="3.5.0.0" Date="Monday, March 05, 2007" TimeOfDay="5:00:55 PM">
  <Point X="83" Y="153" T="1117410" />
  <Point X="84" Y="155" T="1117423" />
  <Point X="86" Y="158" T="1117435" />
  <Point X="87" Y="160" T="1117440" />
  <Point X="88" Y="162" T="1117446" />
  <Point X="92" Y="167" T="1117452" />
  <Point X="94" Y="169" T="1117458" />
  <Point X="98" Y="175" T="1117464" />
  <Point X="101" Y="177" T="1117471" />
  <Point X="103" Y="180" T="1117472" />
  <Point X="106" Y="183" T="1117479" />
  <Point X="108" Y="186" T="1117480" />
  <Point X="114" Y="192" T="1117487" />
  <Point X="119" Y="199" T="1117495" />
  <Point X="122" Y="202" T="1117503" />
  <Point X="124" Y="205" T="1117504" />
  <Point X="129" Y="209" T="1117512" />
  <Point X="133" Y="213" T="1117521" />
  <Point X="136" Y="217" T="1117530" />
  <Point X="141" Y="222" T="1117541" />
  <Point X="144" Y="223" T="1117550" />
  <Point X="147" Y="225" T="1117560" />
  <Point X="149" Y="228" T="1117569" />
  <Point X="151" Y="230" T="1117580" />
  <Point X="150" Y="227" T="1117635" />
  <Point X="148" Y="225" T="1117647" />
  <Point X="148" Y="222" T="1117658" />
  <Point X="146" Y="216" T="1117670" />
  <Point X="145" Y="207" T="1117682" />
  <Point X="143" Y="198" T="1117694" />
  <Point X="143" Y="195" T="1117696" />
  <Point X="141" Y="181" T="1117712" />
  <Point X="140" Y="170" T="1117727" />
  <Point X="140" Y="167" T="1117728" />
  <Point X="140" Y="157" T="1117741" />
  <Point X="141" Y="149" T="1117754" />
  <Point X="141" Y="147" T="1117755" />
  <Point X="140" Y="143" T="1117769" />
  <Point X="140" Y="141" T="1117783" />
  <Point X="140" Y="138" T="1117784" />
  <Point X="138" Y="137" T="1117803" />
  <Point X="136" Y="139" T="1117817" />
  <Point X="132" Y="143" T="1117832" />
  <Point X="129" Y="146" T="1117846" />
  <Point X="127" Y="149" T="1117848" />
  <Point X="120" Y="159" T="1117864" />
  <Point X="111" Y="172" T="1117880" />
  <Point X="102" Y="186" T="1117896" />
  <Point X="94" Y="200" T="1117913" />
  <Point X="88" Y="213" T="1117930" />
  <Point X="84" Y="223" T="1117947" />
  <Point X="83" Y="228" T="1117964" />
  <Point X="83" Y="230" T="1117980" />
  <Point X="83" Y="228" T="1118012" />
  <Point X="84" Y="225" T="1118030" />
</Gesture>