﻿<?xml version="1.0" encoding="utf-8" standalone="yes"?>
<Gesture Name="x04" Subject="1" Speed="medium" Number="4" NumPts="60" Millseconds="635" AppName="Gestures" AppVer="3.5.0.0" Date="Monday, March 05, 2007" TimeOfDay="5:00:56 PM">
  <Point X="82" Y="144" T="1118371" />
  <Point X="82" Y="146" T="1118386" />
  <Point X="83" Y="149" T="1118394" />
  <Point X="84" Y="151" T="1118402" />
  <Point X="86" Y="153" T="1118410" />
  <Point X="88" Y="157" T="1118418" />
  <Point X="90" Y="159" T="1118424" />
  <Point X="93" Y="163" T="1118431" />
  <Point X="95" Y="166" T="1118437" />
  <Point X="98" Y="170" T="1118444" />
  <Point X="102" Y="175" T="1118451" />
  <Point X="104" Y="178" T="1118458" />
  <Point X="105" Y="180" T="1118459" />
  <Point X="107" Y="182" T="1118468" />
  <Point X="113" Y="188" T="1118476" />
  <Point X="115" Y="190" T="1118483" />
  <Point X="120" Y="196" T="1118492" />
  <Point X="123" Y="199" T="1118500" />
  <Point X="125" Y="201" T="1118508" />
  <Point X="128" Y="204" T="1118517" />
  <Point X="132" Y="207" T="1118526" />
  <Point X="135" Y="210" T="1118527" />
  <Point X="139" Y="215" T="1118539" />
  <Point X="142" Y="217" T="1118549" />
  <Point X="144" Y="219" T="1118559" />
  <Point X="145" Y="222" T="1118570" />
  <Point X="147" Y="221" T="1118571" />
  <Point X="150" Y="222" T="1118590" />
  <Point X="151" Y="220" T="1118606" />
  <Point X="151" Y="217" T="1118617" />
  <Point X="151" Y="213" T="1118629" />
  <Point X="151" Y="206" T="1118641" />
  <Point X="150" Y="197" T="1118653" />
  <Point X="150" Y="194" T="1118654" />
  <Point X="149" Y="185" T="1118669" />
  <Point X="149" Y="175" T="1118682" />
  <Point X="148" Y="171" T="1118683" />
  <Point X="148" Y="161" T="1118698" />
  <Point X="148" Y="157" T="1118699" />
  <Point X="149" Y="146" T="1118713" />
  <Point X="149" Y="143" T="1118714" />
  <Point X="151" Y="132" T="1118730" />
  <Point X="152" Y="127" T="1118744" />
  <Point X="153" Y="122" T="1118758" />
  <Point X="151" Y="124" T="1118791" />
  <Point X="147" Y="128" T="1118806" />
  <Point X="146" Y="130" T="1118807" />
  <Point X="139" Y="140" T="1118825" />
  <Point X="130" Y="151" T="1118841" />
  <Point X="119" Y="164" T="1118857" />
  <Point X="117" Y="167" T="1118859" />
  <Point X="105" Y="183" T="1118876" />
  <Point X="95" Y="198" T="1118893" />
  <Point X="87" Y="210" T="1118910" />
  <Point X="85" Y="212" T="1118911" />
  <Point X="80" Y="220" T="1118929" />
  <Point X="79" Y="222" T="1118930" />
  <Point X="77" Y="225" T="1118949" />
  <Point X="75" Y="226" T="1118966" />
  <Point X="77" Y="224" T="1119006" />
</Gesture>