﻿<?xml version="1.0" encoding="utf-8" standalone="yes"?>
<Gesture Name="x05" Subject="1" Speed="medium" Number="5" NumPts="51" Millseconds="597" AppName="Gestures" AppVer="3.5.0.0" Date="Monday, March 05, 2007" TimeOfDay="5:00:57 PM">
  <Point X="87" Y="142" T="1119331" />
  <Point X="89" Y="145" T="1119341" />
  <Point X="91" Y="148" T="1119349" />
  <Point X="93" Y="151" T="1119357" />
  <Point X="96" Y="155" T="1119365" />
  <Point X="98" Y="157" T="1119371" />
  <Point X="100" Y="160" T="1119376" />
  <Point X="102" Y="162" T="1119378" />
  <Point X="106" Y="167" T="1119386" />
  <Point X="108" Y="169" T="1119393" />
  <Point X="110" Y="171" T="1119394" />
  <Point X="115" Y="177" T="1119403" />
  <Point X="119" Y="183" T="1119411" />
  <Point X="123" Y="189" T="1119418" />
  <Point X="127" Y="193" T="1119426" />
  <Point X="129" Y="196" T="1119434" />
  <Point X="133" Y="200" T="1119443" />
  <Point X="137" Y="206" T="1119452" />
  <Point X="140" Y="209" T="1119460" />
  <Point X="143" Y="212" T="1119472" />
  <Point X="146" Y="215" T="1119481" />
  <Point X="151" Y="220" T="1119490" />
  <Point X="153" Y="222" T="1119500" />
  <Point X="155" Y="223" T="1119509" />
  <Point X="157" Y="225" T="1119519" />
  <Point X="158" Y="223" T="1119565" />
  <Point X="157" Y="218" T="1119576" />
  <Point X="155" Y="211" T="1119588" />
  <Point X="154" Y="208" T="1119590" />
  <Point X="152" Y="200" T="1119603" />
  <Point X="150" Y="189" T="1119614" />
  <Point X="148" Y="179" T="1119626" />
  <Point X="147" Y="170" T="1119638" />
  <Point X="147" Y="158" T="1119650" />
  <Point X="147" Y="148" T="1119662" />
  <Point X="147" Y="141" T="1119677" />
  <Point X="147" Y="136" T="1119689" />
  <Point X="144" Y="135" T="1119712" />
  <Point X="142" Y="137" T="1119725" />
  <Point X="140" Y="139" T="1119737" />
  <Point X="135" Y="145" T="1119751" />
  <Point X="131" Y="152" T="1119765" />
  <Point X="124" Y="163" T="1119779" />
  <Point X="116" Y="177" T="1119793" />
  <Point X="108" Y="191" T="1119808" />
  <Point X="100" Y="206" T="1119825" />
  <Point X="94" Y="217" T="1119840" />
  <Point X="91" Y="222" T="1119855" />
  <Point X="89" Y="225" T="1119870" />
  <Point X="87" Y="226" T="1119885" />
  <Point X="87" Y="224" T="1119928" />
</Gesture>