﻿<?xml version="1.0" encoding="utf-8" standalone="yes"?>
<Gesture Name="x06" Subject="1" Speed="medium" Number="6" NumPts="53" Millseconds="631" AppName="Gestures" AppVer="3.5.0.0" Date="Monday, March 05, 2007" TimeOfDay="5:00:58 PM">
  <Point X="86" Y="150" T="1120247" />
  <Point X="85" Y="152" T="1120258" />
  <Point X="87" Y="154" T="1120269" />
  <Point X="88" Y="157" T="1120277" />
  <Point X="90" Y="160" T="1120286" />
  <Point X="91" Y="163" T="1120293" />
  <Point X="93" Y="164" T="1120299" />
  <Point X="99" Y="170" T="1120307" />
  <Point X="103" Y="173" T="1120314" />
  <Point X="106" Y="176" T="1120322" />
  <Point X="108" Y="179" T="1120323" />
  <Point X="112" Y="183" T="1120333" />
  <Point X="117" Y="188" T="1120341" />
  <Point X="119" Y="190" T="1120343" />
  <Point X="123" Y="194" T="1120352" />
  <Point X="126" Y="200" T="1120360" />
  <Point X="130" Y="204" T="1120369" />
  <Point X="133" Y="208" T="1120377" />
  <Point X="137" Y="211" T="1120385" />
  <Point X="140" Y="214" T="1120396" />
  <Point X="143" Y="217" T="1120405" />
  <Point X="146" Y="220" T="1120406" />
  <Point X="149" Y="221" T="1120417" />
  <Point X="152" Y="222" T="1120427" />
  <Point X="154" Y="224" T="1120437" />
  <Point X="156" Y="225" T="1120447" />
  <Point X="158" Y="225" T="1120458" />
  <Point X="160" Y="223" T="1120482" />
  <Point X="160" Y="221" T="1120493" />
  <Point X="160" Y="213" T="1120504" />
  <Point X="159" Y="205" T="1120515" />
  <Point X="157" Y="197" T="1120527" />
  <Point X="155" Y="186" T="1120539" />
  <Point X="154" Y="174" T="1120551" />
  <Point X="153" Y="163" T="1120564" />
  <Point X="153" Y="151" T="1120576" />
  <Point X="154" Y="143" T="1120589" />
  <Point X="155" Y="136" T="1120602" />
  <Point X="156" Y="130" T="1120615" />
  <Point X="157" Y="128" T="1120627" />
  <Point X="155" Y="128" T="1120662" />
  <Point X="152" Y="130" T="1120675" />
  <Point X="147" Y="136" T="1120689" />
  <Point X="140" Y="144" T="1120703" />
  <Point X="131" Y="154" T="1120719" />
  <Point X="121" Y="168" T="1120734" />
  <Point X="113" Y="180" T="1120749" />
  <Point X="110" Y="183" T="1120750" />
  <Point X="102" Y="198" T="1120768" />
  <Point X="96" Y="211" T="1120783" />
  <Point X="93" Y="218" T="1120799" />
  <Point X="90" Y="223" T="1120815" />
  <Point X="91" Y="221" T="1120878" />
</Gesture>