﻿<?xml version="1.0" encoding="utf-8" standalone="yes"?>
<Gesture Name="x07" Subject="1" Speed="medium" Number="7" NumPts="62" Millseconds="708" AppName="Gestures" AppVer="3.5.0.0" Date="Monday, March 05, 2007" TimeOfDay="5:00:59 PM">
  <Point X="82" Y="147" T="1121187" />
  <Point X="83" Y="149" T="1121206" />
  <Point X="85" Y="152" T="1121218" />
  <Point X="87" Y="154" T="1121226" />
  <Point X="89" Y="158" T="1121234" />
  <Point X="91" Y="161" T="1121242" />
  <Point X="93" Y="163" T="1121248" />
  <Point X="96" Y="168" T="1121255" />
  <Point X="97" Y="170" T="1121262" />
  <Point X="99" Y="172" T="1121263" />
  <Point X="102" Y="177" T="1121272" />
  <Point X="106" Y="183" T="1121279" />
  <Point X="110" Y="190" T="1121286" />
  <Point X="112" Y="193" T="1121294" />
  <Point X="114" Y="196" T="1121295" />
  <Point X="119" Y="202" T="1121304" />
  <Point X="123" Y="207" T="1121313" />
  <Point X="125" Y="209" T="1121321" />
  <Point X="128" Y="212" T="1121322" />
  <Point X="132" Y="216" T="1121333" />
  <Point X="135" Y="220" T="1121343" />
  <Point X="139" Y="222" T="1121352" />
  <Point X="141" Y="224" T="1121361" />
  <Point X="144" Y="226" T="1121362" />
  <Point X="146" Y="227" T="1121374" />
  <Point X="147" Y="230" T="1121384" />
  <Point X="150" Y="231" T="1121394" />
  <Point X="152" Y="233" T="1121406" />
  <Point X="154" Y="233" T="1121430" />
  <Point X="154" Y="229" T="1121451" />
  <Point X="154" Y="227" T="1121462" />
  <Point X="154" Y="225" T="1121463" />
  <Point X="152" Y="217" T="1121476" />
  <Point X="150" Y="209" T="1121488" />
  <Point X="148" Y="200" T="1121501" />
  <Point X="147" Y="188" T="1121514" />
  <Point X="148" Y="175" T="1121527" />
  <Point X="149" Y="165" T="1121541" />
  <Point X="151" Y="156" T="1121554" />
  <Point X="152" Y="154" T="1121555" />
  <Point X="154" Y="143" T="1121572" />
  <Point X="155" Y="138" T="1121586" />
  <Point X="157" Y="132" T="1121599" />
  <Point X="157" Y="130" T="1121613" />
  <Point X="157" Y="128" T="1121627" />
  <Point X="155" Y="130" T="1121641" />
  <Point X="150" Y="134" T="1121657" />
  <Point X="144" Y="141" T="1121672" />
  <Point X="139" Y="148" T="1121687" />
  <Point X="137" Y="150" T="1121688" />
  <Point X="128" Y="159" T="1121706" />
  <Point X="119" Y="171" T="1121722" />
  <Point X="117" Y="174" T="1121723" />
  <Point X="109" Y="186" T="1121742" />
  <Point X="107" Y="189" T="1121743" />
  <Point X="100" Y="200" T="1121763" />
  <Point X="99" Y="203" T="1121764" />
  <Point X="94" Y="212" T="1121783" />
  <Point X="91" Y="217" T="1121801" />
  <Point X="89" Y="220" T="1121818" />
  <Point X="91" Y="221" T="1121874" />
  <Point X="93" Y="222" T="1121895" />
</Gesture>