﻿<?xml version="1.0" encoding="utf-8" standalone="yes"?>
<Gesture Name="x08" Subject="1" Speed="medium" Number="8" NumPts="57" Millseconds="617" AppName="Gestures" AppVer="3.5.0.0" Date="Monday, March 05, 2007" TimeOfDay="5:01:00 PM">
  <Point X="89" Y="159" T="1122233" />
  <Point X="92" Y="162" T="1122244" />
  <Point X="94" Y="165" T="1122252" />
  <Point X="96" Y="168" T="1122261" />
  <Point X="99" Y="170" T="1122268" />
  <Point X="101" Y="172" T="1122274" />
  <Point X="106" Y="175" T="1122282" />
  <Point X="111" Y="178" T="1122289" />
  <Point X="116" Y="183" T="1122297" />
  <Point X="121" Y="187" T="1122305" />
  <Point X="126" Y="192" T="1122314" />
  <Point X="131" Y="196" T="1122323" />
  <Point X="135" Y="201" T="1122332" />
  <Point X="137" Y="203" T="1122333" />
  <Point X="141" Y="207" T="1122343" />
  <Point X="143" Y="209" T="1122345" />
  <Point X="146" Y="214" T="1122355" />
  <Point X="149" Y="216" T="1122363" />
  <Point X="151" Y="219" T="1122374" />
  <Point X="153" Y="221" T="1122383" />
  <Point X="155" Y="223" T="1122392" />
  <Point X="157" Y="224" T="1122405" />
  <Point X="158" Y="221" T="1122417" />
  <Point X="159" Y="219" T="1122426" />
  <Point X="160" Y="216" T="1122436" />
  <Point X="160" Y="211" T="1122447" />
  <Point X="159" Y="203" T="1122457" />
  <Point X="158" Y="197" T="1122468" />
  <Point X="157" Y="188" T="1122479" />
  <Point X="157" Y="178" T="1122490" />
  <Point X="157" Y="167" T="1122502" />
  <Point X="157" Y="156" T="1122514" />
  <Point X="158" Y="149" T="1122526" />
  <Point X="159" Y="141" T="1122538" />
  <Point X="160" Y="133" T="1122550" />
  <Point X="161" Y="127" T="1122562" />
  <Point X="161" Y="125" T="1122575" />
  <Point X="160" Y="123" T="1122589" />
  <Point X="158" Y="123" T="1122601" />
  <Point X="155" Y="125" T="1122614" />
  <Point X="151" Y="130" T="1122628" />
  <Point X="150" Y="132" T="1122629" />
  <Point X="145" Y="138" T="1122645" />
  <Point X="143" Y="141" T="1122646" />
  <Point X="135" Y="153" T="1122662" />
  <Point X="125" Y="167" T="1122677" />
  <Point X="118" Y="178" T="1122692" />
  <Point X="116" Y="182" T="1122693" />
  <Point X="109" Y="198" T="1122711" />
  <Point X="104" Y="211" T="1122728" />
  <Point X="100" Y="219" T="1122744" />
  <Point X="98" Y="222" T="1122759" />
  <Point X="95" Y="227" T="1122775" />
  <Point X="94" Y="229" T="1122797" />
  <Point X="96" Y="226" T="1122817" />
  <Point X="98" Y="225" T="1122833" />
  <Point X="99" Y="223" T="1122850" />
</Gesture>