﻿<?xml version="1.0" encoding="utf-8" standalone="yes"?>
<Gesture Name="x09" Subject="1" Speed="medium" Number="9" NumPts="56" Millseconds="639" AppName="Gestures" AppVer="3.5.0.0" Date="Monday, March 05, 2007" TimeOfDay="5:01:01 PM">
  <Point X="95" Y="144" T="1123177" />
  <Point X="95" Y="146" T="1123188" />
  <Point X="97" Y="150" T="1123200" />
  <Point X="98" Y="152" T="1123208" />
  <Point X="101" Y="156" T="1123215" />
  <Point X="102" Y="158" T="1123221" />
  <Point X="104" Y="160" T="1123227" />
  <Point X="105" Y="163" T="1123228" />
  <Point X="109" Y="167" T="1123236" />
  <Point X="111" Y="170" T="1123243" />
  <Point X="113" Y="173" T="1123244" />
  <Point X="118" Y="178" T="1123253" />
  <Point X="122" Y="184" T="1123260" />
  <Point X="125" Y="189" T="1123268" />
  <Point X="129" Y="194" T="1123276" />
  <Point X="132" Y="199" T="1123285" />
  <Point X="133" Y="201" T="1123293" />
  <Point X="136" Y="205" T="1123302" />
  <Point X="140" Y="210" T="1123311" />
  <Point X="142" Y="213" T="1123322" />
  <Point X="145" Y="215" T="1123323" />
  <Point X="147" Y="218" T="1123335" />
  <Point X="150" Y="219" T="1123344" />
  <Point X="152" Y="221" T="1123355" />
  <Point X="154" Y="222" T="1123376" />
  <Point X="156" Y="220" T="1123404" />
  <Point X="157" Y="217" T="1123414" />
  <Point X="157" Y="213" T="1123425" />
  <Point X="158" Y="207" T="1123436" />
  <Point X="158" Y="204" T="1123437" />
  <Point X="157" Y="194" T="1123450" />
  <Point X="157" Y="184" T="1123461" />
  <Point X="157" Y="173" T="1123473" />
  <Point X="158" Y="161" T="1123486" />
  <Point X="159" Y="151" T="1123498" />
  <Point X="160" Y="142" T="1123511" />
  <Point X="162" Y="133" T="1123524" />
  <Point X="162" Y="130" T="1123525" />
  <Point X="163" Y="123" T="1123539" />
  <Point X="164" Y="120" T="1123553" />
  <Point X="161" Y="119" T="1123577" />
  <Point X="159" Y="122" T="1123590" />
  <Point X="156" Y="125" T="1123604" />
  <Point X="149" Y="137" T="1123618" />
  <Point X="141" Y="147" T="1123633" />
  <Point X="134" Y="159" T="1123648" />
  <Point X="124" Y="174" T="1123663" />
  <Point X="114" Y="190" T="1123678" />
  <Point X="104" Y="203" T="1123694" />
  <Point X="97" Y="215" T="1123711" />
  <Point X="92" Y="221" T="1123727" />
  <Point X="90" Y="224" T="1123742" />
  <Point X="88" Y="226" T="1123758" />
  <Point X="88" Y="228" T="1123774" />
  <Point X="89" Y="226" T="1123799" />
  <Point X="91" Y="224" T="1123816" />
</Gesture>