﻿<?xml version="1.0" encoding="utf-8" standalone="yes"?>
<Gesture Name="x10" Subject="1" Speed="medium" Number="10" NumPts="56" Millseconds="631" AppName="Gestures" AppVer="3.5.0.0" Date="Monday, March 05, 2007" TimeOfDay="5:01:02 PM">
  <Point X="99" Y="154" T="1124198" />
  <Point X="99" Y="156" T="1124203" />
  <Point X="100" Y="158" T="1124209" />
  <Point X="102" Y="160" T="1124215" />
  <Point X="103" Y="163" T="1124222" />
  <Point X="105" Y="167" T="1124231" />
  <Point X="108" Y="171" T="1124239" />
  <Point X="109" Y="173" T="1124246" />
  <Point X="111" Y="175" T="1124248" />
  <Point X="115" Y="181" T="1124256" />
  <Point X="119" Y="186" T="1124263" />
  <Point X="121" Y="189" T="1124270" />
  <Point X="123" Y="191" T="1124272" />
  <Point X="128" Y="197" T="1124281" />
  <Point X="132" Y="202" T="1124289" />
  <Point X="137" Y="205" T="1124297" />
  <Point X="141" Y="209" T="1124306" />
  <Point X="144" Y="212" T="1124314" />
  <Point X="147" Y="214" T="1124323" />
  <Point X="150" Y="216" T="1124332" />
  <Point X="153" Y="217" T="1124343" />
  <Point X="155" Y="219" T="1124352" />
  <Point X="156" Y="216" T="1124386" />
  <Point X="156" Y="214" T="1124396" />
  <Point X="155" Y="211" T="1124405" />
  <Point X="153" Y="205" T="1124416" />
  <Point X="151" Y="197" T="1124426" />
  <Point X="150" Y="191" T="1124437" />
  <Point X="150" Y="188" T="1124438" />
  <Point X="149" Y="177" T="1124453" />
  <Point X="149" Y="166" T="1124465" />
  <Point X="149" Y="157" T="1124476" />
  <Point X="150" Y="148" T="1124489" />
  <Point X="151" Y="138" T="1124501" />
  <Point X="152" Y="131" T="1124513" />
  <Point X="152" Y="129" T="1124514" />
  <Point X="153" Y="126" T="1124529" />
  <Point X="154" Y="124" T="1124542" />
  <Point X="155" Y="122" T="1124543" />
  <Point X="154" Y="124" T="1124579" />
  <Point X="152" Y="127" T="1124592" />
  <Point X="148" Y="134" T="1124606" />
  <Point X="142" Y="143" T="1124620" />
  <Point X="137" Y="152" T="1124634" />
  <Point X="130" Y="162" T="1124648" />
  <Point X="122" Y="172" T="1124663" />
  <Point X="115" Y="182" T="1124678" />
  <Point X="113" Y="184" T="1124679" />
  <Point X="105" Y="196" T="1124697" />
  <Point X="100" Y="208" T="1124713" />
  <Point X="97" Y="216" T="1124728" />
  <Point X="95" Y="222" T="1124744" />
  <Point X="95" Y="224" T="1124760" />
  <Point X="97" Y="222" T="1124796" />
  <Point X="97" Y="220" T="1124812" />
  <Point X="99" Y="214" T="1124829" />
</Gesture>