﻿<?xml version="1.0" encoding="utf-8" standalone="yes"?>
<Gesture Name="arrow08" Subject="1" Speed="slow" Number="8" NumPts="69" Millseconds="987" AppName="Gestures" AppVer="3.5.0.0" Date="Monday, March 05, 2007" TimeOfDay="5:04:41 PM">
  <Point X="49" Y="240" T="1343274" />
  <Point X="51" Y="239" T="1343286" />
  <Point X="54" Y="237" T="1343294" />
  <Point X="57" Y="235" T="1343302" />
  <Point X="60" Y="233" T="1343309" />
  <Point X="63" Y="231" T="1343318" />
  <Point X="65" Y="230" T="1343325" />
  <Point X="70" Y="227" T="1343333" />
  <Point X="72" Y="226" T="1343340" />
  <Point X="78" Y="223" T="1343348" />
  <Point X="82" Y="220" T="1343357" />
  <Point X="87" Y="218" T="1343365" />
  <Point X="89" Y="217" T="1343367" />
  <Point X="94" Y="214" T="1343378" />
  <Point X="96" Y="212" T="1343379" />
  <Point X="104" Y="209" T="1343391" />
  <Point X="109" Y="205" T="1343401" />
  <Point X="117" Y="202" T="1343411" />
  <Point X="124" Y="198" T="1343423" />
  <Point X="129" Y="194" T="1343433" />
  <Point X="135" Y="191" T="1343443" />
  <Point X="141" Y="188" T="1343454" />
  <Point X="144" Y="187" T="1343464" />
  <Point X="147" Y="186" T="1343475" />
  <Point X="154" Y="181" T="1343487" />
  <Point X="157" Y="180" T="1343498" />
  <Point X="163" Y="177" T="1343510" />
  <Point X="165" Y="175" T="1343522" />
  <Point X="170" Y="171" T="1343535" />
  <Point X="172" Y="169" T="1343547" />
  <Point X="177" Y="166" T="1343560" />
  <Point X="179" Y="165" T="1343573" />
  <Point X="184" Y="161" T="1343586" />
  <Point X="186" Y="160" T="1343600" />
  <Point X="188" Y="158" T="1343614" />
  <Point X="191" Y="155" T="1343615" />
  <Point X="193" Y="154" T="1343634" />
  <Point X="192" Y="152" T="1343658" />
  <Point X="189" Y="150" T="1343671" />
  <Point X="187" Y="150" T="1343685" />
  <Point X="185" Y="150" T="1343687" />
  <Point X="179" Y="151" T="1343703" />
  <Point X="172" Y="152" T="1343719" />
  <Point X="166" Y="153" T="1343734" />
  <Point X="160" Y="156" T="1343751" />
  <Point X="155" Y="159" T="1343767" />
  <Point X="152" Y="160" T="1343783" />
  <Point X="147" Y="161" T="1343801" />
  <Point X="145" Y="161" T="1343822" />
  <Point X="148" Y="160" T="1343850" />
  <Point X="152" Y="160" T="1343867" />
  <Point X="159" Y="159" T="1343885" />
  <Point X="166" Y="158" T="1343905" />
  <Point X="176" Y="155" T="1343924" />
  <Point X="185" Y="152" T="1343944" />
  <Point X="194" Y="150" T="1343964" />
  <Point X="199" Y="149" T="1343984" />
  <Point X="203" Y="149" T="1344004" />
  <Point X="204" Y="151" T="1344046" />
  <Point X="202" Y="156" T="1344066" />
  <Point X="196" Y="162" T="1344087" />
  <Point X="192" Y="168" T="1344107" />
  <Point X="185" Y="175" T="1344129" />
  <Point X="179" Y="185" T="1344150" />
  <Point X="174" Y="190" T="1344170" />
  <Point X="171" Y="195" T="1344191" />
  <Point X="169" Y="197" T="1344211" />
  <Point X="169" Y="200" T="1344233" />
  <Point X="171" Y="199" T="1344261" />
</Gesture>