﻿<?xml version="1.0" encoding="utf-8" standalone="yes"?>
<Gesture Name="arrow09" Subject="1" Speed="slow" Number="9" NumPts="73" Millseconds="988" AppName="Gestures" AppVer="3.5.0.0" Date="Monday, March 05, 2007" TimeOfDay="5:04:43 PM">
  <Point X="63" Y="210" T="1344897" />
  <Point X="65" Y="210" T="1344913" />
  <Point X="68" Y="209" T="1344926" />
  <Point X="71" Y="208" T="1344934" />
  <Point X="74" Y="207" T="1344942" />
  <Point X="78" Y="204" T="1344951" />
  <Point X="80" Y="204" T="1344958" />
  <Point X="82" Y="203" T="1344960" />
  <Point X="86" Y="202" T="1344968" />
  <Point X="90" Y="200" T="1344975" />
  <Point X="94" Y="198" T="1344983" />
  <Point X="98" Y="197" T="1344992" />
  <Point X="102" Y="195" T="1345000" />
  <Point X="107" Y="192" T="1345009" />
  <Point X="112" Y="192" T="1345018" />
  <Point X="116" Y="189" T="1345027" />
  <Point X="119" Y="189" T="1345028" />
  <Point X="123" Y="186" T="1345038" />
  <Point X="129" Y="183" T="1345048" />
  <Point X="131" Y="182" T="1345058" />
  <Point X="135" Y="180" T="1345060" />
  <Point X="137" Y="180" T="1345071" />
  <Point X="141" Y="178" T="1345072" />
  <Point X="146" Y="174" T="1345086" />
  <Point X="150" Y="173" T="1345097" />
  <Point X="156" Y="167" T="1345108" />
  <Point X="159" Y="166" T="1345119" />
  <Point X="162" Y="164" T="1345131" />
  <Point X="164" Y="163" T="1345132" />
  <Point X="167" Y="161" T="1345146" />
  <Point X="171" Y="159" T="1345158" />
  <Point X="174" Y="158" T="1345171" />
  <Point X="176" Y="155" T="1345172" />
  <Point X="179" Y="154" T="1345188" />
  <Point X="182" Y="151" T="1345201" />
  <Point X="185" Y="149" T="1345214" />
  <Point X="187" Y="148" T="1345227" />
  <Point X="189" Y="146" T="1345242" />
  <Point X="190" Y="144" T="1345275" />
  <Point X="187" Y="144" T="1345299" />
  <Point X="185" Y="144" T="1345313" />
  <Point X="179" Y="145" T="1345328" />
  <Point X="176" Y="145" T="1345342" />
  <Point X="173" Y="145" T="1345344" />
  <Point X="165" Y="146" T="1345361" />
  <Point X="156" Y="149" T="1345377" />
  <Point X="148" Y="150" T="1345393" />
  <Point X="143" Y="151" T="1345412" />
  <Point X="139" Y="153" T="1345428" />
  <Point X="141" Y="153" T="1345475" />
  <Point X="146" Y="152" T="1345492" />
  <Point X="154" Y="150" T="1345509" />
  <Point X="162" Y="148" T="1345527" />
  <Point X="164" Y="148" T="1345528" />
  <Point X="175" Y="145" T="1345549" />
  <Point X="185" Y="143" T="1345569" />
  <Point X="193" Y="141" T="1345589" />
  <Point X="198" Y="141" T="1345609" />
  <Point X="202" Y="141" T="1345629" />
  <Point X="204" Y="142" T="1345647" />
  <Point X="205" Y="144" T="1345665" />
  <Point X="204" Y="148" T="1345685" />
  <Point X="203" Y="150" T="1345705" />
  <Point X="198" Y="155" T="1345727" />
  <Point X="196" Y="157" T="1345728" />
  <Point X="192" Y="161" T="1345750" />
  <Point X="190" Y="164" T="1345752" />
  <Point X="186" Y="168" T="1345774" />
  <Point X="180" Y="176" T="1345795" />
  <Point X="176" Y="180" T="1345816" />
  <Point X="173" Y="186" T="1345838" />
  <Point X="170" Y="190" T="1345860" />
  <Point X="170" Y="193" T="1345885" />
</Gesture>