﻿<?xml version="1.0" encoding="utf-8" standalone="yes"?>
<Gesture Name="arrow05" Subject="1" Speed="slow" Number="5" NumPts="79" Millseconds="1064" AppName="Gestures" AppVer="3.5.0.0" Date="Monday, March 05, 2007" TimeOfDay="5:04:36 PM">
  <Point X="42" Y="226" T="1338375" />
  <Point X="41" Y="228" T="1338384" />
  <Point X="43" Y="229" T="1338429" />
  <Point X="45" Y="227" T="1338436" />
  <Point X="48" Y="226" T="1338449" />
  <Point X="51" Y="225" T="1338457" />
  <Point X="54" Y="224" T="1338465" />
  <Point X="58" Y="223" T="1338473" />
  <Point X="60" Y="222" T="1338480" />
  <Point X="64" Y="221" T="1338486" />
  <Point X="68" Y="220" T="1338494" />
  <Point X="71" Y="219" T="1338501" />
  <Point X="73" Y="217" T="1338502" />
  <Point X="78" Y="216" T="1338512" />
  <Point X="83" Y="214" T="1338520" />
  <Point X="86" Y="213" T="1338522" />
  <Point X="91" Y="210" T="1338532" />
  <Point X="99" Y="207" T="1338541" />
  <Point X="104" Y="204" T="1338550" />
  <Point X="109" Y="201" T="1338560" />
  <Point X="117" Y="198" T="1338569" />
  <Point X="122" Y="196" T="1338579" />
  <Point X="130" Y="193" T="1338589" />
  <Point X="135" Y="192" T="1338599" />
  <Point X="142" Y="188" T="1338610" />
  <Point X="147" Y="185" T="1338620" />
  <Point X="150" Y="184" T="1338622" />
  <Point X="157" Y="181" T="1338634" />
  <Point X="164" Y="178" T="1338645" />
  <Point X="168" Y="174" T="1338656" />
  <Point X="170" Y="174" T="1338657" />
  <Point X="177" Y="170" T="1338671" />
  <Point X="185" Y="167" T="1338685" />
  <Point X="187" Y="167" T="1338697" />
  <Point X="190" Y="165" T="1338698" />
  <Point X="194" Y="163" T="1338712" />
  <Point X="196" Y="161" T="1338714" />
  <Point X="199" Y="161" T="1338729" />
  <Point X="201" Y="159" T="1338730" />
  <Point X="204" Y="158" T="1338746" />
  <Point X="206" Y="156" T="1338760" />
  <Point X="205" Y="154" T="1338786" />
  <Point X="203" Y="153" T="1338799" />
  <Point X="201" Y="152" T="1338813" />
  <Point X="198" Y="151" T="1338815" />
  <Point X="192" Y="150" T="1338831" />
  <Point X="184" Y="149" T="1338847" />
  <Point X="176" Y="148" T="1338863" />
  <Point X="168" Y="148" T="1338879" />
  <Point X="161" Y="148" T="1338897" />
  <Point X="156" Y="149" T="1338912" />
  <Point X="154" Y="149" T="1338928" />
  <Point X="152" Y="151" T="1338943" />
  <Point X="154" Y="152" T="1338979" />
  <Point X="157" Y="151" T="1338995" />
  <Point X="162" Y="151" T="1339012" />
  <Point X="171" Y="151" T="1339029" />
  <Point X="180" Y="152" T="1339047" />
  <Point X="182" Y="151" T="1339048" />
  <Point X="192" Y="151" T="1339067" />
  <Point X="194" Y="152" T="1339068" />
  <Point X="202" Y="152" T="1339088" />
  <Point X="210" Y="152" T="1339107" />
  <Point X="212" Y="152" T="1339126" />
  <Point X="214" Y="152" T="1339144" />
  <Point X="212" Y="153" T="1339207" />
  <Point X="209" Y="155" T="1339226" />
  <Point X="203" Y="160" T="1339246" />
  <Point X="198" Y="166" T="1339266" />
  <Point X="193" Y="170" T="1339286" />
  <Point X="186" Y="178" T="1339306" />
  <Point X="184" Y="181" T="1339307" />
  <Point X="179" Y="187" T="1339330" />
  <Point X="175" Y="194" T="1339351" />
  <Point X="174" Y="197" T="1339352" />
  <Point X="171" Y="201" T="1339376" />
  <Point X="170" Y="203" T="1339397" />
  <Point X="169" Y="205" T="1339418" />
  <Point X="169" Y="207" T="1339439" />
</Gesture>