﻿<?xml version="1.0" encoding="utf-8" standalone="yes"?>
<Gesture Name="arrow02" Subject="1" Speed="slow" Number="2" NumPts="72" Millseconds="970" AppName="Gestures" AppVer="3.5.0.0" Date="Monday, March 05, 2007" TimeOfDay="5:04:31 PM">
  <Point X="43" Y="250" T="1333447" />
  <Point X="45" Y="249" T="1333472" />
  <Point X="48" Y="248" T="1333484" />
  <Point X="50" Y="246" T="1333492" />
  <Point X="53" Y="244" T="1333501" />
  <Point X="56" Y="242" T="1333509" />
  <Point X="59" Y="241" T="1333517" />
  <Point X="61" Y="239" T="1333525" />
  <Point X="65" Y="236" T="1333533" />
  <Point X="68" Y="234" T="1333541" />
  <Point X="71" Y="232" T="1333549" />
  <Point X="75" Y="230" T="1333557" />
  <Point X="79" Y="228" T="1333566" />
  <Point X="84" Y="225" T="1333574" />
  <Point X="88" Y="222" T="1333583" />
  <Point X="93" Y="220" T="1333592" />
  <Point X="95" Y="218" T="1333594" />
  <Point X="100" Y="215" T="1333604" />
  <Point X="108" Y="209" T="1333614" />
  <Point X="115" Y="206" T="1333625" />
  <Point X="121" Y="202" T="1333636" />
  <Point X="128" Y="198" T="1333647" />
  <Point X="135" Y="193" T="1333658" />
  <Point X="142" Y="189" T="1333670" />
  <Point X="148" Y="185" T="1333682" />
  <Point X="154" Y="181" T="1333694" />
  <Point X="159" Y="178" T="1333706" />
  <Point X="163" Y="175" T="1333718" />
  <Point X="168" Y="171" T="1333730" />
  <Point X="170" Y="169" T="1333743" />
  <Point X="172" Y="167" T="1333756" />
  <Point X="175" Y="166" T="1333769" />
  <Point X="176" Y="164" T="1333782" />
  <Point X="176" Y="162" T="1333798" />
  <Point X="174" Y="162" T="1333819" />
  <Point X="171" Y="161" T="1333832" />
  <Point X="166" Y="160" T="1333847" />
  <Point X="157" Y="162" T="1333864" />
  <Point X="152" Y="162" T="1333878" />
  <Point X="143" Y="162" T="1333893" />
  <Point X="138" Y="163" T="1333908" />
  <Point X="131" Y="164" T="1333924" />
  <Point X="125" Y="166" T="1333940" />
  <Point X="121" Y="168" T="1333957" />
  <Point X="118" Y="168" T="1333972" />
  <Point X="119" Y="171" T="1333995" />
  <Point X="121" Y="171" T="1334010" />
  <Point X="126" Y="170" T="1334028" />
  <Point X="133" Y="169" T="1334045" />
  <Point X="143" Y="166" T="1334064" />
  <Point X="151" Y="163" T="1334082" />
  <Point X="159" Y="160" T="1334101" />
  <Point X="168" Y="159" T="1334120" />
  <Point X="177" Y="158" T="1334139" />
  <Point X="183" Y="158" T="1334158" />
  <Point X="185" Y="158" T="1334160" />
  <Point X="187" Y="159" T="1334177" />
  <Point X="187" Y="161" T="1334203" />
  <Point X="186" Y="164" T="1334220" />
  <Point X="184" Y="167" T="1334238" />
  <Point X="183" Y="169" T="1334240" />
  <Point X="179" Y="176" T="1334261" />
  <Point X="175" Y="181" T="1334282" />
  <Point X="173" Y="184" T="1334284" />
  <Point X="169" Y="192" T="1334304" />
  <Point X="163" Y="202" T="1334325" />
  <Point X="158" Y="210" T="1334346" />
  <Point X="154" Y="215" T="1334366" />
  <Point X="152" Y="218" T="1334368" />
  <Point X="150" Y="221" T="1334391" />
  <Point X="148" Y="222" T="1334392" />
  <Point X="146" Y="225" T="1334417" />
</Gesture>