﻿<?xml version="1.0" encoding="utf-8" standalone="yes"?>
<Gesture Name="arrow01" Subject="1" Speed="slow" Number="1" NumPts="65" Millseconds="852" AppName="Gestures" AppVer="3.5.0.0" Date="Monday, March 05, 2007" TimeOfDay="5:04:29 PM">
  <Point X="58" Y="226" T="1331835" />
  <Point X="60" Y="225" T="1331890" />
  <Point X="63" Y="223" T="1331902" />
  <Point X="66" Y="222" T="1331911" />
  <Point X="69" Y="219" T="1331919" />
  <Point X="72" Y="217" T="1331926" />
  <Point X="76" Y="215" T="1331934" />
  <Point X="78" Y="214" T="1331941" />
  <Point X="83" Y="212" T="1331948" />
  <Point X="88" Y="210" T="1331955" />
  <Point X="93" Y="207" T="1331963" />
  <Point X="98" Y="204" T="1331970" />
  <Point X="101" Y="203" T="1331978" />
  <Point X="104" Y="201" T="1331979" />
  <Point X="111" Y="198" T="1331989" />
  <Point X="117" Y="195" T="1331997" />
  <Point X="120" Y="194" T="1331999" />
  <Point X="129" Y="191" T="1332011" />
  <Point X="135" Y="187" T="1332020" />
  <Point X="140" Y="184" T="1332029" />
  <Point X="143" Y="183" T="1332031" />
  <Point X="150" Y="180" T="1332043" />
  <Point X="155" Y="177" T="1332053" />
  <Point X="157" Y="175" T="1332055" />
  <Point X="162" Y="173" T="1332069" />
  <Point X="165" Y="172" T="1332079" />
  <Point X="167" Y="170" T="1332089" />
  <Point X="168" Y="168" T="1332091" />
  <Point X="169" Y="165" T="1332115" />
  <Point X="167" Y="165" T="1332127" />
  <Point X="165" Y="165" T="1332139" />
  <Point X="159" Y="164" T="1332151" />
  <Point X="156" Y="163" T="1332163" />
  <Point X="148" Y="162" T="1332176" />
  <Point X="143" Y="161" T="1332189" />
  <Point X="137" Y="160" T="1332202" />
  <Point X="129" Y="160" T="1332216" />
  <Point X="123" Y="161" T="1332229" />
  <Point X="120" Y="162" T="1332243" />
  <Point X="117" Y="162" T="1332244" />
  <Point X="113" Y="163" T="1332259" />
  <Point X="111" Y="165" T="1332273" />
  <Point X="114" Y="165" T="1332312" />
  <Point X="117" Y="164" T="1332327" />
  <Point X="126" Y="162" T="1332342" />
  <Point X="135" Y="160" T="1332357" />
  <Point X="144" Y="158" T="1332373" />
  <Point X="153" Y="156" T="1332389" />
  <Point X="160" Y="155" T="1332405" />
  <Point X="167" Y="154" T="1332421" />
  <Point X="172" Y="154" T="1332437" />
  <Point X="175" Y="155" T="1332453" />
  <Point X="177" Y="157" T="1332469" />
  <Point X="179" Y="159" T="1332486" />
  <Point X="179" Y="161" T="1332503" />
  <Point X="178" Y="166" T="1332521" />
  <Point X="176" Y="171" T="1332539" />
  <Point X="171" Y="177" T="1332556" />
  <Point X="167" Y="182" T="1332574" />
  <Point X="161" Y="190" T="1332593" />
  <Point X="157" Y="196" T="1332611" />
  <Point X="150" Y="204" T="1332630" />
  <Point X="147" Y="210" T="1332648" />
  <Point X="145" Y="212" T="1332667" />
  <Point X="143" Y="213" T="1332687" />
</Gesture>