﻿<?xml version="1.0" encoding="utf-8" standalone="yes"?>
<Gesture Name="arrow07" Subject="1" Speed="slow" Number="7" NumPts="71" Millseconds="1000" AppName="Gestures" AppVer="3.5.0.0" Date="Monday, March 05, 2007" TimeOfDay="5:04:39 PM">
  <Point X="45" Y="241" T="1341616" />
  <Point X="47" Y="239" T="1341635" />
  <Point X="50" Y="238" T="1341644" />
  <Point X="52" Y="235" T="1341652" />
  <Point X="54" Y="234" T="1341658" />
  <Point X="59" Y="232" T="1341665" />
  <Point X="61" Y="231" T="1341672" />
  <Point X="63" Y="230" T="1341673" />
  <Point X="68" Y="226" T="1341683" />
  <Point X="70" Y="225" T="1341684" />
  <Point X="75" Y="222" T="1341694" />
  <Point X="80" Y="220" T="1341702" />
  <Point X="85" Y="217" T="1341710" />
  <Point X="89" Y="213" T="1341718" />
  <Point X="94" Y="211" T="1341727" />
  <Point X="99" Y="208" T="1341736" />
  <Point X="101" Y="207" T="1341737" />
  <Point X="107" Y="204" T="1341747" />
  <Point X="110" Y="201" T="1341749" />
  <Point X="118" Y="196" T="1341761" />
  <Point X="124" Y="193" T="1341770" />
  <Point X="130" Y="189" T="1341780" />
  <Point X="133" Y="187" T="1341781" />
  <Point X="141" Y="183" T="1341793" />
  <Point X="146" Y="180" T="1341804" />
  <Point X="149" Y="179" T="1341805" />
  <Point X="156" Y="174" T="1341818" />
  <Point X="162" Y="171" T="1341829" />
  <Point X="166" Y="168" T="1341840" />
  <Point X="172" Y="163" T="1341851" />
  <Point X="175" Y="161" T="1341864" />
  <Point X="179" Y="159" T="1341865" />
  <Point X="182" Y="156" T="1341879" />
  <Point X="187" Y="153" T="1341891" />
  <Point X="191" Y="149" T="1341905" />
  <Point X="193" Y="146" T="1341920" />
  <Point X="191" Y="147" T="1341972" />
  <Point X="189" Y="147" T="1341984" />
  <Point X="186" Y="146" T="1341998" />
  <Point X="183" Y="146" T="1342011" />
  <Point X="180" Y="147" T="1342013" />
  <Point X="173" Y="148" T="1342029" />
  <Point X="170" Y="149" T="1342043" />
  <Point X="162" Y="150" T="1342057" />
  <Point X="155" Y="152" T="1342073" />
  <Point X="149" Y="153" T="1342088" />
  <Point X="143" Y="154" T="1342104" />
  <Point X="139" Y="156" T="1342120" />
  <Point X="136" Y="157" T="1342135" />
  <Point X="134" Y="157" T="1342151" />
  <Point X="136" Y="158" T="1342192" />
  <Point X="141" Y="157" T="1342209" />
  <Point X="148" Y="156" T="1342226" />
  <Point X="156" Y="155" T="1342243" />
  <Point X="167" Y="152" T="1342261" />
  <Point X="174" Y="151" T="1342278" />
  <Point X="180" Y="150" T="1342295" />
  <Point X="188" Y="147" T="1342312" />
  <Point X="191" Y="146" T="1342331" />
  <Point X="193" Y="146" T="1342349" />
  <Point X="195" Y="146" T="1342380" />
  <Point X="196" Y="148" T="1342425" />
  <Point X="196" Y="150" T="1342444" />
  <Point X="195" Y="156" T="1342463" />
  <Point X="192" Y="164" T="1342482" />
  <Point X="188" Y="173" T="1342502" />
  <Point X="186" Y="183" T="1342522" />
  <Point X="184" Y="192" T="1342542" />
  <Point X="183" Y="196" T="1342562" />
  <Point X="182" Y="198" T="1342582" />
  <Point X="182" Y="200" T="1342616" />
</Gesture>