﻿<?xml version="1.0" encoding="utf-8" standalone="yes"?>
<Gesture Name="arrow10" Subject="1" Speed="slow" Number="10" NumPts="70" Millseconds="948" AppName="Gestures" AppVer="3.5.0.0" Date="Monday, March 05, 2007" TimeOfDay="5:04:44 PM">
  <Point X="65" Y="215" T="1346457" />
  <Point X="67" Y="214" T="1346480" />
  <Point X="69" Y="212" T="1346489" />
  <Point X="72" Y="211" T="1346498" />
  <Point X="75" Y="210" T="1346505" />
  <Point X="78" Y="208" T="1346512" />
  <Point X="82" Y="208" T="1346520" />
  <Point X="86" Y="206" T="1346528" />
  <Point X="88" Y="204" T="1346535" />
  <Point X="90" Y="203" T="1346537" />
  <Point X="94" Y="200" T="1346546" />
  <Point X="99" Y="199" T="1346553" />
  <Point X="104" Y="196" T="1346561" />
  <Point X="108" Y="195" T="1346569" />
  <Point X="114" Y="192" T="1346577" />
  <Point X="120" Y="188" T="1346585" />
  <Point X="125" Y="185" T="1346594" />
  <Point X="130" Y="181" T="1346603" />
  <Point X="135" Y="178" T="1346611" />
  <Point X="138" Y="177" T="1346612" />
  <Point X="143" Y="174" T="1346624" />
  <Point X="145" Y="173" T="1346625" />
  <Point X="152" Y="169" T="1346638" />
  <Point X="157" Y="166" T="1346647" />
  <Point X="159" Y="165" T="1346649" />
  <Point X="163" Y="163" T="1346661" />
  <Point X="166" Y="161" T="1346671" />
  <Point X="170" Y="159" T="1346673" />
  <Point X="174" Y="156" T="1346686" />
  <Point X="180" Y="152" T="1346697" />
  <Point X="183" Y="151" T="1346709" />
  <Point X="188" Y="147" T="1346720" />
  <Point X="191" Y="145" T="1346733" />
  <Point X="193" Y="146" T="1346744" />
  <Point X="195" Y="144" T="1346756" />
  <Point X="197" Y="142" T="1346769" />
  <Point X="199" Y="140" T="1346800" />
  <Point X="197" Y="141" T="1346821" />
  <Point X="194" Y="141" T="1346834" />
  <Point X="191" Y="142" T="1346847" />
  <Point X="186" Y="142" T="1346860" />
  <Point X="180" Y="144" T="1346874" />
  <Point X="177" Y="143" T="1346888" />
  <Point X="170" Y="144" T="1346902" />
  <Point X="164" Y="145" T="1346916" />
  <Point X="159" Y="147" T="1346931" />
  <Point X="157" Y="147" T="1346946" />
  <Point X="155" Y="148" T="1346960" />
  <Point X="157" Y="148" T="1347008" />
  <Point X="159" Y="148" T="1347023" />
  <Point X="162" Y="147" T="1347024" />
  <Point X="168" Y="145" T="1347043" />
  <Point X="174" Y="144" T="1347059" />
  <Point X="176" Y="145" T="1347060" />
  <Point X="183" Y="144" T="1347078" />
  <Point X="190" Y="143" T="1347095" />
  <Point X="196" Y="144" T="1347113" />
  <Point X="201" Y="143" T="1347131" />
  <Point X="205" Y="141" T="1347149" />
  <Point X="207" Y="143" T="1347181" />
  <Point X="206" Y="145" T="1347205" />
  <Point X="204" Y="149" T="1347222" />
  <Point X="201" Y="151" T="1347241" />
  <Point X="195" Y="158" T="1347260" />
  <Point X="191" Y="162" T="1347279" />
  <Point X="186" Y="169" T="1347298" />
  <Point X="183" Y="174" T="1347318" />
  <Point X="180" Y="178" T="1347337" />
  <Point X="179" Y="180" T="1347369" />
  <Point X="181" Y="178" T="1347405" />
</Gesture>