﻿<?xml version="1.0" encoding="utf-8" standalone="yes"?>
<Gesture Name="arrow04" Subject="1" Speed="slow" Number="4" NumPts="75" Millseconds="1016" AppName="Gestures" AppVer="3.5.0.0" Date="Monday, March 05, 2007" TimeOfDay="5:04:34 PM">
  <Point X="52" Y="241" T="1336683" />
  <Point X="54" Y="241" T="1336703" />
  <Point X="57" Y="239" T="1336715" />
  <Point X="59" Y="238" T="1336723" />
  <Point X="62" Y="237" T="1336730" />
  <Point X="65" Y="235" T="1336739" />
  <Point X="69" Y="232" T="1336747" />
  <Point X="73" Y="231" T="1336755" />
  <Point X="77" Y="230" T="1336763" />
  <Point X="79" Y="228" T="1336770" />
  <Point X="81" Y="227" T="1336772" />
  <Point X="85" Y="224" T="1336782" />
  <Point X="90" Y="222" T="1336790" />
  <Point X="95" Y="218" T="1336798" />
  <Point X="97" Y="217" T="1336800" />
  <Point X="103" Y="215" T="1336811" />
  <Point X="105" Y="213" T="1336812" />
  <Point X="111" Y="211" T="1336822" />
  <Point X="113" Y="210" T="1336824" />
  <Point X="121" Y="205" T="1336836" />
  <Point X="126" Y="201" T="1336845" />
  <Point X="133" Y="198" T="1336856" />
  <Point X="138" Y="195" T="1336866" />
  <Point X="140" Y="194" T="1336868" />
  <Point X="146" Y="190" T="1336880" />
  <Point X="148" Y="190" T="1336891" />
  <Point X="152" Y="189" T="1336892" />
  <Point X="155" Y="185" T="1336905" />
  <Point X="161" Y="182" T="1336916" />
  <Point X="165" Y="180" T="1336927" />
  <Point X="167" Y="179" T="1336939" />
  <Point X="170" Y="177" T="1336940" />
  <Point X="173" Y="177" T="1336954" />
  <Point X="177" Y="173" T="1336966" />
  <Point X="180" Y="172" T="1336979" />
  <Point X="182" Y="170" T="1336992" />
  <Point X="184" Y="169" T="1337005" />
  <Point X="186" Y="166" T="1337018" />
  <Point X="190" Y="163" T="1337032" />
  <Point X="189" Y="161" T="1337083" />
  <Point X="187" Y="161" T="1337097" />
  <Point X="182" Y="162" T="1337111" />
  <Point X="175" Y="162" T="1337126" />
  <Point X="168" Y="163" T="1337140" />
  <Point X="160" Y="166" T="1337156" />
  <Point X="154" Y="166" T="1337171" />
  <Point X="152" Y="167" T="1337172" />
  <Point X="146" Y="170" T="1337192" />
  <Point X="141" Y="172" T="1337207" />
  <Point X="138" Y="173" T="1337222" />
  <Point X="136" Y="172" T="1337247" />
  <Point X="138" Y="171" T="1337276" />
  <Point X="141" Y="170" T="1337292" />
  <Point X="146" Y="170" T="1337308" />
  <Point X="154" Y="171" T="1337325" />
  <Point X="160" Y="171" T="1337342" />
  <Point X="170" Y="171" T="1337360" />
  <Point X="172" Y="171" T="1337361" />
  <Point X="179" Y="171" T="1337381" />
  <Point X="188" Y="170" T="1337399" />
  <Point X="194" Y="168" T="1337417" />
  <Point X="198" Y="166" T="1337435" />
  <Point X="200" Y="165" T="1337453" />
  <Point X="202" Y="165" T="1337472" />
  <Point X="200" Y="166" T="1337500" />
  <Point X="198" Y="168" T="1337519" />
  <Point X="191" Y="173" T="1337538" />
  <Point X="186" Y="178" T="1337557" />
  <Point X="177" Y="187" T="1337578" />
  <Point X="170" Y="196" T="1337598" />
  <Point X="163" Y="204" T="1337618" />
  <Point X="158" Y="210" T="1337638" />
  <Point X="154" Y="214" T="1337659" />
  <Point X="152" Y="215" T="1337679" />
  <Point X="151" Y="217" T="1337699" />
</Gesture>