﻿<?xml version="1.0" encoding="utf-8" standalone="yes"?>
<Gesture Name="arrow06" Subject="1" Speed="slow" Number="6" NumPts="66" Millseconds="947" AppName="Gestures" AppVer="3.5.0.0" Date="Monday, March 05, 2007" TimeOfDay="5:04:38 PM">
  <Point X="52" Y="231" T="1340116" />
  <Point X="54" Y="230" T="1340137" />
  <Point X="57" Y="228" T="1340149" />
  <Point X="61" Y="226" T="1340156" />
  <Point X="64" Y="225" T="1340165" />
  <Point X="66" Y="224" T="1340171" />
  <Point X="70" Y="222" T="1340179" />
  <Point X="75" Y="220" T="1340186" />
  <Point X="79" Y="219" T="1340194" />
  <Point X="84" Y="216" T="1340202" />
  <Point X="89" Y="214" T="1340211" />
  <Point X="94" Y="211" T="1340219" />
  <Point X="98" Y="209" T="1340228" />
  <Point X="101" Y="207" T="1340230" />
  <Point X="106" Y="205" T="1340239" />
  <Point X="111" Y="203" T="1340249" />
  <Point X="113" Y="201" T="1340250" />
  <Point X="121" Y="198" T="1340262" />
  <Point X="126" Y="195" T="1340272" />
  <Point X="129" Y="193" T="1340274" />
  <Point X="135" Y="190" T="1340285" />
  <Point X="137" Y="189" T="1340286" />
  <Point X="145" Y="184" T="1340300" />
  <Point X="153" Y="182" T="1340311" />
  <Point X="160" Y="177" T="1340323" />
  <Point X="166" Y="175" T="1340336" />
  <Point X="172" Y="171" T="1340348" />
  <Point X="175" Y="170" T="1340360" />
  <Point X="181" Y="165" T="1340373" />
  <Point X="186" Y="163" T="1340386" />
  <Point X="189" Y="161" T="1340398" />
  <Point X="191" Y="159" T="1340410" />
  <Point X="193" Y="158" T="1340426" />
  <Point X="195" Y="155" T="1340451" />
  <Point X="193" Y="153" T="1340476" />
  <Point X="191" Y="152" T="1340489" />
  <Point X="189" Y="151" T="1340501" />
  <Point X="186" Y="151" T="1340515" />
  <Point X="180" Y="150" T="1340530" />
  <Point X="170" Y="151" T="1340546" />
  <Point X="163" Y="152" T="1340561" />
  <Point X="159" Y="154" T="1340576" />
  <Point X="156" Y="155" T="1340577" />
  <Point X="151" Y="157" T="1340595" />
  <Point X="148" Y="159" T="1340612" />
  <Point X="146" Y="160" T="1340628" />
  <Point X="148" Y="162" T="1340661" />
  <Point X="155" Y="161" T="1340678" />
  <Point X="162" Y="161" T="1340695" />
  <Point X="173" Y="161" T="1340713" />
  <Point X="183" Y="161" T="1340732" />
  <Point X="194" Y="159" T="1340750" />
  <Point X="202" Y="159" T="1340771" />
  <Point X="208" Y="157" T="1340790" />
  <Point X="210" Y="157" T="1340809" />
  <Point X="207" Y="158" T="1340855" />
  <Point X="203" Y="161" T="1340874" />
  <Point X="198" Y="165" T="1340894" />
  <Point X="192" Y="173" T="1340913" />
  <Point X="186" Y="181" T="1340933" />
  <Point X="180" Y="188" T="1340954" />
  <Point X="176" Y="195" T="1340975" />
  <Point X="174" Y="196" T="1340994" />
  <Point X="172" Y="198" T="1341014" />
  <Point X="173" Y="201" T="1341038" />
  <Point X="175" Y="200" T="1341063" />
</Gesture>