﻿<?xml version="1.0" encoding="utf-8" standalone="yes"?>
<Gesture Name="arrow03" Subject="1" Speed="slow" Number="3" NumPts="70" Millseconds="956" AppName="Gestures" AppVer="3.5.0.0" Date="Monday, March 05, 2007" TimeOfDay="5:04:33 PM">
  <Point X="52" Y="226" T="1335156" />
  <Point X="54" Y="224" T="1335192" />
  <Point X="57" Y="223" T="1335205" />
  <Point X="59" Y="223" T="1335212" />
  <Point X="61" Y="221" T="1335221" />
  <Point X="64" Y="220" T="1335229" />
  <Point X="68" Y="218" T="1335237" />
  <Point X="71" Y="216" T="1335245" />
  <Point X="73" Y="215" T="1335252" />
  <Point X="75" Y="213" T="1335254" />
  <Point X="80" Y="211" T="1335263" />
  <Point X="84" Y="210" T="1335272" />
  <Point X="89" Y="206" T="1335280" />
  <Point X="95" Y="203" T="1335288" />
  <Point X="97" Y="202" T="1335290" />
  <Point X="102" Y="200" T="1335300" />
  <Point X="108" Y="196" T="1335308" />
  <Point X="110" Y="194" T="1335310" />
  <Point X="119" Y="190" T="1335321" />
  <Point X="124" Y="188" T="1335331" />
  <Point X="132" Y="184" T="1335341" />
  <Point X="137" Y="181" T="1335352" />
  <Point X="145" Y="176" T="1335362" />
  <Point X="149" Y="174" T="1335373" />
  <Point X="152" Y="173" T="1335374" />
  <Point X="158" Y="169" T="1335387" />
  <Point X="164" Y="165" T="1335398" />
  <Point X="168" Y="163" T="1335409" />
  <Point X="171" Y="160" T="1335421" />
  <Point X="174" Y="158" T="1335422" />
  <Point X="178" Y="156" T="1335436" />
  <Point X="183" Y="153" T="1335448" />
  <Point X="185" Y="151" T="1335461" />
  <Point X="187" Y="149" T="1335473" />
  <Point X="189" Y="150" T="1335486" />
  <Point X="191" Y="147" T="1335499" />
  <Point X="191" Y="145" T="1335533" />
  <Point X="189" Y="145" T="1335545" />
  <Point X="187" Y="145" T="1335559" />
  <Point X="182" Y="145" T="1335573" />
  <Point X="176" Y="146" T="1335587" />
  <Point X="169" Y="147" T="1335602" />
  <Point X="166" Y="148" T="1335616" />
  <Point X="159" Y="149" T="1335631" />
  <Point X="153" Y="151" T="1335646" />
  <Point X="147" Y="153" T="1335662" />
  <Point X="143" Y="155" T="1335678" />
  <Point X="146" Y="155" T="1335725" />
  <Point X="149" Y="154" T="1335741" />
  <Point X="152" Y="154" T="1335742" />
  <Point X="160" Y="153" T="1335760" />
  <Point X="167" Y="151" T="1335776" />
  <Point X="176" Y="149" T="1335794" />
  <Point X="183" Y="149" T="1335810" />
  <Point X="189" Y="147" T="1335828" />
  <Point X="194" Y="146" T="1335846" />
  <Point X="199" Y="146" T="1335864" />
  <Point X="201" Y="146" T="1335881" />
  <Point X="202" Y="148" T="1335901" />
  <Point X="202" Y="150" T="1335919" />
  <Point X="199" Y="155" T="1335937" />
  <Point X="196" Y="160" T="1335956" />
  <Point X="195" Y="162" T="1335958" />
  <Point X="192" Y="169" T="1335978" />
  <Point X="187" Y="179" T="1335998" />
  <Point X="183" Y="187" T="1336019" />
  <Point X="180" Y="193" T="1336039" />
  <Point X="178" Y="196" T="1336059" />
  <Point X="177" Y="199" T="1336078" />
  <Point X="176" Y="201" T="1336112" />
</Gesture>