﻿<?xml version="1.0" encoding="utf-8" standalone="yes"?>
<Gesture Name="caret05" Subject="1" Speed="slow" Number="5" NumPts="51" Millseconds="607" AppName="Gestures" AppVer="3.5.0.0" Date="Monday, March 05, 2007" TimeOfDay="5:03:04 PM">
  <Point X="68" Y="231" T="1246440" />
  <Point X="71" Y="228" T="1246460" />
  <Point X="73" Y="225" T="1246472" />
  <Point X="75" Y="224" T="1246480" />
  <Point X="78" Y="222" T="1246488" />
  <Point X="80" Y="219" T="1246496" />
  <Point X="83" Y="216" T="1246504" />
  <Point X="86" Y="213" T="1246512" />
  <Point X="88" Y="210" T="1246520" />
  <Point X="91" Y="208" T="1246528" />
  <Point X="94" Y="204" T="1246536" />
  <Point X="97" Y="201" T="1246544" />
  <Point X="100" Y="199" T="1246552" />
  <Point X="102" Y="195" T="1246561" />
  <Point X="105" Y="191" T="1246569" />
  <Point X="107" Y="188" T="1246577" />
  <Point X="109" Y="185" T="1246585" />
  <Point X="112" Y="182" T="1246593" />
  <Point X="114" Y="178" T="1246601" />
  <Point X="116" Y="174" T="1246610" />
  <Point X="119" Y="169" T="1246619" />
  <Point X="122" Y="163" T="1246629" />
  <Point X="123" Y="161" T="1246638" />
  <Point X="125" Y="158" T="1246648" />
  <Point X="127" Y="155" T="1246649" />
  <Point X="130" Y="149" T="1246662" />
  <Point X="131" Y="147" T="1246673" />
  <Point X="132" Y="144" T="1246683" />
  <Point X="133" Y="141" T="1246684" />
  <Point X="134" Y="138" T="1246700" />
  <Point X="135" Y="136" T="1246712" />
  <Point X="136" Y="134" T="1246729" />
  <Point X="137" Y="132" T="1246753" />
  <Point X="139" Y="130" T="1246798" />
  <Point X="138" Y="132" T="1246815" />
  <Point X="139" Y="135" T="1246831" />
  <Point X="139" Y="141" T="1246844" />
  <Point X="139" Y="148" T="1246857" />
  <Point X="141" Y="156" T="1246870" />
  <Point X="145" Y="167" T="1246884" />
  <Point X="147" Y="177" T="1246898" />
  <Point X="151" Y="187" T="1246912" />
  <Point X="153" Y="194" T="1246926" />
  <Point X="157" Y="204" T="1246941" />
  <Point X="159" Y="212" T="1246955" />
  <Point X="161" Y="214" T="1246970" />
  <Point X="165" Y="221" T="1246984" />
  <Point X="168" Y="226" T="1246999" />
  <Point X="168" Y="228" T="1247014" />
  <Point X="169" Y="230" T="1247015" />
  <Point X="170" Y="232" T="1247047" />
</Gesture>