﻿<?xml version="1.0" encoding="utf-8" standalone="yes"?>
<Gesture Name="caret07" Subject="1" Speed="slow" Number="7" NumPts="52" Millseconds="670" AppName="Gestures" AppVer="3.5.0.0" Date="Monday, March 05, 2007" TimeOfDay="5:03:07 PM">
  <Point X="82" Y="221" T="1249050" />
  <Point X="82" Y="218" T="1249087" />
  <Point X="84" Y="216" T="1249099" />
  <Point X="85" Y="214" T="1249107" />
  <Point X="86" Y="211" T="1249115" />
  <Point X="87" Y="209" T="1249124" />
  <Point X="89" Y="207" T="1249132" />
  <Point X="90" Y="204" T="1249142" />
  <Point X="91" Y="200" T="1249149" />
  <Point X="94" Y="197" T="1249157" />
  <Point X="95" Y="193" T="1249166" />
  <Point X="98" Y="189" T="1249175" />
  <Point X="100" Y="186" T="1249184" />
  <Point X="102" Y="183" T="1249193" />
  <Point X="104" Y="179" T="1249201" />
  <Point X="107" Y="175" T="1249211" />
  <Point X="109" Y="171" T="1249219" />
  <Point X="112" Y="167" T="1249228" />
  <Point X="114" Y="164" T="1249236" />
  <Point X="116" Y="161" T="1249245" />
  <Point X="122" Y="153" T="1249254" />
  <Point X="125" Y="148" T="1249264" />
  <Point X="127" Y="146" T="1249273" />
  <Point X="132" Y="140" T="1249283" />
  <Point X="134" Y="138" T="1249293" />
  <Point X="138" Y="131" T="1249303" />
  <Point X="141" Y="127" T="1249315" />
  <Point X="143" Y="124" T="1249326" />
  <Point X="145" Y="121" T="1249337" />
  <Point X="147" Y="120" T="1249348" />
  <Point X="149" Y="118" T="1249359" />
  <Point X="151" Y="118" T="1249385" />
  <Point X="153" Y="118" T="1249438" />
  <Point X="153" Y="120" T="1249450" />
  <Point X="154" Y="122" T="1249466" />
  <Point X="155" Y="126" T="1249479" />
  <Point X="156" Y="131" T="1249491" />
  <Point X="158" Y="139" T="1249504" />
  <Point X="160" Y="148" T="1249518" />
  <Point X="164" Y="160" T="1249532" />
  <Point X="167" Y="169" T="1249545" />
  <Point X="171" Y="180" T="1249559" />
  <Point X="174" Y="187" T="1249573" />
  <Point X="176" Y="195" T="1249588" />
  <Point X="179" Y="201" T="1249602" />
  <Point X="180" Y="203" T="1249603" />
  <Point X="183" Y="212" T="1249620" />
  <Point X="186" Y="220" T="1249636" />
  <Point X="187" Y="223" T="1249651" />
  <Point X="188" Y="225" T="1249652" />
  <Point X="189" Y="227" T="1249671" />
  <Point X="190" Y="225" T="1249720" />
</Gesture>