﻿<?xml version="1.0" encoding="utf-8" standalone="yes"?>
<Gesture Name="caret03" Subject="1" Speed="slow" Number="3" NumPts="52" Millseconds="606" AppName="Gestures" AppVer="3.5.0.0" Date="Monday, March 05, 2007" TimeOfDay="5:02:59 PM">
  <Point X="81" Y="228" T="1241585" />
  <Point X="82" Y="226" T="1241597" />
  <Point X="83" Y="224" T="1241609" />
  <Point X="84" Y="221" T="1241616" />
  <Point X="85" Y="219" T="1241625" />
  <Point X="87" Y="217" T="1241633" />
  <Point X="88" Y="215" T="1241641" />
  <Point X="90" Y="213" T="1241649" />
  <Point X="92" Y="210" T="1241657" />
  <Point X="93" Y="207" T="1241665" />
  <Point X="95" Y="204" T="1241673" />
  <Point X="97" Y="201" T="1241681" />
  <Point X="98" Y="199" T="1241689" />
  <Point X="100" Y="196" T="1241696" />
  <Point X="102" Y="193" T="1241704" />
  <Point X="104" Y="191" T="1241713" />
  <Point X="106" Y="186" T="1241721" />
  <Point X="108" Y="184" T="1241730" />
  <Point X="110" Y="181" T="1241738" />
  <Point X="111" Y="179" T="1241748" />
  <Point X="116" Y="172" T="1241758" />
  <Point X="118" Y="168" T="1241767" />
  <Point X="121" Y="165" T="1241777" />
  <Point X="125" Y="158" T="1241788" />
  <Point X="127" Y="153" T="1241799" />
  <Point X="133" Y="146" T="1241811" />
  <Point X="136" Y="142" T="1241823" />
  <Point X="137" Y="139" T="1241834" />
  <Point X="139" Y="136" T="1241845" />
  <Point X="141" Y="134" T="1241846" />
  <Point X="143" Y="132" T="1241858" />
  <Point X="145" Y="130" T="1241871" />
  <Point X="147" Y="129" T="1241886" />
  <Point X="149" Y="127" T="1241898" />
  <Point X="152" Y="125" T="1241913" />
  <Point X="154" Y="124" T="1241934" />
  <Point X="156" Y="125" T="1241978" />
  <Point X="156" Y="127" T="1241994" />
  <Point X="157" Y="129" T="1242008" />
  <Point X="158" Y="136" T="1242024" />
  <Point X="160" Y="148" T="1242040" />
  <Point X="163" Y="160" T="1242057" />
  <Point X="167" Y="172" T="1242074" />
  <Point X="168" Y="174" T="1242075" />
  <Point X="173" Y="186" T="1242090" />
  <Point X="177" Y="196" T="1242106" />
  <Point X="181" Y="204" T="1242122" />
  <Point X="182" Y="207" T="1242123" />
  <Point X="186" Y="217" T="1242139" />
  <Point X="189" Y="224" T="1242156" />
  <Point X="192" Y="229" T="1242174" />
  <Point X="193" Y="233" T="1242191" />
</Gesture>