﻿<?xml version="1.0" encoding="utf-8" standalone="yes"?>
<Gesture Name="caret01" Subject="1" Speed="slow" Number="1" NumPts="48" Millseconds="641" AppName="Gestures" AppVer="3.5.0.0" Date="Monday, March 05, 2007" TimeOfDay="5:02:56 PM">
  <Point X="77" Y="224" T="1238768" />
  <Point X="78" Y="222" T="1238839" />
  <Point X="80" Y="219" T="1238860" />
  <Point X="81" Y="216" T="1238868" />
  <Point X="83" Y="214" T="1238877" />
  <Point X="85" Y="212" T="1238888" />
  <Point X="86" Y="210" T="1238896" />
  <Point X="87" Y="206" T="1238904" />
  <Point X="89" Y="202" T="1238912" />
  <Point X="91" Y="199" T="1238920" />
  <Point X="92" Y="196" T="1238928" />
  <Point X="93" Y="194" T="1238936" />
  <Point X="95" Y="191" T="1238944" />
  <Point X="98" Y="185" T="1238953" />
  <Point X="100" Y="181" T="1238962" />
  <Point X="102" Y="176" T="1238971" />
  <Point X="105" Y="169" T="1238980" />
  <Point X="107" Y="165" T="1238990" />
  <Point X="109" Y="161" T="1238999" />
  <Point X="113" Y="155" T="1239009" />
  <Point X="114" Y="153" T="1239020" />
  <Point X="116" Y="151" T="1239021" />
  <Point X="118" Y="149" T="1239033" />
  <Point X="122" Y="143" T="1239044" />
  <Point X="123" Y="141" T="1239055" />
  <Point X="126" Y="136" T="1239066" />
  <Point X="127" Y="133" T="1239077" />
  <Point X="130" Y="129" T="1239089" />
  <Point X="132" Y="126" T="1239101" />
  <Point X="134" Y="125" T="1239133" />
  <Point X="134" Y="127" T="1239173" />
  <Point X="134" Y="130" T="1239185" />
  <Point X="134" Y="132" T="1239198" />
  <Point X="135" Y="139" T="1239211" />
  <Point X="137" Y="148" T="1239225" />
  <Point X="139" Y="157" T="1239239" />
  <Point X="143" Y="172" T="1239254" />
  <Point X="146" Y="182" T="1239268" />
  <Point X="147" Y="185" T="1239270" />
  <Point X="152" Y="197" T="1239289" />
  <Point X="153" Y="200" T="1239290" />
  <Point X="156" Y="212" T="1239308" />
  <Point X="158" Y="221" T="1239322" />
  <Point X="159" Y="224" T="1239336" />
  <Point X="160" Y="227" T="1239338" />
  <Point X="161" Y="231" T="1239354" />
  <Point X="163" Y="232" T="1239377" />
  <Point X="164" Y="230" T="1239409" />
</Gesture>