﻿<?xml version="1.0" encoding="utf-8" standalone="yes"?>
<Gesture Name="caret06" Subject="1" Speed="slow" Number="6" NumPts="51" Millseconds="588" AppName="Gestures" AppVer="3.5.0.0" Date="Monday, March 05, 2007" TimeOfDay="5:03:05 PM">
  <Point X="81" Y="224" T="1247766" />
  <Point X="82" Y="222" T="1247783" />
  <Point X="84" Y="220" T="1247799" />
  <Point X="85" Y="218" T="1247808" />
  <Point X="88" Y="215" T="1247819" />
  <Point X="90" Y="212" T="1247828" />
  <Point X="92" Y="209" T="1247836" />
  <Point X="95" Y="206" T="1247844" />
  <Point X="96" Y="204" T="1247851" />
  <Point X="98" Y="202" T="1247857" />
  <Point X="100" Y="199" T="1247865" />
  <Point X="103" Y="196" T="1247872" />
  <Point X="104" Y="194" T="1247873" />
  <Point X="107" Y="189" T="1247883" />
  <Point X="109" Y="187" T="1247891" />
  <Point X="112" Y="183" T="1247899" />
  <Point X="115" Y="180" T="1247908" />
  <Point X="116" Y="178" T="1247909" />
  <Point X="117" Y="175" T="1247919" />
  <Point X="120" Y="172" T="1247920" />
  <Point X="124" Y="165" T="1247932" />
  <Point X="126" Y="161" T="1247941" />
  <Point X="129" Y="157" T="1247951" />
  <Point X="130" Y="155" T="1247952" />
  <Point X="134" Y="148" T="1247965" />
  <Point X="136" Y="144" T="1247975" />
  <Point X="138" Y="141" T="1247986" />
  <Point X="141" Y="135" T="1247996" />
  <Point X="143" Y="132" T="1248007" />
  <Point X="144" Y="130" T="1248018" />
  <Point X="145" Y="127" T="1248029" />
  <Point X="147" Y="125" T="1248044" />
  <Point X="147" Y="122" T="1248056" />
  <Point X="149" Y="120" T="1248068" />
  <Point X="149" Y="122" T="1248161" />
  <Point X="149" Y="125" T="1248173" />
  <Point X="150" Y="132" T="1248186" />
  <Point X="151" Y="140" T="1248199" />
  <Point X="154" Y="150" T="1248212" />
  <Point X="154" Y="153" T="1248213" />
  <Point X="158" Y="164" T="1248230" />
  <Point X="161" Y="174" T="1248244" />
  <Point X="166" Y="186" T="1248258" />
  <Point X="169" Y="194" T="1248273" />
  <Point X="169" Y="197" T="1248274" />
  <Point X="173" Y="208" T="1248291" />
  <Point X="177" Y="216" T="1248305" />
  <Point X="179" Y="220" T="1248320" />
  <Point X="181" Y="222" T="1248321" />
  <Point X="182" Y="224" T="1248339" />
  <Point X="183" Y="226" T="1248354" />
</Gesture>