﻿<?xml version="1.0" encoding="utf-8" standalone="yes"?>
<Gesture Name="caret08" Subject="1" Speed="slow" Number="8" NumPts="53" Millseconds="677" AppName="Gestures" AppVer="3.5.0.0" Date="Monday, March 05, 2007" TimeOfDay="5:03:08 PM">
  <Point X="86" Y="223" T="1250325" />
  <Point X="86" Y="221" T="1250341" />
  <Point X="88" Y="218" T="1250366" />
  <Point X="89" Y="215" T="1250374" />
  <Point X="90" Y="212" T="1250382" />
  <Point X="92" Y="210" T="1250390" />
  <Point X="94" Y="206" T="1250399" />
  <Point X="94" Y="204" T="1250405" />
  <Point X="96" Y="201" T="1250412" />
  <Point X="97" Y="199" T="1250418" />
  <Point X="99" Y="196" T="1250425" />
  <Point X="101" Y="192" T="1250432" />
  <Point X="103" Y="188" T="1250440" />
  <Point X="104" Y="184" T="1250447" />
  <Point X="106" Y="180" T="1250456" />
  <Point X="108" Y="176" T="1250466" />
  <Point X="110" Y="172" T="1250475" />
  <Point X="111" Y="170" T="1250476" />
  <Point X="113" Y="166" T="1250485" />
  <Point X="115" Y="162" T="1250495" />
  <Point X="118" Y="156" T="1250505" />
  <Point X="119" Y="153" T="1250515" />
  <Point X="121" Y="150" T="1250516" />
  <Point X="123" Y="146" T="1250527" />
  <Point X="126" Y="139" T="1250537" />
  <Point X="127" Y="135" T="1250548" />
  <Point X="129" Y="132" T="1250559" />
  <Point X="132" Y="126" T="1250574" />
  <Point X="135" Y="121" T="1250586" />
  <Point X="136" Y="119" T="1250597" />
  <Point X="137" Y="117" T="1250609" />
  <Point X="138" Y="115" T="1250620" />
  <Point X="139" Y="113" T="1250672" />
  <Point X="141" Y="115" T="1250717" />
  <Point X="142" Y="117" T="1250729" />
  <Point X="142" Y="119" T="1250742" />
  <Point X="144" Y="125" T="1250755" />
  <Point X="146" Y="133" T="1250770" />
  <Point X="148" Y="139" T="1250784" />
  <Point X="152" Y="148" T="1250798" />
  <Point X="155" Y="154" T="1250812" />
  <Point X="156" Y="158" T="1250813" />
  <Point X="159" Y="166" T="1250828" />
  <Point X="163" Y="177" T="1250844" />
  <Point X="165" Y="180" T="1250845" />
  <Point X="168" Y="188" T="1250861" />
  <Point X="169" Y="190" T="1250862" />
  <Point X="174" Y="202" T="1250878" />
  <Point X="177" Y="209" T="1250895" />
  <Point X="181" Y="219" T="1250913" />
  <Point X="184" Y="224" T="1250931" />
  <Point X="186" Y="225" T="1250953" />
  <Point X="186" Y="222" T="1251002" />
</Gesture>