﻿<?xml version="1.0" encoding="utf-8" standalone="yes"?>
<Gesture Name="caret04" Subject="1" Speed="slow" Number="4" NumPts="46" Millseconds="544" AppName="Gestures" AppVer="3.5.0.0" Date="Monday, March 05, 2007" TimeOfDay="5:03:03 PM">
  <Point X="68" Y="239" T="1245123" />
  <Point X="67" Y="241" T="1245138" />
  <Point X="65" Y="239" T="1245195" />
  <Point X="66" Y="237" T="1245215" />
  <Point X="67" Y="234" T="1245222" />
  <Point X="68" Y="232" T="1245231" />
  <Point X="70" Y="229" T="1245239" />
  <Point X="72" Y="226" T="1245247" />
  <Point X="74" Y="223" T="1245255" />
  <Point X="75" Y="221" T="1245263" />
  <Point X="76" Y="219" T="1245264" />
  <Point X="79" Y="216" T="1245274" />
  <Point X="82" Y="211" T="1245282" />
  <Point X="83" Y="209" T="1245284" />
  <Point X="86" Y="203" T="1245294" />
  <Point X="88" Y="200" T="1245295" />
  <Point X="89" Y="197" T="1245306" />
  <Point X="92" Y="193" T="1245307" />
  <Point X="95" Y="189" T="1245318" />
  <Point X="99" Y="183" T="1245328" />
  <Point X="101" Y="178" T="1245337" />
  <Point X="103" Y="174" T="1245346" />
  <Point X="104" Y="172" T="1245348" />
  <Point X="106" Y="169" T="1245360" />
  <Point X="108" Y="166" T="1245370" />
  <Point X="109" Y="163" T="1245380" />
  <Point X="110" Y="161" T="1245390" />
  <Point X="111" Y="159" T="1245401" />
  <Point X="112" Y="156" T="1245412" />
  <Point X="112" Y="154" T="1245422" />
  <Point X="113" Y="151" T="1245434" />
  <Point X="114" Y="149" T="1245445" />
  <Point X="115" Y="146" T="1245457" />
  <Point X="116" Y="143" T="1245469" />
  <Point X="118" Y="146" T="1245513" />
  <Point X="118" Y="149" T="1245525" />
  <Point X="118" Y="155" T="1245538" />
  <Point X="118" Y="158" T="1245551" />
  <Point X="121" Y="172" T="1245564" />
  <Point X="125" Y="183" T="1245578" />
  <Point X="132" Y="197" T="1245592" />
  <Point X="138" Y="207" T="1245606" />
  <Point X="145" Y="218" T="1245623" />
  <Point X="149" Y="225" T="1245638" />
  <Point X="154" Y="234" T="1245653" />
  <Point X="155" Y="236" T="1245667" />
</Gesture>