﻿<?xml version="1.0" encoding="utf-8" standalone="yes"?>
<Gesture Name="caret09" Subject="1" Speed="slow" Number="9" NumPts="60" Millseconds="791" AppName="Gestures" AppVer="3.5.0.0" Date="Monday, March 05, 2007" TimeOfDay="5:03:09 PM">
  <Point X="79" Y="231" T="1251529" />
  <Point X="80" Y="229" T="1251540" />
  <Point X="80" Y="226" T="1251549" />
  <Point X="81" Y="224" T="1251557" />
  <Point X="82" Y="222" T="1251565" />
  <Point X="83" Y="219" T="1251573" />
  <Point X="84" Y="217" T="1251579" />
  <Point X="85" Y="214" T="1251586" />
  <Point X="86" Y="212" T="1251593" />
  <Point X="88" Y="209" T="1251599" />
  <Point X="90" Y="206" T="1251606" />
  <Point X="91" Y="203" T="1251614" />
  <Point X="93" Y="200" T="1251622" />
  <Point X="95" Y="197" T="1251631" />
  <Point X="97" Y="193" T="1251640" />
  <Point X="98" Y="189" T="1251649" />
  <Point X="100" Y="186" T="1251657" />
  <Point X="101" Y="183" T="1251666" />
  <Point X="103" Y="180" T="1251675" />
  <Point X="104" Y="177" T="1251683" />
  <Point X="106" Y="170" T="1251694" />
  <Point X="107" Y="168" T="1251704" />
  <Point X="110" Y="162" T="1251714" />
  <Point X="112" Y="158" T="1251724" />
  <Point X="113" Y="155" T="1251734" />
  <Point X="115" Y="152" T="1251745" />
  <Point X="118" Y="145" T="1251756" />
  <Point X="120" Y="140" T="1251767" />
  <Point X="121" Y="137" T="1251778" />
  <Point X="122" Y="135" T="1251790" />
  <Point X="123" Y="133" T="1251791" />
  <Point X="124" Y="131" T="1251803" />
  <Point X="126" Y="126" T="1251816" />
  <Point X="128" Y="124" T="1251829" />
  <Point X="130" Y="122" T="1251847" />
  <Point X="131" Y="120" T="1251903" />
  <Point X="133" Y="122" T="1251967" />
  <Point X="134" Y="125" T="1251984" />
  <Point X="135" Y="128" T="1251998" />
  <Point X="138" Y="135" T="1252014" />
  <Point X="142" Y="145" T="1252030" />
  <Point X="146" Y="154" T="1252046" />
  <Point X="151" Y="164" T="1252063" />
  <Point X="153" Y="167" T="1252064" />
  <Point X="157" Y="174" T="1252079" />
  <Point X="158" Y="177" T="1252081" />
  <Point X="163" Y="185" T="1252096" />
  <Point X="168" Y="193" T="1252112" />
  <Point X="171" Y="199" T="1252128" />
  <Point X="173" Y="201" T="1252129" />
  <Point X="177" Y="208" T="1252145" />
  <Point X="181" Y="214" T="1252163" />
  <Point X="184" Y="219" T="1252181" />
  <Point X="186" Y="223" T="1252199" />
  <Point X="189" Y="228" T="1252218" />
  <Point X="190" Y="230" T="1252237" />
  <Point X="190" Y="232" T="1252255" />
  <Point X="191" Y="234" T="1252274" />
  <Point X="190" Y="236" T="1252293" />
  <Point X="190" Y="238" T="1252320" />
</Gesture>