﻿<?xml version="1.0" encoding="utf-8" standalone="yes"?>
<Gesture Name="caret02" Subject="1" Speed="slow" Number="2" NumPts="57" Millseconds="785" AppName="Gestures" AppVer="3.5.0.0" Date="Monday, March 05, 2007" TimeOfDay="5:02:58 PM">
  <Point X="70" Y="231" T="1240144" />
  <Point X="71" Y="233" T="1240164" />
  <Point X="72" Y="230" T="1240177" />
  <Point X="74" Y="228" T="1240188" />
  <Point X="76" Y="227" T="1240196" />
  <Point X="78" Y="225" T="1240204" />
  <Point X="80" Y="223" T="1240212" />
  <Point X="83" Y="221" T="1240220" />
  <Point X="85" Y="218" T="1240228" />
  <Point X="87" Y="216" T="1240236" />
  <Point X="89" Y="214" T="1240245" />
  <Point X="91" Y="211" T="1240252" />
  <Point X="93" Y="210" T="1240261" />
  <Point X="95" Y="208" T="1240269" />
  <Point X="97" Y="205" T="1240277" />
  <Point X="100" Y="202" T="1240286" />
  <Point X="102" Y="200" T="1240295" />
  <Point X="105" Y="196" T="1240304" />
  <Point X="106" Y="194" T="1240305" />
  <Point X="108" Y="191" T="1240316" />
  <Point X="113" Y="186" T="1240325" />
  <Point X="114" Y="184" T="1240335" />
  <Point X="120" Y="177" T="1240345" />
  <Point X="122" Y="175" T="1240355" />
  <Point X="124" Y="171" T="1240365" />
  <Point X="127" Y="168" T="1240376" />
  <Point X="131" Y="162" T="1240388" />
  <Point X="134" Y="160" T="1240398" />
  <Point X="137" Y="155" T="1240411" />
  <Point X="141" Y="149" T="1240423" />
  <Point X="143" Y="146" T="1240435" />
  <Point X="146" Y="139" T="1240448" />
  <Point X="149" Y="137" T="1240460" />
  <Point X="151" Y="133" T="1240474" />
  <Point X="153" Y="131" T="1240489" />
  <Point X="156" Y="129" T="1240516" />
  <Point X="157" Y="131" T="1240568" />
  <Point X="158" Y="134" T="1240608" />
  <Point X="158" Y="136" T="1240622" />
  <Point X="158" Y="144" T="1240637" />
  <Point X="159" Y="151" T="1240651" />
  <Point X="160" Y="159" T="1240666" />
  <Point X="162" Y="167" T="1240682" />
  <Point X="163" Y="176" T="1240699" />
  <Point X="166" Y="190" T="1240718" />
  <Point X="168" Y="200" T="1240735" />
  <Point X="169" Y="203" T="1240736" />
  <Point X="171" Y="212" T="1240752" />
  <Point X="174" Y="221" T="1240769" />
  <Point X="176" Y="229" T="1240788" />
  <Point X="179" Y="238" T="1240806" />
  <Point X="182" Y="245" T="1240824" />
  <Point X="184" Y="247" T="1240842" />
  <Point X="185" Y="250" T="1240860" />
  <Point X="186" Y="252" T="1240878" />
  <Point X="186" Y="250" T="1240910" />
  <Point X="185" Y="248" T="1240929" />
</Gesture>