﻿<?xml version="1.0" encoding="utf-8" standalone="yes"?>
<Gesture Name="caret10" Subject="1" Speed="slow" Number="10" NumPts="56" Millseconds="639" AppName="Gestures" AppVer="3.5.0.0" Date="Monday, March 05, 2007" TimeOfDay="5:03:11 PM">
  <Point X="73" Y="239" T="1253060" />
  <Point X="74" Y="236" T="1253079" />
  <Point X="75" Y="234" T="1253087" />
  <Point X="76" Y="232" T="1253094" />
  <Point X="77" Y="230" T="1253103" />
  <Point X="79" Y="227" T="1253111" />
  <Point X="80" Y="225" T="1253117" />
  <Point X="82" Y="222" T="1253123" />
  <Point X="85" Y="219" T="1253131" />
  <Point X="88" Y="215" T="1253139" />
  <Point X="90" Y="212" T="1253147" />
  <Point X="92" Y="209" T="1253154" />
  <Point X="94" Y="206" T="1253155" />
  <Point X="96" Y="202" T="1253164" />
  <Point X="99" Y="197" T="1253172" />
  <Point X="101" Y="195" T="1253181" />
  <Point X="105" Y="189" T="1253191" />
  <Point X="106" Y="186" T="1253192" />
  <Point X="107" Y="184" T="1253201" />
  <Point X="111" Y="178" T="1253210" />
  <Point X="112" Y="176" T="1253211" />
  <Point X="113" Y="173" T="1253221" />
  <Point X="118" Y="165" T="1253232" />
  <Point X="120" Y="161" T="1253242" />
  <Point X="124" Y="154" T="1253253" />
  <Point X="127" Y="147" T="1253264" />
  <Point X="128" Y="144" T="1253274" />
  <Point X="130" Y="141" T="1253275" />
  <Point X="131" Y="138" T="1253287" />
  <Point X="133" Y="133" T="1253300" />
  <Point X="135" Y="127" T="1253312" />
  <Point X="136" Y="124" T="1253324" />
  <Point X="137" Y="120" T="1253337" />
  <Point X="138" Y="115" T="1253351" />
  <Point X="139" Y="113" T="1253364" />
  <Point X="140" Y="111" T="1253378" />
  <Point X="140" Y="113" T="1253404" />
  <Point X="139" Y="117" T="1253418" />
  <Point X="140" Y="126" T="1253434" />
  <Point X="141" Y="135" T="1253449" />
  <Point X="143" Y="146" T="1253465" />
  <Point X="146" Y="157" T="1253482" />
  <Point X="149" Y="169" T="1253499" />
  <Point X="153" Y="182" T="1253516" />
  <Point X="154" Y="185" T="1253517" />
  <Point X="158" Y="197" T="1253532" />
  <Point X="162" Y="208" T="1253548" />
  <Point X="166" Y="216" T="1253564" />
  <Point X="168" Y="220" T="1253580" />
  <Point X="170" Y="223" T="1253581" />
  <Point X="173" Y="228" T="1253598" />
  <Point X="176" Y="233" T="1253618" />
  <Point X="177" Y="235" T="1253635" />
  <Point X="178" Y="237" T="1253653" />
  <Point X="179" Y="235" T="1253671" />
  <Point X="181" Y="232" T="1253699" />
</Gesture>