﻿<?xml version="1.0" encoding="utf-8" standalone="yes"?>
<Gesture Name="check02" Subject="1" Speed="slow" Number="2" NumPts="63" Millseconds="1146" AppName="Gestures" AppVer="3.5.0.0" Date="Monday, March 05, 2007" TimeOfDay="4:56:03 PM">
  <Point X="63" Y="186" T="824014" />
  <Point X="65" Y="184" T="824146" />
  <Point X="67" Y="183" T="824166" />
  <Point X="70" Y="182" T="824191" />
  <Point X="72" Y="182" T="824211" />
  <Point X="74" Y="182" T="824226" />
  <Point X="76" Y="182" T="824242" />
  <Point X="78" Y="183" T="824255" />
  <Point X="80" Y="184" T="824267" />
  <Point X="83" Y="185" T="824279" />
  <Point X="85" Y="187" T="824291" />
  <Point X="86" Y="189" T="824299" />
  <Point X="88" Y="191" T="824307" />
  <Point X="89" Y="193" T="824316" />
  <Point X="90" Y="195" T="824323" />
  <Point X="92" Y="198" T="824335" />
  <Point X="94" Y="200" T="824343" />
  <Point X="95" Y="203" T="824352" />
  <Point X="97" Y="206" T="824363" />
  <Point X="99" Y="208" T="824372" />
  <Point X="101" Y="212" T="824384" />
  <Point X="102" Y="215" T="824393" />
  <Point X="103" Y="217" T="824403" />
  <Point X="104" Y="220" T="824412" />
  <Point X="105" Y="222" T="824422" />
  <Point X="106" Y="224" T="824432" />
  <Point X="107" Y="227" T="824442" />
  <Point X="108" Y="229" T="824453" />
  <Point X="108" Y="231" T="824463" />
  <Point X="109" Y="229" T="824597" />
  <Point X="109" Y="227" T="824626" />
  <Point X="109" Y="225" T="824645" />
  <Point X="109" Y="223" T="824661" />
  <Point X="109" Y="220" T="824673" />
  <Point X="110" Y="218" T="824690" />
  <Point X="110" Y="215" T="824703" />
  <Point X="111" Y="213" T="824715" />
  <Point X="112" Y="211" T="824727" />
  <Point X="113" Y="205" T="824740" />
  <Point X="114" Y="202" T="824753" />
  <Point X="115" Y="200" T="824754" />
  <Point X="115" Y="197" T="824770" />
  <Point X="117" Y="195" T="824771" />
  <Point X="119" Y="189" T="824787" />
  <Point X="122" Y="185" T="824802" />
  <Point X="123" Y="182" T="824817" />
  <Point X="127" Y="176" T="824831" />
  <Point X="131" Y="171" T="824846" />
  <Point X="135" Y="165" T="824861" />
  <Point X="139" Y="159" T="824876" />
  <Point X="144" Y="154" T="824891" />
  <Point X="148" Y="150" T="824906" />
  <Point X="150" Y="148" T="824922" />
  <Point X="152" Y="146" T="824923" />
  <Point X="157" Y="141" T="824941" />
  <Point X="163" Y="137" T="824957" />
  <Point X="168" Y="132" T="824974" />
  <Point X="173" Y="127" T="824993" />
  <Point X="175" Y="125" T="824995" />
  <Point X="178" Y="125" T="825015" />
  <Point X="180" Y="123" T="825033" />
  <Point X="182" Y="122" T="825078" />
  <Point X="180" Y="124" T="825160" />
</Gesture>