﻿<?xml version="1.0" encoding="utf-8" standalone="yes"?>
<Gesture Name="check09" Subject="1" Speed="slow" Number="9" NumPts="57" Millseconds="1056" AppName="Gestures" AppVer="3.5.0.0" Date="Monday, March 05, 2007" TimeOfDay="4:56:16 PM">
  <Point X="80" Y="190" T="837280" />
  <Point X="82" Y="189" T="837340" />
  <Point X="84" Y="187" T="837376" />
  <Point X="86" Y="188" T="837406" />
  <Point X="88" Y="188" T="837425" />
  <Point X="90" Y="189" T="837454" />
  <Point X="92" Y="190" T="837466" />
  <Point X="94" Y="190" T="837478" />
  <Point X="96" Y="192" T="837486" />
  <Point X="98" Y="194" T="837499" />
  <Point X="100" Y="196" T="837511" />
  <Point X="102" Y="198" T="837523" />
  <Point X="104" Y="201" T="837536" />
  <Point X="106" Y="202" T="837548" />
  <Point X="108" Y="205" T="837557" />
  <Point X="110" Y="207" T="837565" />
  <Point X="112" Y="209" T="837576" />
  <Point X="114" Y="211" T="837587" />
  <Point X="115" Y="213" T="837595" />
  <Point X="116" Y="216" T="837605" />
  <Point X="118" Y="218" T="837615" />
  <Point X="118" Y="220" T="837627" />
  <Point X="119" Y="223" T="837640" />
  <Point X="120" Y="226" T="837656" />
  <Point X="121" Y="228" T="837667" />
  <Point X="121" Y="230" T="837683" />
  <Point X="122" Y="233" T="837695" />
  <Point X="123" Y="235" T="837731" />
  <Point X="123" Y="232" T="837811" />
  <Point X="122" Y="229" T="837823" />
  <Point X="123" Y="227" T="837836" />
  <Point X="123" Y="222" T="837849" />
  <Point X="124" Y="220" T="837863" />
  <Point X="125" Y="215" T="837877" />
  <Point X="126" Y="213" T="837889" />
  <Point X="127" Y="207" T="837904" />
  <Point X="128" Y="205" T="837918" />
  <Point X="130" Y="201" T="837933" />
  <Point X="133" Y="195" T="837948" />
  <Point X="135" Y="189" T="837964" />
  <Point X="138" Y="180" T="837981" />
  <Point X="140" Y="175" T="837997" />
  <Point X="144" Y="168" T="838013" />
  <Point X="147" Y="163" T="838030" />
  <Point X="150" Y="157" T="838045" />
  <Point X="156" Y="149" T="838063" />
  <Point X="161" Y="143" T="838080" />
  <Point X="165" Y="139" T="838097" />
  <Point X="168" Y="135" T="838115" />
  <Point X="173" Y="131" T="838134" />
  <Point X="175" Y="128" T="838152" />
  <Point X="178" Y="126" T="838169" />
  <Point X="179" Y="124" T="838187" />
  <Point X="182" Y="122" T="838205" />
  <Point X="184" Y="120" T="838224" />
  <Point X="184" Y="122" T="838284" />
  <Point X="182" Y="123" T="838336" />
</Gesture>