﻿<?xml version="1.0" encoding="utf-8" standalone="yes"?>
<Gesture Name="check03" Subject="1" Speed="slow" Number="3" NumPts="58" Millseconds="971" AppName="Gestures" AppVer="3.5.0.0" Date="Monday, March 05, 2007" TimeOfDay="4:56:05 PM">
  <Point X="75" Y="183" T="826070" />
  <Point X="77" Y="182" T="826165" />
  <Point X="79" Y="181" T="826186" />
  <Point X="81" Y="180" T="826201" />
  <Point X="83" Y="180" T="826218" />
  <Point X="85" Y="182" T="826238" />
  <Point X="87" Y="182" T="826250" />
  <Point X="89" Y="185" T="826270" />
  <Point X="91" Y="187" T="826287" />
  <Point X="92" Y="190" T="826295" />
  <Point X="94" Y="192" T="826303" />
  <Point X="95" Y="194" T="826311" />
  <Point X="96" Y="196" T="826319" />
  <Point X="97" Y="198" T="826328" />
  <Point X="98" Y="200" T="826335" />
  <Point X="99" Y="202" T="826343" />
  <Point X="101" Y="204" T="826356" />
  <Point X="101" Y="206" T="826365" />
  <Point X="102" Y="208" T="826373" />
  <Point X="103" Y="212" T="826383" />
  <Point X="104" Y="215" T="826392" />
  <Point X="105" Y="217" T="826402" />
  <Point X="106" Y="220" T="826411" />
  <Point X="108" Y="223" T="826421" />
  <Point X="108" Y="227" T="826431" />
  <Point X="109" Y="229" T="826441" />
  <Point X="110" Y="231" T="826452" />
  <Point X="111" Y="234" T="826453" />
  <Point X="112" Y="236" T="826468" />
  <Point X="112" Y="238" T="826484" />
  <Point X="112" Y="236" T="826640" />
  <Point X="112" Y="234" T="826652" />
  <Point X="112" Y="231" T="826673" />
  <Point X="112" Y="227" T="826686" />
  <Point X="112" Y="225" T="826698" />
  <Point X="113" Y="222" T="826710" />
  <Point X="114" Y="216" T="826723" />
  <Point X="115" Y="212" T="826735" />
  <Point X="116" Y="207" T="826748" />
  <Point X="118" Y="201" T="826762" />
  <Point X="120" Y="198" T="826774" />
  <Point X="122" Y="194" T="826788" />
  <Point X="123" Y="191" T="826789" />
  <Point X="128" Y="183" T="826806" />
  <Point X="130" Y="179" T="826821" />
  <Point X="133" Y="175" T="826822" />
  <Point X="138" Y="166" T="826842" />
  <Point X="142" Y="159" T="826857" />
  <Point X="146" Y="154" T="826872" />
  <Point X="151" Y="147" T="826887" />
  <Point X="156" Y="142" T="826903" />
  <Point X="160" Y="136" T="826918" />
  <Point X="165" Y="131" T="826934" />
  <Point X="170" Y="128" T="826950" />
  <Point X="172" Y="126" T="826966" />
  <Point X="174" Y="125" T="826982" />
  <Point X="176" Y="125" T="827000" />
  <Point X="176" Y="127" T="827041" />
</Gesture>