﻿<?xml version="1.0" encoding="utf-8" standalone="yes"?>
<Gesture Name="check07" Subject="1" Speed="slow" Number="7" NumPts="64" Millseconds="1102" AppName="Gestures" AppVer="3.5.0.0" Date="Monday, March 05, 2007" TimeOfDay="4:56:12 PM">
  <Point X="71" Y="167" T="833617" />
  <Point X="73" Y="169" T="833669" />
  <Point X="75" Y="168" T="833705" />
  <Point X="77" Y="168" T="833737" />
  <Point X="79" Y="167" T="833764" />
  <Point X="81" Y="167" T="833787" />
  <Point X="83" Y="168" T="833803" />
  <Point X="85" Y="169" T="833815" />
  <Point X="87" Y="169" T="833831" />
  <Point X="89" Y="171" T="833847" />
  <Point X="91" Y="173" T="833863" />
  <Point X="93" Y="175" T="833876" />
  <Point X="95" Y="176" T="833892" />
  <Point X="97" Y="178" T="833901" />
  <Point X="98" Y="180" T="833908" />
  <Point X="100" Y="183" T="833920" />
  <Point X="101" Y="186" T="833932" />
  <Point X="103" Y="189" T="833940" />
  <Point X="105" Y="190" T="833952" />
  <Point X="106" Y="192" T="833961" />
  <Point X="108" Y="195" T="833972" />
  <Point X="109" Y="198" T="833981" />
  <Point X="110" Y="200" T="833991" />
  <Point X="112" Y="202" T="834004" />
  <Point X="113" Y="205" T="834014" />
  <Point X="114" Y="208" T="834024" />
  <Point X="115" Y="210" T="834035" />
  <Point X="116" Y="212" T="834045" />
  <Point X="117" Y="216" T="834056" />
  <Point X="118" Y="218" T="834067" />
  <Point X="119" Y="220" T="834069" />
  <Point X="119" Y="222" T="834083" />
  <Point X="120" Y="224" T="834095" />
  <Point X="121" Y="226" T="834109" />
  <Point X="122" Y="228" T="834127" />
  <Point X="122" Y="226" T="834228" />
  <Point X="122" Y="224" T="834251" />
  <Point X="122" Y="222" T="834264" />
  <Point X="122" Y="219" T="834276" />
  <Point X="122" Y="217" T="834290" />
  <Point X="123" Y="215" T="834303" />
  <Point X="124" Y="208" T="834317" />
  <Point X="124" Y="205" T="834330" />
  <Point X="125" Y="203" T="834331" />
  <Point X="126" Y="198" T="834348" />
  <Point X="127" Y="191" T="834365" />
  <Point X="129" Y="183" T="834380" />
  <Point X="130" Y="178" T="834395" />
  <Point X="132" Y="173" T="834411" />
  <Point X="134" Y="168" T="834426" />
  <Point X="137" Y="162" T="834443" />
  <Point X="138" Y="158" T="834444" />
  <Point X="142" Y="152" T="834466" />
  <Point X="148" Y="143" T="834482" />
  <Point X="152" Y="136" T="834499" />
  <Point X="155" Y="132" T="834515" />
  <Point X="156" Y="129" T="834531" />
  <Point X="159" Y="124" T="834548" />
  <Point X="162" Y="122" T="834568" />
  <Point X="164" Y="120" T="834585" />
  <Point X="166" Y="118" T="834602" />
  <Point X="171" Y="115" T="834620" />
  <Point X="173" Y="114" T="834643" />
  <Point X="173" Y="116" T="834719" />
</Gesture>