﻿<?xml version="1.0" encoding="utf-8" standalone="yes"?>
<Gesture Name="check01" Subject="1" Speed="slow" Number="1" NumPts="62" Millseconds="1219" AppName="Gestures" AppVer="3.5.0.0" Date="Monday, March 05, 2007" TimeOfDay="4:56:00 PM">
  <Point X="77" Y="181" T="821648" />
  <Point X="76" Y="179" T="821664" />
  <Point X="76" Y="181" T="821760" />
  <Point X="76" Y="183" T="821780" />
  <Point X="77" Y="186" T="821800" />
  <Point X="80" Y="188" T="821816" />
  <Point X="81" Y="190" T="821824" />
  <Point X="83" Y="192" T="821836" />
  <Point X="85" Y="194" T="821848" />
  <Point X="86" Y="197" T="821856" />
  <Point X="88" Y="200" T="821864" />
  <Point X="89" Y="202" T="821872" />
  <Point X="91" Y="204" T="821880" />
  <Point X="93" Y="206" T="821889" />
  <Point X="94" Y="209" T="821896" />
  <Point X="95" Y="211" T="821904" />
  <Point X="97" Y="214" T="821913" />
  <Point X="98" Y="216" T="821922" />
  <Point X="99" Y="219" T="821931" />
  <Point X="101" Y="221" T="821941" />
  <Point X="101" Y="224" T="821951" />
  <Point X="102" Y="226" T="821961" />
  <Point X="103" Y="228" T="821971" />
  <Point X="103" Y="230" T="821982" />
  <Point X="104" Y="233" T="821994" />
  <Point X="105" Y="235" T="822009" />
  <Point X="106" Y="233" T="822178" />
  <Point X="105" Y="230" T="822206" />
  <Point X="105" Y="228" T="822225" />
  <Point X="105" Y="226" T="822245" />
  <Point X="105" Y="223" T="822261" />
  <Point X="105" Y="221" T="822273" />
  <Point X="105" Y="217" T="822286" />
  <Point X="105" Y="215" T="822299" />
  <Point X="105" Y="211" T="822314" />
  <Point X="106" Y="208" T="822328" />
  <Point X="107" Y="202" T="822342" />
  <Point X="108" Y="200" T="822357" />
  <Point X="110" Y="195" T="822373" />
  <Point X="111" Y="190" T="822388" />
  <Point X="112" Y="184" T="822404" />
  <Point X="115" Y="178" T="822421" />
  <Point X="115" Y="176" T="822422" />
  <Point X="117" Y="174" T="822438" />
  <Point X="120" Y="169" T="822453" />
  <Point X="123" Y="164" T="822468" />
  <Point X="125" Y="162" T="822484" />
  <Point X="129" Y="157" T="822499" />
  <Point X="133" Y="152" T="822515" />
  <Point X="136" Y="146" T="822531" />
  <Point X="139" Y="143" T="822548" />
  <Point X="143" Y="138" T="822564" />
  <Point X="145" Y="136" T="822580" />
  <Point X="148" Y="135" T="822582" />
  <Point X="149" Y="132" T="822600" />
  <Point X="154" Y="128" T="822616" />
  <Point X="159" Y="124" T="822634" />
  <Point X="161" Y="122" T="822650" />
  <Point X="163" Y="121" T="822667" />
  <Point X="165" Y="120" T="822684" />
  <Point X="167" Y="119" T="822704" />
  <Point X="169" Y="117" T="822867" />
</Gesture>