﻿<?xml version="1.0" encoding="utf-8" standalone="yes"?>
<Gesture Name="check10" Subject="1" Speed="slow" Number="10" NumPts="56" Millseconds="966" AppName="Gestures" AppVer="3.5.0.0" Date="Monday, March 05, 2007" TimeOfDay="4:56:18 PM">
  <Point X="70" Y="201" T="839288" />
  <Point X="72" Y="200" T="839344" />
  <Point X="75" Y="199" T="839364" />
  <Point X="77" Y="199" T="839380" />
  <Point X="79" Y="199" T="839396" />
  <Point X="82" Y="200" T="839408" />
  <Point X="84" Y="202" T="839420" />
  <Point X="86" Y="203" T="839432" />
  <Point X="88" Y="205" T="839444" />
  <Point X="90" Y="207" T="839456" />
  <Point X="91" Y="210" T="839464" />
  <Point X="92" Y="212" T="839472" />
  <Point X="93" Y="214" T="839480" />
  <Point X="95" Y="216" T="839492" />
  <Point X="96" Y="219" T="839501" />
  <Point X="98" Y="221" T="839512" />
  <Point X="99" Y="224" T="839524" />
  <Point X="101" Y="226" T="839532" />
  <Point X="102" Y="228" T="839541" />
  <Point X="103" Y="231" T="839550" />
  <Point X="106" Y="233" T="839560" />
  <Point X="106" Y="235" T="839571" />
  <Point X="107" Y="237" T="839582" />
  <Point X="109" Y="241" T="839594" />
  <Point X="110" Y="243" T="839605" />
  <Point X="111" Y="245" T="839624" />
  <Point X="111" Y="247" T="839664" />
  <Point X="111" Y="245" T="839733" />
  <Point X="110" Y="243" T="839761" />
  <Point X="110" Y="241" T="839777" />
  <Point X="110" Y="238" T="839789" />
  <Point X="110" Y="236" T="839802" />
  <Point X="110" Y="231" T="839816" />
  <Point X="110" Y="224" T="839829" />
  <Point X="111" Y="217" T="839844" />
  <Point X="112" Y="209" T="839859" />
  <Point X="114" Y="203" T="839873" />
  <Point X="115" Y="200" T="839887" />
  <Point X="119" Y="192" T="839903" />
  <Point X="122" Y="186" T="839918" />
  <Point X="125" Y="181" T="839934" />
  <Point X="128" Y="176" T="839950" />
  <Point X="133" Y="168" T="839967" />
  <Point X="137" Y="162" T="839983" />
  <Point X="142" Y="156" T="839999" />
  <Point X="146" Y="150" T="840016" />
  <Point X="151" Y="144" T="840034" />
  <Point X="156" Y="138" T="840051" />
  <Point X="162" Y="131" T="840069" />
  <Point X="165" Y="128" T="840086" />
  <Point X="168" Y="124" T="840104" />
  <Point X="173" Y="120" T="840122" />
  <Point X="175" Y="119" T="840140" />
  <Point X="178" Y="115" T="840159" />
  <Point X="179" Y="113" T="840177" />
  <Point X="179" Y="115" T="840254" />
</Gesture>