﻿<?xml version="1.0" encoding="utf-8" standalone="yes"?>
<Gesture Name="check08" Subject="1" Speed="slow" Number="8" NumPts="55" Millseconds="962" AppName="Gestures" AppVer="3.5.0.0" Date="Monday, March 05, 2007" TimeOfDay="4:56:14 PM">
  <Point X="82" Y="177" T="835657" />
  <Point X="84" Y="178" T="835732" />
  <Point X="85" Y="180" T="835752" />
  <Point X="86" Y="182" T="835768" />
  <Point X="88" Y="184" T="835791" />
  <Point X="89" Y="186" T="835804" />
  <Point X="92" Y="188" T="835820" />
  <Point X="93" Y="191" T="835832" />
  <Point X="96" Y="191" T="835848" />
  <Point X="97" Y="194" T="835864" />
  <Point X="98" Y="196" T="835872" />
  <Point X="101" Y="198" T="835888" />
  <Point X="102" Y="200" T="835896" />
  <Point X="103" Y="203" T="835909" />
  <Point X="105" Y="206" T="835923" />
  <Point X="106" Y="208" T="835931" />
  <Point X="107" Y="211" T="835944" />
  <Point X="108" Y="213" T="835952" />
  <Point X="110" Y="216" T="835964" />
  <Point X="111" Y="219" T="835973" />
  <Point X="111" Y="221" T="835983" />
  <Point X="112" Y="223" T="835993" />
  <Point X="113" Y="225" T="836004" />
  <Point X="114" Y="227" T="836056" />
  <Point X="115" Y="225" T="836142" />
  <Point X="115" Y="223" T="836166" />
  <Point X="115" Y="221" T="836177" />
  <Point X="114" Y="219" T="836194" />
  <Point X="115" Y="216" T="836206" />
  <Point X="115" Y="211" T="836219" />
  <Point X="115" Y="209" T="836231" />
  <Point X="116" Y="204" T="836245" />
  <Point X="117" Y="198" T="836258" />
  <Point X="118" Y="193" T="836271" />
  <Point X="119" Y="189" T="836285" />
  <Point X="121" Y="183" T="836298" />
  <Point X="123" Y="175" T="836313" />
  <Point X="126" Y="170" T="836328" />
  <Point X="128" Y="164" T="836343" />
  <Point X="131" Y="155" T="836358" />
  <Point X="133" Y="149" T="836373" />
  <Point X="134" Y="147" T="836375" />
  <Point X="137" Y="139" T="836392" />
  <Point X="142" Y="134" T="836408" />
  <Point X="146" Y="127" T="836425" />
  <Point X="151" Y="124" T="836441" />
  <Point X="156" Y="119" T="836458" />
  <Point X="161" Y="115" T="836475" />
  <Point X="166" Y="111" T="836493" />
  <Point X="170" Y="107" T="836509" />
  <Point X="172" Y="106" T="836510" />
  <Point X="175" Y="105" T="836530" />
  <Point X="177" Y="104" T="836547" />
  <Point X="179" Y="105" T="836583" />
  <Point X="178" Y="107" T="836619" />
</Gesture>