﻿<?xml version="1.0" encoding="utf-8" standalone="yes"?>
<Gesture Name="check06" Subject="1" Speed="slow" Number="6" NumPts="61" Millseconds="1085" AppName="Gestures" AppVer="3.5.0.0" Date="Monday, March 05, 2007" TimeOfDay="4:56:10 PM">
  <Point X="70" Y="171" T="831791" />
  <Point X="73" Y="171" T="831836" />
  <Point X="75" Y="171" T="831852" />
  <Point X="77" Y="170" T="831863" />
  <Point X="79" Y="169" T="831880" />
  <Point X="81" Y="169" T="831896" />
  <Point X="83" Y="169" T="831912" />
  <Point X="86" Y="171" T="831932" />
  <Point X="88" Y="172" T="831944" />
  <Point X="90" Y="172" T="831961" />
  <Point X="93" Y="174" T="831973" />
  <Point X="95" Y="175" T="831985" />
  <Point X="97" Y="176" T="831998" />
  <Point X="99" Y="176" T="832010" />
  <Point X="101" Y="179" T="832023" />
  <Point X="104" Y="180" T="832036" />
  <Point X="105" Y="183" T="832048" />
  <Point X="107" Y="184" T="832060" />
  <Point X="109" Y="187" T="832072" />
  <Point X="111" Y="189" T="832084" />
  <Point X="112" Y="193" T="832097" />
  <Point X="113" Y="195" T="832106" />
  <Point X="114" Y="198" T="832120" />
  <Point X="115" Y="202" T="832132" />
  <Point X="116" Y="205" T="832142" />
  <Point X="117" Y="207" T="832152" />
  <Point X="118" Y="210" T="832163" />
  <Point X="119" Y="215" T="832173" />
  <Point X="120" Y="217" T="832184" />
  <Point X="121" Y="220" T="832196" />
  <Point X="122" Y="223" T="832207" />
  <Point X="122" Y="225" T="832219" />
  <Point X="124" Y="227" T="832232" />
  <Point X="124" Y="230" T="832244" />
  <Point X="125" Y="228" T="832371" />
  <Point X="124" Y="225" T="832424" />
  <Point X="124" Y="223" T="832440" />
  <Point X="124" Y="220" T="832453" />
  <Point X="123" Y="218" T="832466" />
  <Point X="123" Y="213" T="832479" />
  <Point X="123" Y="209" T="832493" />
  <Point X="123" Y="204" T="832507" />
  <Point X="123" Y="198" T="832523" />
  <Point X="123" Y="191" T="832537" />
  <Point X="123" Y="185" T="832552" />
  <Point X="124" Y="178" T="832567" />
  <Point X="124" Y="172" T="832581" />
  <Point X="125" Y="166" T="832597" />
  <Point X="126" Y="157" T="832612" />
  <Point X="129" Y="149" T="832628" />
  <Point X="130" Y="146" T="832644" />
  <Point X="131" Y="143" T="832645" />
  <Point X="134" Y="136" T="832664" />
  <Point X="138" Y="131" T="832680" />
  <Point X="144" Y="124" T="832697" />
  <Point X="149" Y="121" T="832713" />
  <Point X="153" Y="117" T="832730" />
  <Point X="157" Y="113" T="832748" />
  <Point X="159" Y="112" T="832765" />
  <Point X="161" Y="112" T="832782" />
  <Point X="161" Y="114" T="832876" />
</Gesture>