﻿<?xml version="1.0" encoding="utf-8" standalone="yes"?>
<Gesture Name="check04" Subject="1" Speed="slow" Number="4" NumPts="61" Millseconds="1021" AppName="Gestures" AppVer="3.5.0.0" Date="Monday, March 05, 2007" TimeOfDay="4:56:07 PM">
  <Point X="68" Y="191" T="827916" />
  <Point X="70" Y="189" T="828025" />
  <Point X="71" Y="187" T="828042" />
  <Point X="73" Y="185" T="828053" />
  <Point X="75" Y="183" T="828066" />
  <Point X="77" Y="183" T="828086" />
  <Point X="79" Y="183" T="828107" />
  <Point X="81" Y="183" T="828123" />
  <Point X="83" Y="183" T="828135" />
  <Point X="85" Y="185" T="828147" />
  <Point X="87" Y="187" T="828159" />
  <Point X="89" Y="187" T="828171" />
  <Point X="91" Y="189" T="828179" />
  <Point X="93" Y="192" T="828191" />
  <Point X="95" Y="194" T="828200" />
  <Point X="97" Y="197" T="828211" />
  <Point X="98" Y="200" T="828219" />
  <Point X="100" Y="203" T="828227" />
  <Point X="101" Y="206" T="828236" />
  <Point X="103" Y="208" T="828244" />
  <Point X="104" Y="211" T="828254" />
  <Point X="105" Y="213" T="828263" />
  <Point X="106" Y="215" T="828272" />
  <Point X="108" Y="218" T="828282" />
  <Point X="110" Y="220" T="828292" />
  <Point X="111" Y="222" T="828302" />
  <Point X="112" Y="225" T="828303" />
  <Point X="114" Y="228" T="828320" />
  <Point X="115" Y="230" T="828331" />
  <Point X="115" Y="232" T="828342" />
  <Point X="116" Y="235" T="828353" />
  <Point X="117" Y="237" T="828365" />
  <Point X="117" Y="239" T="828376" />
  <Point X="117" Y="241" T="828428" />
  <Point X="117" Y="239" T="828469" />
  <Point X="117" Y="237" T="828502" />
  <Point X="118" Y="235" T="828527" />
  <Point X="118" Y="233" T="828539" />
  <Point X="118" Y="231" T="828552" />
  <Point X="119" Y="226" T="828566" />
  <Point X="119" Y="221" T="828580" />
  <Point X="120" Y="214" T="828594" />
  <Point X="122" Y="207" T="828608" />
  <Point X="123" Y="204" T="828622" />
  <Point X="124" Y="199" T="828623" />
  <Point X="126" Y="192" T="828640" />
  <Point X="130" Y="185" T="828655" />
  <Point X="132" Y="179" T="828670" />
  <Point X="133" Y="177" T="828671" />
  <Point X="137" Y="172" T="828689" />
  <Point X="141" Y="164" T="828705" />
  <Point X="145" Y="158" T="828720" />
  <Point X="149" Y="154" T="828737" />
  <Point X="153" Y="147" T="828753" />
  <Point X="157" Y="142" T="828769" />
  <Point X="160" Y="137" T="828786" />
  <Point X="165" Y="130" T="828803" />
  <Point X="167" Y="128" T="828804" />
  <Point X="169" Y="126" T="828824" />
  <Point X="171" Y="124" T="828843" />
  <Point X="171" Y="126" T="828937" />
</Gesture>