﻿<?xml version="1.0" encoding="utf-8" standalone="yes"?>
<Gesture Name="check05" Subject="1" Speed="slow" Number="5" NumPts="66" Millseconds="1163" AppName="Gestures" AppVer="3.5.0.0" Date="Monday, March 05, 2007" TimeOfDay="4:56:09 PM">
  <Point X="78" Y="178" T="829801" />
  <Point X="80" Y="178" T="829877" />
  <Point X="82" Y="179" T="829906" />
  <Point X="84" Y="181" T="829927" />
  <Point X="86" Y="182" T="829946" />
  <Point X="88" Y="183" T="829963" />
  <Point X="90" Y="183" T="829975" />
  <Point X="92" Y="185" T="829987" />
  <Point X="94" Y="186" T="829999" />
  <Point X="97" Y="189" T="830011" />
  <Point X="98" Y="191" T="830019" />
  <Point X="99" Y="193" T="830027" />
  <Point X="101" Y="196" T="830040" />
  <Point X="103" Y="198" T="830052" />
  <Point X="104" Y="201" T="830061" />
  <Point X="106" Y="203" T="830071" />
  <Point X="108" Y="206" T="830084" />
  <Point X="109" Y="209" T="830092" />
  <Point X="110" Y="211" T="830101" />
  <Point X="111" Y="213" T="830110" />
  <Point X="113" Y="217" T="830120" />
  <Point X="114" Y="220" T="830129" />
  <Point X="115" Y="222" T="830140" />
  <Point X="116" Y="224" T="830150" />
  <Point X="118" Y="228" T="830164" />
  <Point X="119" Y="231" T="830174" />
  <Point X="120" Y="233" T="830184" />
  <Point X="121" Y="235" T="830196" />
  <Point X="121" Y="237" T="830208" />
  <Point X="122" Y="240" T="830236" />
  <Point X="122" Y="242" T="830268" />
  <Point X="122" Y="244" T="830304" />
  <Point X="122" Y="246" T="830328" />
  <Point X="122" Y="243" T="830409" />
  <Point X="122" Y="241" T="830430" />
  <Point X="122" Y="239" T="830447" />
  <Point X="122" Y="237" T="830460" />
  <Point X="122" Y="234" T="830472" />
  <Point X="122" Y="231" T="830486" />
  <Point X="123" Y="225" T="830499" />
  <Point X="123" Y="220" T="830513" />
  <Point X="124" Y="215" T="830527" />
  <Point X="125" Y="209" T="830541" />
  <Point X="126" Y="201" T="830555" />
  <Point X="127" Y="197" T="830570" />
  <Point X="128" Y="190" T="830585" />
  <Point X="130" Y="184" T="830600" />
  <Point X="131" Y="179" T="830615" />
  <Point X="133" Y="173" T="830630" />
  <Point X="136" Y="167" T="830646" />
  <Point X="138" Y="162" T="830662" />
  <Point X="138" Y="160" T="830663" />
  <Point X="141" Y="155" T="830682" />
  <Point X="144" Y="150" T="830698" />
  <Point X="146" Y="145" T="830715" />
  <Point X="148" Y="141" T="830716" />
  <Point X="152" Y="137" T="830735" />
  <Point X="155" Y="132" T="830754" />
  <Point X="159" Y="126" T="830771" />
  <Point X="162" Y="122" T="830788" />
  <Point X="165" Y="119" T="830806" />
  <Point X="167" Y="117" T="830823" />
  <Point X="169" Y="116" T="830841" />
  <Point X="170" Y="114" T="830861" />
  <Point X="170" Y="116" T="830880" />
  <Point X="169" Y="118" T="830964" />
</Gesture>