﻿<?xml version="1.0" encoding="utf-8" standalone="yes"?>
<Gesture Name="circle10" Subject="1" Speed="slow" Number="10" NumPts="56" Millseconds="578" AppName="Gestures" AppVer="3.5.0.0" Date="Monday, March 05, 2007" TimeOfDay="5:01:30 PM">
  <Point X="135" Y="151" T="1152167" />
  <Point X="133" Y="151" T="1152179" />
  <Point X="130" Y="149" T="1152191" />
  <Point X="128" Y="150" T="1152198" />
  <Point X="125" Y="148" T="1152207" />
  <Point X="122" Y="148" T="1152215" />
  <Point X="119" Y="147" T="1152223" />
  <Point X="115" Y="146" T="1152231" />
  <Point X="113" Y="147" T="1152238" />
  <Point X="111" Y="148" T="1152244" />
  <Point X="107" Y="149" T="1152252" />
  <Point X="104" Y="151" T="1152259" />
  <Point X="102" Y="152" T="1152260" />
  <Point X="98" Y="155" T="1152270" />
  <Point X="95" Y="159" T="1152278" />
  <Point X="93" Y="162" T="1152280" />
  <Point X="90" Y="165" T="1152290" />
  <Point X="85" Y="171" T="1152299" />
  <Point X="82" Y="175" T="1152308" />
  <Point X="80" Y="180" T="1152317" />
  <Point X="79" Y="185" T="1152326" />
  <Point X="78" Y="188" T="1152328" />
  <Point X="78" Y="195" T="1152341" />
  <Point X="78" Y="197" T="1152350" />
  <Point X="78" Y="202" T="1152352" />
  <Point X="79" Y="206" T="1152363" />
  <Point X="80" Y="209" T="1152364" />
  <Point X="81" Y="213" T="1152378" />
  <Point X="86" Y="220" T="1152389" />
  <Point X="88" Y="224" T="1152400" />
  <Point X="96" Y="227" T="1152412" />
  <Point X="101" Y="231" T="1152423" />
  <Point X="108" Y="235" T="1152435" />
  <Point X="116" Y="237" T="1152448" />
  <Point X="123" Y="239" T="1152460" />
  <Point X="131" Y="239" T="1152472" />
  <Point X="139" Y="239" T="1152485" />
  <Point X="146" Y="237" T="1152498" />
  <Point X="149" Y="236" T="1152500" />
  <Point X="157" Y="233" T="1152517" />
  <Point X="163" Y="228" T="1152531" />
  <Point X="165" Y="226" T="1152532" />
  <Point X="171" Y="218" T="1152550" />
  <Point X="176" Y="210" T="1152565" />
  <Point X="178" Y="203" T="1152579" />
  <Point X="180" Y="195" T="1152594" />
  <Point X="180" Y="188" T="1152610" />
  <Point X="180" Y="186" T="1152611" />
  <Point X="179" Y="178" T="1152628" />
  <Point X="176" Y="169" T="1152644" />
  <Point X="171" Y="164" T="1152660" />
  <Point X="162" Y="155" T="1152676" />
  <Point X="157" Y="150" T="1152692" />
  <Point X="151" Y="147" T="1152709" />
  <Point X="145" Y="146" T="1152725" />
  <Point X="139" Y="147" T="1152745" />
</Gesture>