﻿<?xml version="1.0" encoding="utf-8" standalone="yes"?>
<Gesture Name="circle08" Subject="1" Speed="slow" Number="8" NumPts="60" Millseconds="626" AppName="Gestures" AppVer="3.5.0.0" Date="Monday, March 05, 2007" TimeOfDay="5:01:27 PM">
  <Point X="142" Y="140" T="1149818" />
  <Point X="140" Y="138" T="1149830" />
  <Point X="139" Y="136" T="1149838" />
  <Point X="138" Y="133" T="1149846" />
  <Point X="136" Y="132" T="1149854" />
  <Point X="133" Y="131" T="1149861" />
  <Point X="130" Y="130" T="1149869" />
  <Point X="127" Y="128" T="1149877" />
  <Point X="124" Y="128" T="1149885" />
  <Point X="120" Y="129" T="1149893" />
  <Point X="118" Y="129" T="1149900" />
  <Point X="116" Y="130" T="1149907" />
  <Point X="113" Y="132" T="1149915" />
  <Point X="109" Y="134" T="1149922" />
  <Point X="105" Y="136" T="1149930" />
  <Point X="102" Y="138" T="1149938" />
  <Point X="99" Y="141" T="1149947" />
  <Point X="96" Y="145" T="1149955" />
  <Point X="94" Y="148" T="1149964" />
  <Point X="92" Y="152" T="1149965" />
  <Point X="90" Y="156" T="1149976" />
  <Point X="89" Y="158" T="1149977" />
  <Point X="88" Y="165" T="1149989" />
  <Point X="87" Y="169" T="1150000" />
  <Point X="88" Y="174" T="1150010" />
  <Point X="89" Y="180" T="1150020" />
  <Point X="89" Y="183" T="1150021" />
  <Point X="91" Y="190" T="1150034" />
  <Point X="94" Y="196" T="1150046" />
  <Point X="95" Y="198" T="1150056" />
  <Point X="97" Y="201" T="1150058" />
  <Point X="101" Y="207" T="1150072" />
  <Point X="104" Y="210" T="1150084" />
  <Point X="112" Y="214" T="1150096" />
  <Point X="114" Y="216" T="1150098" />
  <Point X="123" Y="219" T="1150114" />
  <Point X="130" Y="219" T="1150127" />
  <Point X="137" Y="219" T="1150140" />
  <Point X="139" Y="218" T="1150141" />
  <Point X="148" Y="214" T="1150158" />
  <Point X="154" Y="213" T="1150172" />
  <Point X="163" Y="207" T="1150186" />
  <Point X="169" Y="202" T="1150201" />
  <Point X="171" Y="200" T="1150202" />
  <Point X="178" Y="193" T="1150219" />
  <Point X="182" Y="187" T="1150234" />
  <Point X="187" Y="179" T="1150249" />
  <Point X="188" Y="177" T="1150250" />
  <Point X="192" Y="167" T="1150270" />
  <Point X="193" Y="159" T="1150286" />
  <Point X="191" Y="152" T="1150302" />
  <Point X="186" Y="145" T="1150318" />
  <Point X="179" Y="138" T="1150334" />
  <Point X="172" Y="131" T="1150351" />
  <Point X="164" Y="127" T="1150368" />
  <Point X="162" Y="127" T="1150369" />
  <Point X="151" Y="125" T="1150389" />
  <Point X="143" Y="123" T="1150409" />
  <Point X="136" Y="125" T="1150427" />
  <Point X="133" Y="126" T="1150444" />
</Gesture>