﻿<?xml version="1.0" encoding="utf-8" standalone="yes"?>
<Gesture Name="circle04" Subject="1" Speed="slow" Number="4" NumPts="57" Millseconds="553" AppName="Gestures" AppVer="3.5.0.0" Date="Monday, March 05, 2007" TimeOfDay="5:01:23 PM">
  <Point X="122" Y="123" T="1145436" />
  <Point X="119" Y="121" T="1145443" />
  <Point X="116" Y="121" T="1145451" />
  <Point X="113" Y="120" T="1145459" />
  <Point X="109" Y="119" T="1145467" />
  <Point X="107" Y="119" T="1145473" />
  <Point X="104" Y="120" T="1145479" />
  <Point X="100" Y="122" T="1145487" />
  <Point X="97" Y="125" T="1145495" />
  <Point X="94" Y="128" T="1145503" />
  <Point X="91" Y="130" T="1145511" />
  <Point X="88" Y="133" T="1145519" />
  <Point X="87" Y="135" T="1145527" />
  <Point X="86" Y="138" T="1145528" />
  <Point X="83" Y="143" T="1145538" />
  <Point X="81" Y="148" T="1145546" />
  <Point X="80" Y="151" T="1145547" />
  <Point X="78" Y="156" T="1145558" />
  <Point X="77" Y="159" T="1145559" />
  <Point X="76" Y="165" T="1145571" />
  <Point X="76" Y="168" T="1145572" />
  <Point X="76" Y="176" T="1145584" />
  <Point X="76" Y="183" T="1145593" />
  <Point X="77" Y="192" T="1145604" />
  <Point X="79" Y="196" T="1145614" />
  <Point X="81" Y="203" T="1145624" />
  <Point X="82" Y="206" T="1145634" />
  <Point X="83" Y="208" T="1145636" />
  <Point X="87" Y="213" T="1145649" />
  <Point X="90" Y="216" T="1145660" />
  <Point X="97" Y="222" T="1145671" />
  <Point X="100" Y="224" T="1145683" />
  <Point X="102" Y="225" T="1145684" />
  <Point X="109" Y="227" T="1145698" />
  <Point X="112" Y="227" T="1145699" />
  <Point X="119" Y="227" T="1145715" />
  <Point X="121" Y="226" T="1145716" />
  <Point X="132" Y="222" T="1145732" />
  <Point X="139" Y="219" T="1145745" />
  <Point X="147" Y="214" T="1145759" />
  <Point X="150" Y="212" T="1145760" />
  <Point X="160" Y="204" T="1145777" />
  <Point X="169" Y="194" T="1145791" />
  <Point X="174" Y="187" T="1145806" />
  <Point X="180" Y="178" T="1145821" />
  <Point X="183" Y="167" T="1145836" />
  <Point X="183" Y="162" T="1145850" />
  <Point X="183" Y="158" T="1145852" />
  <Point X="180" Y="147" T="1145868" />
  <Point X="175" Y="138" T="1145884" />
  <Point X="167" Y="129" T="1145900" />
  <Point X="159" Y="122" T="1145917" />
  <Point X="149" Y="117" T="1145934" />
  <Point X="139" Y="115" T="1145950" />
  <Point X="137" Y="114" T="1145952" />
  <Point X="125" Y="115" T="1145972" />
  <Point X="120" Y="115" T="1145989" />
</Gesture>