﻿<?xml version="1.0" encoding="utf-8" standalone="yes"?>
<Gesture Name="circle06" Subject="1" Speed="slow" Number="6" NumPts="61" Millseconds="600" AppName="Gestures" AppVer="3.5.0.0" Date="Monday, March 05, 2007" TimeOfDay="5:01:25 PM">
  <Point X="138" Y="125" T="1147576" />
  <Point X="136" Y="124" T="1147585" />
  <Point X="133" Y="123" T="1147592" />
  <Point X="131" Y="122" T="1147600" />
  <Point X="128" Y="122" T="1147609" />
  <Point X="125" Y="120" T="1147616" />
  <Point X="123" Y="119" T="1147623" />
  <Point X="120" Y="120" T="1147631" />
  <Point X="117" Y="120" T="1147639" />
  <Point X="114" Y="121" T="1147647" />
  <Point X="111" Y="123" T="1147655" />
  <Point X="107" Y="125" T="1147663" />
  <Point X="104" Y="128" T="1147671" />
  <Point X="102" Y="130" T="1147679" />
  <Point X="101" Y="132" T="1147680" />
  <Point X="98" Y="135" T="1147690" />
  <Point X="96" Y="137" T="1147691" />
  <Point X="94" Y="142" T="1147703" />
  <Point X="91" Y="145" T="1147712" />
  <Point X="89" Y="149" T="1147720" />
  <Point X="86" Y="159" T="1147731" />
  <Point X="85" Y="163" T="1147741" />
  <Point X="85" Y="167" T="1147750" />
  <Point X="84" Y="170" T="1147751" />
  <Point X="85" Y="176" T="1147764" />
  <Point X="85" Y="180" T="1147774" />
  <Point X="85" Y="183" T="1147776" />
  <Point X="87" Y="189" T="1147787" />
  <Point X="88" Y="192" T="1147798" />
  <Point X="89" Y="194" T="1147800" />
  <Point X="92" Y="201" T="1147815" />
  <Point X="93" Y="203" T="1147816" />
  <Point X="95" Y="206" T="1147830" />
  <Point X="101" Y="211" T="1147842" />
  <Point X="105" Y="212" T="1147854" />
  <Point X="108" Y="214" T="1147856" />
  <Point X="116" Y="216" T="1147873" />
  <Point X="124" Y="217" T="1147886" />
  <Point X="126" Y="217" T="1147887" />
  <Point X="137" Y="216" T="1147903" />
  <Point X="144" Y="216" T="1147917" />
  <Point X="154" Y="211" T="1147932" />
  <Point X="161" Y="209" T="1147946" />
  <Point X="167" Y="204" T="1147960" />
  <Point X="174" Y="196" T="1147975" />
  <Point X="180" Y="189" T="1147989" />
  <Point X="184" Y="178" T="1148004" />
  <Point X="186" Y="167" T="1148020" />
  <Point X="185" Y="156" T="1148035" />
  <Point X="184" Y="150" T="1148051" />
  <Point X="182" Y="146" T="1148052" />
  <Point X="177" Y="140" T="1148071" />
  <Point X="175" Y="138" T="1148074" />
  <Point X="166" Y="131" T="1148094" />
  <Point X="158" Y="128" T="1148111" />
  <Point X="155" Y="128" T="1148112" />
  <Point X="143" Y="128" T="1148134" />
  <Point X="141" Y="128" T="1148135" />
  <Point X="135" Y="129" T="1148154" />
  <Point X="131" Y="129" T="1148155" />
  <Point X="126" Y="130" T="1148176" />
</Gesture>