﻿<?xml version="1.0" encoding="utf-8" standalone="yes"?>
<Gesture Name="circle02" Subject="1" Speed="slow" Number="2" NumPts="56" Millseconds="552" AppName="Gestures" AppVer="3.5.0.0" Date="Monday, March 05, 2007" TimeOfDay="5:01:21 PM">
  <Point X="130" Y="126" T="1143413" />
  <Point X="127" Y="124" T="1143421" />
  <Point X="124" Y="123" T="1143430" />
  <Point X="121" Y="123" T="1143438" />
  <Point X="117" Y="123" T="1143446" />
  <Point X="115" Y="122" T="1143452" />
  <Point X="113" Y="122" T="1143458" />
  <Point X="111" Y="122" T="1143459" />
  <Point X="108" Y="123" T="1143466" />
  <Point X="106" Y="124" T="1143473" />
  <Point X="102" Y="127" T="1143481" />
  <Point X="98" Y="130" T="1143488" />
  <Point X="94" Y="135" T="1143495" />
  <Point X="90" Y="139" T="1143503" />
  <Point X="87" Y="144" T="1143511" />
  <Point X="84" Y="149" T="1143519" />
  <Point X="81" Y="155" T="1143527" />
  <Point X="79" Y="160" T="1143536" />
  <Point X="77" Y="166" T="1143544" />
  <Point X="76" Y="172" T="1143554" />
  <Point X="75" Y="175" T="1143555" />
  <Point X="75" Y="182" T="1143567" />
  <Point X="75" Y="187" T="1143577" />
  <Point X="76" Y="194" T="1143587" />
  <Point X="78" Y="199" T="1143598" />
  <Point X="79" Y="202" T="1143608" />
  <Point X="81" Y="205" T="1143618" />
  <Point X="84" Y="209" T="1143619" />
  <Point X="87" Y="211" T="1143632" />
  <Point X="93" Y="216" T="1143643" />
  <Point X="97" Y="217" T="1143655" />
  <Point X="105" Y="221" T="1143667" />
  <Point X="112" Y="221" T="1143679" />
  <Point X="120" Y="220" T="1143691" />
  <Point X="127" Y="220" T="1143703" />
  <Point X="135" Y="217" T="1143716" />
  <Point X="143" Y="215" T="1143729" />
  <Point X="145" Y="213" T="1143730" />
  <Point X="153" Y="210" T="1143746" />
  <Point X="155" Y="209" T="1143748" />
  <Point X="164" Y="201" T="1143765" />
  <Point X="170" Y="192" T="1143779" />
  <Point X="174" Y="186" T="1143793" />
  <Point X="176" Y="183" T="1143795" />
  <Point X="179" Y="172" T="1143812" />
  <Point X="181" Y="161" T="1143827" />
  <Point X="179" Y="150" T="1143843" />
  <Point X="176" Y="145" T="1143858" />
  <Point X="175" Y="142" T="1143859" />
  <Point X="168" Y="136" T="1143877" />
  <Point X="161" Y="132" T="1143893" />
  <Point X="152" Y="129" T="1143909" />
  <Point X="150" Y="128" T="1143910" />
  <Point X="142" Y="127" T="1143929" />
  <Point X="135" Y="126" T="1143946" />
  <Point X="129" Y="127" T="1143965" />
</Gesture>