﻿<?xml version="1.0" encoding="utf-8" standalone="yes"?>
<Gesture Name="circle01" Subject="1" Speed="slow" Number="1" NumPts="54" Millseconds="524" AppName="Gestures" AppVer="3.5.0.0" Date="Monday, March 05, 2007" TimeOfDay="5:01:20 PM">
  <Point X="129" Y="129" T="1142350" />
  <Point X="126" Y="126" T="1142363" />
  <Point X="123" Y="126" T="1142375" />
  <Point X="121" Y="125" T="1142384" />
  <Point X="118" Y="126" T="1142391" />
  <Point X="114" Y="126" T="1142399" />
  <Point X="111" Y="127" T="1142407" />
  <Point X="108" Y="129" T="1142416" />
  <Point X="106" Y="130" T="1142423" />
  <Point X="102" Y="133" T="1142429" />
  <Point X="98" Y="138" T="1142437" />
  <Point X="96" Y="140" T="1142444" />
  <Point X="92" Y="142" T="1142451" />
  <Point X="90" Y="145" T="1142453" />
  <Point X="86" Y="150" T="1142462" />
  <Point X="82" Y="155" T="1142470" />
  <Point X="79" Y="160" T="1142479" />
  <Point X="77" Y="165" T="1142487" />
  <Point X="76" Y="167" T="1142488" />
  <Point X="74" Y="173" T="1142499" />
  <Point X="73" Y="176" T="1142500" />
  <Point X="72" Y="182" T="1142511" />
  <Point X="72" Y="184" T="1142512" />
  <Point X="72" Y="192" T="1142524" />
  <Point X="73" Y="195" T="1142534" />
  <Point X="76" Y="201" T="1142545" />
  <Point X="78" Y="204" T="1142555" />
  <Point X="81" Y="206" T="1142566" />
  <Point X="87" Y="211" T="1142577" />
  <Point X="91" Y="214" T="1142588" />
  <Point X="94" Y="214" T="1142589" />
  <Point X="101" Y="215" T="1142603" />
  <Point X="109" Y="216" T="1142615" />
  <Point X="117" Y="214" T="1142627" />
  <Point X="120" Y="214" T="1142628" />
  <Point X="128" Y="211" T="1142643" />
  <Point X="131" Y="210" T="1142644" />
  <Point X="138" Y="204" T="1142659" />
  <Point X="148" Y="197" T="1142673" />
  <Point X="153" Y="193" T="1142686" />
  <Point X="159" Y="187" T="1142699" />
  <Point X="160" Y="184" T="1142701" />
  <Point X="164" Y="177" T="1142718" />
  <Point X="168" Y="169" T="1142732" />
  <Point X="168" Y="160" T="1142746" />
  <Point X="167" Y="151" T="1142761" />
  <Point X="163" Y="141" T="1142777" />
  <Point X="159" Y="135" T="1142792" />
  <Point X="157" Y="131" T="1142793" />
  <Point X="151" Y="126" T="1142810" />
  <Point X="146" Y="121" T="1142826" />
  <Point X="140" Y="118" T="1142842" />
  <Point X="134" Y="118" T="1142859" />
  <Point X="130" Y="119" T="1142874" />
</Gesture>