﻿<?xml version="1.0" encoding="utf-8" standalone="yes"?>
<Gesture Name="circle07" Subject="1" Speed="slow" Number="7" NumPts="53" Millseconds="527" AppName="Gestures" AppVer="3.5.0.0" Date="Monday, March 05, 2007" TimeOfDay="5:01:26 PM">
  <Point X="127" Y="129" T="1148708" />
  <Point X="124" Y="129" T="1148716" />
  <Point X="121" Y="128" T="1148724" />
  <Point X="118" Y="128" T="1148733" />
  <Point X="115" Y="130" T="1148741" />
  <Point X="111" Y="132" T="1148748" />
  <Point X="108" Y="134" T="1148756" />
  <Point X="106" Y="136" T="1148764" />
  <Point X="104" Y="138" T="1148771" />
  <Point X="101" Y="142" T="1148777" />
  <Point X="97" Y="146" T="1148785" />
  <Point X="96" Y="148" T="1148792" />
  <Point X="93" Y="153" T="1148799" />
  <Point X="92" Y="156" T="1148800" />
  <Point X="89" Y="160" T="1148810" />
  <Point X="87" Y="165" T="1148819" />
  <Point X="85" Y="171" T="1148827" />
  <Point X="84" Y="174" T="1148828" />
  <Point X="83" Y="179" T="1148840" />
  <Point X="83" Y="182" T="1148841" />
  <Point X="82" Y="188" T="1148853" />
  <Point X="83" Y="193" T="1148863" />
  <Point X="84" Y="201" T="1148873" />
  <Point X="86" Y="206" T="1148883" />
  <Point X="89" Y="211" T="1148893" />
  <Point X="92" Y="214" T="1148903" />
  <Point X="94" Y="217" T="1148904" />
  <Point X="97" Y="219" T="1148917" />
  <Point X="105" Y="223" T="1148929" />
  <Point X="112" Y="226" T="1148940" />
  <Point X="120" Y="227" T="1148952" />
  <Point X="128" Y="227" T="1148964" />
  <Point X="136" Y="227" T="1148976" />
  <Point X="143" Y="225" T="1148989" />
  <Point X="150" Y="221" T="1149001" />
  <Point X="156" Y="218" T="1149014" />
  <Point X="160" Y="213" T="1149027" />
  <Point X="168" Y="203" T="1149040" />
  <Point X="172" Y="195" T="1149053" />
  <Point X="175" Y="188" T="1149067" />
  <Point X="176" Y="185" T="1149069" />
  <Point X="178" Y="173" T="1149087" />
  <Point X="177" Y="162" T="1149101" />
  <Point X="174" Y="155" T="1149116" />
  <Point X="173" Y="152" T="1149117" />
  <Point X="167" Y="143" T="1149136" />
  <Point X="164" Y="139" T="1149151" />
  <Point X="161" Y="136" T="1149152" />
  <Point X="153" Y="130" T="1149170" />
  <Point X="145" Y="125" T="1149186" />
  <Point X="139" Y="124" T="1149202" />
  <Point X="133" Y="123" T="1149218" />
  <Point X="130" Y="124" T="1149235" />
</Gesture>