﻿<?xml version="1.0" encoding="utf-8" standalone="yes"?>
<Gesture Name="circle03" Subject="1" Speed="slow" Number="3" NumPts="53" Millseconds="525" AppName="Gestures" AppVer="3.5.0.0" Date="Monday, March 05, 2007" TimeOfDay="5:01:22 PM">
  <Point X="122" Y="118" T="1144431" />
  <Point X="119" Y="118" T="1144438" />
  <Point X="116" Y="118" T="1144445" />
  <Point X="112" Y="117" T="1144453" />
  <Point X="110" Y="117" T="1144458" />
  <Point X="108" Y="118" T="1144464" />
  <Point X="106" Y="119" T="1144465" />
  <Point X="102" Y="121" T="1144474" />
  <Point X="98" Y="124" T="1144482" />
  <Point X="94" Y="127" T="1144489" />
  <Point X="91" Y="130" T="1144497" />
  <Point X="89" Y="133" T="1144504" />
  <Point X="87" Y="135" T="1144505" />
  <Point X="83" Y="141" T="1144515" />
  <Point X="80" Y="146" T="1144523" />
  <Point X="78" Y="150" T="1144532" />
  <Point X="75" Y="157" T="1144540" />
  <Point X="73" Y="162" T="1144549" />
  <Point X="72" Y="165" T="1144550" />
  <Point X="70" Y="173" T="1144562" />
  <Point X="70" Y="180" T="1144571" />
  <Point X="70" Y="188" T="1144581" />
  <Point X="71" Y="192" T="1144591" />
  <Point X="74" Y="199" T="1144601" />
  <Point X="75" Y="201" T="1144611" />
  <Point X="79" Y="208" T="1144622" />
  <Point X="82" Y="209" T="1144632" />
  <Point X="85" Y="211" T="1144643" />
  <Point X="93" Y="215" T="1144654" />
  <Point X="100" Y="217" T="1144665" />
  <Point X="105" Y="218" T="1144677" />
  <Point X="107" Y="218" T="1144678" />
  <Point X="117" Y="217" T="1144694" />
  <Point X="124" Y="216" T="1144706" />
  <Point X="132" Y="213" T="1144718" />
  <Point X="139" Y="209" T="1144732" />
  <Point X="141" Y="208" T="1144733" />
  <Point X="148" Y="203" T="1144749" />
  <Point X="150" Y="201" T="1144750" />
  <Point X="158" Y="191" T="1144767" />
  <Point X="164" Y="182" T="1144782" />
  <Point X="168" Y="174" T="1144796" />
  <Point X="171" Y="163" T="1144811" />
  <Point X="172" Y="154" T="1144825" />
  <Point X="170" Y="145" T="1144840" />
  <Point X="167" Y="135" T="1144855" />
  <Point X="161" Y="127" T="1144870" />
  <Point X="155" Y="120" T="1144885" />
  <Point X="151" Y="117" T="1144901" />
  <Point X="148" Y="115" T="1144902" />
  <Point X="138" Y="116" T="1144924" />
  <Point X="128" Y="116" T="1144940" />
  <Point X="121" Y="120" T="1144956" />
</Gesture>