﻿<?xml version="1.0" encoding="utf-8" standalone="yes"?>
<Gesture Name="circle09" Subject="1" Speed="slow" Number="9" NumPts="56" Millseconds="568" AppName="Gestures" AppVer="3.5.0.0" Date="Monday, March 05, 2007" TimeOfDay="5:01:29 PM">
  <Point X="139" Y="132" T="1150907" />
  <Point X="136" Y="132" T="1150915" />
  <Point X="134" Y="130" T="1150923" />
  <Point X="131" Y="127" T="1150931" />
  <Point X="128" Y="127" T="1150938" />
  <Point X="124" Y="126" T="1150947" />
  <Point X="121" Y="126" T="1150955" />
  <Point X="117" Y="127" T="1150963" />
  <Point X="115" Y="128" T="1150970" />
  <Point X="111" Y="130" T="1150977" />
  <Point X="107" Y="132" T="1150984" />
  <Point X="103" Y="136" T="1150991" />
  <Point X="101" Y="139" T="1150999" />
  <Point X="99" Y="141" T="1151000" />
  <Point X="96" Y="144" T="1151010" />
  <Point X="92" Y="148" T="1151019" />
  <Point X="91" Y="150" T="1151020" />
  <Point X="88" Y="155" T="1151032" />
  <Point X="86" Y="158" T="1151040" />
  <Point X="83" Y="165" T="1151050" />
  <Point X="82" Y="171" T="1151059" />
  <Point X="82" Y="176" T="1151069" />
  <Point X="83" Y="181" T="1151078" />
  <Point X="84" Y="187" T="1151088" />
  <Point X="86" Y="191" T="1151099" />
  <Point X="87" Y="193" T="1151100" />
  <Point X="91" Y="199" T="1151114" />
  <Point X="94" Y="202" T="1151124" />
  <Point X="100" Y="207" T="1151136" />
  <Point X="106" Y="211" T="1151147" />
  <Point X="108" Y="212" T="1151148" />
  <Point X="116" Y="217" T="1151164" />
  <Point X="123" Y="218" T="1151176" />
  <Point X="130" Y="219" T="1151188" />
  <Point X="137" Y="218" T="1151201" />
  <Point X="144" Y="218" T="1151214" />
  <Point X="151" Y="216" T="1151226" />
  <Point X="153" Y="215" T="1151228" />
  <Point X="162" Y="210" T="1151246" />
  <Point X="166" Y="207" T="1151259" />
  <Point X="169" Y="204" T="1151260" />
  <Point X="176" Y="196" T="1151276" />
  <Point X="180" Y="190" T="1151290" />
  <Point X="181" Y="188" T="1151292" />
  <Point X="184" Y="179" T="1151310" />
  <Point X="185" Y="170" T="1151325" />
  <Point X="185" Y="160" T="1151340" />
  <Point X="183" Y="154" T="1151356" />
  <Point X="179" Y="147" T="1151371" />
  <Point X="173" Y="142" T="1151386" />
  <Point X="166" Y="138" T="1151402" />
  <Point X="159" Y="132" T="1151418" />
  <Point X="158" Y="130" T="1151420" />
  <Point X="151" Y="124" T="1151439" />
  <Point X="146" Y="121" T="1151456" />
  <Point X="140" Y="121" T="1151475" />
</Gesture>