﻿<?xml version="1.0" encoding="utf-8" standalone="yes"?>
<Gesture Name="circle05" Subject="1" Speed="slow" Number="5" NumPts="57" Millseconds="602" AppName="Gestures" AppVer="3.5.0.0" Date="Monday, March 05, 2007" TimeOfDay="5:01:24 PM">
  <Point X="139" Y="123" T="1146479" />
  <Point X="136" Y="121" T="1146487" />
  <Point X="133" Y="120" T="1146495" />
  <Point X="130" Y="119" T="1146503" />
  <Point X="126" Y="118" T="1146511" />
  <Point X="124" Y="118" T="1146517" />
  <Point X="122" Y="118" T="1146523" />
  <Point X="120" Y="118" T="1146524" />
  <Point X="116" Y="119" T="1146531" />
  <Point X="114" Y="119" T="1146538" />
  <Point X="112" Y="120" T="1146540" />
  <Point X="108" Y="122" T="1146550" />
  <Point X="104" Y="125" T="1146557" />
  <Point X="99" Y="129" T="1146565" />
  <Point X="97" Y="130" T="1146573" />
  <Point X="94" Y="133" T="1146581" />
  <Point X="88" Y="139" T="1146589" />
  <Point X="84" Y="143" T="1146599" />
  <Point X="82" Y="147" T="1146608" />
  <Point X="80" Y="150" T="1146617" />
  <Point X="78" Y="155" T="1146626" />
  <Point X="77" Y="162" T="1146636" />
  <Point X="76" Y="167" T="1146645" />
  <Point X="76" Y="170" T="1146655" />
  <Point X="77" Y="177" T="1146665" />
  <Point X="79" Y="182" T="1146676" />
  <Point X="81" Y="187" T="1146686" />
  <Point X="82" Y="190" T="1146688" />
  <Point X="86" Y="195" T="1146702" />
  <Point X="88" Y="198" T="1146714" />
  <Point X="94" Y="203" T="1146725" />
  <Point X="97" Y="205" T="1146737" />
  <Point X="103" Y="209" T="1146748" />
  <Point X="109" Y="210" T="1146760" />
  <Point X="115" Y="212" T="1146773" />
  <Point X="122" Y="213" T="1146786" />
  <Point X="128" Y="211" T="1146798" />
  <Point X="131" Y="211" T="1146800" />
  <Point X="137" Y="210" T="1146819" />
  <Point X="145" Y="205" T="1146833" />
  <Point X="152" Y="199" T="1146846" />
  <Point X="158" Y="194" T="1146860" />
  <Point X="164" Y="188" T="1146874" />
  <Point X="166" Y="184" T="1146888" />
  <Point X="169" Y="181" T="1146889" />
  <Point X="173" Y="172" T="1146906" />
  <Point X="175" Y="164" T="1146926" />
  <Point X="175" Y="154" T="1146942" />
  <Point X="174" Y="146" T="1146957" />
  <Point X="171" Y="137" T="1146974" />
  <Point X="167" Y="130" T="1146990" />
  <Point X="161" Y="124" T="1147006" />
  <Point X="155" Y="118" T="1147026" />
  <Point X="148" Y="114" T="1147043" />
  <Point X="143" Y="112" T="1147060" />
  <Point X="140" Y="111" T="1147061" />
  <Point X="136" Y="111" T="1147081" />
</Gesture>