﻿<?xml version="1.0" encoding="utf-8" standalone="yes"?>
<Gesture Name="delete_mark06" Subject="1" Speed="slow" Number="6" NumPts="59" Millseconds="797" AppName="Gestures" AppVer="3.5.0.0" Date="Monday, March 05, 2007" TimeOfDay="5:06:09 PM">
  <Point X="114" Y="121" T="1431186" />
  <Point X="115" Y="123" T="1431191" />
  <Point X="116" Y="126" T="1431197" />
  <Point X="117" Y="131" T="1431206" />
  <Point X="118" Y="133" T="1431212" />
  <Point X="121" Y="140" T="1431218" />
  <Point X="122" Y="144" T="1431225" />
  <Point X="125" Y="150" T="1431232" />
  <Point X="129" Y="157" T="1431239" />
  <Point X="132" Y="163" T="1431246" />
  <Point X="134" Y="166" T="1431254" />
  <Point X="135" Y="169" T="1431255" />
  <Point X="138" Y="176" T="1431262" />
  <Point X="141" Y="181" T="1431271" />
  <Point X="144" Y="187" T="1431279" />
  <Point X="147" Y="193" T="1431287" />
  <Point X="149" Y="199" T="1431296" />
  <Point X="150" Y="201" T="1431305" />
  <Point X="154" Y="209" T="1431314" />
  <Point X="156" Y="211" T="1431323" />
  <Point X="157" Y="214" T="1431333" />
  <Point X="159" Y="216" T="1431346" />
  <Point X="156" Y="215" T="1431435" />
  <Point X="154" Y="215" T="1431451" />
  <Point X="151" Y="214" T="1431463" />
  <Point X="149" Y="213" T="1431474" />
  <Point X="146" Y="211" T="1431485" />
  <Point X="139" Y="208" T="1431497" />
  <Point X="132" Y="206" T="1431510" />
  <Point X="124" Y="205" T="1431522" />
  <Point X="116" Y="203" T="1431534" />
  <Point X="114" Y="202" T="1431536" />
  <Point X="104" Y="201" T="1431552" />
  <Point X="97" Y="201" T="1431566" />
  <Point X="95" Y="201" T="1431568" />
  <Point X="86" Y="200" T="1431584" />
  <Point X="81" Y="200" T="1431598" />
  <Point X="75" Y="200" T="1431612" />
  <Point X="72" Y="201" T="1431625" />
  <Point X="68" Y="201" T="1431640" />
  <Point X="66" Y="202" T="1431655" />
  <Point X="68" Y="199" T="1431715" />
  <Point X="70" Y="198" T="1431731" />
  <Point X="73" Y="197" T="1431746" />
  <Point X="79" Y="195" T="1431762" />
  <Point X="88" Y="190" T="1431778" />
  <Point X="96" Y="185" T="1431794" />
  <Point X="106" Y="177" T="1431810" />
  <Point X="108" Y="176" T="1431812" />
  <Point X="118" Y="168" T="1431830" />
  <Point X="121" Y="165" T="1431832" />
  <Point X="131" Y="157" T="1431850" />
  <Point X="142" Y="148" T="1431870" />
  <Point X="152" Y="140" T="1431889" />
  <Point X="158" Y="135" T="1431908" />
  <Point X="162" Y="131" T="1431927" />
  <Point X="165" Y="129" T="1431946" />
  <Point X="167" Y="128" T="1431963" />
  <Point X="169" Y="126" T="1431983" />
</Gesture>