﻿<?xml version="1.0" encoding="utf-8" standalone="yes"?>
<Gesture Name="delete_mark02" Subject="1" Speed="slow" Number="2" NumPts="60" Millseconds="706" AppName="Gestures" AppVer="3.5.0.0" Date="Monday, March 05, 2007" TimeOfDay="5:06:04 PM">
  <Point X="104" Y="134" T="1426458" />
  <Point X="105" Y="136" T="1426481" />
  <Point X="107" Y="139" T="1426489" />
  <Point X="109" Y="143" T="1426501" />
  <Point X="111" Y="145" T="1426507" />
  <Point X="114" Y="150" T="1426513" />
  <Point X="115" Y="153" T="1426520" />
  <Point X="118" Y="157" T="1426527" />
  <Point X="122" Y="162" T="1426534" />
  <Point X="124" Y="165" T="1426540" />
  <Point X="126" Y="168" T="1426542" />
  <Point X="129" Y="174" T="1426549" />
  <Point X="131" Y="177" T="1426556" />
  <Point X="133" Y="180" T="1426557" />
  <Point X="137" Y="186" T="1426566" />
  <Point X="140" Y="191" T="1426574" />
  <Point X="144" Y="197" T="1426582" />
  <Point X="147" Y="202" T="1426590" />
  <Point X="149" Y="204" T="1426599" />
  <Point X="155" Y="209" T="1426608" />
  <Point X="160" Y="214" T="1426617" />
  <Point X="162" Y="217" T="1426626" />
  <Point X="165" Y="220" T="1426636" />
  <Point X="167" Y="222" T="1426645" />
  <Point X="169" Y="222" T="1426682" />
  <Point X="167" Y="221" T="1426706" />
  <Point X="164" Y="220" T="1426718" />
  <Point X="162" Y="218" T="1426729" />
  <Point X="159" Y="218" T="1426741" />
  <Point X="152" Y="215" T="1426753" />
  <Point X="146" Y="216" T="1426765" />
  <Point X="144" Y="216" T="1426767" />
  <Point X="136" Y="216" T="1426780" />
  <Point X="128" Y="216" T="1426793" />
  <Point X="117" Y="216" T="1426807" />
  <Point X="108" Y="217" T="1426820" />
  <Point X="100" Y="217" T="1426833" />
  <Point X="97" Y="218" T="1426835" />
  <Point X="89" Y="219" T="1426849" />
  <Point X="86" Y="219" T="1426851" />
  <Point X="76" Y="220" T="1426866" />
  <Point X="70" Y="221" T="1426881" />
  <Point X="65" Y="222" T="1426896" />
  <Point X="63" Y="222" T="1426913" />
  <Point X="62" Y="220" T="1426943" />
  <Point X="64" Y="218" T="1426958" />
  <Point X="69" Y="214" T="1426974" />
  <Point X="76" Y="208" T="1426989" />
  <Point X="84" Y="201" T="1427006" />
  <Point X="95" Y="190" T="1427022" />
  <Point X="98" Y="188" T="1427024" />
  <Point X="109" Y="178" T="1427041" />
  <Point X="120" Y="168" T="1427058" />
  <Point X="122" Y="166" T="1427060" />
  <Point X="134" Y="154" T="1427081" />
  <Point X="146" Y="143" T="1427103" />
  <Point X="153" Y="135" T="1427124" />
  <Point X="155" Y="133" T="1427143" />
  <Point X="158" Y="130" T="1427144" />
  <Point X="159" Y="128" T="1427164" />
</Gesture>