﻿<?xml version="1.0" encoding="utf-8" standalone="yes"?>
<Gesture Name="delete_mark10" Subject="1" Speed="slow" Number="10" NumPts="62" Millseconds="790" AppName="Gestures" AppVer="3.5.0.0" Date="Monday, March 05, 2007" TimeOfDay="5:06:13 PM">
  <Point X="113" Y="138" T="1436166" />
  <Point X="114" Y="141" T="1436175" />
  <Point X="115" Y="143" T="1436180" />
  <Point X="116" Y="146" T="1436187" />
  <Point X="118" Y="148" T="1436193" />
  <Point X="119" Y="150" T="1436198" />
  <Point X="122" Y="153" T="1436204" />
  <Point X="124" Y="156" T="1436211" />
  <Point X="126" Y="158" T="1436212" />
  <Point X="130" Y="162" T="1436220" />
  <Point X="133" Y="167" T="1436228" />
  <Point X="137" Y="172" T="1436235" />
  <Point X="139" Y="175" T="1436243" />
  <Point X="140" Y="178" T="1436244" />
  <Point X="143" Y="183" T="1436255" />
  <Point X="145" Y="186" T="1436256" />
  <Point X="148" Y="193" T="1436266" />
  <Point X="149" Y="196" T="1436267" />
  <Point X="151" Y="200" T="1436278" />
  <Point X="153" Y="203" T="1436279" />
  <Point X="155" Y="208" T="1436291" />
  <Point X="157" Y="211" T="1436300" />
  <Point X="159" Y="215" T="1436310" />
  <Point X="163" Y="221" T="1436320" />
  <Point X="164" Y="223" T="1436330" />
  <Point X="166" Y="225" T="1436347" />
  <Point X="164" Y="223" T="1436412" />
  <Point X="162" Y="223" T="1436431" />
  <Point X="160" Y="223" T="1436447" />
  <Point X="157" Y="223" T="1436459" />
  <Point X="155" Y="221" T="1436470" />
  <Point X="152" Y="221" T="1436482" />
  <Point X="147" Y="220" T="1436493" />
  <Point X="139" Y="219" T="1436506" />
  <Point X="132" Y="220" T="1436518" />
  <Point X="124" Y="219" T="1436531" />
  <Point X="122" Y="219" T="1436532" />
  <Point X="115" Y="219" T="1436547" />
  <Point X="112" Y="220" T="1436548" />
  <Point X="103" Y="220" T="1436564" />
  <Point X="97" Y="221" T="1436578" />
  <Point X="91" Y="222" T="1436592" />
  <Point X="85" Y="222" T="1436605" />
  <Point X="81" Y="223" T="1436620" />
  <Point X="79" Y="223" T="1436634" />
  <Point X="79" Y="221" T="1436684" />
  <Point X="81" Y="219" T="1436699" />
  <Point X="86" Y="216" T="1436713" />
  <Point X="91" Y="210" T="1436729" />
  <Point X="99" Y="203" T="1436744" />
  <Point X="107" Y="196" T="1436761" />
  <Point X="116" Y="187" T="1436777" />
  <Point X="124" Y="178" T="1436793" />
  <Point X="134" Y="169" T="1436810" />
  <Point X="143" Y="158" T="1436827" />
  <Point X="154" Y="147" T="1436844" />
  <Point X="161" Y="138" T="1436862" />
  <Point X="168" Y="131" T="1436879" />
  <Point X="173" Y="125" T="1436896" />
  <Point X="179" Y="120" T="1436914" />
  <Point X="181" Y="117" T="1436931" />
  <Point X="181" Y="115" T="1436956" />
</Gesture>