﻿<?xml version="1.0" encoding="utf-8" standalone="yes"?>
<Gesture Name="delete_mark01" Subject="1" Speed="slow" Number="1" NumPts="57" Millseconds="693" AppName="Gestures" AppVer="3.5.0.0" Date="Monday, March 05, 2007" TimeOfDay="5:06:03 PM">
  <Point X="105" Y="132" T="1425340" />
  <Point X="105" Y="134" T="1425352" />
  <Point X="106" Y="138" T="1425364" />
  <Point X="107" Y="140" T="1425370" />
  <Point X="109" Y="145" T="1425377" />
  <Point X="110" Y="147" T="1425384" />
  <Point X="111" Y="150" T="1425385" />
  <Point X="115" Y="156" T="1425394" />
  <Point X="118" Y="162" T="1425402" />
  <Point X="122" Y="168" T="1425409" />
  <Point X="126" Y="173" T="1425417" />
  <Point X="131" Y="178" T="1425426" />
  <Point X="135" Y="184" T="1425434" />
  <Point X="139" Y="190" T="1425443" />
  <Point X="140" Y="192" T="1425451" />
  <Point X="144" Y="197" T="1425453" />
  <Point X="147" Y="202" T="1425464" />
  <Point X="151" Y="207" T="1425474" />
  <Point X="154" Y="210" T="1425483" />
  <Point X="156" Y="213" T="1425493" />
  <Point X="159" Y="216" T="1425503" />
  <Point X="161" Y="218" T="1425513" />
  <Point X="162" Y="215" T="1425560" />
  <Point X="160" Y="214" T="1425572" />
  <Point X="158" Y="213" T="1425583" />
  <Point X="155" Y="211" T="1425594" />
  <Point X="147" Y="210" T="1425606" />
  <Point X="140" Y="210" T="1425618" />
  <Point X="133" Y="211" T="1425630" />
  <Point X="124" Y="213" T="1425643" />
  <Point X="116" Y="216" T="1425656" />
  <Point X="113" Y="217" T="1425657" />
  <Point X="101" Y="221" T="1425673" />
  <Point X="93" Y="223" T="1425687" />
  <Point X="84" Y="224" T="1425700" />
  <Point X="78" Y="225" T="1425714" />
  <Point X="72" Y="225" T="1425729" />
  <Point X="66" Y="224" T="1425743" />
  <Point X="64" Y="225" T="1425757" />
  <Point X="62" Y="223" T="1425772" />
  <Point X="61" Y="221" T="1425797" />
  <Point X="63" Y="220" T="1425813" />
  <Point X="65" Y="218" T="1425828" />
  <Point X="71" Y="215" T="1425843" />
  <Point X="79" Y="209" T="1425859" />
  <Point X="88" Y="203" T="1425876" />
  <Point X="98" Y="194" T="1425892" />
  <Point X="101" Y="192" T="1425894" />
  <Point X="112" Y="183" T="1425911" />
  <Point X="126" Y="169" T="1425930" />
  <Point X="137" Y="158" T="1425948" />
  <Point X="139" Y="156" T="1425950" />
  <Point X="151" Y="145" T="1425972" />
  <Point X="158" Y="136" T="1425990" />
  <Point X="165" Y="129" T="1426009" />
  <Point X="167" Y="127" T="1426010" />
  <Point X="169" Y="126" T="1426033" />
</Gesture>