﻿<?xml version="1.0" encoding="utf-8" standalone="yes"?>
<Gesture Name="delete_mark07" Subject="1" Speed="slow" Number="7" NumPts="63" Millseconds="796" AppName="Gestures" AppVer="3.5.0.0" Date="Monday, March 05, 2007" TimeOfDay="5:06:10 PM">
  <Point X="113" Y="129" T="1432385" />
  <Point X="114" Y="132" T="1432409" />
  <Point X="115" Y="134" T="1432421" />
  <Point X="117" Y="137" T="1432433" />
  <Point X="118" Y="139" T="1432439" />
  <Point X="120" Y="143" T="1432445" />
  <Point X="121" Y="145" T="1432452" />
  <Point X="124" Y="151" T="1432459" />
  <Point X="127" Y="156" T="1432466" />
  <Point X="128" Y="159" T="1432472" />
  <Point X="130" Y="162" T="1432474" />
  <Point X="132" Y="168" T="1432481" />
  <Point X="134" Y="171" T="1432488" />
  <Point X="136" Y="174" T="1432489" />
  <Point X="139" Y="179" T="1432498" />
  <Point X="142" Y="183" T="1432506" />
  <Point X="146" Y="186" T="1432514" />
  <Point X="149" Y="189" T="1432522" />
  <Point X="152" Y="191" T="1432530" />
  <Point X="155" Y="193" T="1432539" />
  <Point X="156" Y="195" T="1432548" />
  <Point X="158" Y="198" T="1432549" />
  <Point X="160" Y="201" T="1432559" />
  <Point X="162" Y="203" T="1432574" />
  <Point X="163" Y="205" T="1432587" />
  <Point X="164" Y="208" T="1432605" />
  <Point X="166" Y="208" T="1432646" />
  <Point X="166" Y="210" T="1432658" />
  <Point X="164" Y="211" T="1432690" />
  <Point X="162" Y="210" T="1432710" />
  <Point X="159" Y="211" T="1432726" />
  <Point X="156" Y="210" T="1432739" />
  <Point X="154" Y="210" T="1432751" />
  <Point X="148" Y="210" T="1432763" />
  <Point X="142" Y="210" T="1432777" />
  <Point X="135" Y="211" T="1432790" />
  <Point X="133" Y="211" T="1432791" />
  <Point X="125" Y="212" T="1432805" />
  <Point X="123" Y="212" T="1432806" />
  <Point X="113" Y="214" T="1432822" />
  <Point X="106" Y="215" T="1432837" />
  <Point X="97" Y="218" T="1432853" />
  <Point X="89" Y="220" T="1432868" />
  <Point X="83" Y="220" T="1432883" />
  <Point X="81" Y="221" T="1432897" />
  <Point X="79" Y="221" T="1432899" />
  <Point X="76" Y="222" T="1432917" />
  <Point X="74" Y="221" T="1432932" />
  <Point X="76" Y="219" T="1432978" />
  <Point X="78" Y="217" T="1432994" />
  <Point X="80" Y="215" T="1432995" />
  <Point X="86" Y="211" T="1433013" />
  <Point X="88" Y="208" T="1433014" />
  <Point X="94" Y="201" T="1433033" />
  <Point X="104" Y="189" T="1433051" />
  <Point X="113" Y="180" T="1433068" />
  <Point X="124" Y="168" T="1433086" />
  <Point X="134" Y="155" T="1433104" />
  <Point X="145" Y="142" T="1433123" />
  <Point X="150" Y="134" T="1433141" />
  <Point X="153" Y="131" T="1433143" />
  <Point X="158" Y="126" T="1433163" />
  <Point X="159" Y="124" T="1433181" />
</Gesture>