﻿<?xml version="1.0" encoding="utf-8" standalone="yes"?>
<Gesture Name="delete_mark03" Subject="1" Speed="slow" Number="3" NumPts="63" Millseconds="801" AppName="Gestures" AppVer="3.5.0.0" Date="Monday, March 05, 2007" TimeOfDay="5:06:05 PM">
  <Point X="99" Y="132" T="1427527" />
  <Point X="99" Y="134" T="1427546" />
  <Point X="100" Y="137" T="1427554" />
  <Point X="101" Y="139" T="1427562" />
  <Point X="102" Y="142" T="1427568" />
  <Point X="104" Y="147" T="1427575" />
  <Point X="106" Y="150" T="1427582" />
  <Point X="108" Y="152" T="1427589" />
  <Point X="111" Y="157" T="1427596" />
  <Point X="113" Y="162" T="1427603" />
  <Point X="116" Y="166" T="1427610" />
  <Point X="118" Y="169" T="1427618" />
  <Point X="119" Y="172" T="1427619" />
  <Point X="120" Y="174" T="1427627" />
  <Point X="124" Y="182" T="1427635" />
  <Point X="125" Y="185" T="1427643" />
  <Point X="129" Y="192" T="1427651" />
  <Point X="130" Y="194" T="1427659" />
  <Point X="133" Y="200" T="1427668" />
  <Point X="135" Y="203" T="1427677" />
  <Point X="137" Y="206" T="1427686" />
  <Point X="139" Y="208" T="1427695" />
  <Point X="141" Y="210" T="1427705" />
  <Point X="142" Y="213" T="1427714" />
  <Point X="144" Y="214" T="1427732" />
  <Point X="142" Y="214" T="1427815" />
  <Point X="140" Y="215" T="1427831" />
  <Point X="137" Y="215" T="1427847" />
  <Point X="135" Y="215" T="1427859" />
  <Point X="133" Y="215" T="1427871" />
  <Point X="130" Y="214" T="1427882" />
  <Point X="127" Y="214" T="1427884" />
  <Point X="124" Y="214" T="1427896" />
  <Point X="116" Y="214" T="1427909" />
  <Point X="110" Y="214" T="1427922" />
  <Point X="107" Y="214" T="1427924" />
  <Point X="100" Y="213" T="1427938" />
  <Point X="90" Y="214" T="1427952" />
  <Point X="83" Y="216" T="1427967" />
  <Point X="81" Y="216" T="1427968" />
  <Point X="74" Y="218" T="1427983" />
  <Point X="72" Y="218" T="1427984" />
  <Point X="67" Y="219" T="1427999" />
  <Point X="62" Y="220" T="1428014" />
  <Point X="60" Y="221" T="1428029" />
  <Point X="57" Y="220" T="1428044" />
  <Point X="57" Y="218" T="1428079" />
  <Point X="59" Y="217" T="1428094" />
  <Point X="63" Y="213" T="1428111" />
  <Point X="70" Y="207" T="1428127" />
  <Point X="77" Y="200" T="1428144" />
  <Point X="85" Y="193" T="1428161" />
  <Point X="94" Y="184" T="1428178" />
  <Point X="96" Y="182" T="1428180" />
  <Point X="105" Y="174" T="1428198" />
  <Point X="108" Y="172" T="1428200" />
  <Point X="120" Y="160" T="1428222" />
  <Point X="134" Y="146" T="1428243" />
  <Point X="145" Y="134" T="1428265" />
  <Point X="153" Y="128" T="1428286" />
  <Point X="156" Y="125" T="1428288" />
  <Point X="160" Y="122" T="1428308" />
  <Point X="162" Y="121" T="1428328" />
</Gesture>