﻿<?xml version="1.0" encoding="utf-8" standalone="yes"?>
<Gesture Name="delete_mark08" Subject="1" Speed="slow" Number="8" NumPts="62" Millseconds="722" AppName="Gestures" AppVer="3.5.0.0" Date="Monday, March 05, 2007" TimeOfDay="5:06:11 PM">
  <Point X="117" Y="133" T="1433704" />
  <Point X="117" Y="136" T="1433712" />
  <Point X="118" Y="138" T="1433717" />
  <Point X="119" Y="142" T="1433724" />
  <Point X="120" Y="145" T="1433732" />
  <Point X="123" Y="148" T="1433740" />
  <Point X="124" Y="151" T="1433746" />
  <Point X="127" Y="158" T="1433752" />
  <Point X="129" Y="161" T="1433759" />
  <Point X="132" Y="166" T="1433765" />
  <Point X="136" Y="172" T="1433772" />
  <Point X="137" Y="175" T="1433779" />
  <Point X="139" Y="178" T="1433781" />
  <Point X="143" Y="182" T="1433790" />
  <Point X="146" Y="187" T="1433798" />
  <Point X="149" Y="191" T="1433806" />
  <Point X="152" Y="196" T="1433814" />
  <Point X="154" Y="200" T="1433823" />
  <Point X="155" Y="202" T="1433831" />
  <Point X="157" Y="206" T="1433832" />
  <Point X="159" Y="209" T="1433843" />
  <Point X="160" Y="211" T="1433852" />
  <Point X="162" Y="214" T="1433862" />
  <Point X="163" Y="216" T="1433884" />
  <Point X="161" Y="216" T="1433941" />
  <Point X="158" Y="216" T="1433957" />
  <Point X="156" Y="216" T="1433969" />
  <Point X="153" Y="215" T="1433980" />
  <Point X="151" Y="214" T="1433992" />
  <Point X="144" Y="212" T="1434003" />
  <Point X="138" Y="209" T="1434016" />
  <Point X="132" Y="208" T="1434028" />
  <Point X="130" Y="208" T="1434030" />
  <Point X="123" Y="207" T="1434044" />
  <Point X="121" Y="207" T="1434045" />
  <Point X="114" Y="208" T="1434059" />
  <Point X="105" Y="207" T="1434073" />
  <Point X="98" Y="207" T="1434087" />
  <Point X="92" Y="208" T="1434101" />
  <Point X="85" Y="208" T="1434115" />
  <Point X="82" Y="209" T="1434129" />
  <Point X="80" Y="209" T="1434130" />
  <Point X="75" Y="210" T="1434145" />
  <Point X="73" Y="212" T="1434160" />
  <Point X="71" Y="212" T="1434174" />
  <Point X="72" Y="210" T="1434221" />
  <Point X="74" Y="209" T="1434236" />
  <Point X="76" Y="207" T="1434238" />
  <Point X="82" Y="203" T="1434255" />
  <Point X="89" Y="198" T="1434272" />
  <Point X="96" Y="192" T="1434288" />
  <Point X="99" Y="191" T="1434290" />
  <Point X="108" Y="184" T="1434308" />
  <Point X="110" Y="182" T="1434309" />
  <Point X="119" Y="174" T="1434328" />
  <Point X="121" Y="172" T="1434330" />
  <Point X="132" Y="161" T="1434349" />
  <Point X="141" Y="152" T="1434368" />
  <Point X="149" Y="143" T="1434387" />
  <Point X="155" Y="137" T="1434405" />
  <Point X="158" Y="134" T="1434406" />
  <Point X="163" Y="130" T="1434426" />
</Gesture>