﻿<?xml version="1.0" encoding="utf-8" standalone="yes"?>
<Gesture Name="delete_mark05" Subject="1" Speed="slow" Number="5" NumPts="65" Millseconds="903" AppName="Gestures" AppVer="3.5.0.0" Date="Monday, March 05, 2007" TimeOfDay="5:06:07 PM">
  <Point X="106" Y="119" T="1429911" />
  <Point X="107" Y="121" T="1429917" />
  <Point X="107" Y="124" T="1429925" />
  <Point X="109" Y="127" T="1429933" />
  <Point X="111" Y="132" T="1429941" />
  <Point X="113" Y="135" T="1429950" />
  <Point X="116" Y="138" T="1429958" />
  <Point X="118" Y="141" T="1429964" />
  <Point X="121" Y="144" T="1429971" />
  <Point X="122" Y="146" T="1429977" />
  <Point X="124" Y="149" T="1429978" />
  <Point X="126" Y="152" T="1429987" />
  <Point X="128" Y="155" T="1429994" />
  <Point X="129" Y="158" T="1429995" />
  <Point X="131" Y="162" T="1430003" />
  <Point X="134" Y="167" T="1430012" />
  <Point X="135" Y="170" T="1430020" />
  <Point X="139" Y="176" T="1430029" />
  <Point X="141" Y="180" T="1430038" />
  <Point X="145" Y="186" T="1430048" />
  <Point X="147" Y="188" T="1430057" />
  <Point X="149" Y="191" T="1430067" />
  <Point X="152" Y="193" T="1430068" />
  <Point X="153" Y="195" T="1430078" />
  <Point X="158" Y="201" T="1430088" />
  <Point X="159" Y="203" T="1430098" />
  <Point X="161" Y="204" T="1430111" />
  <Point X="162" Y="207" T="1430123" />
  <Point X="160" Y="208" T="1430215" />
  <Point X="158" Y="208" T="1430231" />
  <Point X="156" Y="208" T="1430243" />
  <Point X="153" Y="210" T="1430255" />
  <Point X="151" Y="210" T="1430268" />
  <Point X="146" Y="212" T="1430280" />
  <Point X="142" Y="212" T="1430293" />
  <Point X="135" Y="211" T="1430306" />
  <Point X="133" Y="212" T="1430308" />
  <Point X="126" Y="213" T="1430322" />
  <Point X="117" Y="215" T="1430336" />
  <Point X="110" Y="218" T="1430350" />
  <Point X="108" Y="218" T="1430352" />
  <Point X="100" Y="219" T="1430368" />
  <Point X="93" Y="220" T="1430383" />
  <Point X="90" Y="221" T="1430398" />
  <Point X="85" Y="221" T="1430413" />
  <Point X="83" Y="220" T="1430428" />
  <Point X="81" Y="221" T="1430444" />
  <Point X="79" Y="221" T="1430461" />
  <Point X="81" Y="218" T="1430527" />
  <Point X="83" Y="218" T="1430543" />
  <Point X="86" Y="217" T="1430559" />
  <Point X="89" Y="214" T="1430576" />
  <Point X="95" Y="207" T="1430593" />
  <Point X="101" Y="202" T="1430610" />
  <Point X="108" Y="196" T="1430628" />
  <Point X="117" Y="185" T="1430645" />
  <Point X="127" Y="174" T="1430664" />
  <Point X="133" Y="166" T="1430682" />
  <Point X="145" Y="151" T="1430701" />
  <Point X="154" Y="141" T="1430720" />
  <Point X="160" Y="135" T="1430738" />
  <Point X="165" Y="130" T="1430757" />
  <Point X="169" Y="127" T="1430776" />
  <Point X="171" Y="126" T="1430795" />
  <Point X="172" Y="124" T="1430814" />
</Gesture>