﻿<?xml version="1.0" encoding="utf-8" standalone="yes"?>
<Gesture Name="delete_mark09" Subject="1" Speed="slow" Number="9" NumPts="62" Millseconds="699" AppName="Gestures" AppVer="3.5.0.0" Date="Monday, March 05, 2007" TimeOfDay="5:06:12 PM">
  <Point X="118" Y="125" T="1434856" />
  <Point X="118" Y="127" T="1434864" />
  <Point X="119" Y="130" T="1434872" />
  <Point X="121" Y="132" T="1434880" />
  <Point X="123" Y="136" T="1434888" />
  <Point X="124" Y="138" T="1434894" />
  <Point X="126" Y="140" T="1434900" />
  <Point X="129" Y="144" T="1434907" />
  <Point X="133" Y="149" T="1434913" />
  <Point X="136" Y="154" T="1434921" />
  <Point X="137" Y="157" T="1434928" />
  <Point X="139" Y="159" T="1434929" />
  <Point X="142" Y="163" T="1434938" />
  <Point X="145" Y="169" T="1434946" />
  <Point X="148" Y="175" T="1434953" />
  <Point X="150" Y="181" T="1434961" />
  <Point X="153" Y="186" T="1434970" />
  <Point X="155" Y="191" T="1434978" />
  <Point X="156" Y="193" T="1434986" />
  <Point X="159" Y="197" T="1434995" />
  <Point X="161" Y="200" T="1434996" />
  <Point X="163" Y="203" T="1435007" />
  <Point X="165" Y="206" T="1435017" />
  <Point X="166" Y="208" T="1435027" />
  <Point X="168" Y="210" T="1435036" />
  <Point X="169" Y="212" T="1435060" />
  <Point X="168" Y="210" T="1435084" />
  <Point X="166" Y="209" T="1435100" />
  <Point X="164" Y="207" T="1435111" />
  <Point X="162" Y="206" T="1435121" />
  <Point X="156" Y="205" T="1435133" />
  <Point X="152" Y="204" T="1435144" />
  <Point X="144" Y="204" T="1435156" />
  <Point X="137" Y="204" T="1435168" />
  <Point X="129" Y="206" T="1435181" />
  <Point X="121" Y="207" T="1435194" />
  <Point X="113" Y="208" T="1435206" />
  <Point X="106" Y="210" T="1435219" />
  <Point X="103" Y="211" T="1435220" />
  <Point X="94" Y="213" T="1435236" />
  <Point X="87" Y="216" T="1435250" />
  <Point X="84" Y="217" T="1435263" />
  <Point X="80" Y="218" T="1435264" />
  <Point X="75" Y="219" T="1435280" />
  <Point X="72" Y="219" T="1435294" />
  <Point X="70" Y="220" T="1435310" />
  <Point X="71" Y="217" T="1435342" />
  <Point X="73" Y="215" T="1435358" />
  <Point X="75" Y="213" T="1435373" />
  <Point X="78" Y="211" T="1435374" />
  <Point X="84" Y="205" T="1435392" />
  <Point X="92" Y="197" T="1435408" />
  <Point X="102" Y="189" T="1435425" />
  <Point X="112" Y="180" T="1435441" />
  <Point X="115" Y="177" T="1435442" />
  <Point X="128" Y="164" T="1435462" />
  <Point X="137" Y="153" T="1435480" />
  <Point X="146" Y="142" T="1435497" />
  <Point X="148" Y="140" T="1435499" />
  <Point X="156" Y="131" T="1435519" />
  <Point X="161" Y="127" T="1435537" />
  <Point X="163" Y="125" T="1435555" />
</Gesture>