﻿<?xml version="1.0" encoding="utf-8" standalone="yes"?>
<Gesture Name="delete_mark04" Subject="1" Speed="slow" Number="4" NumPts="65" Millseconds="809" AppName="Gestures" AppVer="3.5.0.0" Date="Monday, March 05, 2007" TimeOfDay="5:06:06 PM">
  <Point X="96" Y="121" T="1428706" />
  <Point X="97" Y="123" T="1428718" />
  <Point X="98" Y="126" T="1428730" />
  <Point X="100" Y="129" T="1428738" />
  <Point X="102" Y="133" T="1428746" />
  <Point X="103" Y="135" T="1428752" />
  <Point X="106" Y="140" T="1428759" />
  <Point X="108" Y="142" T="1428765" />
  <Point X="110" Y="145" T="1428766" />
  <Point X="112" Y="148" T="1428773" />
  <Point X="114" Y="150" T="1428774" />
  <Point X="118" Y="155" T="1428782" />
  <Point X="120" Y="157" T="1428789" />
  <Point X="122" Y="160" T="1428790" />
  <Point X="126" Y="164" T="1428799" />
  <Point X="130" Y="169" T="1428807" />
  <Point X="134" Y="174" T="1428815" />
  <Point X="135" Y="177" T="1428824" />
  <Point X="140" Y="183" T="1428832" />
  <Point X="142" Y="186" T="1428841" />
  <Point X="144" Y="190" T="1428851" />
  <Point X="147" Y="196" T="1428860" />
  <Point X="148" Y="198" T="1428869" />
  <Point X="150" Y="199" T="1428879" />
  <Point X="151" Y="202" T="1428889" />
  <Point X="153" Y="205" T="1428899" />
  <Point X="151" Y="204" T="1428959" />
  <Point X="149" Y="204" T="1428975" />
  <Point X="147" Y="203" T="1428987" />
  <Point X="145" Y="204" T="1428999" />
  <Point X="143" Y="204" T="1429011" />
  <Point X="141" Y="204" T="1429012" />
  <Point X="138" Y="205" T="1429024" />
  <Point X="131" Y="206" T="1429037" />
  <Point X="125" Y="206" T="1429050" />
  <Point X="123" Y="206" T="1429052" />
  <Point X="116" Y="205" T="1429066" />
  <Point X="105" Y="205" T="1429080" />
  <Point X="98" Y="206" T="1429094" />
  <Point X="88" Y="208" T="1429108" />
  <Point X="79" Y="209" T="1429123" />
  <Point X="74" Y="210" T="1429138" />
  <Point X="68" Y="214" T="1429152" />
  <Point X="64" Y="216" T="1429167" />
  <Point X="61" Y="215" T="1429182" />
  <Point X="59" Y="216" T="1429199" />
  <Point X="57" Y="216" T="1429214" />
  <Point X="59" Y="213" T="1429256" />
  <Point X="61" Y="211" T="1429272" />
  <Point X="63" Y="210" T="1429273" />
  <Point X="69" Y="205" T="1429291" />
  <Point X="76" Y="199" T="1429308" />
  <Point X="83" Y="191" T="1429325" />
  <Point X="93" Y="181" T="1429342" />
  <Point X="102" Y="173" T="1429359" />
  <Point X="104" Y="171" T="1429361" />
  <Point X="115" Y="161" T="1429381" />
  <Point X="124" Y="152" T="1429399" />
  <Point X="133" Y="142" T="1429417" />
  <Point X="137" Y="137" T="1429435" />
  <Point X="139" Y="134" T="1429437" />
  <Point X="144" Y="128" T="1429457" />
  <Point X="146" Y="127" T="1429477" />
  <Point X="149" Y="123" T="1429496" />
  <Point X="151" Y="122" T="1429515" />
</Gesture>