﻿<?xml version="1.0" encoding="utf-8" standalone="yes"?>
<Gesture Name="left_curly_brace01" Subject="1" Speed="slow" Number="1" NumPts="68" Millseconds="1018" AppName="Gestures" AppVer="3.5.0.0" Date="Monday, March 05, 2007" TimeOfDay="5:05:17 PM">
  <Point X="145" Y="138" T="1379426" />
  <Point X="144" Y="136" T="1379458" />
  <Point X="142" Y="134" T="1379510" />
  <Point X="140" Y="133" T="1379526" />
  <Point X="138" Y="132" T="1379539" />
  <Point X="136" Y="132" T="1379547" />
  <Point X="134" Y="133" T="1379555" />
  <Point X="132" Y="134" T="1379563" />
  <Point X="129" Y="135" T="1379571" />
  <Point X="127" Y="136" T="1379579" />
  <Point X="124" Y="137" T="1379587" />
  <Point X="122" Y="139" T="1379595" />
  <Point X="119" Y="141" T="1379603" />
  <Point X="117" Y="143" T="1379612" />
  <Point X="114" Y="145" T="1379624" />
  <Point X="112" Y="147" T="1379637" />
  <Point X="110" Y="148" T="1379654" />
  <Point X="108" Y="150" T="1379670" />
  <Point X="109" Y="152" T="1379689" />
  <Point X="111" Y="153" T="1379708" />
  <Point X="113" Y="153" T="1379723" />
  <Point X="115" Y="155" T="1379735" />
  <Point X="117" Y="155" T="1379745" />
  <Point X="119" Y="155" T="1379756" />
  <Point X="121" Y="156" T="1379766" />
  <Point X="123" Y="156" T="1379768" />
  <Point X="125" Y="157" T="1379781" />
  <Point X="130" Y="159" T="1379792" />
  <Point X="132" Y="159" T="1379804" />
  <Point X="135" Y="165" T="1379816" />
  <Point X="137" Y="166" T="1379827" />
  <Point X="139" Y="169" T="1379843" />
  <Point X="140" Y="171" T="1379860" />
  <Point X="140" Y="173" T="1379873" />
  <Point X="139" Y="175" T="1379885" />
  <Point X="137" Y="177" T="1379898" />
  <Point X="135" Y="177" T="1379911" />
  <Point X="132" Y="177" T="1379913" />
  <Point X="130" Y="178" T="1379927" />
  <Point X="124" Y="180" T="1379941" />
  <Point X="120" Y="182" T="1379955" />
  <Point X="117" Y="183" T="1379970" />
  <Point X="115" Y="184" T="1379984" />
  <Point X="113" Y="186" T="1379999" />
  <Point X="115" Y="186" T="1380057" />
  <Point X="117" Y="184" T="1380072" />
  <Point X="120" Y="184" T="1380087" />
  <Point X="122" Y="184" T="1380103" />
  <Point X="127" Y="184" T="1380118" />
  <Point X="130" Y="184" T="1380134" />
  <Point X="132" Y="184" T="1380150" />
  <Point X="134" Y="185" T="1380167" />
  <Point X="135" Y="187" T="1380183" />
  <Point X="135" Y="190" T="1380200" />
  <Point X="135" Y="195" T="1380217" />
  <Point X="133" Y="200" T="1380234" />
  <Point X="132" Y="204" T="1380252" />
  <Point X="128" Y="215" T="1380270" />
  <Point X="126" Y="220" T="1380288" />
  <Point X="125" Y="226" T="1380306" />
  <Point X="125" Y="231" T="1380325" />
  <Point X="125" Y="233" T="1380326" />
  <Point X="125" Y="238" T="1380345" />
  <Point X="127" Y="240" T="1380364" />
  <Point X="131" Y="243" T="1380383" />
  <Point X="141" Y="244" T="1380402" />
  <Point X="151" Y="242" T="1380423" />
  <Point X="158" Y="239" T="1380444" />
</Gesture>