﻿<?xml version="1.0" encoding="utf-8" standalone="yes"?>
<Gesture Name="left_sq_bracket05" Subject="1" Speed="slow" Number="5" NumPts="65" Millseconds="1091" AppName="Gestures" AppVer="3.5.0.0" Date="Monday, March 05, 2007" TimeOfDay="4:58:07 PM">
  <Point X="130" Y="123" T="948665" />
  <Point X="128" Y="122" T="948702" />
  <Point X="126" Y="122" T="948731" />
  <Point X="124" Y="122" T="948747" />
  <Point X="121" Y="122" T="948758" />
  <Point X="118" Y="123" T="948770" />
  <Point X="116" Y="123" T="948779" />
  <Point X="114" Y="124" T="948787" />
  <Point X="112" Y="124" T="948795" />
  <Point X="109" Y="125" T="948803" />
  <Point X="107" Y="126" T="948811" />
  <Point X="105" Y="126" T="948819" />
  <Point X="103" Y="127" T="948827" />
  <Point X="101" Y="127" T="948836" />
  <Point X="99" Y="127" T="948843" />
  <Point X="96" Y="128" T="948854" />
  <Point X="94" Y="129" T="948867" />
  <Point X="92" Y="130" T="948880" />
  <Point X="90" Y="130" T="948892" />
  <Point X="88" Y="131" T="948908" />
  <Point X="86" Y="132" T="948929" />
  <Point X="84" Y="133" T="948961" />
  <Point X="82" Y="135" T="948981" />
  <Point X="82" Y="137" T="948993" />
  <Point X="82" Y="139" T="949005" />
  <Point X="81" Y="143" T="949017" />
  <Point X="81" Y="145" T="949028" />
  <Point X="82" Y="150" T="949040" />
  <Point X="82" Y="152" T="949042" />
  <Point X="82" Y="154" T="949055" />
  <Point X="82" Y="161" T="949068" />
  <Point X="82" Y="165" T="949080" />
  <Point X="82" Y="168" T="949082" />
  <Point X="83" Y="173" T="949096" />
  <Point X="83" Y="180" T="949109" />
  <Point X="84" Y="185" T="949124" />
  <Point X="84" Y="192" T="949138" />
  <Point X="84" Y="199" T="949153" />
  <Point X="83" Y="207" T="949167" />
  <Point X="84" Y="214" T="949182" />
  <Point X="84" Y="220" T="949197" />
  <Point X="85" Y="226" T="949212" />
  <Point X="86" Y="232" T="949228" />
  <Point X="86" Y="234" T="949230" />
  <Point X="86" Y="239" T="949246" />
  <Point X="86" Y="241" T="949261" />
  <Point X="86" Y="246" T="949277" />
  <Point X="86" Y="248" T="949297" />
  <Point X="86" Y="250" T="949382" />
  <Point X="89" Y="249" T="949486" />
  <Point X="91" Y="250" T="949506" />
  <Point X="93" Y="250" T="949522" />
  <Point X="95" Y="250" T="949539" />
  <Point X="100" Y="250" T="949558" />
  <Point X="102" Y="251" T="949559" />
  <Point X="106" Y="252" T="949578" />
  <Point X="113" Y="251" T="949599" />
  <Point X="118" Y="251" T="949618" />
  <Point X="123" Y="251" T="949637" />
  <Point X="131" Y="251" T="949657" />
  <Point X="135" Y="252" T="949676" />
  <Point X="139" Y="252" T="949696" />
  <Point X="144" Y="252" T="949718" />
  <Point X="146" Y="252" T="949737" />
  <Point X="148" Y="252" T="949756" />
</Gesture>