﻿<?xml version="1.0" encoding="utf-8" standalone="yes"?>
<Gesture Name="left_curly_brace03" Subject="1" Speed="slow" Number="3" NumPts="74" Millseconds="1165" AppName="Gestures" AppVer="3.5.0.0" Date="Monday, March 05, 2007" TimeOfDay="5:05:20 PM">
  <Point X="154" Y="127" T="1382569" />
  <Point X="152" Y="127" T="1382589" />
  <Point X="150" Y="127" T="1382605" />
  <Point X="148" Y="127" T="1382618" />
  <Point X="145" Y="126" T="1382630" />
  <Point X="143" Y="127" T="1382638" />
  <Point X="141" Y="128" T="1382646" />
  <Point X="139" Y="129" T="1382654" />
  <Point X="137" Y="130" T="1382662" />
  <Point X="134" Y="132" T="1382670" />
  <Point X="131" Y="134" T="1382678" />
  <Point X="129" Y="135" T="1382686" />
  <Point X="126" Y="138" T="1382694" />
  <Point X="123" Y="140" T="1382703" />
  <Point X="121" Y="141" T="1382710" />
  <Point X="118" Y="143" T="1382722" />
  <Point X="116" Y="145" T="1382739" />
  <Point X="114" Y="148" T="1382766" />
  <Point X="115" Y="150" T="1382787" />
  <Point X="117" Y="152" T="1382799" />
  <Point X="119" Y="155" T="1382815" />
  <Point X="121" Y="156" T="1382827" />
  <Point X="124" Y="158" T="1382840" />
  <Point X="126" Y="159" T="1382852" />
  <Point X="128" Y="160" T="1382863" />
  <Point X="131" Y="162" T="1382876" />
  <Point X="133" Y="164" T="1382888" />
  <Point X="135" Y="166" T="1382900" />
  <Point X="137" Y="169" T="1382916" />
  <Point X="137" Y="172" T="1382928" />
  <Point X="137" Y="174" T="1382948" />
  <Point X="136" Y="176" T="1382964" />
  <Point X="135" Y="178" T="1382979" />
  <Point X="132" Y="179" T="1382995" />
  <Point X="130" Y="179" T="1383008" />
  <Point X="128" Y="179" T="1383021" />
  <Point X="123" Y="179" T="1383035" />
  <Point X="119" Y="179" T="1383050" />
  <Point X="116" Y="181" T="1383064" />
  <Point X="114" Y="181" T="1383078" />
  <Point X="112" Y="180" T="1383093" />
  <Point X="114" Y="180" T="1383168" />
  <Point X="117" Y="179" T="1383183" />
  <Point X="119" Y="178" T="1383198" />
  <Point X="121" Y="177" T="1383213" />
  <Point X="127" Y="176" T="1383230" />
  <Point X="129" Y="175" T="1383245" />
  <Point X="131" Y="176" T="1383262" />
  <Point X="136" Y="176" T="1383278" />
  <Point X="138" Y="177" T="1383295" />
  <Point X="140" Y="178" T="1383312" />
  <Point X="140" Y="180" T="1383344" />
  <Point X="140" Y="182" T="1383361" />
  <Point X="139" Y="184" T="1383378" />
  <Point X="137" Y="185" T="1383397" />
  <Point X="136" Y="188" T="1383415" />
  <Point X="133" Y="192" T="1383434" />
  <Point X="131" Y="195" T="1383452" />
  <Point X="130" Y="198" T="1383454" />
  <Point X="127" Y="202" T="1383474" />
  <Point X="126" Y="205" T="1383493" />
  <Point X="123" Y="209" T="1383512" />
  <Point X="122" Y="212" T="1383532" />
  <Point X="121" Y="216" T="1383552" />
  <Point X="120" Y="219" T="1383554" />
  <Point X="120" Y="221" T="1383576" />
  <Point X="122" Y="226" T="1383596" />
  <Point X="126" Y="231" T="1383619" />
  <Point X="130" Y="233" T="1383640" />
  <Point X="132" Y="234" T="1383642" />
  <Point X="137" Y="234" T="1383664" />
  <Point X="144" Y="235" T="1383688" />
  <Point X="148" Y="235" T="1383711" />
  <Point X="153" Y="234" T="1383734" />
</Gesture>