﻿<?xml version="1.0" encoding="utf-8" standalone="yes"?>
<Gesture Name="left_sq_bracket02" Subject="1" Speed="slow" Number="2" NumPts="68" Millseconds="1278" AppName="Gestures" AppVer="3.5.0.0" Date="Monday, March 05, 2007" TimeOfDay="4:58:01 PM">
  <Point X="131" Y="135" T="942192" />
  <Point X="129" Y="135" T="942236" />
  <Point X="127" Y="134" T="942257" />
  <Point X="124" Y="134" T="942269" />
  <Point X="122" Y="133" T="942281" />
  <Point X="120" Y="133" T="942290" />
  <Point X="118" Y="133" T="942298" />
  <Point X="116" Y="132" T="942306" />
  <Point X="114" Y="132" T="942314" />
  <Point X="111" Y="132" T="942322" />
  <Point X="109" Y="133" T="942330" />
  <Point X="107" Y="131" T="942338" />
  <Point X="105" Y="131" T="942347" />
  <Point X="102" Y="132" T="942358" />
  <Point X="100" Y="133" T="942371" />
  <Point X="97" Y="132" T="942383" />
  <Point X="96" Y="134" T="942396" />
  <Point X="94" Y="135" T="942411" />
  <Point X="92" Y="137" T="942432" />
  <Point X="91" Y="139" T="942444" />
  <Point X="89" Y="142" T="942468" />
  <Point X="89" Y="144" T="942480" />
  <Point X="89" Y="147" T="942489" />
  <Point X="88" Y="151" T="942501" />
  <Point X="88" Y="153" T="942512" />
  <Point X="88" Y="156" T="942522" />
  <Point X="88" Y="160" T="942533" />
  <Point X="88" Y="165" T="942544" />
  <Point X="88" Y="167" T="942545" />
  <Point X="88" Y="170" T="942557" />
  <Point X="89" Y="177" T="942568" />
  <Point X="89" Y="179" T="942579" />
  <Point X="89" Y="182" T="942581" />
  <Point X="89" Y="186" T="942593" />
  <Point X="89" Y="192" T="942606" />
  <Point X="89" Y="196" T="942618" />
  <Point X="91" Y="201" T="942631" />
  <Point X="91" Y="206" T="942644" />
  <Point X="92" Y="212" T="942657" />
  <Point X="92" Y="216" T="942670" />
  <Point X="93" Y="221" T="942683" />
  <Point X="94" Y="226" T="942697" />
  <Point X="94" Y="230" T="942711" />
  <Point X="95" Y="234" T="942726" />
  <Point X="95" Y="237" T="942740" />
  <Point X="96" Y="239" T="942754" />
  <Point X="96" Y="241" T="942769" />
  <Point X="96" Y="243" T="942788" />
  <Point X="96" Y="245" T="942813" />
  <Point X="95" Y="247" T="942849" />
  <Point X="95" Y="249" T="942906" />
  <Point X="97" Y="248" T="942982" />
  <Point X="100" Y="249" T="943006" />
  <Point X="102" Y="250" T="943023" />
  <Point X="105" Y="250" T="943039" />
  <Point X="109" Y="249" T="943056" />
  <Point X="113" Y="249" T="943072" />
  <Point X="117" Y="248" T="943089" />
  <Point X="122" Y="248" T="943106" />
  <Point X="126" Y="247" T="943124" />
  <Point X="130" Y="247" T="943142" />
  <Point X="136" Y="248" T="943160" />
  <Point X="141" Y="247" T="943178" />
  <Point X="144" Y="246" T="943196" />
  <Point X="148" Y="246" T="943215" />
  <Point X="150" Y="246" T="943236" />
  <Point X="152" Y="247" T="943263" />
  <Point X="154" Y="247" T="943470" />
</Gesture>