﻿<?xml version="1.0" encoding="utf-8" standalone="yes"?>
<Gesture Name="left_sq_bracket08" Subject="1" Speed="slow" Number="8" NumPts="74" Millseconds="1104" AppName="Gestures" AppVer="3.5.0.0" Date="Monday, March 05, 2007" TimeOfDay="4:58:13 PM">
  <Point X="138" Y="124" T="954333" />
  <Point X="136" Y="125" T="954345" />
  <Point X="134" Y="124" T="954357" />
  <Point X="131" Y="125" T="954370" />
  <Point X="129" Y="125" T="954381" />
  <Point X="127" Y="126" T="954389" />
  <Point X="125" Y="127" T="954397" />
  <Point X="122" Y="128" T="954405" />
  <Point X="119" Y="128" T="954413" />
  <Point X="116" Y="130" T="954421" />
  <Point X="112" Y="131" T="954429" />
  <Point X="109" Y="131" T="954437" />
  <Point X="105" Y="131" T="954445" />
  <Point X="102" Y="132" T="954454" />
  <Point X="100" Y="132" T="954461" />
  <Point X="97" Y="133" T="954469" />
  <Point X="95" Y="133" T="954478" />
  <Point X="93" Y="133" T="954486" />
  <Point X="91" Y="132" T="954495" />
  <Point X="88" Y="133" T="954505" />
  <Point X="86" Y="133" T="954515" />
  <Point X="84" Y="132" T="954525" />
  <Point X="81" Y="133" T="954538" />
  <Point X="79" Y="133" T="954549" />
  <Point X="77" Y="134" T="954560" />
  <Point X="75" Y="134" T="954575" />
  <Point X="73" Y="135" T="954591" />
  <Point X="71" Y="138" T="954607" />
  <Point X="71" Y="140" T="954619" />
  <Point X="71" Y="142" T="954631" />
  <Point X="71" Y="144" T="954642" />
  <Point X="72" Y="147" T="954654" />
  <Point X="73" Y="150" T="954667" />
  <Point X="73" Y="153" T="954679" />
  <Point X="74" Y="158" T="954692" />
  <Point X="74" Y="161" T="954705" />
  <Point X="74" Y="166" T="954718" />
  <Point X="74" Y="169" T="954719" />
  <Point X="74" Y="172" T="954734" />
  <Point X="74" Y="180" T="954748" />
  <Point X="75" Y="186" T="954762" />
  <Point X="76" Y="193" T="954776" />
  <Point X="76" Y="197" T="954791" />
  <Point X="77" Y="200" T="954792" />
  <Point X="78" Y="206" T="954809" />
  <Point X="78" Y="211" T="954824" />
  <Point X="79" Y="217" T="954840" />
  <Point X="79" Y="222" T="954855" />
  <Point X="80" Y="228" T="954873" />
  <Point X="80" Y="234" T="954889" />
  <Point X="81" Y="240" T="954905" />
  <Point X="81" Y="245" T="954922" />
  <Point X="81" Y="248" T="954938" />
  <Point X="81" Y="252" T="954955" />
  <Point X="81" Y="254" T="954972" />
  <Point X="82" Y="257" T="954999" />
  <Point X="84" Y="257" T="955095" />
  <Point X="86" Y="257" T="955116" />
  <Point X="88" Y="257" T="955133" />
  <Point X="93" Y="256" T="955152" />
  <Point X="97" Y="257" T="955170" />
  <Point X="106" Y="255" T="955188" />
  <Point X="111" Y="254" T="955207" />
  <Point X="117" Y="254" T="955226" />
  <Point X="126" Y="254" T="955245" />
  <Point X="132" Y="252" T="955264" />
  <Point X="138" Y="252" T="955284" />
  <Point X="141" Y="251" T="955285" />
  <Point X="146" Y="250" T="955307" />
  <Point X="150" Y="248" T="955327" />
  <Point X="155" Y="249" T="955347" />
  <Point X="157" Y="250" T="955368" />
  <Point X="157" Y="252" T="955408" />
  <Point X="154" Y="251" T="955437" />
</Gesture>