﻿<?xml version="1.0" encoding="utf-8" standalone="yes"?>
<Gesture Name="left_sq_bracket03" Subject="1" Speed="slow" Number="3" NumPts="73" Millseconds="1184" AppName="Gestures" AppVer="3.5.0.0" Date="Monday, March 05, 2007" TimeOfDay="4:58:03 PM">
  <Point X="132" Y="133" T="944373" />
  <Point X="130" Y="133" T="944404" />
  <Point X="128" Y="134" T="944424" />
  <Point X="125" Y="133" T="944435" />
  <Point X="123" Y="133" T="944448" />
  <Point X="121" Y="133" T="944456" />
  <Point X="118" Y="134" T="944464" />
  <Point X="116" Y="133" T="944472" />
  <Point X="113" Y="134" T="944480" />
  <Point X="111" Y="136" T="944488" />
  <Point X="108" Y="136" T="944496" />
  <Point X="105" Y="136" T="944504" />
  <Point X="103" Y="136" T="944512" />
  <Point X="101" Y="136" T="944521" />
  <Point X="99" Y="136" T="944528" />
  <Point X="97" Y="136" T="944536" />
  <Point X="94" Y="137" T="944547" />
  <Point X="92" Y="138" T="944560" />
  <Point X="89" Y="138" T="944572" />
  <Point X="87" Y="139" T="944588" />
  <Point X="85" Y="140" T="944606" />
  <Point X="83" Y="140" T="944625" />
  <Point X="81" Y="142" T="944658" />
  <Point X="81" Y="144" T="944674" />
  <Point X="81" Y="147" T="944686" />
  <Point X="82" Y="149" T="944698" />
  <Point X="82" Y="151" T="944709" />
  <Point X="82" Y="153" T="944719" />
  <Point X="82" Y="157" T="944730" />
  <Point X="82" Y="160" T="944741" />
  <Point X="82" Y="162" T="944753" />
  <Point X="82" Y="165" T="944764" />
  <Point X="82" Y="171" T="944776" />
  <Point X="82" Y="174" T="944788" />
  <Point X="82" Y="182" T="944802" />
  <Point X="82" Y="184" T="944815" />
  <Point X="83" Y="190" T="944828" />
  <Point X="83" Y="192" T="944841" />
  <Point X="83" Y="195" T="944843" />
  <Point X="84" Y="200" T="944860" />
  <Point X="85" Y="206" T="944874" />
  <Point X="86" Y="210" T="944888" />
  <Point X="87" Y="217" T="944908" />
  <Point X="88" Y="223" T="944922" />
  <Point X="88" Y="225" T="944937" />
  <Point X="89" Y="230" T="944952" />
  <Point X="89" Y="233" T="944967" />
  <Point X="89" Y="238" T="944983" />
  <Point X="89" Y="241" T="944998" />
  <Point X="90" Y="246" T="945018" />
  <Point X="91" Y="248" T="945033" />
  <Point X="90" Y="250" T="945060" />
  <Point X="90" Y="252" T="945093" />
  <Point X="91" Y="254" T="945119" />
  <Point X="91" Y="256" T="945136" />
  <Point X="92" Y="258" T="945172" />
  <Point X="93" Y="260" T="945212" />
  <Point X="95" Y="259" T="945241" />
  <Point X="97" Y="259" T="945264" />
  <Point X="99" Y="258" T="945281" />
  <Point X="102" Y="258" T="945299" />
  <Point X="106" Y="258" T="945317" />
  <Point X="111" Y="258" T="945336" />
  <Point X="115" Y="258" T="945355" />
  <Point X="117" Y="256" T="945357" />
  <Point X="125" Y="254" T="945382" />
  <Point X="130" Y="254" T="945401" />
  <Point X="138" Y="253" T="945421" />
  <Point X="142" Y="252" T="945441" />
  <Point X="148" Y="251" T="945462" />
  <Point X="151" Y="251" T="945482" />
  <Point X="153" Y="251" T="945503" />
  <Point X="153" Y="249" T="945557" />
</Gesture>