﻿<?xml version="1.0" encoding="utf-8" standalone="yes"?>
<Gesture Name="left_sq_bracket09" Subject="1" Speed="slow" Number="9" NumPts="68" Millseconds="1050" AppName="Gestures" AppVer="3.5.0.0" Date="Monday, March 05, 2007" TimeOfDay="4:58:14 PM">
  <Point X="130" Y="131" T="956073" />
  <Point X="128" Y="131" T="956093" />
  <Point X="126" Y="131" T="956106" />
  <Point X="124" Y="130" T="956121" />
  <Point X="121" Y="131" T="956138" />
  <Point X="119" Y="132" T="956150" />
  <Point X="117" Y="132" T="956158" />
  <Point X="115" Y="132" T="956166" />
  <Point X="112" Y="132" T="956174" />
  <Point X="110" Y="132" T="956182" />
  <Point X="108" Y="132" T="956190" />
  <Point X="106" Y="133" T="956199" />
  <Point X="104" Y="133" T="956206" />
  <Point X="101" Y="132" T="956218" />
  <Point X="99" Y="132" T="956231" />
  <Point X="96" Y="131" T="956244" />
  <Point X="94" Y="132" T="956257" />
  <Point X="92" Y="133" T="956273" />
  <Point X="90" Y="133" T="956290" />
  <Point X="88" Y="133" T="956314" />
  <Point X="87" Y="135" T="956330" />
  <Point X="87" Y="137" T="956342" />
  <Point X="86" Y="140" T="956359" />
  <Point X="86" Y="142" T="956375" />
  <Point X="87" Y="146" T="956386" />
  <Point X="87" Y="148" T="956397" />
  <Point X="87" Y="150" T="956408" />
  <Point X="88" Y="156" T="956419" />
  <Point X="89" Y="159" T="956430" />
  <Point X="89" Y="162" T="956442" />
  <Point X="89" Y="165" T="956443" />
  <Point X="90" Y="172" T="956456" />
  <Point X="90" Y="177" T="956469" />
  <Point X="92" Y="183" T="956481" />
  <Point X="93" Y="191" T="956495" />
  <Point X="93" Y="194" T="956508" />
  <Point X="94" Y="199" T="956521" />
  <Point X="94" Y="206" T="956535" />
  <Point X="95" Y="212" T="956549" />
  <Point X="96" Y="217" T="956563" />
  <Point X="97" Y="222" T="956577" />
  <Point X="98" Y="228" T="956591" />
  <Point X="98" Y="232" T="956605" />
  <Point X="98" Y="234" T="956620" />
  <Point X="99" Y="239" T="956634" />
  <Point X="99" Y="241" T="956650" />
  <Point X="99" Y="243" T="956665" />
  <Point X="99" Y="245" T="956680" />
  <Point X="99" Y="247" T="956696" />
  <Point X="99" Y="250" T="956711" />
  <Point X="98" Y="254" T="956727" />
  <Point X="98" Y="256" T="956751" />
  <Point X="98" Y="258" T="956780" />
  <Point X="100" Y="258" T="956863" />
  <Point X="102" Y="260" T="956884" />
  <Point X="104" Y="260" T="956900" />
  <Point X="106" Y="260" T="956917" />
  <Point X="109" Y="261" T="956935" />
  <Point X="114" Y="260" T="956953" />
  <Point X="118" Y="261" T="956971" />
  <Point X="125" Y="259" T="956989" />
  <Point X="130" Y="257" T="957008" />
  <Point X="134" Y="256" T="957027" />
  <Point X="139" Y="256" T="957046" />
  <Point X="143" Y="256" T="957065" />
  <Point X="148" Y="253" T="957084" />
  <Point X="150" Y="254" T="957103" />
  <Point X="151" Y="252" T="957123" />
</Gesture>