﻿<?xml version="1.0" encoding="utf-8" standalone="yes"?>
<Gesture Name="left_curly_brace02" Subject="1" Speed="slow" Number="2" NumPts="76" Millseconds="1062" AppName="Gestures" AppVer="3.5.0.0" Date="Monday, March 05, 2007" TimeOfDay="5:05:19 PM">
  <Point X="152" Y="144" T="1380988" />
  <Point X="150" Y="144" T="1381012" />
  <Point X="148" Y="144" T="1381025" />
  <Point X="145" Y="142" T="1381037" />
  <Point X="143" Y="142" T="1381045" />
  <Point X="141" Y="143" T="1381053" />
  <Point X="139" Y="143" T="1381061" />
  <Point X="136" Y="144" T="1381069" />
  <Point X="134" Y="145" T="1381077" />
  <Point X="131" Y="146" T="1381085" />
  <Point X="128" Y="148" T="1381093" />
  <Point X="126" Y="150" T="1381101" />
  <Point X="124" Y="152" T="1381109" />
  <Point X="122" Y="154" T="1381121" />
  <Point X="120" Y="156" T="1381134" />
  <Point X="118" Y="158" T="1381147" />
  <Point X="118" Y="160" T="1381156" />
  <Point X="117" Y="162" T="1381167" />
  <Point X="117" Y="164" T="1381176" />
  <Point X="118" Y="167" T="1381187" />
  <Point X="118" Y="169" T="1381199" />
  <Point X="120" Y="172" T="1381212" />
  <Point X="121" Y="174" T="1381222" />
  <Point X="123" Y="175" T="1381232" />
  <Point X="126" Y="177" T="1381245" />
  <Point X="129" Y="179" T="1381257" />
  <Point X="131" Y="181" T="1381269" />
  <Point X="133" Y="184" T="1381281" />
  <Point X="134" Y="187" T="1381293" />
  <Point X="135" Y="191" T="1381305" />
  <Point X="137" Y="194" T="1381321" />
  <Point X="137" Y="197" T="1381333" />
  <Point X="137" Y="201" T="1381347" />
  <Point X="136" Y="203" T="1381360" />
  <Point X="134" Y="205" T="1381373" />
  <Point X="133" Y="207" T="1381387" />
  <Point X="130" Y="208" T="1381401" />
  <Point X="128" Y="208" T="1381402" />
  <Point X="125" Y="208" T="1381417" />
  <Point X="123" Y="207" T="1381418" />
  <Point X="118" Y="204" T="1381433" />
  <Point X="115" Y="203" T="1381448" />
  <Point X="113" Y="203" T="1381464" />
  <Point X="111" Y="202" T="1381466" />
  <Point X="109" Y="203" T="1381489" />
  <Point X="111" Y="203" T="1381537" />
  <Point X="113" Y="202" T="1381552" />
  <Point X="116" Y="202" T="1381568" />
  <Point X="120" Y="201" T="1381584" />
  <Point X="122" Y="201" T="1381586" />
  <Point X="125" Y="202" T="1381604" />
  <Point X="128" Y="202" T="1381621" />
  <Point X="130" Y="203" T="1381622" />
  <Point X="132" Y="203" T="1381641" />
  <Point X="135" Y="204" T="1381659" />
  <Point X="137" Y="205" T="1381677" />
  <Point X="138" Y="207" T="1381695" />
  <Point X="138" Y="209" T="1381712" />
  <Point X="136" Y="213" T="1381731" />
  <Point X="134" Y="216" T="1381750" />
  <Point X="133" Y="218" T="1381769" />
  <Point X="131" Y="220" T="1381770" />
  <Point X="129" Y="223" T="1381792" />
  <Point X="125" Y="227" T="1381811" />
  <Point X="125" Y="229" T="1381831" />
  <Point X="123" Y="234" T="1381852" />
  <Point X="122" Y="239" T="1381872" />
  <Point X="122" Y="241" T="1381893" />
  <Point X="124" Y="246" T="1381914" />
  <Point X="126" Y="248" T="1381934" />
  <Point X="132" Y="250" T="1381956" />
  <Point X="139" Y="253" T="1381978" />
  <Point X="143" Y="252" T="1381999" />
  <Point X="151" Y="250" T="1382022" />
  <Point X="155" Y="249" T="1382049" />
  <Point X="158" Y="248" T="1382050" />
</Gesture>