﻿<?xml version="1.0" encoding="utf-8" standalone="yes"?>
<Gesture Name="left_curly_brace09" Subject="1" Speed="slow" Number="9" NumPts="65" Millseconds="942" AppName="Gestures" AppVer="3.5.0.0" Date="Monday, March 05, 2007" TimeOfDay="5:05:30 PM">
  <Point X="155" Y="116" T="1392031" />
  <Point X="153" Y="115" T="1392046" />
  <Point X="150" Y="116" T="1392058" />
  <Point X="147" Y="115" T="1392070" />
  <Point X="145" Y="115" T="1392079" />
  <Point X="142" Y="117" T="1392088" />
  <Point X="140" Y="118" T="1392096" />
  <Point X="137" Y="119" T="1392104" />
  <Point X="134" Y="121" T="1392112" />
  <Point X="131" Y="123" T="1392120" />
  <Point X="129" Y="125" T="1392128" />
  <Point X="126" Y="127" T="1392136" />
  <Point X="124" Y="129" T="1392144" />
  <Point X="123" Y="132" T="1392153" />
  <Point X="121" Y="134" T="1392167" />
  <Point X="121" Y="136" T="1392197" />
  <Point X="124" Y="138" T="1392213" />
  <Point X="126" Y="140" T="1392225" />
  <Point X="128" Y="141" T="1392234" />
  <Point X="131" Y="142" T="1392243" />
  <Point X="133" Y="144" T="1392253" />
  <Point X="136" Y="145" T="1392264" />
  <Point X="141" Y="147" T="1392275" />
  <Point X="143" Y="150" T="1392285" />
  <Point X="145" Y="151" T="1392296" />
  <Point X="147" Y="152" T="1392308" />
  <Point X="149" Y="154" T="1392320" />
  <Point X="150" Y="157" T="1392333" />
  <Point X="149" Y="160" T="1392345" />
  <Point X="148" Y="162" T="1392357" />
  <Point X="146" Y="164" T="1392369" />
  <Point X="144" Y="165" T="1392382" />
  <Point X="142" Y="168" T="1392394" />
  <Point X="139" Y="169" T="1392407" />
  <Point X="137" Y="170" T="1392420" />
  <Point X="134" Y="171" T="1392434" />
  <Point X="132" Y="172" T="1392448" />
  <Point X="129" Y="173" T="1392462" />
  <Point X="127" Y="173" T="1392476" />
  <Point X="125" Y="171" T="1392494" />
  <Point X="127" Y="170" T="1392567" />
  <Point X="129" Y="170" T="1392581" />
  <Point X="131" Y="169" T="1392596" />
  <Point X="134" Y="169" T="1392611" />
  <Point X="136" Y="169" T="1392626" />
  <Point X="138" Y="169" T="1392642" />
  <Point X="140" Y="170" T="1392659" />
  <Point X="142" Y="172" T="1392675" />
  <Point X="143" Y="174" T="1392691" />
  <Point X="144" Y="177" T="1392707" />
  <Point X="145" Y="179" T="1392724" />
  <Point X="145" Y="182" T="1392740" />
  <Point X="144" Y="186" T="1392758" />
  <Point X="142" Y="192" T="1392776" />
  <Point X="140" Y="197" T="1392795" />
  <Point X="139" Y="200" T="1392796" />
  <Point X="138" Y="208" T="1392816" />
  <Point X="137" Y="213" T="1392834" />
  <Point X="137" Y="215" T="1392853" />
  <Point X="138" Y="220" T="1392872" />
  <Point X="141" Y="225" T="1392892" />
  <Point X="149" Y="230" T="1392912" />
  <Point X="154" Y="230" T="1392932" />
  <Point X="161" Y="231" T="1392953" />
  <Point X="165" Y="229" T="1392973" />
</Gesture>