﻿<?xml version="1.0" encoding="utf-8" standalone="yes"?>
<Gesture Name="left_sq_bracket07" Subject="1" Speed="slow" Number="7" NumPts="72" Millseconds="1125" AppName="Gestures" AppVer="3.5.0.0" Date="Monday, March 05, 2007" TimeOfDay="4:58:11 PM">
  <Point X="135" Y="130" T="952494" />
  <Point X="133" Y="130" T="952522" />
  <Point X="131" Y="129" T="952534" />
  <Point X="129" Y="128" T="952546" />
  <Point X="127" Y="127" T="952555" />
  <Point X="124" Y="128" T="952562" />
  <Point X="122" Y="128" T="952569" />
  <Point X="119" Y="129" T="952577" />
  <Point X="116" Y="129" T="952585" />
  <Point X="113" Y="130" T="952593" />
  <Point X="109" Y="130" T="952601" />
  <Point X="105" Y="131" T="952610" />
  <Point X="103" Y="132" T="952618" />
  <Point X="100" Y="132" T="952627" />
  <Point X="96" Y="132" T="952636" />
  <Point X="93" Y="132" T="952645" />
  <Point X="89" Y="133" T="952646" />
  <Point X="87" Y="133" T="952657" />
  <Point X="84" Y="133" T="952667" />
  <Point X="81" Y="133" T="952677" />
  <Point X="78" Y="133" T="952687" />
  <Point X="76" Y="133" T="952698" />
  <Point X="74" Y="135" T="952716" />
  <Point X="73" Y="137" T="952752" />
  <Point X="73" Y="139" T="952776" />
  <Point X="74" Y="141" T="952792" />
  <Point X="75" Y="144" T="952804" />
  <Point X="75" Y="146" T="952815" />
  <Point X="75" Y="149" T="952827" />
  <Point X="76" Y="152" T="952839" />
  <Point X="76" Y="154" T="952841" />
  <Point X="77" Y="157" T="952854" />
  <Point X="78" Y="163" T="952867" />
  <Point X="79" Y="169" T="952881" />
  <Point X="79" Y="172" T="952894" />
  <Point X="79" Y="179" T="952908" />
  <Point X="80" Y="185" T="952921" />
  <Point X="80" Y="190" T="952936" />
  <Point X="80" Y="192" T="952937" />
  <Point X="81" Y="197" T="952951" />
  <Point X="81" Y="202" T="952967" />
  <Point X="81" Y="208" T="952982" />
  <Point X="82" Y="210" T="952997" />
  <Point X="82" Y="215" T="953015" />
  <Point X="82" Y="221" T="953030" />
  <Point X="82" Y="225" T="953046" />
  <Point X="82" Y="230" T="953062" />
  <Point X="82" Y="232" T="953078" />
  <Point X="82" Y="235" T="953094" />
  <Point X="82" Y="237" T="953111" />
  <Point X="82" Y="240" T="953136" />
  <Point X="82" Y="243" T="953152" />
  <Point X="82" Y="245" T="953169" />
  <Point X="82" Y="247" T="953186" />
  <Point X="82" Y="249" T="953203" />
  <Point X="83" Y="251" T="953265" />
  <Point X="84" Y="254" T="953285" />
  <Point X="86" Y="254" T="953365" />
  <Point X="88" Y="254" T="953389" />
  <Point X="90" Y="254" T="953406" />
  <Point X="92" Y="253" T="953424" />
  <Point X="97" Y="252" T="953444" />
  <Point X="102" Y="251" T="953464" />
  <Point X="104" Y="251" T="953466" />
  <Point X="109" Y="251" T="953487" />
  <Point X="118" Y="249" T="953510" />
  <Point X="127" Y="248" T="953531" />
  <Point X="133" Y="248" T="953552" />
  <Point X="136" Y="247" T="953554" />
  <Point X="141" Y="245" T="953576" />
  <Point X="148" Y="245" T="953599" />
  <Point X="150" Y="245" T="953619" />
</Gesture>