﻿<?xml version="1.0" encoding="utf-8" standalone="yes"?>
<Gesture Name="left_curly_brace07" Subject="1" Speed="slow" Number="7" NumPts="71" Millseconds="1082" AppName="Gestures" AppVer="3.5.0.0" Date="Monday, March 05, 2007" TimeOfDay="5:05:27 PM">
  <Point X="155" Y="125" T="1389022" />
  <Point X="154" Y="123" T="1389037" />
  <Point X="152" Y="120" T="1389065" />
  <Point X="150" Y="121" T="1389081" />
  <Point X="148" Y="121" T="1389094" />
  <Point X="145" Y="121" T="1389106" />
  <Point X="143" Y="123" T="1389115" />
  <Point X="141" Y="126" T="1389123" />
  <Point X="139" Y="126" T="1389131" />
  <Point X="137" Y="127" T="1389139" />
  <Point X="135" Y="128" T="1389147" />
  <Point X="133" Y="129" T="1389159" />
  <Point X="131" Y="130" T="1389172" />
  <Point X="129" Y="132" T="1389188" />
  <Point X="128" Y="134" T="1389197" />
  <Point X="127" Y="136" T="1389224" />
  <Point X="128" Y="138" T="1389244" />
  <Point X="129" Y="141" T="1389257" />
  <Point X="131" Y="141" T="1389269" />
  <Point X="133" Y="142" T="1389281" />
  <Point X="136" Y="142" T="1389290" />
  <Point X="138" Y="142" T="1389299" />
  <Point X="140" Y="142" T="1389309" />
  <Point X="142" Y="144" T="1389318" />
  <Point X="145" Y="145" T="1389329" />
  <Point X="147" Y="146" T="1389341" />
  <Point X="149" Y="148" T="1389357" />
  <Point X="151" Y="151" T="1389378" />
  <Point X="151" Y="153" T="1389394" />
  <Point X="151" Y="155" T="1389406" />
  <Point X="149" Y="157" T="1389418" />
  <Point X="147" Y="159" T="1389434" />
  <Point X="145" Y="160" T="1389447" />
  <Point X="143" Y="161" T="1389458" />
  <Point X="140" Y="161" T="1389471" />
  <Point X="137" Y="162" T="1389483" />
  <Point X="135" Y="162" T="1389496" />
  <Point X="130" Y="163" T="1389508" />
  <Point X="128" Y="165" T="1389521" />
  <Point X="123" Y="167" T="1389534" />
  <Point X="121" Y="168" T="1389548" />
  <Point X="118" Y="171" T="1389561" />
  <Point X="116" Y="171" T="1389576" />
  <Point X="118" Y="169" T="1389655" />
  <Point X="120" Y="168" T="1389675" />
  <Point X="123" Y="166" T="1389691" />
  <Point X="125" Y="166" T="1389707" />
  <Point X="128" Y="165" T="1389722" />
  <Point X="132" Y="163" T="1389737" />
  <Point X="135" Y="163" T="1389752" />
  <Point X="140" Y="163" T="1389768" />
  <Point X="142" Y="162" T="1389784" />
  <Point X="144" Y="163" T="1389800" />
  <Point X="145" Y="165" T="1389823" />
  <Point X="145" Y="168" T="1389839" />
  <Point X="143" Y="173" T="1389856" />
  <Point X="140" Y="179" T="1389873" />
  <Point X="138" Y="184" T="1389890" />
  <Point X="135" Y="190" T="1389907" />
  <Point X="132" Y="195" T="1389925" />
  <Point X="130" Y="198" T="1389942" />
  <Point X="129" Y="201" T="1389943" />
  <Point X="128" Y="207" T="1389964" />
  <Point X="127" Y="212" T="1389982" />
  <Point X="128" Y="214" T="1389983" />
  <Point X="129" Y="221" T="1390004" />
  <Point X="133" Y="225" T="1390025" />
  <Point X="140" Y="227" T="1390045" />
  <Point X="145" Y="226" T="1390064" />
  <Point X="153" Y="223" T="1390084" />
  <Point X="159" Y="221" T="1390104" />
</Gesture>