﻿<?xml version="1.0" encoding="utf-8" standalone="yes"?>
<Gesture Name="left_curly_brace05" Subject="1" Speed="slow" Number="5" NumPts="68" Millseconds="1077" AppName="Gestures" AppVer="3.5.0.0" Date="Monday, March 05, 2007" TimeOfDay="5:05:24 PM">
  <Point X="149" Y="119" T="1385855" />
  <Point X="146" Y="119" T="1385875" />
  <Point X="144" Y="119" T="1385888" />
  <Point X="141" Y="118" T="1385900" />
  <Point X="139" Y="119" T="1385909" />
  <Point X="137" Y="120" T="1385917" />
  <Point X="135" Y="121" T="1385925" />
  <Point X="133" Y="122" T="1385933" />
  <Point X="130" Y="124" T="1385941" />
  <Point X="128" Y="127" T="1385949" />
  <Point X="125" Y="129" T="1385961" />
  <Point X="123" Y="131" T="1385969" />
  <Point X="121" Y="133" T="1385981" />
  <Point X="119" Y="135" T="1385997" />
  <Point X="118" Y="137" T="1386010" />
  <Point X="119" Y="140" T="1386030" />
  <Point X="121" Y="142" T="1386046" />
  <Point X="123" Y="142" T="1386059" />
  <Point X="126" Y="145" T="1386071" />
  <Point X="128" Y="146" T="1386083" />
  <Point X="130" Y="148" T="1386093" />
  <Point X="133" Y="149" T="1386103" />
  <Point X="135" Y="151" T="1386115" />
  <Point X="138" Y="153" T="1386126" />
  <Point X="140" Y="155" T="1386138" />
  <Point X="142" Y="157" T="1386151" />
  <Point X="144" Y="160" T="1386167" />
  <Point X="144" Y="162" T="1386187" />
  <Point X="143" Y="165" T="1386203" />
  <Point X="141" Y="167" T="1386219" />
  <Point X="139" Y="167" T="1386231" />
  <Point X="137" Y="168" T="1386243" />
  <Point X="132" Y="168" T="1386256" />
  <Point X="129" Y="168" T="1386269" />
  <Point X="125" Y="169" T="1386283" />
  <Point X="123" Y="168" T="1386296" />
  <Point X="120" Y="167" T="1386309" />
  <Point X="118" Y="168" T="1386322" />
  <Point X="120" Y="169" T="1386432" />
  <Point X="122" Y="168" T="1386448" />
  <Point X="124" Y="169" T="1386462" />
  <Point X="126" Y="168" T="1386477" />
  <Point X="128" Y="168" T="1386491" />
  <Point X="131" Y="169" T="1386507" />
  <Point X="136" Y="167" T="1386522" />
  <Point X="138" Y="168" T="1386538" />
  <Point X="140" Y="169" T="1386554" />
  <Point X="142" Y="170" T="1386569" />
  <Point X="143" Y="172" T="1386591" />
  <Point X="143" Y="174" T="1386607" />
  <Point X="141" Y="179" T="1386625" />
  <Point X="137" Y="184" T="1386642" />
  <Point X="134" Y="189" T="1386659" />
  <Point X="130" Y="194" T="1386676" />
  <Point X="127" Y="198" T="1386694" />
  <Point X="124" Y="203" T="1386713" />
  <Point X="122" Y="210" T="1386732" />
  <Point X="121" Y="212" T="1386749" />
  <Point X="121" Y="215" T="1386767" />
  <Point X="122" Y="217" T="1386785" />
  <Point X="124" Y="219" T="1386804" />
  <Point X="130" Y="220" T="1386824" />
  <Point X="136" Y="221" T="1386844" />
  <Point X="144" Y="221" T="1386864" />
  <Point X="149" Y="222" T="1386884" />
  <Point X="153" Y="220" T="1386908" />
  <Point X="155" Y="218" T="1386910" />
  <Point X="158" Y="218" T="1386932" />
</Gesture>