﻿<?xml version="1.0" encoding="utf-8" standalone="yes"?>
<Gesture Name="left_curly_brace06" Subject="1" Speed="slow" Number="6" NumPts="65" Millseconds="1015" AppName="Gestures" AppVer="3.5.0.0" Date="Monday, March 05, 2007" TimeOfDay="5:05:25 PM">
  <Point X="150" Y="121" T="1387438" />
  <Point X="148" Y="119" T="1387459" />
  <Point X="145" Y="118" T="1387471" />
  <Point X="143" Y="119" T="1387479" />
  <Point X="141" Y="118" T="1387487" />
  <Point X="139" Y="118" T="1387495" />
  <Point X="137" Y="119" T="1387503" />
  <Point X="134" Y="120" T="1387511" />
  <Point X="132" Y="122" T="1387519" />
  <Point X="129" Y="123" T="1387527" />
  <Point X="126" Y="124" T="1387535" />
  <Point X="124" Y="126" T="1387543" />
  <Point X="121" Y="129" T="1387551" />
  <Point X="120" Y="131" T="1387560" />
  <Point X="117" Y="134" T="1387576" />
  <Point X="116" Y="136" T="1387585" />
  <Point X="115" Y="139" T="1387600" />
  <Point X="115" Y="141" T="1387616" />
  <Point X="117" Y="144" T="1387632" />
  <Point X="119" Y="145" T="1387643" />
  <Point X="121" Y="146" T="1387656" />
  <Point X="124" Y="148" T="1387667" />
  <Point X="126" Y="148" T="1387677" />
  <Point X="129" Y="150" T="1387688" />
  <Point X="133" Y="149" T="1387700" />
  <Point X="136" Y="152" T="1387711" />
  <Point X="138" Y="152" T="1387723" />
  <Point X="140" Y="153" T="1387735" />
  <Point X="142" Y="155" T="1387755" />
  <Point X="143" Y="157" T="1387783" />
  <Point X="141" Y="159" T="1387804" />
  <Point X="139" Y="159" T="1387816" />
  <Point X="136" Y="160" T="1387828" />
  <Point X="134" Y="161" T="1387841" />
  <Point X="132" Y="162" T="1387854" />
  <Point X="127" Y="162" T="1387868" />
  <Point X="124" Y="162" T="1387881" />
  <Point X="122" Y="163" T="1387896" />
  <Point X="124" Y="161" T="1387978" />
  <Point X="126" Y="160" T="1387998" />
  <Point X="128" Y="161" T="1388014" />
  <Point X="131" Y="160" T="1388030" />
  <Point X="133" Y="161" T="1388046" />
  <Point X="135" Y="161" T="1388062" />
  <Point X="137" Y="161" T="1388077" />
  <Point X="139" Y="161" T="1388092" />
  <Point X="141" Y="163" T="1388122" />
  <Point X="140" Y="166" T="1388138" />
  <Point X="140" Y="168" T="1388154" />
  <Point X="138" Y="174" T="1388171" />
  <Point X="138" Y="176" T="1388187" />
  <Point X="136" Y="181" T="1388205" />
  <Point X="135" Y="187" T="1388223" />
  <Point X="133" Y="194" T="1388241" />
  <Point X="131" Y="199" T="1388259" />
  <Point X="131" Y="201" T="1388276" />
  <Point X="131" Y="209" T="1388295" />
  <Point X="131" Y="211" T="1388313" />
  <Point X="132" Y="218" T="1388331" />
  <Point X="133" Y="221" T="1388350" />
  <Point X="136" Y="226" T="1388369" />
  <Point X="141" Y="226" T="1388389" />
  <Point X="145" Y="226" T="1388409" />
  <Point X="152" Y="223" T="1388432" />
  <Point X="157" Y="221" T="1388453" />
</Gesture>