﻿<?xml version="1.0" encoding="utf-8" standalone="yes"?>
<Gesture Name="left_sq_bracket04" Subject="1" Speed="slow" Number="4" NumPts="71" Millseconds="1190" AppName="Gestures" AppVer="3.5.0.0" Date="Monday, March 05, 2007" TimeOfDay="4:58:05 PM">
  <Point X="121" Y="129" T="946596" />
  <Point X="119" Y="129" T="946636" />
  <Point X="116" Y="131" T="946657" />
  <Point X="114" Y="131" T="946668" />
  <Point X="112" Y="132" T="946681" />
  <Point X="110" Y="132" T="946689" />
  <Point X="108" Y="133" T="946697" />
  <Point X="105" Y="133" T="946705" />
  <Point X="103" Y="133" T="946713" />
  <Point X="100" Y="133" T="946721" />
  <Point X="98" Y="134" T="946729" />
  <Point X="95" Y="133" T="946737" />
  <Point X="93" Y="133" T="946745" />
  <Point X="90" Y="134" T="946754" />
  <Point X="88" Y="133" T="946762" />
  <Point X="86" Y="134" T="946771" />
  <Point X="84" Y="134" T="946779" />
  <Point X="82" Y="134" T="946787" />
  <Point X="79" Y="134" T="946800" />
  <Point X="77" Y="135" T="946812" />
  <Point X="75" Y="135" T="946824" />
  <Point X="73" Y="136" T="946837" />
  <Point X="70" Y="136" T="946852" />
  <Point X="68" Y="138" T="946873" />
  <Point X="66" Y="138" T="946893" />
  <Point X="65" Y="140" T="946925" />
  <Point X="65" Y="142" T="946953" />
  <Point X="66" Y="145" T="946969" />
  <Point X="66" Y="147" T="946981" />
  <Point X="67" Y="150" T="946992" />
  <Point X="68" Y="155" T="947005" />
  <Point X="68" Y="157" T="947018" />
  <Point X="69" Y="164" T="947031" />
  <Point X="69" Y="167" T="947044" />
  <Point X="69" Y="174" T="947058" />
  <Point X="70" Y="177" T="947072" />
  <Point X="70" Y="180" T="947074" />
  <Point X="70" Y="184" T="947088" />
  <Point X="70" Y="186" T="947090" />
  <Point X="70" Y="194" T="947105" />
  <Point X="70" Y="197" T="947120" />
  <Point X="71" Y="206" T="947135" />
  <Point X="71" Y="211" T="947151" />
  <Point X="71" Y="215" T="947166" />
  <Point X="72" Y="222" T="947187" />
  <Point X="72" Y="225" T="947202" />
  <Point X="72" Y="229" T="947219" />
  <Point X="73" Y="234" T="947236" />
  <Point X="73" Y="239" T="947252" />
  <Point X="73" Y="241" T="947269" />
  <Point X="73" Y="244" T="947270" />
  <Point X="72" Y="247" T="947293" />
  <Point X="72" Y="249" T="947311" />
  <Point X="71" Y="252" T="947334" />
  <Point X="71" Y="254" T="947393" />
  <Point X="73" Y="254" T="947463" />
  <Point X="75" Y="253" T="947491" />
  <Point X="78" Y="252" T="947508" />
  <Point X="80" Y="251" T="947525" />
  <Point X="84" Y="252" T="947544" />
  <Point X="87" Y="253" T="947562" />
  <Point X="89" Y="253" T="947563" />
  <Point X="95" Y="254" T="947584" />
  <Point X="103" Y="254" T="947607" />
  <Point X="112" Y="254" T="947627" />
  <Point X="118" Y="251" T="947648" />
  <Point X="125" Y="250" T="947669" />
  <Point X="129" Y="250" T="947690" />
  <Point X="132" Y="250" T="947712" />
  <Point X="134" Y="250" T="947733" />
  <Point X="133" Y="252" T="947786" />
</Gesture>