﻿<?xml version="1.0" encoding="utf-8" standalone="yes"?>
<Gesture Name="left_sq_bracket10" Subject="1" Speed="slow" Number="10" NumPts="75" Millseconds="1250" AppName="Gestures" AppVer="3.5.0.0" Date="Monday, March 05, 2007" TimeOfDay="4:58:16 PM">
  <Point X="135" Y="139" T="957876" />
  <Point X="133" Y="138" T="957917" />
  <Point X="131" Y="137" T="957929" />
  <Point X="129" Y="139" T="957940" />
  <Point X="126" Y="138" T="957953" />
  <Point X="124" Y="138" T="957961" />
  <Point X="122" Y="138" T="957969" />
  <Point X="120" Y="138" T="957977" />
  <Point X="118" Y="139" T="957985" />
  <Point X="115" Y="139" T="957993" />
  <Point X="113" Y="139" T="958001" />
  <Point X="111" Y="138" T="958009" />
  <Point X="108" Y="136" T="958017" />
  <Point X="106" Y="137" T="958026" />
  <Point X="104" Y="137" T="958033" />
  <Point X="102" Y="137" T="958045" />
  <Point X="99" Y="136" T="958057" />
  <Point X="97" Y="137" T="958070" />
  <Point X="94" Y="137" T="958081" />
  <Point X="92" Y="137" T="958098" />
  <Point X="90" Y="138" T="958110" />
  <Point X="88" Y="139" T="958131" />
  <Point X="86" Y="141" T="958151" />
  <Point X="85" Y="143" T="958187" />
  <Point X="84" Y="145" T="958204" />
  <Point X="84" Y="147" T="958215" />
  <Point X="84" Y="149" T="958227" />
  <Point X="85" Y="151" T="958238" />
  <Point X="85" Y="156" T="958250" />
  <Point X="86" Y="159" T="958263" />
  <Point X="87" Y="164" T="958275" />
  <Point X="87" Y="167" T="958288" />
  <Point X="88" Y="169" T="958289" />
  <Point X="89" Y="174" T="958304" />
  <Point X="89" Y="180" T="958318" />
  <Point X="90" Y="183" T="958331" />
  <Point X="92" Y="188" T="958344" />
  <Point X="92" Y="190" T="958358" />
  <Point X="94" Y="197" T="958373" />
  <Point X="95" Y="199" T="958387" />
  <Point X="95" Y="204" T="958402" />
  <Point X="96" Y="208" T="958418" />
  <Point X="96" Y="215" T="958433" />
  <Point X="97" Y="221" T="958449" />
  <Point X="98" Y="227" T="958464" />
  <Point X="98" Y="229" T="958480" />
  <Point X="99" Y="233" T="958496" />
  <Point X="99" Y="238" T="958513" />
  <Point X="99" Y="240" T="958529" />
  <Point X="99" Y="242" T="958545" />
  <Point X="99" Y="244" T="958562" />
  <Point X="99" Y="247" T="958579" />
  <Point X="99" Y="249" T="958596" />
  <Point X="99" Y="251" T="958644" />
  <Point X="101" Y="253" T="958745" />
  <Point X="103" Y="253" T="958765" />
  <Point X="105" Y="251" T="958781" />
  <Point X="107" Y="251" T="958798" />
  <Point X="110" Y="251" T="958815" />
  <Point X="112" Y="250" T="958834" />
  <Point X="114" Y="250" T="958853" />
  <Point X="117" Y="250" T="958854" />
  <Point X="119" Y="249" T="958874" />
  <Point X="125" Y="249" T="958894" />
  <Point X="129" Y="248" T="958914" />
  <Point X="131" Y="249" T="958933" />
  <Point X="133" Y="249" T="958953" />
  <Point X="135" Y="249" T="958977" />
  <Point X="138" Y="249" T="958978" />
  <Point X="140" Y="251" T="958999" />
  <Point X="142" Y="251" T="959020" />
  <Point X="144" Y="250" T="959042" />
  <Point X="148" Y="250" T="959064" />
  <Point X="150" Y="250" T="959089" />
  <Point X="152" Y="249" T="959126" />
</Gesture>