﻿<?xml version="1.0" encoding="utf-8" standalone="yes"?>
<Gesture Name="left_sq_bracket01" Subject="1" Speed="slow" Number="1" NumPts="70" Millseconds="1182" AppName="Gestures" AppVer="3.5.0.0" Date="Monday, March 05, 2007" TimeOfDay="4:57:59 PM">
  <Point X="133" Y="128" T="940101" />
  <Point X="131" Y="129" T="940174" />
  <Point X="129" Y="129" T="940193" />
  <Point X="126" Y="130" T="940205" />
  <Point X="124" Y="129" T="940217" />
  <Point X="122" Y="128" T="940225" />
  <Point X="120" Y="128" T="940237" />
  <Point X="118" Y="128" T="940245" />
  <Point X="116" Y="128" T="940253" />
  <Point X="113" Y="128" T="940265" />
  <Point X="111" Y="128" T="940273" />
  <Point X="109" Y="130" T="940281" />
  <Point X="106" Y="130" T="940293" />
  <Point X="104" Y="131" T="940305" />
  <Point X="101" Y="131" T="940322" />
  <Point X="99" Y="132" T="940338" />
  <Point X="97" Y="131" T="940354" />
  <Point X="96" Y="134" T="940366" />
  <Point X="94" Y="134" T="940390" />
  <Point X="92" Y="136" T="940407" />
  <Point X="91" Y="139" T="940467" />
  <Point X="90" Y="141" T="940488" />
  <Point X="91" Y="143" T="940500" />
  <Point X="91" Y="146" T="940511" />
  <Point X="91" Y="149" T="940524" />
  <Point X="91" Y="151" T="940535" />
  <Point X="91" Y="154" T="940546" />
  <Point X="91" Y="157" T="940557" />
  <Point X="92" Y="162" T="940569" />
  <Point X="92" Y="165" T="940581" />
  <Point X="92" Y="167" T="940593" />
  <Point X="93" Y="172" T="940606" />
  <Point X="93" Y="174" T="940618" />
  <Point X="93" Y="179" T="940633" />
  <Point X="93" Y="185" T="940646" />
  <Point X="93" Y="189" T="940659" />
  <Point X="93" Y="194" T="940672" />
  <Point X="94" Y="199" T="940685" />
  <Point X="93" Y="202" T="940699" />
  <Point X="94" Y="207" T="940713" />
  <Point X="94" Y="209" T="940727" />
  <Point X="94" Y="215" T="940741" />
  <Point X="94" Y="221" T="940756" />
  <Point X="94" Y="223" T="940770" />
  <Point X="95" Y="230" T="940785" />
  <Point X="95" Y="233" T="940800" />
  <Point X="95" Y="236" T="940815" />
  <Point X="96" Y="239" T="940817" />
  <Point X="96" Y="243" T="940835" />
  <Point X="97" Y="246" T="940851" />
  <Point X="97" Y="248" T="940853" />
  <Point X="97" Y="251" T="940872" />
  <Point X="98" Y="253" T="940873" />
  <Point X="98" Y="256" T="940891" />
  <Point X="98" Y="258" T="940940" />
  <Point X="100" Y="259" T="941016" />
  <Point X="102" Y="258" T="941036" />
  <Point X="105" Y="258" T="941053" />
  <Point X="107" Y="257" T="941070" />
  <Point X="111" Y="257" T="941088" />
  <Point X="117" Y="255" T="941107" />
  <Point X="125" Y="256" T="941125" />
  <Point X="132" Y="255" T="941147" />
  <Point X="141" Y="252" T="941166" />
  <Point X="147" Y="253" T="941185" />
  <Point X="156" Y="252" T="941204" />
  <Point X="162" Y="251" T="941224" />
  <Point X="166" Y="251" T="941244" />
  <Point X="168" Y="251" T="941263" />
  <Point X="171" Y="250" T="941283" />
</Gesture>