﻿<?xml version="1.0" encoding="utf-8" standalone="yes"?>
<Gesture Name="left_curly_brace08" Subject="1" Speed="slow" Number="8" NumPts="70" Millseconds="1010" AppName="Gestures" AppVer="3.5.0.0" Date="Monday, March 05, 2007" TimeOfDay="5:05:28 PM">
  <Point X="161" Y="121" T="1390587" />
  <Point X="158" Y="120" T="1390610" />
  <Point X="156" Y="120" T="1390622" />
  <Point X="154" Y="120" T="1390630" />
  <Point X="152" Y="120" T="1390638" />
  <Point X="149" Y="121" T="1390645" />
  <Point X="147" Y="121" T="1390653" />
  <Point X="145" Y="121" T="1390661" />
  <Point X="142" Y="122" T="1390669" />
  <Point X="140" Y="124" T="1390677" />
  <Point X="137" Y="126" T="1390685" />
  <Point X="135" Y="127" T="1390693" />
  <Point X="133" Y="129" T="1390701" />
  <Point X="131" Y="130" T="1390710" />
  <Point X="129" Y="132" T="1390718" />
  <Point X="127" Y="134" T="1390731" />
  <Point X="125" Y="136" T="1390744" />
  <Point X="125" Y="139" T="1390752" />
  <Point X="126" Y="141" T="1390778" />
  <Point X="128" Y="142" T="1390797" />
  <Point X="131" Y="144" T="1390809" />
  <Point X="133" Y="145" T="1390821" />
  <Point X="136" Y="146" T="1390832" />
  <Point X="138" Y="147" T="1390841" />
  <Point X="140" Y="148" T="1390851" />
  <Point X="142" Y="149" T="1390861" />
  <Point X="145" Y="151" T="1390873" />
  <Point X="147" Y="154" T="1390888" />
  <Point X="148" Y="156" T="1390904" />
  <Point X="148" Y="158" T="1390915" />
  <Point X="147" Y="160" T="1390928" />
  <Point X="145" Y="163" T="1390939" />
  <Point X="143" Y="163" T="1390951" />
  <Point X="140" Y="165" T="1390963" />
  <Point X="138" Y="165" T="1390975" />
  <Point X="136" Y="165" T="1390976" />
  <Point X="134" Y="166" T="1390990" />
  <Point X="132" Y="166" T="1391003" />
  <Point X="130" Y="166" T="1391016" />
  <Point X="127" Y="166" T="1391017" />
  <Point X="125" Y="165" T="1391033" />
  <Point X="123" Y="166" T="1391048" />
  <Point X="125" Y="165" T="1391129" />
  <Point X="128" Y="165" T="1391149" />
  <Point X="130" Y="164" T="1391163" />
  <Point X="132" Y="164" T="1391178" />
  <Point X="135" Y="164" T="1391193" />
  <Point X="137" Y="164" T="1391208" />
  <Point X="140" Y="164" T="1391223" />
  <Point X="142" Y="165" T="1391238" />
  <Point X="144" Y="166" T="1391254" />
  <Point X="145" Y="168" T="1391273" />
  <Point X="145" Y="171" T="1391289" />
  <Point X="144" Y="173" T="1391305" />
  <Point X="141" Y="177" T="1391322" />
  <Point X="138" Y="181" T="1391338" />
  <Point X="135" Y="185" T="1391355" />
  <Point X="131" Y="190" T="1391372" />
  <Point X="127" Y="195" T="1391390" />
  <Point X="125" Y="199" T="1391407" />
  <Point X="124" Y="204" T="1391425" />
  <Point X="124" Y="208" T="1391443" />
  <Point X="124" Y="210" T="1391461" />
  <Point X="126" Y="214" T="1391480" />
  <Point X="132" Y="218" T="1391498" />
  <Point X="136" Y="220" T="1391517" />
  <Point X="140" Y="223" T="1391536" />
  <Point X="144" Y="226" T="1391555" />
  <Point X="150" Y="226" T="1391577" />
  <Point X="152" Y="226" T="1391597" />
</Gesture>