﻿<?xml version="1.0" encoding="utf-8" standalone="yes"?>
<Gesture Name="left_curly_brace04" Subject="1" Speed="slow" Number="4" NumPts="72" Millseconds="1053" AppName="Gestures" AppVer="3.5.0.0" Date="Monday, March 05, 2007" TimeOfDay="5:05:22 PM">
  <Point X="144" Y="121" T="1384290" />
  <Point X="142" Y="121" T="1384342" />
  <Point X="140" Y="122" T="1384358" />
  <Point X="137" Y="122" T="1384371" />
  <Point X="134" Y="125" T="1384383" />
  <Point X="132" Y="124" T="1384391" />
  <Point X="130" Y="125" T="1384399" />
  <Point X="127" Y="126" T="1384407" />
  <Point X="125" Y="127" T="1384415" />
  <Point X="123" Y="127" T="1384423" />
  <Point X="121" Y="129" T="1384431" />
  <Point X="119" Y="131" T="1384439" />
  <Point X="116" Y="132" T="1384452" />
  <Point X="114" Y="133" T="1384460" />
  <Point X="112" Y="136" T="1384473" />
  <Point X="111" Y="138" T="1384490" />
  <Point X="110" Y="140" T="1384506" />
  <Point X="112" Y="142" T="1384527" />
  <Point X="114" Y="145" T="1384538" />
  <Point X="116" Y="145" T="1384550" />
  <Point X="119" Y="147" T="1384563" />
  <Point X="121" Y="147" T="1384572" />
  <Point X="123" Y="148" T="1384582" />
  <Point X="125" Y="148" T="1384591" />
  <Point X="128" Y="149" T="1384602" />
  <Point X="132" Y="150" T="1384612" />
  <Point X="135" Y="151" T="1384622" />
  <Point X="137" Y="152" T="1384633" />
  <Point X="139" Y="153" T="1384643" />
  <Point X="140" Y="155" T="1384654" />
  <Point X="141" Y="157" T="1384667" />
  <Point X="141" Y="159" T="1384683" />
  <Point X="139" Y="161" T="1384699" />
  <Point X="137" Y="163" T="1384712" />
  <Point X="135" Y="163" T="1384723" />
  <Point X="133" Y="164" T="1384736" />
  <Point X="128" Y="166" T="1384748" />
  <Point X="125" Y="167" T="1384761" />
  <Point X="120" Y="168" T="1384774" />
  <Point X="116" Y="169" T="1384787" />
  <Point X="114" Y="168" T="1384800" />
  <Point X="112" Y="169" T="1384816" />
  <Point X="109" Y="168" T="1384830" />
  <Point X="107" Y="168" T="1384844" />
  <Point X="105" Y="169" T="1384875" />
  <Point X="105" Y="171" T="1384892" />
  <Point X="108" Y="170" T="1384919" />
  <Point X="110" Y="171" T="1384935" />
  <Point X="113" Y="170" T="1384950" />
  <Point X="117" Y="170" T="1384966" />
  <Point X="121" Y="170" T="1384981" />
  <Point X="123" Y="170" T="1384997" />
  <Point X="128" Y="169" T="1385013" />
  <Point X="130" Y="169" T="1385029" />
  <Point X="132" Y="169" T="1385046" />
  <Point X="133" Y="172" T="1385063" />
  <Point X="134" Y="174" T="1385080" />
  <Point X="133" Y="179" T="1385097" />
  <Point X="133" Y="184" T="1385114" />
  <Point X="131" Y="190" T="1385132" />
  <Point X="129" Y="195" T="1385149" />
  <Point X="128" Y="201" T="1385167" />
  <Point X="126" Y="207" T="1385186" />
  <Point X="126" Y="214" T="1385204" />
  <Point X="126" Y="217" T="1385222" />
  <Point X="127" Y="219" T="1385223" />
  <Point X="128" Y="222" T="1385245" />
  <Point X="133" Y="226" T="1385264" />
  <Point X="140" Y="227" T="1385284" />
  <Point X="145" Y="228" T="1385304" />
  <Point X="150" Y="229" T="1385323" />
  <Point X="155" Y="227" T="1385343" />
</Gesture>