﻿<?xml version="1.0" encoding="utf-8" standalone="yes"?>
<Gesture Name="left_sq_bracket06" Subject="1" Speed="slow" Number="6" NumPts="73" Millseconds="1317" AppName="Gestures" AppVer="3.5.0.0" Date="Monday, March 05, 2007" TimeOfDay="4:58:09 PM">
  <Point X="144" Y="134" T="950432" />
  <Point X="141" Y="134" T="950485" />
  <Point X="139" Y="133" T="950505" />
  <Point X="136" Y="133" T="950517" />
  <Point X="134" Y="134" T="950528" />
  <Point X="131" Y="134" T="950537" />
  <Point X="129" Y="133" T="950546" />
  <Point X="126" Y="133" T="950554" />
  <Point X="124" Y="134" T="950562" />
  <Point X="122" Y="132" T="950570" />
  <Point X="119" Y="132" T="950578" />
  <Point X="117" Y="132" T="950586" />
  <Point X="115" Y="132" T="950594" />
  <Point X="112" Y="132" T="950603" />
  <Point X="110" Y="131" T="950610" />
  <Point X="108" Y="131" T="950618" />
  <Point X="106" Y="129" T="950630" />
  <Point X="103" Y="130" T="950642" />
  <Point X="101" Y="130" T="950651" />
  <Point X="99" Y="130" T="950662" />
  <Point X="96" Y="131" T="950674" />
  <Point X="94" Y="131" T="950686" />
  <Point X="92" Y="130" T="950701" />
  <Point X="90" Y="130" T="950722" />
  <Point X="88" Y="131" T="950754" />
  <Point X="86" Y="132" T="950823" />
  <Point X="85" Y="135" T="950855" />
  <Point X="85" Y="137" T="950867" />
  <Point X="85" Y="140" T="950878" />
  <Point X="85" Y="142" T="950889" />
  <Point X="85" Y="150" T="950900" />
  <Point X="85" Y="154" T="950912" />
  <Point X="86" Y="159" T="950924" />
  <Point X="86" Y="163" T="950936" />
  <Point X="87" Y="168" T="950948" />
  <Point X="87" Y="171" T="950960" />
  <Point X="88" Y="178" T="950975" />
  <Point X="88" Y="180" T="950988" />
  <Point X="89" Y="185" T="951001" />
  <Point X="89" Y="191" T="951014" />
  <Point X="90" Y="197" T="951027" />
  <Point X="91" Y="202" T="951041" />
  <Point X="91" Y="205" T="951054" />
  <Point X="91" Y="207" T="951056" />
  <Point X="92" Y="213" T="951073" />
  <Point X="92" Y="218" T="951088" />
  <Point X="92" Y="220" T="951103" />
  <Point X="93" Y="225" T="951118" />
  <Point X="94" Y="229" T="951133" />
  <Point X="94" Y="232" T="951148" />
  <Point X="94" Y="237" T="951164" />
  <Point X="94" Y="239" T="951180" />
  <Point X="94" Y="242" T="951195" />
  <Point X="94" Y="244" T="951215" />
  <Point X="93" Y="246" T="951235" />
  <Point X="93" Y="248" T="951265" />
  <Point X="93" Y="250" T="951305" />
  <Point X="95" Y="250" T="951388" />
  <Point X="97" Y="250" T="951407" />
  <Point X="99" Y="251" T="951424" />
  <Point X="102" Y="251" T="951442" />
  <Point X="107" Y="249" T="951459" />
  <Point X="111" Y="249" T="951477" />
  <Point X="117" Y="248" T="951496" />
  <Point X="124" Y="248" T="951516" />
  <Point X="128" Y="248" T="951534" />
  <Point X="133" Y="248" T="951554" />
  <Point X="139" Y="246" T="951573" />
  <Point X="142" Y="246" T="951592" />
  <Point X="147" Y="245" T="951612" />
  <Point X="149" Y="246" T="951632" />
  <Point X="151" Y="245" T="951680" />
  <Point X="153" Y="245" T="951749" />
</Gesture>