﻿<?xml version="1.0" encoding="utf-8" standalone="yes"?>
<Gesture Name="left_curly_brace10" Subject="1" Speed="slow" Number="10" NumPts="69" Millseconds="980" AppName="Gestures" AppVer="3.5.0.0" Date="Monday, March 05, 2007" TimeOfDay="5:05:31 PM">
  <Point X="163" Y="125" T="1393464" />
  <Point X="162" Y="123" T="1393472" />
  <Point X="159" Y="122" T="1393484" />
  <Point X="156" Y="120" T="1393497" />
  <Point X="154" Y="120" T="1393504" />
  <Point X="151" Y="121" T="1393511" />
  <Point X="149" Y="122" T="1393519" />
  <Point X="146" Y="124" T="1393527" />
  <Point X="143" Y="126" T="1393535" />
  <Point X="141" Y="129" T="1393543" />
  <Point X="138" Y="132" T="1393551" />
  <Point X="137" Y="134" T="1393559" />
  <Point X="134" Y="136" T="1393567" />
  <Point X="132" Y="139" T="1393576" />
  <Point X="130" Y="141" T="1393584" />
  <Point X="128" Y="143" T="1393599" />
  <Point X="127" Y="145" T="1393608" />
  <Point X="128" Y="147" T="1393628" />
  <Point X="130" Y="149" T="1393644" />
  <Point X="132" Y="151" T="1393656" />
  <Point X="135" Y="152" T="1393668" />
  <Point X="137" Y="153" T="1393678" />
  <Point X="139" Y="153" T="1393689" />
  <Point X="141" Y="153" T="1393699" />
  <Point X="143" Y="156" T="1393701" />
  <Point X="145" Y="157" T="1393713" />
  <Point X="148" Y="159" T="1393725" />
  <Point X="150" Y="161" T="1393737" />
  <Point X="151" Y="164" T="1393749" />
  <Point X="151" Y="167" T="1393761" />
  <Point X="151" Y="169" T="1393773" />
  <Point X="149" Y="172" T="1393786" />
  <Point X="147" Y="174" T="1393799" />
  <Point X="145" Y="176" T="1393801" />
  <Point X="143" Y="176" T="1393815" />
  <Point X="139" Y="177" T="1393829" />
  <Point X="133" Y="178" T="1393843" />
  <Point X="129" Y="177" T="1393857" />
  <Point X="127" Y="178" T="1393870" />
  <Point X="129" Y="178" T="1393953" />
  <Point X="131" Y="179" T="1393969" />
  <Point X="134" Y="179" T="1393983" />
  <Point X="136" Y="178" T="1393998" />
  <Point X="140" Y="178" T="1394013" />
  <Point X="143" Y="178" T="1394028" />
  <Point X="145" Y="177" T="1394044" />
  <Point X="147" Y="178" T="1394060" />
  <Point X="149" Y="179" T="1394076" />
  <Point X="151" Y="179" T="1394092" />
  <Point X="153" Y="180" T="1394109" />
  <Point X="154" Y="182" T="1394110" />
  <Point X="155" Y="184" T="1394137" />
  <Point X="153" Y="188" T="1394154" />
  <Point X="153" Y="190" T="1394172" />
  <Point X="150" Y="195" T="1394190" />
  <Point X="148" Y="200" T="1394208" />
  <Point X="146" Y="203" T="1394226" />
  <Point X="142" Y="211" T="1394245" />
  <Point X="141" Y="214" T="1394263" />
  <Point X="140" Y="219" T="1394282" />
  <Point X="141" Y="223" T="1394301" />
  <Point X="142" Y="225" T="1394320" />
  <Point X="144" Y="226" T="1394339" />
  <Point X="148" Y="229" T="1394359" />
  <Point X="153" Y="231" T="1394379" />
  <Point X="159" Y="232" T="1394400" />
  <Point X="163" Y="233" T="1394420" />
  <Point X="166" Y="232" T="1394422" />
  <Point X="168" Y="231" T="1394444" />
</Gesture>