﻿<?xml version="1.0" encoding="utf-8" standalone="yes"?>
<Gesture Name="pigtail07" Subject="1" Speed="slow" Number="7" NumPts="68" Millseconds="926" AppName="Gestures" AppVer="3.5.0.0" Date="Monday, March 05, 2007" TimeOfDay="4:59:56 PM">
  <Point X="75" Y="226" T="1057985" />
  <Point X="77" Y="225" T="1057999" />
  <Point X="80" Y="225" T="1058016" />
  <Point X="82" Y="225" T="1058028" />
  <Point X="84" Y="225" T="1058041" />
  <Point X="87" Y="225" T="1058053" />
  <Point X="89" Y="225" T="1058065" />
  <Point X="91" Y="225" T="1058081" />
  <Point X="93" Y="225" T="1058093" />
  <Point X="96" Y="224" T="1058105" />
  <Point X="98" Y="222" T="1058117" />
  <Point X="101" Y="221" T="1058129" />
  <Point X="103" Y="219" T="1058137" />
  <Point X="105" Y="217" T="1058146" />
  <Point X="107" Y="216" T="1058153" />
  <Point X="110" Y="214" T="1058165" />
  <Point X="112" Y="213" T="1058174" />
  <Point X="115" Y="212" T="1058182" />
  <Point X="117" Y="210" T="1058191" />
  <Point X="120" Y="209" T="1058200" />
  <Point X="123" Y="206" T="1058210" />
  <Point X="127" Y="201" T="1058221" />
  <Point X="130" Y="198" T="1058231" />
  <Point X="135" Y="194" T="1058242" />
  <Point X="137" Y="191" T="1058253" />
  <Point X="140" Y="189" T="1058264" />
  <Point X="144" Y="184" T="1058276" />
  <Point X="146" Y="182" T="1058287" />
  <Point X="149" Y="177" T="1058299" />
  <Point X="151" Y="175" T="1058310" />
  <Point X="152" Y="173" T="1058322" />
  <Point X="153" Y="167" T="1058335" />
  <Point X="154" Y="164" T="1058346" />
  <Point X="154" Y="161" T="1058359" />
  <Point X="154" Y="156" T="1058373" />
  <Point X="154" Y="151" T="1058386" />
  <Point X="153" Y="148" T="1058400" />
  <Point X="152" Y="143" T="1058414" />
  <Point X="150" Y="141" T="1058427" />
  <Point X="148" Y="141" T="1058441" />
  <Point X="143" Y="137" T="1058456" />
  <Point X="139" Y="136" T="1058471" />
  <Point X="135" Y="136" T="1058489" />
  <Point X="132" Y="138" T="1058503" />
  <Point X="130" Y="137" T="1058519" />
  <Point X="125" Y="142" T="1058535" />
  <Point X="122" Y="148" T="1058550" />
  <Point X="120" Y="153" T="1058566" />
  <Point X="118" Y="161" T="1058584" />
  <Point X="116" Y="167" T="1058601" />
  <Point X="116" Y="169" T="1058603" />
  <Point X="115" Y="176" T="1058620" />
  <Point X="115" Y="182" T="1058638" />
  <Point X="116" Y="189" T="1058655" />
  <Point X="118" Y="194" T="1058673" />
  <Point X="118" Y="198" T="1058674" />
  <Point X="121" Y="204" T="1058693" />
  <Point X="124" Y="208" T="1058713" />
  <Point X="130" Y="215" T="1058732" />
  <Point X="134" Y="218" T="1058751" />
  <Point X="141" Y="224" T="1058771" />
  <Point X="146" Y="227" T="1058791" />
  <Point X="155" Y="228" T="1058811" />
  <Point X="160" Y="228" T="1058830" />
  <Point X="167" Y="227" T="1058851" />
  <Point X="171" Y="226" T="1058871" />
  <Point X="173" Y="225" T="1058891" />
  <Point X="175" Y="225" T="1058911" />
</Gesture>