﻿<?xml version="1.0" encoding="utf-8" standalone="yes"?>
<Gesture Name="pigtail09" Subject="1" Speed="slow" Number="9" NumPts="70" Millseconds="1012" AppName="Gestures" AppVer="3.5.0.0" Date="Monday, March 05, 2007" TimeOfDay="5:00:00 PM">
  <Point X="77" Y="222" T="1061446" />
  <Point X="79" Y="222" T="1061491" />
  <Point X="81" Y="222" T="1061507" />
  <Point X="83" Y="222" T="1061518" />
  <Point X="85" Y="221" T="1061531" />
  <Point X="88" Y="221" T="1061543" />
  <Point X="90" Y="220" T="1061555" />
  <Point X="92" Y="220" T="1061563" />
  <Point X="95" Y="217" T="1061571" />
  <Point X="97" Y="215" T="1061579" />
  <Point X="99" Y="214" T="1061587" />
  <Point X="101" Y="212" T="1061595" />
  <Point X="104" Y="212" T="1061603" />
  <Point X="106" Y="210" T="1061612" />
  <Point X="108" Y="208" T="1061620" />
  <Point X="111" Y="206" T="1061629" />
  <Point X="113" Y="204" T="1061638" />
  <Point X="115" Y="203" T="1061646" />
  <Point X="118" Y="201" T="1061655" />
  <Point X="120" Y="199" T="1061664" />
  <Point X="123" Y="197" T="1061674" />
  <Point X="125" Y="194" T="1061684" />
  <Point X="130" Y="189" T="1061695" />
  <Point X="132" Y="188" T="1061705" />
  <Point X="133" Y="185" T="1061716" />
  <Point X="137" Y="180" T="1061728" />
  <Point X="139" Y="177" T="1061740" />
  <Point X="141" Y="175" T="1061751" />
  <Point X="143" Y="172" T="1061763" />
  <Point X="145" Y="167" T="1061776" />
  <Point X="147" Y="164" T="1061788" />
  <Point X="147" Y="162" T="1061801" />
  <Point X="147" Y="152" T="1061814" />
  <Point X="147" Y="149" T="1061827" />
  <Point X="147" Y="143" T="1061840" />
  <Point X="146" Y="141" T="1061853" />
  <Point X="145" Y="138" T="1061867" />
  <Point X="143" Y="138" T="1061880" />
  <Point X="140" Y="137" T="1061894" />
  <Point X="136" Y="139" T="1061909" />
  <Point X="134" Y="139" T="1061924" />
  <Point X="129" Y="141" T="1061939" />
  <Point X="126" Y="143" T="1061954" />
  <Point X="124" Y="145" T="1061969" />
  <Point X="121" Y="149" T="1061985" />
  <Point X="119" Y="151" T="1062000" />
  <Point X="118" Y="155" T="1062017" />
  <Point X="116" Y="161" T="1062033" />
  <Point X="116" Y="166" T="1062050" />
  <Point X="116" Y="168" T="1062051" />
  <Point X="116" Y="174" T="1062068" />
  <Point X="117" Y="179" T="1062085" />
  <Point X="118" Y="184" T="1062103" />
  <Point X="119" Y="189" T="1062120" />
  <Point X="122" Y="196" T="1062139" />
  <Point X="124" Y="201" T="1062157" />
  <Point X="128" Y="206" T="1062175" />
  <Point X="131" Y="211" T="1062194" />
  <Point X="136" Y="214" T="1062213" />
  <Point X="138" Y="216" T="1062215" />
  <Point X="143" Y="217" T="1062235" />
  <Point X="150" Y="220" T="1062256" />
  <Point X="157" Y="220" T="1062276" />
  <Point X="168" Y="220" T="1062296" />
  <Point X="176" Y="219" T="1062317" />
  <Point X="186" Y="215" T="1062337" />
  <Point X="195" Y="212" T="1062359" />
  <Point X="199" Y="210" T="1062380" />
  <Point X="201" Y="209" T="1062400" />
  <Point X="199" Y="210" T="1062458" />
</Gesture>