﻿<?xml version="1.0" encoding="utf-8" standalone="yes"?>
<Gesture Name="pigtail01" Subject="1" Speed="slow" Number="1" NumPts="78" Millseconds="1194" AppName="Gestures" AppVer="3.5.0.0" Date="Monday, March 05, 2007" TimeOfDay="4:59:44 PM">
  <Point X="69" Y="226" T="1045781" />
  <Point X="71" Y="228" T="1045804" />
  <Point X="73" Y="228" T="1045820" />
  <Point X="75" Y="228" T="1045836" />
  <Point X="77" Y="227" T="1045848" />
  <Point X="80" Y="227" T="1045861" />
  <Point X="82" Y="226" T="1045873" />
  <Point X="84" Y="226" T="1045881" />
  <Point X="86" Y="224" T="1045889" />
  <Point X="88" Y="223" T="1045897" />
  <Point X="90" Y="221" T="1045905" />
  <Point X="92" Y="220" T="1045913" />
  <Point X="94" Y="219" T="1045921" />
  <Point X="96" Y="218" T="1045930" />
  <Point X="99" Y="216" T="1045937" />
  <Point X="101" Y="214" T="1045945" />
  <Point X="103" Y="213" T="1045953" />
  <Point X="106" Y="210" T="1045962" />
  <Point X="109" Y="208" T="1045971" />
  <Point X="111" Y="206" T="1045980" />
  <Point X="114" Y="204" T="1045990" />
  <Point X="116" Y="202" T="1046000" />
  <Point X="119" Y="198" T="1046002" />
  <Point X="122" Y="197" T="1046014" />
  <Point X="124" Y="194" T="1046024" />
  <Point X="126" Y="194" T="1046026" />
  <Point X="129" Y="191" T="1046037" />
  <Point X="131" Y="188" T="1046048" />
  <Point X="133" Y="185" T="1046050" />
  <Point X="135" Y="183" T="1046063" />
  <Point X="139" Y="179" T="1046075" />
  <Point X="140" Y="176" T="1046086" />
  <Point X="143" Y="170" T="1046098" />
  <Point X="145" Y="168" T="1046110" />
  <Point X="147" Y="162" T="1046122" />
  <Point X="147" Y="158" T="1046135" />
  <Point X="148" Y="156" T="1046148" />
  <Point X="149" Y="150" T="1046161" />
  <Point X="149" Y="144" T="1046174" />
  <Point X="150" Y="141" T="1046187" />
  <Point X="150" Y="138" T="1046200" />
  <Point X="149" Y="136" T="1046202" />
  <Point X="149" Y="131" T="1046218" />
  <Point X="148" Y="127" T="1046233" />
  <Point X="147" Y="125" T="1046248" />
  <Point X="145" Y="123" T="1046263" />
  <Point X="143" Y="122" T="1046278" />
  <Point X="141" Y="121" T="1046293" />
  <Point X="139" Y="120" T="1046309" />
  <Point X="136" Y="122" T="1046325" />
  <Point X="134" Y="123" T="1046340" />
  <Point X="129" Y="127" T="1046357" />
  <Point X="127" Y="129" T="1046373" />
  <Point X="123" Y="132" T="1046390" />
  <Point X="119" Y="138" T="1046407" />
  <Point X="117" Y="140" T="1046423" />
  <Point X="114" Y="145" T="1046440" />
  <Point X="113" Y="151" T="1046457" />
  <Point X="112" Y="156" T="1046475" />
  <Point X="111" Y="161" T="1046492" />
  <Point X="111" Y="167" T="1046510" />
  <Point X="112" Y="173" T="1046528" />
  <Point X="114" Y="181" T="1046546" />
  <Point X="115" Y="183" T="1046565" />
  <Point X="117" Y="190" T="1046583" />
  <Point X="120" Y="197" T="1046602" />
  <Point X="123" Y="205" T="1046622" />
  <Point X="127" Y="210" T="1046641" />
  <Point X="131" Y="215" T="1046661" />
  <Point X="138" Y="219" T="1046681" />
  <Point X="142" Y="221" T="1046701" />
  <Point X="149" Y="221" T="1046721" />
  <Point X="154" Y="222" T="1046741" />
  <Point X="156" Y="222" T="1046743" />
  <Point X="160" Y="223" T="1046766" />
  <Point X="162" Y="221" T="1046789" />
  <Point X="164" Y="222" T="1046811" />
  <Point X="166" Y="223" T="1046975" />
</Gesture>