﻿<?xml version="1.0" encoding="utf-8" standalone="yes"?>
<Gesture Name="pigtail04" Subject="1" Speed="slow" Number="4" NumPts="78" Millseconds="1243" AppName="Gestures" AppVer="3.5.0.0" Date="Monday, March 05, 2007" TimeOfDay="4:59:50 PM">
  <Point X="78" Y="229" T="1051704" />
  <Point X="80" Y="232" T="1051731" />
  <Point X="82" Y="231" T="1051748" />
  <Point X="84" Y="232" T="1051760" />
  <Point X="86" Y="231" T="1051772" />
  <Point X="88" Y="233" T="1051789" />
  <Point X="91" Y="233" T="1051805" />
  <Point X="93" Y="231" T="1051817" />
  <Point X="96" Y="231" T="1051829" />
  <Point X="98" Y="230" T="1051841" />
  <Point X="100" Y="229" T="1051849" />
  <Point X="102" Y="227" T="1051857" />
  <Point X="104" Y="225" T="1051865" />
  <Point X="107" Y="223" T="1051874" />
  <Point X="109" Y="221" T="1051881" />
  <Point X="111" Y="219" T="1051889" />
  <Point X="114" Y="217" T="1051897" />
  <Point X="116" Y="215" T="1051906" />
  <Point X="119" Y="213" T="1051915" />
  <Point X="121" Y="211" T="1051924" />
  <Point X="124" Y="209" T="1051934" />
  <Point X="126" Y="207" T="1051945" />
  <Point X="129" Y="205" T="1051946" />
  <Point X="131" Y="203" T="1051959" />
  <Point X="137" Y="199" T="1051970" />
  <Point X="139" Y="196" T="1051981" />
  <Point X="141" Y="194" T="1051992" />
  <Point X="144" Y="192" T="1051994" />
  <Point X="146" Y="190" T="1052008" />
  <Point X="150" Y="184" T="1052020" />
  <Point X="151" Y="182" T="1052032" />
  <Point X="153" Y="179" T="1052034" />
  <Point X="154" Y="177" T="1052049" />
  <Point X="155" Y="174" T="1052050" />
  <Point X="156" Y="171" T="1052065" />
  <Point X="156" Y="166" T="1052079" />
  <Point X="156" Y="161" T="1052093" />
  <Point X="156" Y="159" T="1052107" />
  <Point X="155" Y="154" T="1052121" />
  <Point X="153" Y="149" T="1052136" />
  <Point X="152" Y="146" T="1052150" />
  <Point X="151" Y="144" T="1052164" />
  <Point X="149" Y="142" T="1052165" />
  <Point X="147" Y="141" T="1052184" />
  <Point X="145" Y="139" T="1052199" />
  <Point X="142" Y="137" T="1052214" />
  <Point X="140" Y="137" T="1052230" />
  <Point X="138" Y="136" T="1052246" />
  <Point X="133" Y="137" T="1052262" />
  <Point X="131" Y="138" T="1052280" />
  <Point X="127" Y="142" T="1052298" />
  <Point X="124" Y="144" T="1052314" />
  <Point X="120" Y="149" T="1052332" />
  <Point X="118" Y="151" T="1052349" />
  <Point X="117" Y="154" T="1052350" />
  <Point X="115" Y="159" T="1052370" />
  <Point X="112" Y="168" T="1052389" />
  <Point X="111" Y="173" T="1052408" />
  <Point X="110" Y="181" T="1052427" />
  <Point X="110" Y="187" T="1052446" />
  <Point X="111" Y="195" T="1052466" />
  <Point X="113" Y="200" T="1052486" />
  <Point X="115" Y="205" T="1052506" />
  <Point X="118" Y="209" T="1052526" />
  <Point X="122" Y="214" T="1052547" />
  <Point X="125" Y="219" T="1052568" />
  <Point X="129" Y="224" T="1052589" />
  <Point X="134" Y="226" T="1052610" />
  <Point X="139" Y="228" T="1052630" />
  <Point X="144" Y="230" T="1052651" />
  <Point X="148" Y="231" T="1052673" />
  <Point X="155" Y="233" T="1052696" />
  <Point X="161" Y="232" T="1052719" />
  <Point X="165" Y="232" T="1052741" />
  <Point X="168" Y="231" T="1052764" />
  <Point X="170" Y="231" T="1052789" />
  <Point X="172" Y="231" T="1052812" />
  <Point X="174" Y="231" T="1052947" />
</Gesture>