﻿<?xml version="1.0" encoding="utf-8" standalone="yes"?>
<Gesture Name="pigtail05" Subject="1" Speed="slow" Number="5" NumPts="76" Millseconds="1101" AppName="Gestures" AppVer="3.5.0.0" Date="Monday, March 05, 2007" TimeOfDay="4:59:52 PM">
  <Point X="79" Y="226" T="1053945" />
  <Point X="81" Y="227" T="1053980" />
  <Point X="83" Y="226" T="1054000" />
  <Point X="85" Y="226" T="1054012" />
  <Point X="87" Y="226" T="1054023" />
  <Point X="90" Y="226" T="1054036" />
  <Point X="92" Y="225" T="1054044" />
  <Point X="94" Y="225" T="1054052" />
  <Point X="96" Y="225" T="1054060" />
  <Point X="98" Y="223" T="1054068" />
  <Point X="101" Y="221" T="1054076" />
  <Point X="104" Y="219" T="1054084" />
  <Point X="107" Y="217" T="1054092" />
  <Point X="110" Y="215" T="1054101" />
  <Point X="113" Y="214" T="1054109" />
  <Point X="116" Y="213" T="1054118" />
  <Point X="118" Y="211" T="1054127" />
  <Point X="122" Y="208" T="1054137" />
  <Point X="129" Y="203" T="1054147" />
  <Point X="132" Y="201" T="1054156" />
  <Point X="136" Y="199" T="1054166" />
  <Point X="139" Y="196" T="1054177" />
  <Point X="145" Y="191" T="1054188" />
  <Point X="147" Y="190" T="1054199" />
  <Point X="150" Y="189" T="1054210" />
  <Point X="152" Y="187" T="1054211" />
  <Point X="154" Y="184" T="1054227" />
  <Point X="158" Y="180" T="1054239" />
  <Point X="159" Y="178" T="1054251" />
  <Point X="161" Y="175" T="1054263" />
  <Point X="163" Y="170" T="1054276" />
  <Point X="164" Y="165" T="1054289" />
  <Point X="163" Y="163" T="1054300" />
  <Point X="163" Y="160" T="1054313" />
  <Point X="162" Y="156" T="1054331" />
  <Point X="161" Y="148" T="1054345" />
  <Point X="160" Y="146" T="1054359" />
  <Point X="159" Y="141" T="1054373" />
  <Point X="157" Y="139" T="1054388" />
  <Point X="156" Y="137" T="1054389" />
  <Point X="154" Y="134" T="1054406" />
  <Point X="152" Y="133" T="1054420" />
  <Point X="147" Y="130" T="1054440" />
  <Point X="143" Y="130" T="1054455" />
  <Point X="141" Y="131" T="1054471" />
  <Point X="139" Y="131" T="1054472" />
  <Point X="135" Y="133" T="1054489" />
  <Point X="132" Y="135" T="1054504" />
  <Point X="128" Y="139" T="1054522" />
  <Point X="126" Y="141" T="1054540" />
  <Point X="122" Y="151" T="1054558" />
  <Point X="121" Y="157" T="1054576" />
  <Point X="121" Y="162" T="1054594" />
  <Point X="120" Y="167" T="1054612" />
  <Point X="120" Y="176" T="1054633" />
  <Point X="121" Y="183" T="1054652" />
  <Point X="122" Y="190" T="1054673" />
  <Point X="124" Y="196" T="1054691" />
  <Point X="126" Y="200" T="1054711" />
  <Point X="129" Y="205" T="1054730" />
  <Point X="131" Y="210" T="1054752" />
  <Point X="136" Y="214" T="1054772" />
  <Point X="139" Y="219" T="1054791" />
  <Point X="142" Y="221" T="1054811" />
  <Point X="146" Y="224" T="1054832" />
  <Point X="150" Y="223" T="1054855" />
  <Point X="153" Y="223" T="1054876" />
  <Point X="155" Y="222" T="1054877" />
  <Point X="160" Y="222" T="1054900" />
  <Point X="165" Y="222" T="1054921" />
  <Point X="168" Y="221" T="1054946" />
  <Point X="170" Y="221" T="1054947" />
  <Point X="174" Y="220" T="1054970" />
  <Point X="177" Y="220" T="1054992" />
  <Point X="179" Y="219" T="1055014" />
  <Point X="181" Y="221" T="1055046" />
</Gesture>