﻿<?xml version="1.0" encoding="utf-8" standalone="yes"?>
<Gesture Name="pigtail06" Subject="1" Speed="slow" Number="6" NumPts="77" Millseconds="1065" AppName="Gestures" AppVer="3.5.0.0" Date="Monday, March 05, 2007" TimeOfDay="4:59:54 PM">
  <Point X="77" Y="222" T="1055963" />
  <Point X="79" Y="221" T="1056003" />
  <Point X="81" Y="221" T="1056023" />
  <Point X="84" Y="221" T="1056040" />
  <Point X="86" Y="220" T="1056055" />
  <Point X="88" Y="221" T="1056072" />
  <Point X="90" Y="221" T="1056084" />
  <Point X="93" Y="219" T="1056096" />
  <Point X="96" Y="217" T="1056108" />
  <Point X="98" Y="215" T="1056116" />
  <Point X="100" Y="214" T="1056124" />
  <Point X="102" Y="213" T="1056132" />
  <Point X="104" Y="212" T="1056140" />
  <Point X="106" Y="210" T="1056149" />
  <Point X="108" Y="209" T="1056156" />
  <Point X="110" Y="208" T="1056164" />
  <Point X="113" Y="206" T="1056173" />
  <Point X="115" Y="204" T="1056181" />
  <Point X="117" Y="202" T="1056190" />
  <Point X="120" Y="201" T="1056200" />
  <Point X="122" Y="199" T="1056210" />
  <Point X="128" Y="195" T="1056220" />
  <Point X="130" Y="192" T="1056231" />
  <Point X="133" Y="190" T="1056241" />
  <Point X="137" Y="185" T="1056253" />
  <Point X="140" Y="182" T="1056263" />
  <Point X="142" Y="179" T="1056275" />
  <Point X="146" Y="174" T="1056287" />
  <Point X="148" Y="172" T="1056299" />
  <Point X="152" Y="167" T="1056311" />
  <Point X="154" Y="164" T="1056323" />
  <Point X="155" Y="161" T="1056336" />
  <Point X="156" Y="158" T="1056337" />
  <Point X="157" Y="156" T="1056351" />
  <Point X="157" Y="153" T="1056352" />
  <Point X="158" Y="151" T="1056366" />
  <Point X="158" Y="145" T="1056380" />
  <Point X="157" Y="142" T="1056394" />
  <Point X="156" Y="137" T="1056409" />
  <Point X="155" Y="134" T="1056423" />
  <Point X="151" Y="129" T="1056437" />
  <Point X="148" Y="125" T="1056453" />
  <Point X="146" Y="124" T="1056467" />
  <Point X="144" Y="123" T="1056468" />
  <Point X="140" Y="121" T="1056485" />
  <Point X="136" Y="122" T="1056501" />
  <Point X="131" Y="123" T="1056517" />
  <Point X="127" Y="125" T="1056533" />
  <Point X="122" Y="127" T="1056551" />
  <Point X="121" Y="130" T="1056567" />
  <Point X="118" Y="132" T="1056569" />
  <Point X="116" Y="137" T="1056587" />
  <Point X="113" Y="147" T="1056603" />
  <Point X="112" Y="153" T="1056619" />
  <Point X="111" Y="155" T="1056620" />
  <Point X="111" Y="163" T="1056640" />
  <Point X="110" Y="169" T="1056659" />
  <Point X="111" Y="179" T="1056676" />
  <Point X="112" Y="184" T="1056693" />
  <Point X="113" Y="188" T="1056711" />
  <Point X="117" Y="197" T="1056728" />
  <Point X="119" Y="201" T="1056746" />
  <Point X="122" Y="206" T="1056764" />
  <Point X="126" Y="211" T="1056783" />
  <Point X="131" Y="213" T="1056801" />
  <Point X="136" Y="216" T="1056819" />
  <Point X="138" Y="216" T="1056821" />
  <Point X="142" Y="219" T="1056842" />
  <Point X="148" Y="220" T="1056862" />
  <Point X="154" Y="220" T="1056882" />
  <Point X="158" Y="218" T="1056902" />
  <Point X="163" Y="217" T="1056922" />
  <Point X="166" Y="217" T="1056942" />
  <Point X="170" Y="214" T="1056965" />
  <Point X="172" Y="214" T="1056985" />
  <Point X="174" Y="212" T="1057006" />
  <Point X="176" Y="211" T="1057028" />
</Gesture>