﻿<?xml version="1.0" encoding="utf-8" standalone="yes"?>
<Gesture Name="pigtail08" Subject="1" Speed="slow" Number="8" NumPts="74" Millseconds="1026" AppName="Gestures" AppVer="3.5.0.0" Date="Monday, March 05, 2007" TimeOfDay="4:59:58 PM">
  <Point X="73" Y="237" T="1059677" />
  <Point X="75" Y="237" T="1059722" />
  <Point X="77" Y="236" T="1059738" />
  <Point X="79" Y="238" T="1059749" />
  <Point X="81" Y="238" T="1059762" />
  <Point X="84" Y="237" T="1059774" />
  <Point X="86" Y="238" T="1059782" />
  <Point X="88" Y="237" T="1059790" />
  <Point X="90" Y="236" T="1059798" />
  <Point X="93" Y="234" T="1059806" />
  <Point X="95" Y="233" T="1059814" />
  <Point X="97" Y="232" T="1059822" />
  <Point X="100" Y="231" T="1059830" />
  <Point X="103" Y="229" T="1059839" />
  <Point X="106" Y="228" T="1059846" />
  <Point X="108" Y="226" T="1059854" />
  <Point X="111" Y="224" T="1059862" />
  <Point X="114" Y="223" T="1059870" />
  <Point X="118" Y="221" T="1059880" />
  <Point X="121" Y="218" T="1059889" />
  <Point X="124" Y="217" T="1059900" />
  <Point X="130" Y="211" T="1059910" />
  <Point X="133" Y="208" T="1059921" />
  <Point X="136" Y="206" T="1059931" />
  <Point X="141" Y="201" T="1059943" />
  <Point X="143" Y="199" T="1059955" />
  <Point X="145" Y="198" T="1059966" />
  <Point X="149" Y="191" T="1059978" />
  <Point X="151" Y="189" T="1059990" />
  <Point X="152" Y="187" T="1060002" />
  <Point X="153" Y="183" T="1060014" />
  <Point X="153" Y="180" T="1060026" />
  <Point X="154" Y="178" T="1060039" />
  <Point X="154" Y="176" T="1060051" />
  <Point X="153" Y="172" T="1060065" />
  <Point X="152" Y="169" T="1060078" />
  <Point X="150" Y="166" T="1060092" />
  <Point X="149" Y="162" T="1060106" />
  <Point X="146" Y="158" T="1060121" />
  <Point X="144" Y="155" T="1060135" />
  <Point X="142" Y="153" T="1060149" />
  <Point X="139" Y="150" T="1060164" />
  <Point X="136" Y="149" T="1060178" />
  <Point X="134" Y="148" T="1060193" />
  <Point X="132" Y="147" T="1060209" />
  <Point X="129" Y="146" T="1060211" />
  <Point X="127" Y="148" T="1060231" />
  <Point X="122" Y="150" T="1060248" />
  <Point X="120" Y="152" T="1060264" />
  <Point X="117" Y="156" T="1060282" />
  <Point X="114" Y="162" T="1060298" />
  <Point X="113" Y="167" T="1060316" />
  <Point X="112" Y="170" T="1060332" />
  <Point X="112" Y="175" T="1060351" />
  <Point X="112" Y="179" T="1060369" />
  <Point X="113" Y="187" T="1060387" />
  <Point X="114" Y="190" T="1060404" />
  <Point X="118" Y="199" T="1060423" />
  <Point X="120" Y="204" T="1060443" />
  <Point X="124" Y="208" T="1060462" />
  <Point X="127" Y="213" T="1060482" />
  <Point X="129" Y="214" T="1060483" />
  <Point X="134" Y="217" T="1060505" />
  <Point X="141" Y="222" T="1060525" />
  <Point X="147" Y="226" T="1060545" />
  <Point X="149" Y="226" T="1060547" />
  <Point X="155" Y="230" T="1060569" />
  <Point X="163" Y="230" T="1060589" />
  <Point X="171" Y="229" T="1060611" />
  <Point X="177" Y="226" T="1060633" />
  <Point X="179" Y="224" T="1060634" />
  <Point X="184" Y="222" T="1060659" />
  <Point X="187" Y="222" T="1060682" />
  <Point X="189" Y="221" T="1060703" />
</Gesture>