﻿<?xml version="1.0" encoding="utf-8" standalone="yes"?>
<Gesture Name="pigtail10" Subject="1" Speed="slow" Number="10" NumPts="73" Millseconds="1031" AppName="Gestures" AppVer="3.5.0.0" Date="Monday, March 05, 2007" TimeOfDay="5:00:01 PM">
  <Point X="67" Y="225" T="1063136" />
  <Point X="70" Y="225" T="1063200" />
  <Point X="72" Y="225" T="1063220" />
  <Point X="74" Y="225" T="1063232" />
  <Point X="76" Y="224" T="1063244" />
  <Point X="78" Y="225" T="1063256" />
  <Point X="80" Y="224" T="1063268" />
  <Point X="83" Y="225" T="1063280" />
  <Point X="85" Y="224" T="1063288" />
  <Point X="88" Y="224" T="1063296" />
  <Point X="90" Y="223" T="1063304" />
  <Point X="92" Y="221" T="1063312" />
  <Point X="95" Y="221" T="1063320" />
  <Point X="97" Y="220" T="1063329" />
  <Point X="100" Y="219" T="1063336" />
  <Point X="102" Y="217" T="1063344" />
  <Point X="105" Y="216" T="1063352" />
  <Point X="107" Y="214" T="1063361" />
  <Point X="110" Y="213" T="1063370" />
  <Point X="112" Y="211" T="1063380" />
  <Point X="115" Y="210" T="1063390" />
  <Point X="120" Y="207" T="1063401" />
  <Point X="122" Y="204" T="1063411" />
  <Point X="125" Y="201" T="1063422" />
  <Point X="129" Y="197" T="1063433" />
  <Point X="131" Y="195" T="1063444" />
  <Point X="133" Y="192" T="1063455" />
  <Point X="135" Y="189" T="1063457" />
  <Point X="137" Y="187" T="1063470" />
  <Point X="139" Y="184" T="1063483" />
  <Point X="142" Y="179" T="1063495" />
  <Point X="144" Y="177" T="1063508" />
  <Point X="147" Y="172" T="1063521" />
  <Point X="148" Y="169" T="1063534" />
  <Point X="149" Y="165" T="1063547" />
  <Point X="150" Y="160" T="1063561" />
  <Point X="150" Y="158" T="1063574" />
  <Point X="150" Y="156" T="1063587" />
  <Point X="150" Y="154" T="1063589" />
  <Point X="150" Y="151" T="1063603" />
  <Point X="149" Y="146" T="1063618" />
  <Point X="148" Y="141" T="1063636" />
  <Point X="147" Y="139" T="1063651" />
  <Point X="145" Y="134" T="1063666" />
  <Point X="142" Y="134" T="1063683" />
  <Point X="140" Y="132" T="1063698" />
  <Point X="135" Y="132" T="1063714" />
  <Point X="131" Y="134" T="1063731" />
  <Point X="127" Y="137" T="1063747" />
  <Point X="123" Y="141" T="1063764" />
  <Point X="117" Y="147" T="1063782" />
  <Point X="114" Y="152" T="1063799" />
  <Point X="110" Y="158" T="1063816" />
  <Point X="108" Y="162" T="1063817" />
  <Point X="106" Y="168" T="1063837" />
  <Point X="105" Y="173" T="1063855" />
  <Point X="107" Y="182" T="1063873" />
  <Point X="108" Y="187" T="1063891" />
  <Point X="112" Y="192" T="1063910" />
  <Point X="117" Y="198" T="1063930" />
  <Point X="121" Y="204" T="1063950" />
  <Point X="127" Y="210" T="1063970" />
  <Point X="131" Y="214" T="1063990" />
  <Point X="138" Y="219" T="1064011" />
  <Point X="143" Y="220" T="1064031" />
  <Point X="146" Y="221" T="1064033" />
  <Point X="152" Y="222" T="1064054" />
  <Point X="162" Y="221" T="1064075" />
  <Point X="170" Y="221" T="1064097" />
  <Point X="175" Y="220" T="1064119" />
  <Point X="177" Y="220" T="1064121" />
  <Point X="182" Y="218" T="1064146" />
  <Point X="184" Y="217" T="1064167" />
</Gesture>