﻿<?xml version="1.0" encoding="utf-8" standalone="yes"?>
<Gesture Name="pigtail02" Subject="1" Speed="slow" Number="2" NumPts="77" Millseconds="1134" AppName="Gestures" AppVer="3.5.0.0" Date="Monday, March 05, 2007" TimeOfDay="4:59:46 PM">
  <Point X="64" Y="226" T="1047823" />
  <Point X="66" Y="226" T="1047879" />
  <Point X="68" Y="227" T="1047900" />
  <Point X="70" Y="227" T="1047916" />
  <Point X="72" Y="226" T="1047932" />
  <Point X="75" Y="225" T="1047945" />
  <Point X="77" Y="225" T="1047956" />
  <Point X="80" Y="223" T="1047969" />
  <Point X="82" Y="222" T="1047977" />
  <Point X="84" Y="220" T="1047985" />
  <Point X="86" Y="219" T="1047993" />
  <Point X="88" Y="218" T="1048001" />
  <Point X="91" Y="215" T="1048010" />
  <Point X="93" Y="213" T="1048017" />
  <Point X="95" Y="212" T="1048025" />
  <Point X="98" Y="209" T="1048033" />
  <Point X="100" Y="207" T="1048042" />
  <Point X="102" Y="204" T="1048050" />
  <Point X="105" Y="202" T="1048059" />
  <Point X="107" Y="199" T="1048068" />
  <Point X="110" Y="197" T="1048077" />
  <Point X="112" Y="194" T="1048087" />
  <Point X="115" Y="191" T="1048097" />
  <Point X="117" Y="188" T="1048098" />
  <Point X="119" Y="186" T="1048108" />
  <Point X="122" Y="184" T="1048120" />
  <Point X="125" Y="178" T="1048131" />
  <Point X="128" Y="173" T="1048143" />
  <Point X="129" Y="171" T="1048154" />
  <Point X="131" Y="168" T="1048166" />
  <Point X="131" Y="163" T="1048177" />
  <Point X="132" Y="157" T="1048190" />
  <Point X="132" Y="153" T="1048202" />
  <Point X="132" Y="145" T="1048215" />
  <Point X="132" Y="143" T="1048227" />
  <Point X="131" Y="138" T="1048241" />
  <Point X="131" Y="136" T="1048254" />
  <Point X="131" Y="134" T="1048267" />
  <Point X="129" Y="132" T="1048281" />
  <Point X="127" Y="130" T="1048295" />
  <Point X="125" Y="130" T="1048311" />
  <Point X="123" Y="128" T="1048325" />
  <Point X="121" Y="128" T="1048339" />
  <Point X="119" Y="128" T="1048354" />
  <Point X="116" Y="129" T="1048369" />
  <Point X="114" Y="130" T="1048384" />
  <Point X="112" Y="131" T="1048385" />
  <Point X="111" Y="133" T="1048402" />
  <Point X="108" Y="138" T="1048418" />
  <Point X="107" Y="140" T="1048434" />
  <Point X="104" Y="147" T="1048450" />
  <Point X="102" Y="152" T="1048467" />
  <Point X="101" Y="158" T="1048483" />
  <Point X="101" Y="162" T="1048500" />
  <Point X="101" Y="166" T="1048517" />
  <Point X="101" Y="168" T="1048534" />
  <Point X="101" Y="173" T="1048552" />
  <Point X="102" Y="178" T="1048570" />
  <Point X="103" Y="181" T="1048588" />
  <Point X="105" Y="188" T="1048607" />
  <Point X="108" Y="193" T="1048625" />
  <Point X="108" Y="195" T="1048644" />
  <Point X="111" Y="201" T="1048664" />
  <Point X="115" Y="205" T="1048684" />
  <Point X="118" Y="210" T="1048704" />
  <Point X="122" Y="215" T="1048724" />
  <Point X="127" Y="218" T="1048744" />
  <Point X="129" Y="220" T="1048764" />
  <Point X="133" Y="223" T="1048784" />
  <Point X="140" Y="225" T="1048805" />
  <Point X="144" Y="224" T="1048826" />
  <Point X="152" Y="225" T="1048848" />
  <Point X="159" Y="224" T="1048869" />
  <Point X="164" Y="223" T="1048890" />
  <Point X="168" Y="222" T="1048912" />
  <Point X="172" Y="222" T="1048935" />
  <Point X="174" Y="221" T="1048957" />
</Gesture>