﻿<?xml version="1.0" encoding="utf-8" standalone="yes"?>
<Gesture Name="pigtail03" Subject="1" Speed="slow" Number="3" NumPts="79" Millseconds="1050" AppName="Gestures" AppVer="3.5.0.0" Date="Monday, March 05, 2007" TimeOfDay="4:59:48 PM">
  <Point X="75" Y="218" T="1049789" />
  <Point X="77" Y="219" T="1049812" />
  <Point X="80" Y="218" T="1049829" />
  <Point X="82" Y="218" T="1049841" />
  <Point X="85" Y="216" T="1049853" />
  <Point X="87" Y="216" T="1049865" />
  <Point X="89" Y="214" T="1049877" />
  <Point X="91" Y="214" T="1049889" />
  <Point X="94" Y="212" T="1049901" />
  <Point X="97" Y="211" T="1049913" />
  <Point X="99" Y="209" T="1049921" />
  <Point X="101" Y="207" T="1049929" />
  <Point X="103" Y="205" T="1049937" />
  <Point X="105" Y="203" T="1049945" />
  <Point X="107" Y="201" T="1049954" />
  <Point X="110" Y="198" T="1049962" />
  <Point X="112" Y="197" T="1049970" />
  <Point X="114" Y="194" T="1049978" />
  <Point X="116" Y="192" T="1049987" />
  <Point X="119" Y="189" T="1049996" />
  <Point X="120" Y="187" T="1050005" />
  <Point X="123" Y="183" T="1050014" />
  <Point X="125" Y="180" T="1050024" />
  <Point X="128" Y="177" T="1050033" />
  <Point X="130" Y="174" T="1050043" />
  <Point X="132" Y="173" T="1050053" />
  <Point X="134" Y="170" T="1050064" />
  <Point X="136" Y="167" T="1050075" />
  <Point X="140" Y="162" T="1050086" />
  <Point X="141" Y="160" T="1050097" />
  <Point X="143" Y="157" T="1050108" />
  <Point X="144" Y="155" T="1050121" />
  <Point X="145" Y="152" T="1050133" />
  <Point X="146" Y="150" T="1050144" />
  <Point X="146" Y="148" T="1050157" />
  <Point X="146" Y="146" T="1050169" />
  <Point X="146" Y="143" T="1050170" />
  <Point X="144" Y="140" T="1050185" />
  <Point X="143" Y="138" T="1050198" />
  <Point X="141" Y="136" T="1050210" />
  <Point X="138" Y="133" T="1050225" />
  <Point X="136" Y="131" T="1050238" />
  <Point X="134" Y="129" T="1050252" />
  <Point X="132" Y="127" T="1050266" />
  <Point X="129" Y="127" T="1050280" />
  <Point X="127" Y="126" T="1050295" />
  <Point X="122" Y="127" T="1050309" />
  <Point X="120" Y="130" T="1050324" />
  <Point X="117" Y="132" T="1050341" />
  <Point X="115" Y="136" T="1050357" />
  <Point X="113" Y="141" T="1050372" />
  <Point X="111" Y="145" T="1050388" />
  <Point X="111" Y="147" T="1050389" />
  <Point X="110" Y="152" T="1050409" />
  <Point X="110" Y="157" T="1050426" />
  <Point X="110" Y="161" T="1050443" />
  <Point X="111" Y="166" T="1050460" />
  <Point X="112" Y="171" T="1050477" />
  <Point X="113" Y="176" T="1050494" />
  <Point X="114" Y="181" T="1050511" />
  <Point X="117" Y="189" T="1050530" />
  <Point X="120" Y="196" T="1050549" />
  <Point X="122" Y="201" T="1050568" />
  <Point X="124" Y="206" T="1050586" />
  <Point X="127" Y="211" T="1050604" />
  <Point X="129" Y="214" T="1050606" />
  <Point X="133" Y="217" T="1050628" />
  <Point X="135" Y="219" T="1050630" />
  <Point X="139" Y="222" T="1050652" />
  <Point X="146" Y="226" T="1050672" />
  <Point X="151" Y="229" T="1050692" />
  <Point X="158" Y="233" T="1050712" />
  <Point X="162" Y="233" T="1050732" />
  <Point X="165" Y="233" T="1050733" />
  <Point X="170" Y="233" T="1050755" />
  <Point X="177" Y="233" T="1050776" />
  <Point X="181" Y="231" T="1050797" />
  <Point X="184" Y="229" T="1050818" />
  <Point X="186" Y="228" T="1050839" />
</Gesture>