﻿<?xml version="1.0" encoding="utf-8" standalone="yes"?>
<Gesture Name="question_mark05" Subject="1" Speed="slow" Number="5" NumPts="75" Millseconds="1235" AppName="Gestures" AppVer="3.5.0.0" Date="Monday, March 05, 2007" TimeOfDay="4:54:27 PM">
  <Point X="102" Y="170" T="728230" />
  <Point X="100" Y="168" T="728305" />
  <Point X="98" Y="167" T="728325" />
  <Point X="97" Y="165" T="728338" />
  <Point X="95" Y="165" T="728358" />
  <Point X="94" Y="162" T="728370" />
  <Point X="93" Y="159" T="728382" />
  <Point X="93" Y="157" T="728398" />
  <Point X="92" Y="155" T="728410" />
  <Point X="92" Y="153" T="728418" />
  <Point X="92" Y="151" T="728430" />
  <Point X="92" Y="148" T="728442" />
  <Point X="93" Y="146" T="728450" />
  <Point X="94" Y="144" T="728462" />
  <Point X="95" Y="141" T="728471" />
  <Point X="97" Y="139" T="728483" />
  <Point X="99" Y="137" T="728496" />
  <Point X="101" Y="135" T="728507" />
  <Point X="103" Y="134" T="728516" />
  <Point X="106" Y="133" T="728527" />
  <Point X="108" Y="132" T="728537" />
  <Point X="110" Y="131" T="728547" />
  <Point X="112" Y="130" T="728557" />
  <Point X="116" Y="129" T="728568" />
  <Point X="119" Y="128" T="728579" />
  <Point X="121" Y="128" T="728590" />
  <Point X="123" Y="129" T="728601" />
  <Point X="128" Y="127" T="728612" />
  <Point X="130" Y="127" T="728624" />
  <Point X="132" Y="127" T="728635" />
  <Point X="137" Y="127" T="728647" />
  <Point X="140" Y="126" T="728659" />
  <Point X="142" Y="128" T="728672" />
  <Point X="144" Y="129" T="728683" />
  <Point X="145" Y="131" T="728696" />
  <Point X="147" Y="133" T="728709" />
  <Point X="149" Y="134" T="728722" />
  <Point X="150" Y="136" T="728724" />
  <Point X="152" Y="139" T="728738" />
  <Point X="153" Y="142" T="728752" />
  <Point X="155" Y="147" T="728765" />
  <Point X="156" Y="152" T="728782" />
  <Point X="157" Y="158" T="728795" />
  <Point X="158" Y="160" T="728809" />
  <Point X="159" Y="165" T="728823" />
  <Point X="159" Y="168" T="728837" />
  <Point X="158" Y="173" T="728852" />
  <Point X="157" Y="177" T="728867" />
  <Point X="157" Y="179" T="728883" />
  <Point X="156" Y="181" T="728898" />
  <Point X="155" Y="184" T="728913" />
  <Point X="151" Y="189" T="728929" />
  <Point X="150" Y="192" T="728944" />
  <Point X="148" Y="194" T="728960" />
  <Point X="144" Y="199" T="728977" />
  <Point X="141" Y="200" T="728993" />
  <Point X="139" Y="203" T="729010" />
  <Point X="134" Y="205" T="729026" />
  <Point X="129" Y="206" T="729043" />
  <Point X="126" Y="206" T="729060" />
  <Point X="123" Y="206" T="729078" />
  <Point X="119" Y="206" T="729095" />
  <Point X="117" Y="207" T="729113" />
  <Point X="114" Y="206" T="729131" />
  <Point X="112" Y="208" T="729156" />
  <Point X="112" Y="210" T="729188" />
  <Point X="113" Y="212" T="729206" />
  <Point X="114" Y="214" T="729225" />
  <Point X="115" Y="219" T="729244" />
  <Point X="116" Y="222" T="729263" />
  <Point X="117" Y="227" T="729283" />
  <Point X="117" Y="229" T="729305" />
  <Point X="117" Y="232" T="729324" />
  <Point X="117" Y="234" T="729344" />
  <Point X="118" Y="232" T="729465" />
</Gesture>