﻿<?xml version="1.0" encoding="utf-8" standalone="yes"?>
<Gesture Name="question_mark06" Subject="1" Speed="slow" Number="6" NumPts="73" Millseconds="1245" AppName="Gestures" AppVer="3.5.0.0" Date="Monday, March 05, 2007" TimeOfDay="4:54:30 PM">
  <Point X="107" Y="159" T="731320" />
  <Point X="105" Y="158" T="731380" />
  <Point X="104" Y="156" T="731397" />
  <Point X="103" Y="153" T="731433" />
  <Point X="102" Y="151" T="731449" />
  <Point X="102" Y="149" T="731457" />
  <Point X="102" Y="147" T="731477" />
  <Point X="102" Y="145" T="731493" />
  <Point X="103" Y="142" T="731514" />
  <Point X="104" Y="139" T="731534" />
  <Point X="106" Y="137" T="731554" />
  <Point X="108" Y="135" T="731566" />
  <Point X="110" Y="134" T="731578" />
  <Point X="112" Y="132" T="731586" />
  <Point X="114" Y="132" T="731599" />
  <Point X="116" Y="130" T="731611" />
  <Point X="118" Y="129" T="731623" />
  <Point X="121" Y="128" T="731639" />
  <Point X="123" Y="127" T="731652" />
  <Point X="125" Y="126" T="731664" />
  <Point X="127" Y="126" T="731676" />
  <Point X="130" Y="126" T="731688" />
  <Point X="132" Y="125" T="731701" />
  <Point X="134" Y="126" T="731712" />
  <Point X="136" Y="126" T="731725" />
  <Point X="138" Y="126" T="731737" />
  <Point X="141" Y="128" T="731749" />
  <Point X="143" Y="128" T="731761" />
  <Point X="145" Y="131" T="731773" />
  <Point X="147" Y="131" T="731785" />
  <Point X="149" Y="133" T="731797" />
  <Point X="151" Y="136" T="731813" />
  <Point X="152" Y="138" T="731826" />
  <Point X="154" Y="140" T="731837" />
  <Point X="155" Y="142" T="731850" />
  <Point X="156" Y="144" T="731863" />
  <Point X="158" Y="149" T="731876" />
  <Point X="159" Y="151" T="731890" />
  <Point X="160" Y="154" T="731903" />
  <Point X="160" Y="158" T="731917" />
  <Point X="160" Y="162" T="731931" />
  <Point X="160" Y="165" T="731946" />
  <Point X="160" Y="167" T="731960" />
  <Point X="159" Y="172" T="731975" />
  <Point X="158" Y="174" T="731990" />
  <Point X="158" Y="176" T="732004" />
  <Point X="156" Y="179" T="732020" />
  <Point X="154" Y="181" T="732035" />
  <Point X="152" Y="183" T="732051" />
  <Point X="147" Y="186" T="732066" />
  <Point X="144" Y="186" T="732082" />
  <Point X="139" Y="187" T="732099" />
  <Point X="135" Y="187" T="732116" />
  <Point X="131" Y="188" T="732133" />
  <Point X="128" Y="189" T="732150" />
  <Point X="126" Y="188" T="732167" />
  <Point X="124" Y="187" T="732185" />
  <Point X="122" Y="187" T="732202" />
  <Point X="120" Y="187" T="732225" />
  <Point X="119" Y="189" T="732261" />
  <Point X="119" Y="191" T="732310" />
  <Point X="118" Y="193" T="732346" />
  <Point X="118" Y="196" T="732364" />
  <Point X="118" Y="201" T="732383" />
  <Point X="119" Y="206" T="732403" />
  <Point X="119" Y="210" T="732423" />
  <Point X="120" Y="216" T="732443" />
  <Point X="121" Y="220" T="732463" />
  <Point X="122" Y="225" T="732483" />
  <Point X="122" Y="229" T="732503" />
  <Point X="122" Y="234" T="732524" />
  <Point X="122" Y="238" T="732544" />
  <Point X="123" Y="240" T="732565" />
</Gesture>