﻿<?xml version="1.0" encoding="utf-8" standalone="yes"?>
<Gesture Name="question_mark03" Subject="1" Speed="slow" Number="3" NumPts="80" Millseconds="1327" AppName="Gestures" AppVer="3.5.0.0" Date="Monday, March 05, 2007" TimeOfDay="4:54:23 PM">
  <Point X="102" Y="164" T="723839" />
  <Point X="100" Y="163" T="723907" />
  <Point X="98" Y="161" T="723931" />
  <Point X="97" Y="158" T="723948" />
  <Point X="96" Y="156" T="723956" />
  <Point X="94" Y="154" T="723968" />
  <Point X="93" Y="152" T="723987" />
  <Point X="92" Y="149" T="723999" />
  <Point X="92" Y="147" T="724011" />
  <Point X="91" Y="145" T="724023" />
  <Point X="91" Y="142" T="724035" />
  <Point X="91" Y="140" T="724048" />
  <Point X="91" Y="138" T="724060" />
  <Point X="92" Y="136" T="724076" />
  <Point X="94" Y="134" T="724092" />
  <Point X="97" Y="132" T="724109" />
  <Point X="98" Y="130" T="724118" />
  <Point X="100" Y="129" T="724130" />
  <Point X="102" Y="128" T="724143" />
  <Point X="105" Y="126" T="724154" />
  <Point X="107" Y="125" T="724164" />
  <Point X="109" Y="125" T="724174" />
  <Point X="112" Y="124" T="724187" />
  <Point X="114" Y="123" T="724198" />
  <Point X="116" Y="124" T="724211" />
  <Point X="119" Y="123" T="724223" />
  <Point X="121" Y="123" T="724235" />
  <Point X="124" Y="124" T="724247" />
  <Point X="126" Y="123" T="724259" />
  <Point X="129" Y="123" T="724271" />
  <Point X="131" Y="122" T="724283" />
  <Point X="134" Y="123" T="724295" />
  <Point X="136" Y="124" T="724307" />
  <Point X="138" Y="126" T="724320" />
  <Point X="140" Y="127" T="724333" />
  <Point X="142" Y="128" T="724348" />
  <Point X="143" Y="130" T="724361" />
  <Point X="145" Y="132" T="724375" />
  <Point X="147" Y="135" T="724388" />
  <Point X="148" Y="140" T="724402" />
  <Point X="151" Y="141" T="724416" />
  <Point X="152" Y="144" T="724430" />
  <Point X="154" Y="146" T="724444" />
  <Point X="155" Y="151" T="724461" />
  <Point X="155" Y="156" T="724477" />
  <Point X="156" Y="159" T="724491" />
  <Point X="156" Y="161" T="724493" />
  <Point X="156" Y="164" T="724508" />
  <Point X="157" Y="170" T="724532" />
  <Point X="156" Y="172" T="724548" />
  <Point X="155" Y="176" T="724564" />
  <Point X="154" Y="179" T="724581" />
  <Point X="153" Y="182" T="724597" />
  <Point X="151" Y="186" T="724614" />
  <Point X="150" Y="188" T="724631" />
  <Point X="149" Y="191" T="724633" />
  <Point X="147" Y="192" T="724651" />
  <Point X="145" Y="194" T="724667" />
  <Point X="143" Y="196" T="724668" />
  <Point X="140" Y="196" T="724687" />
  <Point X="135" Y="198" T="724705" />
  <Point X="133" Y="198" T="724723" />
  <Point X="129" Y="199" T="724741" />
  <Point X="127" Y="198" T="724759" />
  <Point X="125" Y="198" T="724777" />
  <Point X="123" Y="199" T="724827" />
  <Point X="122" Y="201" T="724858" />
  <Point X="122" Y="203" T="724877" />
  <Point X="121" Y="205" T="724906" />
  <Point X="120" Y="208" T="724934" />
  <Point X="120" Y="210" T="724953" />
  <Point X="120" Y="214" T="724973" />
  <Point X="121" Y="216" T="724993" />
  <Point X="121" Y="219" T="725013" />
  <Point X="121" Y="223" T="725033" />
  <Point X="121" Y="225" T="725054" />
  <Point X="121" Y="227" T="725074" />
  <Point X="120" Y="229" T="725095" />
  <Point X="120" Y="232" T="725115" />
  <Point X="121" Y="234" T="725166" />
</Gesture>