﻿<?xml version="1.0" encoding="utf-8" standalone="yes"?>
<Gesture Name="question_mark02" Subject="1" Speed="slow" Number="2" NumPts="76" Millseconds="1298" AppName="Gestures" AppVer="3.5.0.0" Date="Monday, March 05, 2007" TimeOfDay="4:54:21 PM">
  <Point X="94" Y="162" T="721765" />
  <Point X="94" Y="160" T="721796" />
  <Point X="93" Y="158" T="721824" />
  <Point X="91" Y="157" T="721853" />
  <Point X="89" Y="155" T="721874" />
  <Point X="89" Y="153" T="721886" />
  <Point X="88" Y="150" T="721898" />
  <Point X="88" Y="147" T="721914" />
  <Point X="88" Y="145" T="721922" />
  <Point X="87" Y="143" T="721943" />
  <Point X="87" Y="141" T="721955" />
  <Point X="88" Y="138" T="721975" />
  <Point X="88" Y="136" T="721987" />
  <Point X="89" Y="134" T="721996" />
  <Point X="89" Y="132" T="722003" />
  <Point X="91" Y="130" T="722016" />
  <Point X="92" Y="127" T="722029" />
  <Point X="95" Y="125" T="722048" />
  <Point X="97" Y="124" T="722065" />
  <Point X="99" Y="121" T="722077" />
  <Point X="101" Y="119" T="722090" />
  <Point X="103" Y="119" T="722101" />
  <Point X="105" Y="117" T="722114" />
  <Point X="107" Y="117" T="722126" />
  <Point X="110" Y="116" T="722138" />
  <Point X="112" Y="116" T="722150" />
  <Point X="114" Y="115" T="722162" />
  <Point X="116" Y="115" T="722174" />
  <Point X="119" Y="116" T="722186" />
  <Point X="121" Y="115" T="722198" />
  <Point X="123" Y="115" T="722210" />
  <Point X="126" Y="116" T="722222" />
  <Point X="128" Y="116" T="722235" />
  <Point X="130" Y="118" T="722250" />
  <Point X="131" Y="120" T="722263" />
  <Point X="134" Y="122" T="722275" />
  <Point X="136" Y="124" T="722290" />
  <Point X="138" Y="125" T="722303" />
  <Point X="140" Y="128" T="722316" />
  <Point X="141" Y="130" T="722330" />
  <Point X="143" Y="133" T="722344" />
  <Point X="145" Y="138" T="722358" />
  <Point X="146" Y="141" T="722374" />
  <Point X="147" Y="143" T="722388" />
  <Point X="148" Y="146" T="722403" />
  <Point X="148" Y="149" T="722418" />
  <Point X="149" Y="151" T="722433" />
  <Point X="149" Y="153" T="722435" />
  <Point X="148" Y="156" T="722453" />
  <Point X="147" Y="158" T="722471" />
  <Point X="144" Y="162" T="722489" />
  <Point X="143" Y="164" T="722506" />
  <Point X="140" Y="166" T="722523" />
  <Point X="139" Y="168" T="722542" />
  <Point X="134" Y="170" T="722561" />
  <Point X="132" Y="171" T="722580" />
  <Point X="128" Y="173" T="722601" />
  <Point X="123" Y="175" T="722621" />
  <Point X="118" Y="177" T="722642" />
  <Point X="116" Y="178" T="722662" />
  <Point X="112" Y="180" T="722684" />
  <Point X="110" Y="181" T="722703" />
  <Point X="108" Y="182" T="722722" />
  <Point X="106" Y="183" T="722745" />
  <Point X="106" Y="185" T="722858" />
  <Point X="106" Y="187" T="722877" />
  <Point X="106" Y="189" T="722898" />
  <Point X="106" Y="191" T="722899" />
  <Point X="107" Y="194" T="722921" />
  <Point X="107" Y="200" T="722941" />
  <Point X="107" Y="203" T="722943" />
  <Point X="108" Y="210" T="722964" />
  <Point X="108" Y="218" T="722989" />
  <Point X="108" Y="226" T="723013" />
  <Point X="109" Y="233" T="723038" />
  <Point X="109" Y="238" T="723063" />
</Gesture>