﻿<?xml version="1.0" encoding="utf-8" standalone="yes"?>
<Gesture Name="question_mark09" Subject="1" Speed="slow" Number="9" NumPts="70" Millseconds="1443" AppName="Gestures" AppVer="3.5.0.0" Date="Monday, March 05, 2007" TimeOfDay="4:54:38 PM">
  <Point X="118" Y="143" T="738733" />
  <Point X="115" Y="142" T="738818" />
  <Point X="113" Y="142" T="738834" />
  <Point X="111" Y="141" T="738851" />
  <Point X="109" Y="138" T="738867" />
  <Point X="107" Y="137" T="738888" />
  <Point X="106" Y="135" T="738900" />
  <Point X="105" Y="133" T="738916" />
  <Point X="105" Y="131" T="738932" />
  <Point X="105" Y="128" T="738944" />
  <Point X="106" Y="126" T="738965" />
  <Point X="108" Y="124" T="738981" />
  <Point X="110" Y="121" T="738996" />
  <Point X="112" Y="119" T="739005" />
  <Point X="114" Y="118" T="739016" />
  <Point X="117" Y="115" T="739029" />
  <Point X="119" Y="114" T="739041" />
  <Point X="122" Y="112" T="739053" />
  <Point X="124" Y="112" T="739065" />
  <Point X="126" Y="111" T="739074" />
  <Point X="128" Y="110" T="739084" />
  <Point X="130" Y="109" T="739094" />
  <Point X="133" Y="110" T="739104" />
  <Point X="135" Y="108" T="739114" />
  <Point X="138" Y="109" T="739125" />
  <Point X="140" Y="109" T="739138" />
  <Point X="142" Y="110" T="739150" />
  <Point X="144" Y="112" T="739162" />
  <Point X="146" Y="114" T="739174" />
  <Point X="148" Y="115" T="739186" />
  <Point X="150" Y="117" T="739198" />
  <Point X="151" Y="119" T="739212" />
  <Point X="153" Y="122" T="739224" />
  <Point X="155" Y="125" T="739238" />
  <Point X="155" Y="127" T="739251" />
  <Point X="156" Y="132" T="739264" />
  <Point X="157" Y="134" T="739277" />
  <Point X="158" Y="139" T="739291" />
  <Point X="159" Y="141" T="739304" />
  <Point X="159" Y="143" T="739318" />
  <Point X="159" Y="145" T="739332" />
  <Point X="159" Y="148" T="739347" />
  <Point X="160" Y="150" T="739362" />
  <Point X="159" Y="152" T="739376" />
  <Point X="158" Y="157" T="739391" />
  <Point X="156" Y="160" T="739406" />
  <Point X="154" Y="162" T="739421" />
  <Point X="152" Y="164" T="739437" />
  <Point X="150" Y="164" T="739453" />
  <Point X="145" Y="168" T="739470" />
  <Point X="140" Y="168" T="739486" />
  <Point X="136" Y="168" T="739503" />
  <Point X="131" Y="170" T="739520" />
  <Point X="127" Y="171" T="739537" />
  <Point X="125" Y="171" T="739554" />
  <Point X="123" Y="173" T="739555" />
  <Point X="121" Y="172" T="739574" />
  <Point X="119" Y="174" T="739603" />
  <Point X="119" Y="176" T="739658" />
  <Point X="119" Y="178" T="739678" />
  <Point X="120" Y="181" T="739703" />
  <Point X="120" Y="185" T="739722" />
  <Point X="121" Y="190" T="739740" />
  <Point X="122" Y="196" T="739760" />
  <Point X="122" Y="201" T="739779" />
  <Point X="123" Y="206" T="739798" />
  <Point X="123" Y="210" T="739821" />
  <Point X="123" Y="212" T="739841" />
  <Point X="123" Y="215" T="739903" />
  <Point X="123" Y="213" T="740176" />
</Gesture>