﻿<?xml version="1.0" encoding="utf-8" standalone="yes"?>
<Gesture Name="question_mark01" Subject="1" Speed="slow" Number="1" NumPts="86" Millseconds="1595" AppName="Gestures" AppVer="3.5.0.0" Date="Monday, March 05, 2007" TimeOfDay="4:54:19 PM">
  <Point X="106" Y="154" T="719229" />
  <Point X="104" Y="155" T="719274" />
  <Point X="103" Y="152" T="719301" />
  <Point X="101" Y="152" T="719334" />
  <Point X="100" Y="150" T="719355" />
  <Point X="99" Y="147" T="719367" />
  <Point X="98" Y="145" T="719383" />
  <Point X="96" Y="143" T="719399" />
  <Point X="96" Y="141" T="719407" />
  <Point X="96" Y="139" T="719424" />
  <Point X="95" Y="136" T="719444" />
  <Point X="95" Y="134" T="719460" />
  <Point X="96" Y="132" T="719468" />
  <Point X="97" Y="130" T="719489" />
  <Point X="98" Y="127" T="719500" />
  <Point X="100" Y="126" T="719520" />
  <Point X="102" Y="123" T="719533" />
  <Point X="104" Y="122" T="719549" />
  <Point X="105" Y="120" T="719557" />
  <Point X="108" Y="119" T="719573" />
  <Point X="110" Y="117" T="719585" />
  <Point X="112" Y="117" T="719601" />
  <Point X="114" Y="116" T="719616" />
  <Point X="116" Y="115" T="719633" />
  <Point X="118" Y="116" T="719649" />
  <Point X="120" Y="116" T="719669" />
  <Point X="122" Y="116" T="719685" />
  <Point X="124" Y="115" T="719701" />
  <Point X="126" Y="115" T="719721" />
  <Point X="128" Y="117" T="719749" />
  <Point X="130" Y="119" T="719769" />
  <Point X="132" Y="121" T="719789" />
  <Point X="134" Y="122" T="719810" />
  <Point X="136" Y="123" T="719826" />
  <Point X="138" Y="125" T="719851" />
  <Point X="140" Y="127" T="719872" />
  <Point X="141" Y="129" T="719888" />
  <Point X="142" Y="132" T="719902" />
  <Point X="143" Y="134" T="719916" />
  <Point X="146" Y="136" T="719931" />
  <Point X="147" Y="138" T="719945" />
  <Point X="148" Y="141" T="719960" />
  <Point X="150" Y="143" T="719974" />
  <Point X="151" Y="146" T="719989" />
  <Point X="151" Y="148" T="720006" />
  <Point X="153" Y="150" T="720023" />
  <Point X="153" Y="153" T="720024" />
  <Point X="154" Y="155" T="720040" />
  <Point X="154" Y="158" T="720056" />
  <Point X="153" Y="160" T="720071" />
  <Point X="152" Y="163" T="720087" />
  <Point X="151" Y="166" T="720104" />
  <Point X="150" Y="169" T="720120" />
  <Point X="148" Y="171" T="720137" />
  <Point X="146" Y="173" T="720153" />
  <Point X="144" Y="175" T="720170" />
  <Point X="141" Y="176" T="720188" />
  <Point X="139" Y="177" T="720206" />
  <Point X="135" Y="179" T="720224" />
  <Point X="133" Y="180" T="720242" />
  <Point X="129" Y="180" T="720260" />
  <Point X="126" Y="180" T="720278" />
  <Point X="124" Y="181" T="720280" />
  <Point X="122" Y="182" T="720299" />
  <Point X="120" Y="181" T="720318" />
  <Point X="118" Y="181" T="720339" />
  <Point X="116" Y="181" T="720371" />
  <Point X="114" Y="181" T="720465" />
  <Point X="113" Y="184" T="720485" />
  <Point X="113" Y="186" T="720509" />
  <Point X="113" Y="188" T="720528" />
  <Point X="114" Y="190" T="720530" />
  <Point X="114" Y="196" T="720552" />
  <Point X="114" Y="201" T="720572" />
  <Point X="115" Y="208" T="720593" />
  <Point X="115" Y="211" T="720594" />
  <Point X="115" Y="216" T="720617" />
  <Point X="115" Y="224" T="720638" />
  <Point X="116" Y="230" T="720660" />
  <Point X="117" Y="237" T="720681" />
  <Point X="118" Y="240" T="720702" />
  <Point X="118" Y="242" T="720724" />
  <Point X="118" Y="244" T="720726" />
  <Point X="118" Y="247" T="720769" />
  <Point X="118" Y="245" T="720802" />
  <Point X="117" Y="242" T="720824" />
</Gesture>