﻿<?xml version="1.0" encoding="utf-8" standalone="yes"?>
<Gesture Name="question_mark07" Subject="1" Speed="slow" Number="7" NumPts="73" Millseconds="1377" AppName="Gestures" AppVer="3.5.0.0" Date="Monday, March 05, 2007" TimeOfDay="4:54:33 PM">
  <Point X="103" Y="157" T="733736" />
  <Point X="102" Y="159" T="733784" />
  <Point X="100" Y="159" T="733835" />
  <Point X="99" Y="157" T="733855" />
  <Point X="99" Y="155" T="733871" />
  <Point X="98" Y="153" T="733888" />
  <Point X="98" Y="150" T="733904" />
  <Point X="98" Y="148" T="733917" />
  <Point X="98" Y="146" T="733930" />
  <Point X="99" Y="144" T="733944" />
  <Point X="100" Y="142" T="733957" />
  <Point X="101" Y="139" T="733976" />
  <Point X="102" Y="137" T="733984" />
  <Point X="104" Y="135" T="734002" />
  <Point X="106" Y="132" T="734014" />
  <Point X="108" Y="130" T="734031" />
  <Point X="110" Y="128" T="734044" />
  <Point X="113" Y="127" T="734056" />
  <Point X="115" Y="126" T="734068" />
  <Point X="117" Y="125" T="734077" />
  <Point X="120" Y="124" T="734089" />
  <Point X="122" Y="124" T="734099" />
  <Point X="124" Y="123" T="734109" />
  <Point X="127" Y="122" T="734119" />
  <Point X="129" Y="123" T="734129" />
  <Point X="132" Y="123" T="734141" />
  <Point X="134" Y="124" T="734152" />
  <Point X="136" Y="124" T="734163" />
  <Point X="138" Y="125" T="734174" />
  <Point X="140" Y="126" T="734186" />
  <Point X="143" Y="126" T="734198" />
  <Point X="145" Y="128" T="734210" />
  <Point X="147" Y="131" T="734223" />
  <Point X="151" Y="135" T="734235" />
  <Point X="153" Y="138" T="734249" />
  <Point X="154" Y="140" T="734261" />
  <Point X="156" Y="143" T="734277" />
  <Point X="157" Y="145" T="734289" />
  <Point X="157" Y="148" T="734303" />
  <Point X="157" Y="150" T="734317" />
  <Point X="157" Y="152" T="734318" />
  <Point X="158" Y="155" T="734333" />
  <Point X="158" Y="158" T="734349" />
  <Point X="158" Y="160" T="734364" />
  <Point X="157" Y="164" T="734379" />
  <Point X="157" Y="167" T="734394" />
  <Point X="155" Y="171" T="734409" />
  <Point X="153" Y="174" T="734429" />
  <Point X="151" Y="176" T="734445" />
  <Point X="149" Y="177" T="734460" />
  <Point X="147" Y="178" T="734462" />
  <Point X="145" Y="179" T="734480" />
  <Point X="142" Y="180" T="734496" />
  <Point X="139" Y="182" T="734498" />
  <Point X="137" Y="182" T="734515" />
  <Point X="132" Y="183" T="734538" />
  <Point X="128" Y="185" T="734556" />
  <Point X="125" Y="185" T="734573" />
  <Point X="123" Y="185" T="734591" />
  <Point X="121" Y="187" T="734609" />
  <Point X="119" Y="187" T="734642" />
  <Point X="117" Y="189" T="734763" />
  <Point X="116" Y="192" T="734792" />
  <Point X="116" Y="195" T="734820" />
  <Point X="116" Y="197" T="734839" />
  <Point X="117" Y="205" T="734859" />
  <Point X="117" Y="211" T="734879" />
  <Point X="117" Y="215" T="734898" />
  <Point X="118" Y="222" T="734919" />
  <Point X="118" Y="224" T="734938" />
  <Point X="119" Y="227" T="734959" />
  <Point X="119" Y="229" T="734980" />
  <Point X="119" Y="227" T="735113" />
</Gesture>