﻿<?xml version="1.0" encoding="utf-8" standalone="yes"?>
<Gesture Name="question_mark04" Subject="1" Speed="slow" Number="4" NumPts="73" Millseconds="1081" AppName="Gestures" AppVer="3.5.0.0" Date="Monday, March 05, 2007" TimeOfDay="4:54:25 PM">
  <Point X="104" Y="171" T="726100" />
  <Point X="103" Y="169" T="726192" />
  <Point X="102" Y="167" T="726209" />
  <Point X="102" Y="165" T="726217" />
  <Point X="101" Y="163" T="726230" />
  <Point X="101" Y="161" T="726242" />
  <Point X="101" Y="159" T="726250" />
  <Point X="101" Y="156" T="726266" />
  <Point X="101" Y="154" T="726274" />
  <Point X="101" Y="151" T="726286" />
  <Point X="101" Y="148" T="726294" />
  <Point X="101" Y="146" T="726306" />
  <Point X="101" Y="144" T="726318" />
  <Point X="102" Y="141" T="726335" />
  <Point X="103" Y="139" T="726347" />
  <Point X="105" Y="136" T="726364" />
  <Point X="107" Y="134" T="726376" />
  <Point X="109" Y="132" T="726389" />
  <Point X="112" Y="131" T="726400" />
  <Point X="114" Y="129" T="726409" />
  <Point X="117" Y="128" T="726417" />
  <Point X="119" Y="127" T="726427" />
  <Point X="121" Y="126" T="726436" />
  <Point X="123" Y="127" T="726446" />
  <Point X="125" Y="126" T="726456" />
  <Point X="128" Y="127" T="726466" />
  <Point X="130" Y="126" T="726476" />
  <Point X="132" Y="126" T="726477" />
  <Point X="134" Y="127" T="726489" />
  <Point X="139" Y="128" T="726501" />
  <Point X="141" Y="128" T="726512" />
  <Point X="143" Y="129" T="726523" />
  <Point X="146" Y="130" T="726535" />
  <Point X="149" Y="131" T="726546" />
  <Point X="151" Y="133" T="726558" />
  <Point X="154" Y="135" T="726571" />
  <Point X="156" Y="137" T="726583" />
  <Point X="159" Y="142" T="726596" />
  <Point X="161" Y="144" T="726609" />
  <Point X="163" Y="148" T="726622" />
  <Point X="164" Y="150" T="726635" />
  <Point X="165" Y="156" T="726649" />
  <Point X="165" Y="161" T="726662" />
  <Point X="165" Y="164" T="726676" />
  <Point X="164" Y="170" T="726690" />
  <Point X="163" Y="172" T="726705" />
  <Point X="162" Y="178" T="726719" />
  <Point X="160" Y="181" T="726734" />
  <Point X="158" Y="184" T="726749" />
  <Point X="156" Y="186" T="726764" />
  <Point X="155" Y="189" T="726765" />
  <Point X="153" Y="191" T="726782" />
  <Point X="150" Y="192" T="726798" />
  <Point X="145" Y="196" T="726813" />
  <Point X="142" Y="198" T="726830" />
  <Point X="140" Y="199" T="726846" />
  <Point X="134" Y="202" T="726862" />
  <Point X="132" Y="202" T="726879" />
  <Point X="127" Y="203" T="726896" />
  <Point X="125" Y="203" T="726913" />
  <Point X="122" Y="202" T="726931" />
  <Point X="118" Y="203" T="726948" />
  <Point X="117" Y="205" T="726968" />
  <Point X="115" Y="208" T="727001" />
  <Point X="115" Y="210" T="727025" />
  <Point X="116" Y="212" T="727043" />
  <Point X="116" Y="214" T="727062" />
  <Point X="117" Y="219" T="727081" />
  <Point X="117" Y="221" T="727100" />
  <Point X="118" Y="225" T="727119" />
  <Point X="119" Y="232" T="727142" />
  <Point X="119" Y="237" T="727161" />
  <Point X="119" Y="239" T="727181" />
</Gesture>