﻿<?xml version="1.0" encoding="utf-8" standalone="yes"?>
<Gesture Name="question_mark08" Subject="1" Speed="slow" Number="8" NumPts="68" Millseconds="1514" AppName="Gestures" AppVer="3.5.0.0" Date="Monday, March 05, 2007" TimeOfDay="4:54:36 PM">
  <Point X="108" Y="158" T="736249" />
  <Point X="106" Y="158" T="736297" />
  <Point X="104" Y="159" T="736338" />
  <Point X="103" Y="157" T="736359" />
  <Point X="102" Y="155" T="736375" />
  <Point X="99" Y="153" T="736396" />
  <Point X="99" Y="150" T="736408" />
  <Point X="98" Y="148" T="736420" />
  <Point X="97" Y="145" T="736432" />
  <Point X="97" Y="142" T="736444" />
  <Point X="97" Y="140" T="736457" />
  <Point X="97" Y="138" T="736465" />
  <Point X="98" Y="135" T="736481" />
  <Point X="99" Y="133" T="736496" />
  <Point X="100" Y="131" T="736508" />
  <Point X="103" Y="128" T="736521" />
  <Point X="105" Y="126" T="736534" />
  <Point X="107" Y="125" T="736542" />
  <Point X="108" Y="123" T="736552" />
  <Point X="111" Y="122" T="736561" />
  <Point X="113" Y="121" T="736571" />
  <Point X="115" Y="119" T="736581" />
  <Point X="117" Y="119" T="736583" />
  <Point X="120" Y="116" T="736595" />
  <Point X="122" Y="116" T="736605" />
  <Point X="125" Y="116" T="736616" />
  <Point X="128" Y="116" T="736627" />
  <Point X="133" Y="115" T="736639" />
  <Point X="136" Y="115" T="736650" />
  <Point X="138" Y="116" T="736662" />
  <Point X="141" Y="116" T="736663" />
  <Point X="143" Y="116" T="736676" />
  <Point X="148" Y="118" T="736690" />
  <Point X="150" Y="118" T="736705" />
  <Point X="154" Y="121" T="736719" />
  <Point X="156" Y="123" T="736732" />
  <Point X="158" Y="125" T="736746" />
  <Point X="159" Y="131" T="736761" />
  <Point X="161" Y="136" T="736776" />
  <Point X="162" Y="141" T="736792" />
  <Point X="162" Y="146" T="736808" />
  <Point X="161" Y="150" T="736824" />
  <Point X="161" Y="153" T="736839" />
  <Point X="159" Y="157" T="736856" />
  <Point X="158" Y="159" T="736873" />
  <Point X="155" Y="163" T="736890" />
  <Point X="153" Y="165" T="736906" />
  <Point X="147" Y="169" T="736924" />
  <Point X="143" Y="170" T="736942" />
  <Point X="139" Y="172" T="736960" />
  <Point X="132" Y="175" T="736979" />
  <Point X="128" Y="176" T="736997" />
  <Point X="124" Y="178" T="737015" />
  <Point X="119" Y="182" T="737035" />
  <Point X="117" Y="182" T="737053" />
  <Point X="115" Y="184" T="737070" />
  <Point X="113" Y="185" T="737089" />
  <Point X="113" Y="187" T="737245" />
  <Point X="113" Y="189" T="737262" />
  <Point X="113" Y="191" T="737281" />
  <Point X="114" Y="194" T="737282" />
  <Point X="114" Y="199" T="737302" />
  <Point X="114" Y="207" T="737324" />
  <Point X="114" Y="215" T="737343" />
  <Point X="114" Y="218" T="737363" />
  <Point X="114" Y="220" T="737383" />
  <Point X="115" Y="225" T="737405" />
  <Point X="115" Y="223" T="737763" />
</Gesture>