﻿<?xml version="1.0" encoding="utf-8" standalone="yes"?>
<Gesture Name="question_mark10" Subject="1" Speed="slow" Number="10" NumPts="67" Millseconds="1294" AppName="Gestures" AppVer="3.5.0.0" Date="Monday, March 05, 2007" TimeOfDay="4:54:40 PM">
  <Point X="108" Y="147" T="741331" />
  <Point X="106" Y="147" T="741412" />
  <Point X="104" Y="147" T="741436" />
  <Point X="101" Y="145" T="741455" />
  <Point X="99" Y="144" T="741471" />
  <Point X="98" Y="142" T="741483" />
  <Point X="98" Y="140" T="741500" />
  <Point X="97" Y="137" T="741511" />
  <Point X="97" Y="135" T="741523" />
  <Point X="98" Y="132" T="741539" />
  <Point X="99" Y="130" T="741555" />
  <Point X="100" Y="128" T="741563" />
  <Point X="103" Y="126" T="741580" />
  <Point X="104" Y="123" T="741588" />
  <Point X="106" Y="122" T="741604" />
  <Point X="108" Y="121" T="741621" />
  <Point X="110" Y="119" T="741634" />
  <Point X="112" Y="119" T="741646" />
  <Point X="115" Y="117" T="741658" />
  <Point X="117" Y="116" T="741670" />
  <Point X="120" Y="115" T="741682" />
  <Point X="122" Y="115" T="741694" />
  <Point X="124" Y="114" T="741707" />
  <Point X="126" Y="113" T="741718" />
  <Point X="128" Y="113" T="741731" />
  <Point X="131" Y="114" T="741747" />
  <Point X="133" Y="114" T="741759" />
  <Point X="135" Y="115" T="741771" />
  <Point X="138" Y="115" T="741787" />
  <Point X="140" Y="117" T="741803" />
  <Point X="142" Y="119" T="741820" />
  <Point X="143" Y="122" T="741836" />
  <Point X="144" Y="125" T="741849" />
  <Point X="145" Y="127" T="741863" />
  <Point X="146" Y="129" T="741877" />
  <Point X="147" Y="131" T="741891" />
  <Point X="147" Y="136" T="741906" />
  <Point X="147" Y="139" T="741920" />
  <Point X="146" Y="142" T="741935" />
  <Point X="145" Y="146" T="741950" />
  <Point X="144" Y="149" T="741964" />
  <Point X="144" Y="152" T="741980" />
  <Point X="142" Y="156" T="741996" />
  <Point X="140" Y="159" T="742011" />
  <Point X="138" Y="161" T="742026" />
  <Point X="136" Y="163" T="742042" />
  <Point X="134" Y="165" T="742059" />
  <Point X="130" Y="166" T="742077" />
  <Point X="127" Y="167" T="742094" />
  <Point X="125" Y="166" T="742111" />
  <Point X="123" Y="166" T="742130" />
  <Point X="119" Y="166" T="742149" />
  <Point X="117" Y="166" T="742166" />
  <Point X="115" Y="167" T="742184" />
  <Point X="113" Y="169" T="742202" />
  <Point X="111" Y="171" T="742249" />
  <Point X="111" Y="173" T="742276" />
  <Point X="111" Y="176" T="742292" />
  <Point X="112" Y="181" T="742313" />
  <Point X="112" Y="186" T="742332" />
  <Point X="113" Y="191" T="742352" />
  <Point X="113" Y="200" T="742373" />
  <Point X="114" Y="204" T="742398" />
  <Point X="115" Y="209" T="742420" />
  <Point X="115" Y="212" T="742441" />
  <Point X="115" Y="214" T="742461" />
  <Point X="115" Y="212" T="742625" />
</Gesture>