﻿<?xml version="1.0" encoding="utf-8" standalone="yes"?>
<Gesture Name="rectangle08" Subject="1" Speed="slow" Number="8" NumPts="97" Millseconds="1882" AppName="Gestures" AppVer="3.5.0.0" Date="Monday, March 05, 2007" TimeOfDay="4:57:11 PM">
  <Point X="84" Y="149" T="892124" />
  <Point X="84" Y="151" T="892189" />
  <Point X="85" Y="153" T="892197" />
  <Point X="85" Y="156" T="892206" />
  <Point X="85" Y="159" T="892214" />
  <Point X="86" Y="162" T="892221" />
  <Point X="86" Y="165" T="892229" />
  <Point X="87" Y="167" T="892236" />
  <Point X="87" Y="171" T="892243" />
  <Point X="88" Y="175" T="892252" />
  <Point X="88" Y="179" T="892260" />
  <Point X="89" Y="182" T="892268" />
  <Point X="89" Y="186" T="892276" />
  <Point X="90" Y="189" T="892285" />
  <Point X="91" Y="193" T="892294" />
  <Point X="91" Y="196" T="892303" />
  <Point X="92" Y="205" T="892313" />
  <Point X="93" Y="210" T="892323" />
  <Point X="94" Y="217" T="892334" />
  <Point X="94" Y="222" T="892344" />
  <Point X="94" Y="228" T="892355" />
  <Point X="95" Y="231" T="892366" />
  <Point X="95" Y="236" T="892377" />
  <Point X="96" Y="239" T="892388" />
  <Point X="96" Y="241" T="892390" />
  <Point X="96" Y="244" T="892406" />
  <Point X="96" Y="246" T="892417" />
  <Point X="96" Y="248" T="892454" />
  <Point X="98" Y="249" T="892620" />
  <Point X="101" Y="249" T="892640" />
  <Point X="103" Y="250" T="892657" />
  <Point X="106" Y="250" T="892669" />
  <Point X="108" Y="249" T="892682" />
  <Point X="112" Y="250" T="892695" />
  <Point X="114" Y="250" T="892709" />
  <Point X="116" Y="251" T="892710" />
  <Point X="121" Y="249" T="892726" />
  <Point X="124" Y="250" T="892740" />
  <Point X="129" Y="249" T="892755" />
  <Point X="134" Y="250" T="892770" />
  <Point X="140" Y="249" T="892786" />
  <Point X="145" Y="249" T="892802" />
  <Point X="151" Y="250" T="892818" />
  <Point X="156" Y="250" T="892834" />
  <Point X="161" Y="251" T="892850" />
  <Point X="165" Y="252" T="892867" />
  <Point X="169" Y="253" T="892884" />
  <Point X="172" Y="252" T="892901" />
  <Point X="177" Y="251" T="892918" />
  <Point X="179" Y="252" T="892934" />
  <Point X="182" Y="251" T="892952" />
  <Point X="186" Y="250" T="892970" />
  <Point X="189" Y="249" T="892988" />
  <Point X="194" Y="249" T="893007" />
  <Point X="196" Y="248" T="893025" />
  <Point X="198" Y="247" T="893044" />
  <Point X="200" Y="246" T="893062" />
  <Point X="202" Y="245" T="893080" />
  <Point X="202" Y="243" T="893130" />
  <Point X="202" Y="241" T="893149" />
  <Point X="202" Y="239" T="893167" />
  <Point X="202" Y="232" T="893188" />
  <Point X="201" Y="223" T="893209" />
  <Point X="200" Y="211" T="893229" />
  <Point X="199" Y="196" T="893251" />
  <Point X="198" Y="185" T="893273" />
  <Point X="198" Y="183" T="893275" />
  <Point X="198" Y="175" T="893296" />
  <Point X="197" Y="166" T="893318" />
  <Point X="196" Y="156" T="893343" />
  <Point X="195" Y="147" T="893366" />
  <Point X="195" Y="141" T="893389" />
  <Point X="195" Y="139" T="893391" />
  <Point X="194" Y="132" T="893415" />
  <Point X="194" Y="129" T="893438" />
  <Point X="194" Y="127" T="893461" />
  <Point X="194" Y="125" T="893486" />
  <Point X="192" Y="127" T="893565" />
  <Point X="190" Y="128" T="893587" />
  <Point X="185" Y="128" T="893612" />
  <Point X="179" Y="128" T="893635" />
  <Point X="171" Y="128" T="893660" />
  <Point X="168" Y="129" T="893662" />
  <Point X="159" Y="129" T="893688" />
  <Point X="149" Y="130" T="893713" />
  <Point X="139" Y="131" T="893738" />
  <Point X="130" Y="131" T="893762" />
  <Point X="122" Y="131" T="893788" />
  <Point X="115" Y="131" T="893812" />
  <Point X="113" Y="132" T="893814" />
  <Point X="109" Y="132" T="893840" />
  <Point X="102" Y="132" T="893868" />
  <Point X="97" Y="133" T="893896" />
  <Point X="93" Y="132" T="893923" />
  <Point X="88" Y="132" T="893950" />
  <Point X="84" Y="132" T="893979" />
  <Point X="82" Y="133" T="894006" />
</Gesture>