﻿<?xml version="1.0" encoding="utf-8" standalone="yes"?>
<Gesture Name="rectangle10" Subject="1" Speed="slow" Number="10" NumPts="100" Millseconds="1852" AppName="Gestures" AppVer="3.5.0.0" Date="Monday, March 05, 2007" TimeOfDay="4:57:17 PM">
  <Point X="78" Y="154" T="897316" />
  <Point X="77" Y="156" T="897372" />
  <Point X="78" Y="159" T="897380" />
  <Point X="78" Y="162" T="897397" />
  <Point X="78" Y="164" T="897403" />
  <Point X="78" Y="168" T="897409" />
  <Point X="78" Y="172" T="897417" />
  <Point X="78" Y="174" T="897424" />
  <Point X="78" Y="176" T="897426" />
  <Point X="78" Y="178" T="897434" />
  <Point X="79" Y="182" T="897442" />
  <Point X="79" Y="187" T="897450" />
  <Point X="79" Y="192" T="897458" />
  <Point X="80" Y="197" T="897467" />
  <Point X="80" Y="201" T="897477" />
  <Point X="81" Y="204" T="897486" />
  <Point X="81" Y="208" T="897496" />
  <Point X="81" Y="212" T="897505" />
  <Point X="81" Y="215" T="897506" />
  <Point X="82" Y="219" T="897516" />
  <Point X="82" Y="221" T="897526" />
  <Point X="82" Y="223" T="897536" />
  <Point X="82" Y="226" T="897546" />
  <Point X="82" Y="229" T="897557" />
  <Point X="83" Y="231" T="897558" />
  <Point X="83" Y="234" T="897571" />
  <Point X="83" Y="237" T="897582" />
  <Point X="83" Y="239" T="897593" />
  <Point X="83" Y="241" T="897604" />
  <Point X="84" Y="243" T="897621" />
  <Point X="84" Y="246" T="897633" />
  <Point X="84" Y="248" T="897657" />
  <Point X="84" Y="250" T="897694" />
  <Point X="85" Y="252" T="897761" />
  <Point X="87" Y="252" T="897807" />
  <Point X="89" Y="253" T="897836" />
  <Point X="91" Y="253" T="897853" />
  <Point X="94" Y="254" T="897865" />
  <Point X="96" Y="254" T="897879" />
  <Point X="101" Y="254" T="897893" />
  <Point X="104" Y="253" T="897907" />
  <Point X="109" Y="253" T="897922" />
  <Point X="114" Y="253" T="897938" />
  <Point X="120" Y="253" T="897953" />
  <Point X="126" Y="255" T="897969" />
  <Point X="133" Y="255" T="897984" />
  <Point X="138" Y="254" T="898000" />
  <Point X="142" Y="255" T="898002" />
  <Point X="149" Y="254" T="898019" />
  <Point X="156" Y="254" T="898036" />
  <Point X="162" Y="253" T="898053" />
  <Point X="168" Y="253" T="898070" />
  <Point X="173" Y="253" T="898087" />
  <Point X="178" Y="253" T="898105" />
  <Point X="181" Y="252" T="898122" />
  <Point X="186" Y="252" T="898140" />
  <Point X="188" Y="253" T="898158" />
  <Point X="190" Y="253" T="898175" />
  <Point X="192" Y="254" T="898193" />
  <Point X="194" Y="254" T="898225" />
  <Point X="194" Y="252" T="898294" />
  <Point X="194" Y="250" T="898312" />
  <Point X="194" Y="248" T="898331" />
  <Point X="192" Y="243" T="898351" />
  <Point X="191" Y="235" T="898371" />
  <Point X="190" Y="230" T="898391" />
  <Point X="188" Y="221" T="898411" />
  <Point X="187" Y="211" T="898433" />
  <Point X="186" Y="200" T="898454" />
  <Point X="186" Y="193" T="898475" />
  <Point X="186" Y="184" T="898499" />
  <Point X="186" Y="182" T="898500" />
  <Point X="186" Y="174" T="898521" />
  <Point X="186" Y="166" T="898543" />
  <Point X="186" Y="157" T="898567" />
  <Point X="186" Y="148" T="898589" />
  <Point X="186" Y="138" T="898617" />
  <Point X="186" Y="135" T="898639" />
  <Point X="185" Y="133" T="898703" />
  <Point X="183" Y="133" T="898744" />
  <Point X="181" Y="133" T="898766" />
  <Point X="177" Y="133" T="898789" />
  <Point X="172" Y="132" T="898813" />
  <Point X="167" Y="131" T="898836" />
  <Point X="160" Y="131" T="898863" />
  <Point X="152" Y="131" T="898887" />
  <Point X="143" Y="131" T="898911" />
  <Point X="140" Y="131" T="898913" />
  <Point X="131" Y="132" T="898941" />
  <Point X="121" Y="131" T="898967" />
  <Point X="118" Y="132" T="898969" />
  <Point X="108" Y="131" T="898998" />
  <Point X="101" Y="132" T="899024" />
  <Point X="98" Y="133" T="899025" />
  <Point X="91" Y="134" T="899053" />
  <Point X="86" Y="134" T="899079" />
  <Point X="84" Y="135" T="899081" />
  <Point X="79" Y="137" T="899109" />
  <Point X="76" Y="137" T="899137" />
  <Point X="74" Y="138" T="899168" />
</Gesture>