﻿<?xml version="1.0" encoding="utf-8" standalone="yes"?>
<Gesture Name="rectangle07" Subject="1" Speed="slow" Number="7" NumPts="102" Millseconds="1868" AppName="Gestures" AppVer="3.5.0.0" Date="Monday, March 05, 2007" TimeOfDay="4:57:09 PM">
  <Point X="88" Y="150" T="889679" />
  <Point X="88" Y="148" T="889691" />
  <Point X="88" Y="146" T="889699" />
  <Point X="88" Y="143" T="889710" />
  <Point X="88" Y="141" T="889731" />
  <Point X="85" Y="143" T="889784" />
  <Point X="85" Y="146" T="889796" />
  <Point X="84" Y="149" T="889804" />
  <Point X="84" Y="152" T="889812" />
  <Point X="84" Y="156" T="889820" />
  <Point X="84" Y="159" T="889828" />
  <Point X="84" Y="162" T="889835" />
  <Point X="84" Y="165" T="889837" />
  <Point X="85" Y="171" T="889847" />
  <Point X="85" Y="175" T="889855" />
  <Point X="85" Y="177" T="889856" />
  <Point X="86" Y="182" T="889866" />
  <Point X="87" Y="187" T="889874" />
  <Point X="88" Y="192" T="889883" />
  <Point X="88" Y="199" T="889893" />
  <Point X="89" Y="201" T="889902" />
  <Point X="89" Y="204" T="889911" />
  <Point X="89" Y="208" T="889921" />
  <Point X="89" Y="211" T="889931" />
  <Point X="89" Y="217" T="889940" />
  <Point X="90" Y="220" T="889951" />
  <Point X="91" Y="224" T="889961" />
  <Point X="91" Y="227" T="889971" />
  <Point X="91" Y="230" T="889973" />
  <Point X="92" Y="233" T="889984" />
  <Point X="92" Y="235" T="889996" />
  <Point X="92" Y="237" T="890007" />
  <Point X="92" Y="239" T="890041" />
  <Point X="94" Y="240" T="890198" />
  <Point X="96" Y="240" T="890231" />
  <Point X="99" Y="241" T="890248" />
  <Point X="101" Y="241" T="890260" />
  <Point X="104" Y="241" T="890273" />
  <Point X="106" Y="242" T="890285" />
  <Point X="111" Y="243" T="890299" />
  <Point X="114" Y="242" T="890312" />
  <Point X="117" Y="242" T="890313" />
  <Point X="120" Y="243" T="890328" />
  <Point X="123" Y="243" T="890329" />
  <Point X="130" Y="245" T="890346" />
  <Point X="136" Y="244" T="890361" />
  <Point X="142" Y="243" T="890375" />
  <Point X="148" Y="243" T="890390" />
  <Point X="154" Y="242" T="890405" />
  <Point X="159" Y="241" T="890421" />
  <Point X="164" Y="241" T="890436" />
  <Point X="168" Y="241" T="890453" />
  <Point X="171" Y="240" T="890468" />
  <Point X="176" Y="239" T="890484" />
  <Point X="178" Y="239" T="890501" />
  <Point X="180" Y="239" T="890517" />
  <Point X="182" Y="238" T="890533" />
  <Point X="184" Y="238" T="890550" />
  <Point X="186" Y="238" T="890567" />
  <Point X="188" Y="237" T="890588" />
  <Point X="189" Y="235" T="890661" />
  <Point X="189" Y="233" T="890678" />
  <Point X="190" Y="231" T="890708" />
  <Point X="190" Y="228" T="890726" />
  <Point X="190" Y="221" T="890744" />
  <Point X="189" Y="215" T="890763" />
  <Point X="188" Y="205" T="890782" />
  <Point X="187" Y="194" T="890802" />
  <Point X="187" Y="186" T="890821" />
  <Point X="186" Y="177" T="890841" />
  <Point X="186" Y="170" T="890860" />
  <Point X="185" Y="165" T="890880" />
  <Point X="185" Y="162" T="890881" />
  <Point X="185" Y="153" T="890903" />
  <Point X="186" Y="147" T="890923" />
  <Point X="186" Y="143" T="890925" />
  <Point X="186" Y="141" T="890948" />
  <Point X="186" Y="136" T="890970" />
  <Point X="186" Y="134" T="890991" />
  <Point X="186" Y="132" T="891013" />
  <Point X="187" Y="130" T="891034" />
  <Point X="186" Y="127" T="891073" />
  <Point X="184" Y="127" T="891102" />
  <Point X="181" Y="126" T="891124" />
  <Point X="177" Y="125" T="891147" />
  <Point X="170" Y="126" T="891170" />
  <Point X="162" Y="127" T="891193" />
  <Point X="154" Y="128" T="891219" />
  <Point X="146" Y="128" T="891243" />
  <Point X="138" Y="126" T="891267" />
  <Point X="131" Y="128" T="891290" />
  <Point X="124" Y="127" T="891314" />
  <Point X="118" Y="126" T="891339" />
  <Point X="113" Y="126" T="891363" />
  <Point X="108" Y="127" T="891387" />
  <Point X="104" Y="128" T="891412" />
  <Point X="102" Y="128" T="891437" />
  <Point X="100" Y="129" T="891439" />
  <Point X="98" Y="130" T="891468" />
  <Point X="96" Y="131" T="891495" />
  <Point X="94" Y="129" T="891521" />
  <Point X="90" Y="128" T="891547" />
</Gesture>