﻿<?xml version="1.0" encoding="utf-8" standalone="yes"?>
<Gesture Name="rectangle02" Subject="1" Speed="slow" Number="2" NumPts="95" Millseconds="1936" AppName="Gestures" AppVer="3.5.0.0" Date="Monday, March 05, 2007" TimeOfDay="4:56:56 PM">
  <Point X="85" Y="158" T="876666" />
  <Point X="84" Y="161" T="876750" />
  <Point X="85" Y="165" T="876758" />
  <Point X="85" Y="167" T="876766" />
  <Point X="85" Y="171" T="876774" />
  <Point X="86" Y="173" T="876781" />
  <Point X="86" Y="175" T="876787" />
  <Point X="87" Y="181" T="876795" />
  <Point X="87" Y="184" T="876802" />
  <Point X="87" Y="188" T="876810" />
  <Point X="88" Y="190" T="876811" />
  <Point X="88" Y="195" T="876821" />
  <Point X="88" Y="198" T="876823" />
  <Point X="89" Y="202" T="876833" />
  <Point X="89" Y="207" T="876842" />
  <Point X="89" Y="209" T="876843" />
  <Point X="90" Y="214" T="876852" />
  <Point X="90" Y="216" T="876861" />
  <Point X="91" Y="219" T="876863" />
  <Point X="92" Y="223" T="876874" />
  <Point X="93" Y="225" T="876875" />
  <Point X="93" Y="230" T="876888" />
  <Point X="95" Y="235" T="876899" />
  <Point X="96" Y="238" T="876909" />
  <Point X="96" Y="241" T="876921" />
  <Point X="96" Y="243" T="876932" />
  <Point X="96" Y="245" T="876951" />
  <Point X="98" Y="246" T="877113" />
  <Point X="101" Y="246" T="877129" />
  <Point X="103" Y="244" T="877141" />
  <Point X="106" Y="244" T="877155" />
  <Point X="108" Y="244" T="877167" />
  <Point X="111" Y="243" T="877180" />
  <Point X="115" Y="244" T="877194" />
  <Point X="120" Y="245" T="877208" />
  <Point X="125" Y="244" T="877222" />
  <Point X="128" Y="243" T="877236" />
  <Point X="133" Y="243" T="877251" />
  <Point X="139" Y="241" T="877266" />
  <Point X="144" Y="240" T="877281" />
  <Point X="149" Y="240" T="877297" />
  <Point X="154" Y="239" T="877313" />
  <Point X="159" Y="238" T="877329" />
  <Point X="163" Y="237" T="877346" />
  <Point X="168" Y="238" T="877362" />
  <Point X="171" Y="238" T="877378" />
  <Point X="173" Y="239" T="877394" />
  <Point X="177" Y="239" T="877411" />
  <Point X="179" Y="240" T="877428" />
  <Point X="182" Y="241" T="877444" />
  <Point X="184" Y="241" T="877462" />
  <Point X="186" Y="241" T="877477" />
  <Point X="188" Y="241" T="877505" />
  <Point X="190" Y="240" T="877534" />
  <Point X="192" Y="239" T="877598" />
  <Point X="192" Y="237" T="877626" />
  <Point X="192" Y="235" T="877644" />
  <Point X="192" Y="229" T="877663" />
  <Point X="191" Y="222" T="877683" />
  <Point X="191" Y="216" T="877703" />
  <Point X="190" Y="206" T="877724" />
  <Point X="190" Y="200" T="877745" />
  <Point X="190" Y="191" T="877766" />
  <Point X="190" Y="183" T="877787" />
  <Point X="189" Y="177" T="877808" />
  <Point X="189" Y="169" T="877831" />
  <Point X="188" Y="160" T="877853" />
  <Point X="188" Y="153" T="877875" />
  <Point X="188" Y="148" T="877896" />
  <Point X="188" Y="146" T="877917" />
  <Point X="188" Y="144" T="877938" />
  <Point X="188" Y="142" T="877958" />
  <Point X="187" Y="139" T="878050" />
  <Point X="185" Y="139" T="878087" />
  <Point X="183" Y="138" T="878108" />
  <Point X="179" Y="139" T="878132" />
  <Point X="175" Y="140" T="878156" />
  <Point X="168" Y="141" T="878182" />
  <Point X="159" Y="142" T="878210" />
  <Point X="155" Y="143" T="878235" />
  <Point X="152" Y="142" T="878236" />
  <Point X="146" Y="143" T="878262" />
  <Point X="140" Y="143" T="878288" />
  <Point X="133" Y="143" T="878314" />
  <Point X="128" Y="143" T="878337" />
  <Point X="120" Y="143" T="878364" />
  <Point X="115" Y="143" T="878390" />
  <Point X="110" Y="145" T="878417" />
  <Point X="106" Y="146" T="878443" />
  <Point X="104" Y="145" T="878468" />
  <Point X="102" Y="144" T="878494" />
  <Point X="100" Y="144" T="878521" />
  <Point X="98" Y="144" T="878547" />
  <Point X="96" Y="143" T="878573" />
  <Point X="94" Y="144" T="878602" />
</Gesture>