﻿<?xml version="1.0" encoding="utf-8" standalone="yes"?>
<Gesture Name="rectangle09" Subject="1" Speed="slow" Number="9" NumPts="97" Millseconds="1867" AppName="Gestures" AppVer="3.5.0.0" Date="Monday, March 05, 2007" TimeOfDay="4:57:14 PM">
  <Point X="84" Y="152" T="894542" />
  <Point X="84" Y="155" T="894574" />
  <Point X="84" Y="157" T="894587" />
  <Point X="84" Y="159" T="894594" />
  <Point X="85" Y="162" T="894605" />
  <Point X="85" Y="164" T="894611" />
  <Point X="85" Y="167" T="894618" />
  <Point X="85" Y="169" T="894625" />
  <Point X="86" Y="172" T="894632" />
  <Point X="86" Y="176" T="894640" />
  <Point X="86" Y="180" T="894648" />
  <Point X="86" Y="184" T="894656" />
  <Point X="86" Y="188" T="894664" />
  <Point X="86" Y="194" T="894673" />
  <Point X="86" Y="199" T="894682" />
  <Point X="87" Y="202" T="894691" />
  <Point X="87" Y="207" T="894701" />
  <Point X="87" Y="209" T="894702" />
  <Point X="88" Y="215" T="894713" />
  <Point X="88" Y="219" T="894724" />
  <Point X="89" Y="224" T="894734" />
  <Point X="89" Y="227" T="894745" />
  <Point X="90" Y="231" T="894755" />
  <Point X="91" Y="237" T="894767" />
  <Point X="92" Y="239" T="894778" />
  <Point X="93" Y="241" T="894789" />
  <Point X="93" Y="244" T="894800" />
  <Point X="94" Y="246" T="894812" />
  <Point X="95" Y="248" T="894824" />
  <Point X="96" Y="250" T="894837" />
  <Point X="98" Y="252" T="894922" />
  <Point X="100" Y="252" T="894978" />
  <Point X="102" Y="251" T="894998" />
  <Point X="104" Y="251" T="895014" />
  <Point X="107" Y="251" T="895031" />
  <Point X="109" Y="251" T="895043" />
  <Point X="111" Y="251" T="895057" />
  <Point X="115" Y="252" T="895072" />
  <Point X="120" Y="252" T="895087" />
  <Point X="125" Y="252" T="895102" />
  <Point X="131" Y="251" T="895118" />
  <Point X="137" Y="250" T="895133" />
  <Point X="142" Y="250" T="895149" />
  <Point X="148" Y="250" T="895165" />
  <Point X="154" Y="249" T="895181" />
  <Point X="160" Y="247" T="895197" />
  <Point X="166" Y="245" T="895214" />
  <Point X="172" Y="244" T="895231" />
  <Point X="177" Y="243" T="895249" />
  <Point X="181" Y="243" T="895266" />
  <Point X="183" Y="243" T="895268" />
  <Point X="185" Y="243" T="895286" />
  <Point X="188" Y="242" T="895288" />
  <Point X="190" Y="241" T="895306" />
  <Point X="195" Y="243" T="895323" />
  <Point X="197" Y="245" T="895340" />
  <Point X="199" Y="246" T="895360" />
  <Point X="201" Y="246" T="895377" />
  <Point X="203" Y="246" T="895395" />
  <Point X="205" Y="245" T="895448" />
  <Point X="205" Y="243" T="895492" />
  <Point X="205" Y="238" T="895511" />
  <Point X="205" Y="232" T="895531" />
  <Point X="205" Y="227" T="895550" />
  <Point X="205" Y="223" T="895571" />
  <Point X="205" Y="220" T="895573" />
  <Point X="204" Y="212" T="895598" />
  <Point X="203" Y="202" T="895619" />
  <Point X="202" Y="188" T="895640" />
  <Point X="201" Y="179" T="895661" />
  <Point X="201" Y="173" T="895682" />
  <Point X="201" Y="164" T="895705" />
  <Point X="201" Y="159" T="895726" />
  <Point X="202" Y="151" T="895748" />
  <Point X="202" Y="142" T="895770" />
  <Point X="202" Y="135" T="895793" />
  <Point X="202" Y="133" T="895816" />
  <Point X="200" Y="132" T="895933" />
  <Point X="198" Y="133" T="895956" />
  <Point X="196" Y="133" T="895978" />
  <Point X="189" Y="132" T="896002" />
  <Point X="182" Y="133" T="896025" />
  <Point X="174" Y="133" T="896049" />
  <Point X="165" Y="135" T="896075" />
  <Point X="156" Y="134" T="896100" />
  <Point X="147" Y="136" T="896125" />
  <Point X="139" Y="137" T="896151" />
  <Point X="127" Y="136" T="896176" />
  <Point X="120" Y="133" T="896201" />
  <Point X="113" Y="132" T="896227" />
  <Point X="106" Y="133" T="896253" />
  <Point X="101" Y="132" T="896279" />
  <Point X="95" Y="133" T="896305" />
  <Point X="91" Y="133" T="896331" />
  <Point X="86" Y="134" T="896357" />
  <Point X="84" Y="136" T="896384" />
  <Point X="82" Y="136" T="896409" />
</Gesture>