﻿<?xml version="1.0" encoding="utf-8" standalone="yes"?>
<Gesture Name="rectangle06" Subject="1" Speed="slow" Number="6" NumPts="99" Millseconds="2039" AppName="Gestures" AppVer="3.5.0.0" Date="Monday, March 05, 2007" TimeOfDay="4:57:07 PM">
  <Point X="85" Y="143" T="887016" />
  <Point X="85" Y="146" T="887067" />
  <Point X="85" Y="149" T="887075" />
  <Point X="85" Y="151" T="887081" />
  <Point X="85" Y="155" T="887088" />
  <Point X="85" Y="158" T="887095" />
  <Point X="85" Y="162" T="887104" />
  <Point X="85" Y="164" T="887111" />
  <Point X="86" Y="167" T="887113" />
  <Point X="85" Y="171" T="887121" />
  <Point X="85" Y="175" T="887128" />
  <Point X="86" Y="180" T="887137" />
  <Point X="86" Y="186" T="887145" />
  <Point X="86" Y="190" T="887154" />
  <Point X="87" Y="194" T="887163" />
  <Point X="87" Y="197" T="887165" />
  <Point X="87" Y="201" T="887175" />
  <Point X="88" Y="204" T="887184" />
  <Point X="89" Y="206" T="887185" />
  <Point X="89" Y="210" T="887197" />
  <Point X="90" Y="213" T="887207" />
  <Point X="90" Y="216" T="887209" />
  <Point X="91" Y="219" T="887220" />
  <Point X="91" Y="222" T="887231" />
  <Point X="92" Y="225" T="887240" />
  <Point X="93" Y="227" T="887291" />
  <Point X="94" Y="229" T="887323" />
  <Point X="96" Y="229" T="887409" />
  <Point X="97" Y="231" T="887473" />
  <Point X="99" Y="231" T="887537" />
  <Point X="101" Y="232" T="887565" />
  <Point X="103" Y="230" T="887586" />
  <Point X="105" Y="229" T="887602" />
  <Point X="107" Y="228" T="887615" />
  <Point X="109" Y="227" T="887626" />
  <Point X="112" Y="226" T="887638" />
  <Point X="114" Y="226" T="887652" />
  <Point X="119" Y="225" T="887666" />
  <Point X="125" Y="225" T="887680" />
  <Point X="130" Y="225" T="887694" />
  <Point X="133" Y="224" T="887709" />
  <Point X="138" Y="224" T="887724" />
  <Point X="143" Y="224" T="887739" />
  <Point X="149" Y="223" T="887754" />
  <Point X="154" Y="224" T="887770" />
  <Point X="160" Y="223" T="887785" />
  <Point X="165" Y="223" T="887801" />
  <Point X="170" Y="224" T="887818" />
  <Point X="174" Y="224" T="887834" />
  <Point X="178" Y="224" T="887851" />
  <Point X="183" Y="224" T="887868" />
  <Point X="186" Y="224" T="887884" />
  <Point X="188" Y="224" T="887901" />
  <Point X="191" Y="223" T="887903" />
  <Point X="193" Y="223" T="887923" />
  <Point X="199" Y="223" T="887942" />
  <Point X="201" Y="224" T="887960" />
  <Point X="203" Y="224" T="887979" />
  <Point X="205" Y="222" T="888046" />
  <Point X="204" Y="219" T="888086" />
  <Point X="203" Y="217" T="888104" />
  <Point X="202" Y="215" T="888123" />
  <Point X="202" Y="208" T="888144" />
  <Point X="201" Y="199" T="888165" />
  <Point X="201" Y="197" T="888167" />
  <Point X="200" Y="187" T="888188" />
  <Point X="200" Y="178" T="888210" />
  <Point X="200" Y="169" T="888233" />
  <Point X="200" Y="162" T="888256" />
  <Point X="200" Y="153" T="888279" />
  <Point X="200" Y="144" T="888303" />
  <Point X="201" Y="136" T="888326" />
  <Point X="201" Y="130" T="888349" />
  <Point X="201" Y="125" T="888372" />
  <Point X="201" Y="118" T="888397" />
  <Point X="201" Y="116" T="888418" />
  <Point X="199" Y="117" T="888503" />
  <Point X="197" Y="118" T="888524" />
  <Point X="195" Y="119" T="888546" />
  <Point X="188" Y="120" T="888571" />
  <Point X="181" Y="120" T="888597" />
  <Point X="172" Y="121" T="888622" />
  <Point X="168" Y="121" T="888624" />
  <Point X="158" Y="121" T="888648" />
  <Point X="148" Y="123" T="888672" />
  <Point X="138" Y="123" T="888696" />
  <Point X="129" Y="123" T="888721" />
  <Point X="121" Y="123" T="888746" />
  <Point X="114" Y="124" T="888772" />
  <Point X="109" Y="123" T="888797" />
  <Point X="103" Y="122" T="888823" />
  <Point X="101" Y="122" T="888848" />
  <Point X="96" Y="121" T="888874" />
  <Point X="94" Y="121" T="888924" />
  <Point X="92" Y="122" T="888948" />
  <Point X="90" Y="122" T="888974" />
  <Point X="86" Y="122" T="889000" />
  <Point X="83" Y="122" T="889026" />
  <Point X="81" Y="121" T="889055" />
</Gesture>