﻿<?xml version="1.0" encoding="utf-8" standalone="yes"?>
<Gesture Name="rectangle05" Subject="1" Speed="slow" Number="5" NumPts="94" Millseconds="1740" AppName="Gestures" AppVer="3.5.0.0" Date="Monday, March 05, 2007" TimeOfDay="4:57:04 PM">
  <Point X="79" Y="147" T="884688" />
  <Point X="80" Y="149" T="884732" />
  <Point X="80" Y="151" T="884744" />
  <Point X="80" Y="153" T="884751" />
  <Point X="80" Y="156" T="884760" />
  <Point X="80" Y="159" T="884768" />
  <Point X="80" Y="163" T="884776" />
  <Point X="80" Y="167" T="884784" />
  <Point X="80" Y="170" T="884792" />
  <Point X="81" Y="173" T="884800" />
  <Point X="81" Y="175" T="884807" />
  <Point X="81" Y="178" T="884809" />
  <Point X="81" Y="182" T="884817" />
  <Point X="82" Y="187" T="884826" />
  <Point X="82" Y="192" T="884834" />
  <Point X="83" Y="196" T="884843" />
  <Point X="84" Y="203" T="884853" />
  <Point X="85" Y="208" T="884862" />
  <Point X="85" Y="210" T="884871" />
  <Point X="87" Y="216" T="884880" />
  <Point X="87" Y="218" T="884890" />
  <Point X="88" Y="221" T="884900" />
  <Point X="88" Y="224" T="884910" />
  <Point X="89" Y="226" T="884920" />
  <Point X="89" Y="228" T="884932" />
  <Point X="89" Y="230" T="884945" />
  <Point X="89" Y="232" T="884961" />
  <Point X="89" Y="235" T="884981" />
  <Point X="89" Y="237" T="885000" />
  <Point X="89" Y="239" T="885033" />
  <Point X="91" Y="238" T="885147" />
  <Point X="93" Y="238" T="885172" />
  <Point X="95" Y="237" T="885184" />
  <Point X="98" Y="237" T="885197" />
  <Point X="100" Y="238" T="885210" />
  <Point X="104" Y="238" T="885222" />
  <Point X="106" Y="238" T="885235" />
  <Point X="111" Y="237" T="885248" />
  <Point X="116" Y="237" T="885262" />
  <Point X="119" Y="236" T="885276" />
  <Point X="125" Y="236" T="885290" />
  <Point X="132" Y="235" T="885304" />
  <Point X="138" Y="234" T="885319" />
  <Point X="144" Y="236" T="885333" />
  <Point X="146" Y="236" T="885348" />
  <Point X="152" Y="235" T="885363" />
  <Point X="158" Y="235" T="885379" />
  <Point X="162" Y="235" T="885394" />
  <Point X="167" Y="236" T="885410" />
  <Point X="171" Y="236" T="885426" />
  <Point X="176" Y="236" T="885442" />
  <Point X="178" Y="236" T="885458" />
  <Point X="181" Y="237" T="885476" />
  <Point X="183" Y="236" T="885492" />
  <Point X="185" Y="236" T="885494" />
  <Point X="187" Y="236" T="885513" />
  <Point X="189" Y="235" T="885533" />
  <Point X="191" Y="235" T="885557" />
  <Point X="193" Y="234" T="885634" />
  <Point X="193" Y="232" T="885652" />
  <Point X="192" Y="230" T="885670" />
  <Point X="192" Y="228" T="885671" />
  <Point X="190" Y="222" T="885693" />
  <Point X="189" Y="216" T="885712" />
  <Point X="187" Y="208" T="885731" />
  <Point X="186" Y="201" T="885753" />
  <Point X="185" Y="189" T="885774" />
  <Point X="185" Y="186" T="885775" />
  <Point X="183" Y="176" T="885799" />
  <Point X="181" Y="167" T="885819" />
  <Point X="180" Y="160" T="885840" />
  <Point X="180" Y="155" T="885860" />
  <Point X="180" Y="147" T="885881" />
  <Point X="180" Y="144" T="885883" />
  <Point X="180" Y="136" T="885907" />
  <Point X="180" Y="132" T="885929" />
  <Point X="180" Y="130" T="885950" />
  <Point X="180" Y="128" T="885971" />
  <Point X="178" Y="127" T="886072" />
  <Point X="177" Y="125" T="886093" />
  <Point X="174" Y="125" T="886116" />
  <Point X="170" Y="124" T="886138" />
  <Point X="165" Y="123" T="886161" />
  <Point X="158" Y="123" T="886184" />
  <Point X="150" Y="124" T="886207" />
  <Point X="142" Y="124" T="886231" />
  <Point X="133" Y="125" T="886254" />
  <Point X="123" Y="125" T="886281" />
  <Point X="113" Y="125" T="886305" />
  <Point X="102" Y="126" T="886329" />
  <Point X="92" Y="126" T="886353" />
  <Point X="84" Y="126" T="886379" />
  <Point X="77" Y="127" T="886404" />
  <Point X="72" Y="126" T="886428" />
</Gesture>