﻿<?xml version="1.0" encoding="utf-8" standalone="yes"?>
<Gesture Name="rectangle01" Subject="1" Speed="slow" Number="1" NumPts="106" Millseconds="2107" AppName="Gestures" AppVer="3.5.0.0" Date="Monday, March 05, 2007" TimeOfDay="4:56:53 PM">
  <Point X="82" Y="165" T="873643" />
  <Point X="81" Y="167" T="873719" />
  <Point X="81" Y="170" T="873735" />
  <Point X="81" Y="172" T="873740" />
  <Point X="82" Y="175" T="873747" />
  <Point X="82" Y="177" T="873755" />
  <Point X="82" Y="180" T="873761" />
  <Point X="83" Y="184" T="873767" />
  <Point X="83" Y="186" T="873774" />
  <Point X="84" Y="190" T="873781" />
  <Point X="85" Y="194" T="873789" />
  <Point X="85" Y="197" T="873796" />
  <Point X="85" Y="201" T="873804" />
  <Point X="86" Y="204" T="873813" />
  <Point X="87" Y="210" T="873821" />
  <Point X="87" Y="215" T="873830" />
  <Point X="88" Y="217" T="873839" />
  <Point X="88" Y="219" T="873840" />
  <Point X="88" Y="221" T="873850" />
  <Point X="88" Y="227" T="873860" />
  <Point X="88" Y="230" T="873869" />
  <Point X="88" Y="233" T="873879" />
  <Point X="88" Y="235" T="873888" />
  <Point X="87" Y="237" T="873898" />
  <Point X="87" Y="239" T="873899" />
  <Point X="87" Y="241" T="873911" />
  <Point X="87" Y="243" T="873931" />
  <Point X="87" Y="245" T="873943" />
  <Point X="88" Y="243" T="874052" />
  <Point X="90" Y="242" T="874149" />
  <Point X="92" Y="241" T="874169" />
  <Point X="94" Y="240" T="874185" />
  <Point X="96" Y="241" T="874197" />
  <Point X="99" Y="240" T="874210" />
  <Point X="101" Y="239" T="874222" />
  <Point X="106" Y="239" T="874235" />
  <Point X="109" Y="239" T="874248" />
  <Point X="111" Y="240" T="874250" />
  <Point X="117" Y="239" T="874266" />
  <Point X="119" Y="239" T="874278" />
  <Point X="125" Y="239" T="874292" />
  <Point X="130" Y="240" T="874306" />
  <Point X="133" Y="239" T="874320" />
  <Point X="138" Y="240" T="874334" />
  <Point X="143" Y="238" T="874348" />
  <Point X="149" Y="238" T="874363" />
  <Point X="154" Y="237" T="874378" />
  <Point X="156" Y="235" T="874392" />
  <Point X="159" Y="235" T="874394" />
  <Point X="163" Y="234" T="874411" />
  <Point X="168" Y="234" T="874427" />
  <Point X="173" Y="233" T="874443" />
  <Point X="179" Y="233" T="874459" />
  <Point X="184" Y="233" T="874476" />
  <Point X="189" Y="233" T="874493" />
  <Point X="193" Y="233" T="874510" />
  <Point X="196" Y="233" T="874527" />
  <Point X="201" Y="232" T="874544" />
  <Point X="203" Y="233" T="874563" />
  <Point X="205" Y="233" T="874581" />
  <Point X="207" Y="234" T="874605" />
  <Point X="209" Y="232" T="874753" />
  <Point X="209" Y="229" T="874771" />
  <Point X="209" Y="224" T="874790" />
  <Point X="208" Y="218" T="874809" />
  <Point X="208" Y="211" T="874828" />
  <Point X="208" Y="207" T="874830" />
  <Point X="207" Y="199" T="874853" />
  <Point X="206" Y="189" T="874872" />
  <Point X="206" Y="187" T="874874" />
  <Point X="205" Y="176" T="874895" />
  <Point X="205" Y="168" T="874916" />
  <Point X="205" Y="159" T="874937" />
  <Point X="205" Y="157" T="874938" />
  <Point X="206" Y="151" T="874962" />
  <Point X="207" Y="149" T="874983" />
  <Point X="208" Y="147" T="875004" />
  <Point X="208" Y="145" T="875025" />
  <Point X="208" Y="143" T="875049" />
  <Point X="208" Y="141" T="875089" />
  <Point X="206" Y="141" T="875159" />
  <Point X="204" Y="141" T="875186" />
  <Point X="202" Y="141" T="875211" />
  <Point X="200" Y="139" T="875233" />
  <Point X="195" Y="140" T="875256" />
  <Point X="189" Y="139" T="875280" />
  <Point X="182" Y="139" T="875304" />
  <Point X="176" Y="139" T="875328" />
  <Point X="170" Y="138" T="875352" />
  <Point X="163" Y="138" T="875376" />
  <Point X="157" Y="138" T="875400" />
  <Point X="150" Y="138" T="875425" />
  <Point X="145" Y="138" T="875450" />
  <Point X="141" Y="140" T="875475" />
  <Point X="136" Y="139" T="875500" />
  <Point X="131" Y="141" T="875526" />
  <Point X="128" Y="141" T="875528" />
  <Point X="123" Y="142" T="875556" />
  <Point X="118" Y="142" T="875582" />
  <Point X="111" Y="144" T="875608" />
  <Point X="106" Y="145" T="875636" />
  <Point X="101" Y="144" T="875662" />
  <Point X="98" Y="145" T="875664" />
  <Point X="94" Y="146" T="875694" />
  <Point X="89" Y="147" T="875724" />
  <Point X="87" Y="146" T="875750" />
</Gesture>