﻿<?xml version="1.0" encoding="utf-8" standalone="yes"?>
<Gesture Name="rectangle03" Subject="1" Speed="slow" Number="3" NumPts="105" Millseconds="2006" AppName="Gestures" AppVer="3.5.0.0" Date="Monday, March 05, 2007" TimeOfDay="4:56:59 PM">
  <Point X="68" Y="165" T="879246" />
  <Point X="69" Y="167" T="879298" />
  <Point X="69" Y="169" T="879306" />
  <Point X="69" Y="172" T="879314" />
  <Point X="69" Y="175" T="879322" />
  <Point X="69" Y="178" T="879331" />
  <Point X="69" Y="180" T="879338" />
  <Point X="69" Y="183" T="879345" />
  <Point X="69" Y="186" T="879351" />
  <Point X="69" Y="188" T="879359" />
  <Point X="69" Y="192" T="879368" />
  <Point X="70" Y="196" T="879376" />
  <Point X="70" Y="199" T="879384" />
  <Point X="70" Y="202" T="879393" />
  <Point X="71" Y="205" T="879402" />
  <Point X="71" Y="208" T="879404" />
  <Point X="71" Y="211" T="879413" />
  <Point X="71" Y="213" T="879422" />
  <Point X="72" Y="218" T="879431" />
  <Point X="72" Y="221" T="879441" />
  <Point X="73" Y="223" T="879450" />
  <Point X="73" Y="225" T="879460" />
  <Point X="73" Y="228" T="879471" />
  <Point X="73" Y="231" T="879481" />
  <Point X="74" Y="233" T="879492" />
  <Point X="74" Y="235" T="879502" />
  <Point X="74" Y="238" T="879504" />
  <Point X="74" Y="240" T="879516" />
  <Point X="74" Y="242" T="879528" />
  <Point X="74" Y="246" T="879540" />
  <Point X="74" Y="248" T="879552" />
  <Point X="73" Y="250" T="879576" />
  <Point X="75" Y="250" T="879692" />
  <Point X="77" Y="249" T="879721" />
  <Point X="80" Y="249" T="879738" />
  <Point X="82" Y="249" T="879751" />
  <Point X="84" Y="250" T="879763" />
  <Point X="86" Y="250" T="879776" />
  <Point X="89" Y="249" T="879790" />
  <Point X="93" Y="248" T="879804" />
  <Point X="98" Y="248" T="879818" />
  <Point X="104" Y="248" T="879832" />
  <Point X="106" Y="247" T="879847" />
  <Point X="109" Y="248" T="879848" />
  <Point X="111" Y="248" T="879862" />
  <Point X="114" Y="248" T="879864" />
  <Point X="119" Y="247" T="879880" />
  <Point X="124" Y="246" T="879895" />
  <Point X="130" Y="245" T="879911" />
  <Point X="132" Y="245" T="879927" />
  <Point X="135" Y="245" T="879928" />
  <Point X="141" Y="244" T="879944" />
  <Point X="146" Y="243" T="879962" />
  <Point X="151" Y="241" T="879978" />
  <Point X="156" Y="242" T="879996" />
  <Point X="160" Y="242" T="880013" />
  <Point X="164" Y="243" T="880030" />
  <Point X="170" Y="244" T="880048" />
  <Point X="173" Y="243" T="880068" />
  <Point X="175" Y="243" T="880085" />
  <Point X="177" Y="244" T="880087" />
  <Point X="180" Y="243" T="880107" />
  <Point X="182" Y="244" T="880129" />
  <Point X="184" Y="245" T="880148" />
  <Point X="186" Y="244" T="880167" />
  <Point X="188" Y="244" T="880186" />
  <Point X="190" Y="244" T="880211" />
  <Point X="192" Y="243" T="880333" />
  <Point X="192" Y="241" T="880353" />
  <Point X="191" Y="238" T="880372" />
  <Point X="190" Y="233" T="880393" />
  <Point X="188" Y="223" T="880414" />
  <Point X="186" Y="216" T="880434" />
  <Point X="184" Y="206" T="880456" />
  <Point X="183" Y="196" T="880478" />
  <Point X="180" Y="185" T="880500" />
  <Point X="178" Y="175" T="880521" />
  <Point X="177" Y="169" T="880543" />
  <Point X="176" Y="161" T="880566" />
  <Point X="176" Y="156" T="880589" />
  <Point X="177" Y="154" T="880611" />
  <Point X="176" Y="150" T="880633" />
  <Point X="176" Y="147" T="880656" />
  <Point X="176" Y="145" T="880678" />
  <Point X="174" Y="144" T="880766" />
  <Point X="172" Y="143" T="880789" />
  <Point X="170" Y="144" T="880812" />
  <Point X="163" Y="145" T="880836" />
  <Point X="156" Y="145" T="880860" />
  <Point X="146" Y="145" T="880885" />
  <Point X="138" Y="146" T="880909" />
  <Point X="134" Y="146" T="880934" />
  <Point X="130" Y="146" T="880959" />
  <Point X="123" Y="143" T="880984" />
  <Point X="116" Y="144" T="881009" />
  <Point X="110" Y="144" T="881035" />
  <Point X="105" Y="146" T="881061" />
  <Point X="98" Y="145" T="881087" />
  <Point X="96" Y="146" T="881113" />
  <Point X="94" Y="147" T="881114" />
  <Point X="90" Y="148" T="881143" />
  <Point X="85" Y="148" T="881170" />
  <Point X="78" Y="150" T="881197" />
  <Point X="71" Y="152" T="881224" />
  <Point X="66" Y="154" T="881252" />
</Gesture>