﻿<?xml version="1.0" encoding="utf-8" standalone="yes"?>
<Gesture Name="rectangle04" Subject="1" Speed="slow" Number="4" NumPts="101" Millseconds="1912" AppName="Gestures" AppVer="3.5.0.0" Date="Monday, March 05, 2007" TimeOfDay="4:57:02 PM">
  <Point X="73" Y="157" T="882203" />
  <Point X="73" Y="159" T="882247" />
  <Point X="73" Y="162" T="882275" />
  <Point X="73" Y="165" T="882284" />
  <Point X="73" Y="169" T="882291" />
  <Point X="73" Y="171" T="882298" />
  <Point X="73" Y="174" T="882304" />
  <Point X="73" Y="176" T="882310" />
  <Point X="73" Y="179" T="882312" />
  <Point X="72" Y="184" T="882319" />
  <Point X="72" Y="189" T="882327" />
  <Point X="72" Y="194" T="882335" />
  <Point X="72" Y="200" T="882343" />
  <Point X="73" Y="203" T="882351" />
  <Point X="73" Y="209" T="882360" />
  <Point X="74" Y="213" T="882369" />
  <Point X="74" Y="217" T="882378" />
  <Point X="75" Y="220" T="882387" />
  <Point X="75" Y="223" T="882397" />
  <Point X="75" Y="225" T="882406" />
  <Point X="75" Y="227" T="882416" />
  <Point X="75" Y="229" T="882426" />
  <Point X="75" Y="231" T="882436" />
  <Point X="75" Y="233" T="882446" />
  <Point X="75" Y="235" T="882456" />
  <Point X="75" Y="238" T="882468" />
  <Point X="74" Y="240" T="882479" />
  <Point X="74" Y="242" T="882507" />
  <Point X="74" Y="245" T="882539" />
  <Point X="76" Y="244" T="882687" />
  <Point X="78" Y="244" T="882703" />
  <Point X="81" Y="243" T="882715" />
  <Point X="83" Y="242" T="882727" />
  <Point X="86" Y="244" T="882740" />
  <Point X="88" Y="243" T="882752" />
  <Point X="93" Y="244" T="882765" />
  <Point X="95" Y="244" T="882779" />
  <Point X="97" Y="243" T="882780" />
  <Point X="99" Y="244" T="882795" />
  <Point X="101" Y="244" T="882796" />
  <Point X="103" Y="244" T="882810" />
  <Point X="105" Y="244" T="882812" />
  <Point X="108" Y="244" T="882826" />
  <Point X="110" Y="245" T="882828" />
  <Point X="112" Y="244" T="882843" />
  <Point X="117" Y="243" T="882858" />
  <Point X="122" Y="242" T="882874" />
  <Point X="127" Y="243" T="882890" />
  <Point X="133" Y="242" T="882905" />
  <Point X="139" Y="241" T="882922" />
  <Point X="144" Y="241" T="882938" />
  <Point X="149" Y="241" T="882955" />
  <Point X="154" Y="242" T="882972" />
  <Point X="158" Y="242" T="882989" />
  <Point X="163" Y="243" T="883006" />
  <Point X="169" Y="244" T="883023" />
  <Point X="172" Y="244" T="883040" />
  <Point X="175" Y="244" T="883058" />
  <Point X="177" Y="242" T="883060" />
  <Point X="179" Y="243" T="883078" />
  <Point X="181" Y="242" T="883097" />
  <Point X="183" Y="240" T="883115" />
  <Point X="185" Y="240" T="883195" />
  <Point X="186" Y="238" T="883244" />
  <Point X="186" Y="236" T="883284" />
  <Point X="187" Y="232" T="883303" />
  <Point X="186" Y="226" T="883323" />
  <Point X="186" Y="221" T="883343" />
  <Point X="185" Y="211" T="883363" />
  <Point X="185" Y="202" T="883384" />
  <Point X="185" Y="194" T="883405" />
  <Point X="184" Y="185" T="883425" />
  <Point X="184" Y="175" T="883446" />
  <Point X="184" Y="168" T="883467" />
  <Point X="184" Y="164" T="883469" />
  <Point X="185" Y="158" T="883490" />
  <Point X="186" Y="152" T="883512" />
  <Point X="186" Y="147" T="883534" />
  <Point X="186" Y="142" T="883557" />
  <Point X="186" Y="140" T="883579" />
  <Point X="186" Y="135" T="883602" />
  <Point X="186" Y="133" T="883625" />
  <Point X="184" Y="135" T="883684" />
  <Point X="181" Y="135" T="883712" />
  <Point X="179" Y="136" T="883735" />
  <Point X="173" Y="135" T="883759" />
  <Point X="166" Y="134" T="883782" />
  <Point X="158" Y="135" T="883807" />
  <Point X="149" Y="138" T="883831" />
  <Point X="141" Y="141" T="883855" />
  <Point X="132" Y="142" T="883880" />
  <Point X="123" Y="143" T="883905" />
  <Point X="114" Y="144" T="883930" />
  <Point X="104" Y="144" T="883955" />
  <Point X="101" Y="144" T="883957" />
  <Point X="93" Y="144" T="883983" />
  <Point X="87" Y="144" T="884009" />
  <Point X="80" Y="145" T="884036" />
  <Point X="76" Y="146" T="884062" />
  <Point X="74" Y="147" T="884088" />
  <Point X="72" Y="147" T="884115" />
</Gesture>