﻿<?xml version="1.0" encoding="utf-8" standalone="yes"?>
<Gesture Name="right_sq_bracket01" Subject="1" Speed="slow" Number="1" NumPts="51" Millseconds="681" AppName="Gestures" AppVer="3.5.0.0" Date="Monday, March 05, 2007" TimeOfDay="4:55:17 PM">
  <Point X="114" Y="136" T="778277" />
  <Point X="114" Y="134" T="778325" />
  <Point X="116" Y="134" T="778366" />
  <Point X="118" Y="134" T="778378" />
  <Point X="121" Y="134" T="778390" />
  <Point X="123" Y="133" T="778398" />
  <Point X="125" Y="133" T="778406" />
  <Point X="127" Y="133" T="778414" />
  <Point X="130" Y="133" T="778422" />
  <Point X="132" Y="132" T="778430" />
  <Point X="134" Y="131" T="778438" />
  <Point X="136" Y="131" T="778446" />
  <Point X="139" Y="131" T="778458" />
  <Point X="141" Y="132" T="778482" />
  <Point X="143" Y="133" T="778515" />
  <Point X="143" Y="135" T="778528" />
  <Point X="144" Y="138" T="778540" />
  <Point X="144" Y="140" T="778552" />
  <Point X="145" Y="143" T="778560" />
  <Point X="145" Y="147" T="778570" />
  <Point X="147" Y="153" T="778580" />
  <Point X="148" Y="157" T="778590" />
  <Point X="149" Y="167" T="778601" />
  <Point X="150" Y="174" T="778611" />
  <Point X="151" Y="178" T="778613" />
  <Point X="153" Y="188" T="778625" />
  <Point X="155" Y="194" T="778635" />
  <Point X="156" Y="198" T="778636" />
  <Point X="158" Y="209" T="778649" />
  <Point X="159" Y="217" T="778660" />
  <Point X="160" Y="223" T="778672" />
  <Point X="162" Y="228" T="778683" />
  <Point X="162" Y="231" T="778684" />
  <Point X="163" Y="237" T="778698" />
  <Point X="164" Y="241" T="778709" />
  <Point X="164" Y="245" T="778722" />
  <Point X="164" Y="248" T="778734" />
  <Point X="164" Y="251" T="778773" />
  <Point X="162" Y="249" T="778805" />
  <Point X="160" Y="248" T="778821" />
  <Point X="157" Y="247" T="778837" />
  <Point X="155" Y="247" T="778850" />
  <Point X="152" Y="247" T="778864" />
  <Point X="146" Y="246" T="778878" />
  <Point X="140" Y="244" T="778892" />
  <Point X="138" Y="245" T="778893" />
  <Point X="129" Y="244" T="778910" />
  <Point X="126" Y="244" T="778925" />
  <Point X="123" Y="244" T="778926" />
  <Point X="118" Y="244" T="778942" />
  <Point X="116" Y="245" T="778958" />
</Gesture>