﻿<?xml version="1.0" encoding="utf-8" standalone="yes"?>
<Gesture Name="right_curly_brace09" Subject="1" Speed="slow" Number="9" NumPts="79" Millseconds="1175" AppName="Gestures" AppVer="3.5.0.0" Date="Monday, March 05, 2007" TimeOfDay="5:02:13 PM">
  <Point X="123" Y="120" T="1194617" />
  <Point X="121" Y="118" T="1194670" />
  <Point X="122" Y="115" T="1194694" />
  <Point X="125" Y="114" T="1194705" />
  <Point X="127" Y="113" T="1194720" />
  <Point X="129" Y="112" T="1194727" />
  <Point X="132" Y="111" T="1194736" />
  <Point X="134" Y="111" T="1194743" />
  <Point X="137" Y="111" T="1194751" />
  <Point X="139" Y="112" T="1194759" />
  <Point X="142" Y="112" T="1194767" />
  <Point X="144" Y="114" T="1194775" />
  <Point X="147" Y="115" T="1194783" />
  <Point X="149" Y="117" T="1194796" />
  <Point X="151" Y="119" T="1194808" />
  <Point X="151" Y="122" T="1194817" />
  <Point X="152" Y="124" T="1194826" />
  <Point X="152" Y="127" T="1194834" />
  <Point X="152" Y="129" T="1194844" />
  <Point X="152" Y="133" T="1194854" />
  <Point X="151" Y="136" T="1194866" />
  <Point X="150" Y="139" T="1194876" />
  <Point X="149" Y="142" T="1194886" />
  <Point X="147" Y="143" T="1194902" />
  <Point X="144" Y="144" T="1194914" />
  <Point X="142" Y="146" T="1194926" />
  <Point X="139" Y="148" T="1194938" />
  <Point X="137" Y="149" T="1194949" />
  <Point X="133" Y="152" T="1194962" />
  <Point X="130" Y="153" T="1194974" />
  <Point X="126" Y="159" T="1194987" />
  <Point X="125" Y="161" T="1195000" />
  <Point X="122" Y="170" T="1195015" />
  <Point X="122" Y="172" T="1195027" />
  <Point X="122" Y="175" T="1195039" />
  <Point X="124" Y="177" T="1195056" />
  <Point X="126" Y="178" T="1195068" />
  <Point X="129" Y="178" T="1195081" />
  <Point X="131" Y="179" T="1195095" />
  <Point X="133" Y="179" T="1195097" />
  <Point X="136" Y="180" T="1195112" />
  <Point X="138" Y="180" T="1195113" />
  <Point X="144" Y="180" T="1195128" />
  <Point X="147" Y="181" T="1195142" />
  <Point X="152" Y="180" T="1195156" />
  <Point X="157" Y="180" T="1195171" />
  <Point X="159" Y="179" T="1195186" />
  <Point X="164" Y="177" T="1195201" />
  <Point X="165" Y="179" T="1195216" />
  <Point X="167" Y="179" T="1195232" />
  <Point X="165" Y="180" T="1195296" />
  <Point X="163" Y="181" T="1195311" />
  <Point X="161" Y="181" T="1195327" />
  <Point X="159" Y="182" T="1195343" />
  <Point X="156" Y="183" T="1195344" />
  <Point X="152" Y="183" T="1195363" />
  <Point X="147" Y="184" T="1195380" />
  <Point X="142" Y="186" T="1195397" />
  <Point X="138" Y="187" T="1195415" />
  <Point X="136" Y="188" T="1195432" />
  <Point X="134" Y="190" T="1195449" />
  <Point X="133" Y="192" T="1195472" />
  <Point X="134" Y="194" T="1195490" />
  <Point X="135" Y="196" T="1195507" />
  <Point X="136" Y="199" T="1195508" />
  <Point X="138" Y="201" T="1195529" />
  <Point X="142" Y="206" T="1195547" />
  <Point X="144" Y="211" T="1195566" />
  <Point X="148" Y="217" T="1195585" />
  <Point X="150" Y="225" T="1195605" />
  <Point X="151" Y="231" T="1195625" />
  <Point X="151" Y="239" T="1195644" />
  <Point X="149" Y="242" T="1195666" />
  <Point X="144" Y="245" T="1195686" />
  <Point X="139" Y="247" T="1195707" />
  <Point X="130" Y="248" T="1195727" />
  <Point X="119" Y="251" T="1195748" />
  <Point X="114" Y="252" T="1195771" />
  <Point X="112" Y="254" T="1195792" />
</Gesture>