﻿<?xml version="1.0" encoding="utf-8" standalone="yes"?>
<Gesture Name="right_curly_brace05" Subject="1" Speed="slow" Number="5" NumPts="79" Millseconds="1145" AppName="Gestures" AppVer="3.5.0.0" Date="Monday, March 05, 2007" TimeOfDay="5:02:05 PM">
  <Point X="107" Y="144" T="1187220" />
  <Point X="105" Y="142" T="1187268" />
  <Point X="106" Y="140" T="1187292" />
  <Point X="108" Y="138" T="1187308" />
  <Point X="110" Y="137" T="1187320" />
  <Point X="112" Y="137" T="1187332" />
  <Point X="114" Y="137" T="1187340" />
  <Point X="117" Y="137" T="1187348" />
  <Point X="120" Y="137" T="1187356" />
  <Point X="123" Y="138" T="1187364" />
  <Point X="126" Y="138" T="1187372" />
  <Point X="130" Y="139" T="1187380" />
  <Point X="132" Y="140" T="1187388" />
  <Point X="135" Y="142" T="1187397" />
  <Point X="137" Y="143" T="1187404" />
  <Point X="139" Y="145" T="1187416" />
  <Point X="140" Y="147" T="1187428" />
  <Point X="141" Y="150" T="1187436" />
  <Point X="141" Y="153" T="1187448" />
  <Point X="141" Y="155" T="1187457" />
  <Point X="141" Y="157" T="1187466" />
  <Point X="140" Y="160" T="1187476" />
  <Point X="140" Y="163" T="1187485" />
  <Point X="139" Y="166" T="1187495" />
  <Point X="138" Y="168" T="1187505" />
  <Point X="138" Y="171" T="1187515" />
  <Point X="136" Y="176" T="1187525" />
  <Point X="134" Y="179" T="1187537" />
  <Point X="134" Y="182" T="1187547" />
  <Point X="132" Y="184" T="1187558" />
  <Point X="131" Y="187" T="1187569" />
  <Point X="130" Y="190" T="1187580" />
  <Point X="128" Y="192" T="1187592" />
  <Point X="127" Y="195" T="1187604" />
  <Point X="124" Y="200" T="1187616" />
  <Point X="124" Y="204" T="1187627" />
  <Point X="124" Y="206" T="1187640" />
  <Point X="124" Y="208" T="1187652" />
  <Point X="126" Y="209" T="1187665" />
  <Point X="129" Y="210" T="1187678" />
  <Point X="133" Y="211" T="1187691" />
  <Point X="136" Y="211" T="1187704" />
  <Point X="139" Y="210" T="1187705" />
  <Point X="144" Y="208" T="1187721" />
  <Point X="147" Y="207" T="1187735" />
  <Point X="152" Y="206" T="1187750" />
  <Point X="157" Y="204" T="1187764" />
  <Point X="159" Y="203" T="1187779" />
  <Point X="161" Y="202" T="1187794" />
  <Point X="163" Y="201" T="1187809" />
  <Point X="161" Y="202" T="1187858" />
  <Point X="158" Y="203" T="1187874" />
  <Point X="156" Y="204" T="1187891" />
  <Point X="153" Y="205" T="1187906" />
  <Point X="151" Y="205" T="1187922" />
  <Point X="148" Y="205" T="1187938" />
  <Point X="146" Y="207" T="1187955" />
  <Point X="144" Y="209" T="1187972" />
  <Point X="142" Y="211" T="1187989" />
  <Point X="140" Y="214" T="1188007" />
  <Point X="140" Y="216" T="1188024" />
  <Point X="140" Y="220" T="1188042" />
  <Point X="142" Y="222" T="1188062" />
  <Point X="145" Y="225" T="1188080" />
  <Point X="147" Y="226" T="1188098" />
  <Point X="151" Y="231" T="1188117" />
  <Point X="155" Y="236" T="1188136" />
  <Point X="158" Y="241" T="1188155" />
  <Point X="160" Y="248" T="1188177" />
  <Point X="159" Y="254" T="1188196" />
  <Point X="156" Y="260" T="1188216" />
  <Point X="152" Y="262" T="1188236" />
  <Point X="142" Y="267" T="1188256" />
  <Point X="132" Y="270" T="1188277" />
  <Point X="130" Y="272" T="1188278" />
  <Point X="121" Y="276" T="1188302" />
  <Point X="111" Y="282" T="1188323" />
  <Point X="106" Y="284" T="1188344" />
  <Point X="104" Y="284" T="1188365" />
</Gesture>