﻿<?xml version="1.0" encoding="utf-8" standalone="yes"?>
<Gesture Name="right_sq_bracket08" Subject="1" Speed="slow" Number="8" NumPts="54" Millseconds="953" AppName="Gestures" AppVer="3.5.0.0" Date="Monday, March 05, 2007" TimeOfDay="4:55:28 PM">
  <Point X="114" Y="123" T="789489" />
  <Point X="117" Y="122" T="789545" />
  <Point X="119" Y="121" T="789564" />
  <Point X="121" Y="123" T="789584" />
  <Point X="123" Y="123" T="789604" />
  <Point X="125" Y="123" T="789621" />
  <Point X="127" Y="124" T="789633" />
  <Point X="129" Y="123" T="789641" />
  <Point X="131" Y="122" T="789649" />
  <Point X="133" Y="122" T="789657" />
  <Point X="136" Y="122" T="789670" />
  <Point X="138" Y="121" T="789683" />
  <Point X="140" Y="121" T="789696" />
  <Point X="143" Y="120" T="789712" />
  <Point X="145" Y="121" T="789740" />
  <Point X="147" Y="122" T="789764" />
  <Point X="149" Y="122" T="789833" />
  <Point X="149" Y="125" T="789850" />
  <Point X="148" Y="128" T="789865" />
  <Point X="148" Y="131" T="789875" />
  <Point X="148" Y="133" T="789886" />
  <Point X="148" Y="137" T="789896" />
  <Point X="148" Y="144" T="789906" />
  <Point X="148" Y="147" T="789916" />
  <Point X="148" Y="156" T="789927" />
  <Point X="148" Y="162" T="789937" />
  <Point X="148" Y="164" T="789938" />
  <Point X="148" Y="168" T="789949" />
  <Point X="147" Y="176" T="789961" />
  <Point X="148" Y="182" T="789972" />
  <Point X="148" Y="189" T="789984" />
  <Point X="148" Y="199" T="789998" />
  <Point X="149" Y="206" T="790010" />
  <Point X="149" Y="212" T="790023" />
  <Point X="149" Y="221" T="790035" />
  <Point X="149" Y="226" T="790047" />
  <Point X="149" Y="229" T="790060" />
  <Point X="149" Y="234" T="790073" />
  <Point X="149" Y="236" T="790087" />
  <Point X="150" Y="238" T="790102" />
  <Point X="150" Y="240" T="790130" />
  <Point X="150" Y="242" T="790183" />
  <Point X="150" Y="244" T="790220" />
  <Point X="150" Y="246" T="790249" />
  <Point X="148" Y="247" T="790286" />
  <Point X="146" Y="247" T="790302" />
  <Point X="141" Y="244" T="790317" />
  <Point X="134" Y="243" T="790333" />
  <Point X="127" Y="242" T="790348" />
  <Point X="123" Y="242" T="790364" />
  <Point X="121" Y="242" T="790380" />
  <Point X="116" Y="243" T="790404" />
  <Point X="114" Y="244" T="790421" />
  <Point X="114" Y="242" T="790442" />
</Gesture>