﻿<?xml version="1.0" encoding="utf-8" standalone="yes"?>
<Gesture Name="right_sq_bracket02" Subject="1" Speed="slow" Number="2" NumPts="55" Millseconds="970" AppName="Gestures" AppVer="3.5.0.0" Date="Monday, March 05, 2007" TimeOfDay="4:55:19 PM">
  <Point X="113" Y="137" T="779915" />
  <Point X="115" Y="136" T="780090" />
  <Point X="118" Y="135" T="780101" />
  <Point X="120" Y="135" T="780114" />
  <Point X="122" Y="136" T="780126" />
  <Point X="124" Y="135" T="780138" />
  <Point X="126" Y="135" T="780150" />
  <Point X="128" Y="135" T="780162" />
  <Point X="131" Y="135" T="780174" />
  <Point X="133" Y="135" T="780186" />
  <Point X="135" Y="135" T="780198" />
  <Point X="137" Y="135" T="780211" />
  <Point X="139" Y="136" T="780228" />
  <Point X="141" Y="136" T="780247" />
  <Point X="143" Y="136" T="780272" />
  <Point X="146" Y="136" T="780296" />
  <Point X="147" Y="138" T="780341" />
  <Point X="147" Y="141" T="780370" />
  <Point X="147" Y="143" T="780390" />
  <Point X="147" Y="146" T="780402" />
  <Point X="147" Y="148" T="780412" />
  <Point X="147" Y="152" T="780423" />
  <Point X="147" Y="155" T="780433" />
  <Point X="147" Y="163" T="780443" />
  <Point X="147" Y="168" T="780453" />
  <Point X="147" Y="171" T="780454" />
  <Point X="147" Y="175" T="780465" />
  <Point X="147" Y="182" T="780476" />
  <Point X="148" Y="189" T="780487" />
  <Point X="149" Y="196" T="780499" />
  <Point X="150" Y="202" T="780510" />
  <Point X="150" Y="207" T="780523" />
  <Point X="151" Y="211" T="780535" />
  <Point X="151" Y="219" T="780547" />
  <Point X="152" Y="222" T="780560" />
  <Point X="152" Y="227" T="780573" />
  <Point X="153" Y="229" T="780586" />
  <Point X="153" Y="232" T="780587" />
  <Point X="154" Y="234" T="780600" />
  <Point X="154" Y="237" T="780614" />
  <Point X="155" Y="239" T="780615" />
  <Point X="155" Y="241" T="780628" />
  <Point X="155" Y="243" T="780647" />
  <Point X="155" Y="245" T="780663" />
  <Point X="155" Y="247" T="780688" />
  <Point X="154" Y="249" T="780748" />
  <Point X="152" Y="250" T="780776" />
  <Point X="150" Y="248" T="780790" />
  <Point X="145" Y="246" T="780805" />
  <Point X="137" Y="244" T="780821" />
  <Point X="129" Y="242" T="780836" />
  <Point X="126" Y="243" T="780852" />
  <Point X="123" Y="243" T="780853" />
  <Point X="118" Y="244" T="780869" />
  <Point X="115" Y="244" T="780885" />
</Gesture>