﻿<?xml version="1.0" encoding="utf-8" standalone="yes"?>
<Gesture Name="right_curly_brace02" Subject="1" Speed="slow" Number="2" NumPts="73" Millseconds="1137" AppName="Gestures" AppVer="3.5.0.0" Date="Monday, March 05, 2007" TimeOfDay="5:01:58 PM">
  <Point X="115" Y="133" T="1179872" />
  <Point X="115" Y="131" T="1179891" />
  <Point X="117" Y="129" T="1179907" />
  <Point X="119" Y="127" T="1179924" />
  <Point X="121" Y="125" T="1179936" />
  <Point X="124" Y="124" T="1179952" />
  <Point X="126" Y="123" T="1179964" />
  <Point X="128" Y="123" T="1179976" />
  <Point X="130" Y="124" T="1179988" />
  <Point X="133" Y="125" T="1180001" />
  <Point X="136" Y="126" T="1180013" />
  <Point X="138" Y="128" T="1180026" />
  <Point X="140" Y="130" T="1180038" />
  <Point X="141" Y="132" T="1180047" />
  <Point X="143" Y="135" T="1180060" />
  <Point X="143" Y="137" T="1180069" />
  <Point X="144" Y="139" T="1180077" />
  <Point X="144" Y="142" T="1180086" />
  <Point X="144" Y="145" T="1180096" />
  <Point X="144" Y="148" T="1180105" />
  <Point X="144" Y="150" T="1180115" />
  <Point X="144" Y="152" T="1180125" />
  <Point X="143" Y="155" T="1180136" />
  <Point X="143" Y="157" T="1180148" />
  <Point X="142" Y="160" T="1180164" />
  <Point X="141" Y="162" T="1180180" />
  <Point X="140" Y="164" T="1180196" />
  <Point X="138" Y="166" T="1180212" />
  <Point X="137" Y="168" T="1180223" />
  <Point X="135" Y="170" T="1180235" />
  <Point X="133" Y="172" T="1180248" />
  <Point X="133" Y="174" T="1180261" />
  <Point X="133" Y="176" T="1180273" />
  <Point X="132" Y="179" T="1180286" />
  <Point X="133" Y="185" T="1180300" />
  <Point X="135" Y="187" T="1180317" />
  <Point X="136" Y="190" T="1180330" />
  <Point X="138" Y="192" T="1180345" />
  <Point X="141" Y="193" T="1180346" />
  <Point X="143" Y="193" T="1180360" />
  <Point X="145" Y="193" T="1180361" />
  <Point X="147" Y="193" T="1180376" />
  <Point X="151" Y="194" T="1180392" />
  <Point X="156" Y="194" T="1180408" />
  <Point X="159" Y="194" T="1180426" />
  <Point X="161" Y="194" T="1180441" />
  <Point X="164" Y="193" T="1180457" />
  <Point X="161" Y="193" T="1180533" />
  <Point X="159" Y="193" T="1180549" />
  <Point X="157" Y="194" T="1180566" />
  <Point X="155" Y="194" T="1180582" />
  <Point X="153" Y="195" T="1180600" />
  <Point X="148" Y="197" T="1180618" />
  <Point X="146" Y="198" T="1180635" />
  <Point X="145" Y="200" T="1180653" />
  <Point X="144" Y="202" T="1180677" />
  <Point X="144" Y="204" T="1180695" />
  <Point X="144" Y="207" T="1180713" />
  <Point X="145" Y="209" T="1180732" />
  <Point X="146" Y="211" T="1180752" />
  <Point X="147" Y="213" T="1180771" />
  <Point X="150" Y="219" T="1180792" />
  <Point X="153" Y="227" T="1180813" />
  <Point X="155" Y="232" T="1180833" />
  <Point X="156" Y="240" T="1180854" />
  <Point X="156" Y="243" T="1180874" />
  <Point X="151" Y="246" T="1180898" />
  <Point X="147" Y="246" T="1180919" />
  <Point X="139" Y="248" T="1180942" />
  <Point X="131" Y="250" T="1180964" />
  <Point X="129" Y="252" T="1180985" />
  <Point X="127" Y="253" T="1180986" />
  <Point X="124" Y="254" T="1181009" />
</Gesture>