﻿<?xml version="1.0" encoding="utf-8" standalone="yes"?>
<Gesture Name="right_sq_bracket06" Subject="1" Speed="slow" Number="6" NumPts="56" Millseconds="930" AppName="Gestures" AppVer="3.5.0.0" Date="Monday, March 05, 2007" TimeOfDay="4:55:25 PM">
  <Point X="111" Y="127" T="786373" />
  <Point X="109" Y="128" T="786393" />
  <Point X="107" Y="129" T="786422" />
  <Point X="109" Y="129" T="786498" />
  <Point X="111" Y="128" T="786516" />
  <Point X="113" Y="125" T="786528" />
  <Point X="115" Y="125" T="786544" />
  <Point X="118" Y="124" T="786555" />
  <Point X="120" Y="124" T="786567" />
  <Point X="123" Y="124" T="786580" />
  <Point X="125" Y="123" T="786588" />
  <Point X="127" Y="123" T="786597" />
  <Point X="130" Y="123" T="786605" />
  <Point X="132" Y="123" T="786613" />
  <Point X="134" Y="123" T="786622" />
  <Point X="136" Y="123" T="786630" />
  <Point X="139" Y="123" T="786639" />
  <Point X="141" Y="122" T="786648" />
  <Point X="143" Y="122" T="786657" />
  <Point X="145" Y="121" T="786667" />
  <Point X="147" Y="121" T="786676" />
  <Point X="149" Y="121" T="786688" />
  <Point X="148" Y="123" T="786772" />
  <Point X="147" Y="126" T="786784" />
  <Point X="146" Y="128" T="786795" />
  <Point X="145" Y="130" T="786806" />
  <Point X="145" Y="132" T="786817" />
  <Point X="145" Y="139" T="786828" />
  <Point X="145" Y="144" T="786840" />
  <Point X="145" Y="150" T="786852" />
  <Point X="145" Y="152" T="786853" />
  <Point X="145" Y="160" T="786864" />
  <Point X="146" Y="169" T="786877" />
  <Point X="147" Y="178" T="786889" />
  <Point X="148" Y="187" T="786901" />
  <Point X="149" Y="191" T="786914" />
  <Point X="151" Y="200" T="786927" />
  <Point X="152" Y="210" T="786940" />
  <Point X="153" Y="218" T="786954" />
  <Point X="153" Y="222" T="786967" />
  <Point X="155" Y="233" T="786981" />
  <Point X="156" Y="239" T="786997" />
  <Point X="156" Y="241" T="787011" />
  <Point X="156" Y="243" T="787012" />
  <Point X="157" Y="245" T="787027" />
  <Point X="156" Y="247" T="787129" />
  <Point X="154" Y="247" T="787157" />
  <Point X="152" Y="245" T="787174" />
  <Point X="148" Y="243" T="787189" />
  <Point X="142" Y="241" T="787205" />
  <Point X="136" Y="241" T="787221" />
  <Point X="129" Y="240" T="787237" />
  <Point X="123" Y="240" T="787253" />
  <Point X="118" Y="240" T="787270" />
  <Point X="113" Y="240" T="787286" />
  <Point X="111" Y="239" T="787303" />
</Gesture>