﻿<?xml version="1.0" encoding="utf-8" standalone="yes"?>
<Gesture Name="right_sq_bracket03" Subject="1" Speed="slow" Number="3" NumPts="56" Millseconds="845" AppName="Gestures" AppVer="3.5.0.0" Date="Monday, March 05, 2007" TimeOfDay="4:55:20 PM">
  <Point X="110" Y="134" T="781810" />
  <Point X="112" Y="133" T="781899" />
  <Point X="114" Y="133" T="781914" />
  <Point X="117" Y="133" T="781927" />
  <Point X="119" Y="133" T="781935" />
  <Point X="121" Y="132" T="781943" />
  <Point X="123" Y="133" T="781951" />
  <Point X="125" Y="132" T="781963" />
  <Point X="128" Y="131" T="781975" />
  <Point X="130" Y="131" T="781983" />
  <Point X="132" Y="130" T="781996" />
  <Point X="135" Y="129" T="782013" />
  <Point X="137" Y="130" T="782030" />
  <Point X="139" Y="128" T="782042" />
  <Point X="141" Y="128" T="782054" />
  <Point X="143" Y="128" T="782066" />
  <Point X="145" Y="127" T="782078" />
  <Point X="147" Y="127" T="782095" />
  <Point X="149" Y="129" T="782127" />
  <Point X="150" Y="131" T="782143" />
  <Point X="151" Y="133" T="782159" />
  <Point X="151" Y="136" T="782169" />
  <Point X="151" Y="138" T="782180" />
  <Point X="151" Y="141" T="782190" />
  <Point X="151" Y="146" T="782200" />
  <Point X="151" Y="149" T="782211" />
  <Point X="151" Y="152" T="782222" />
  <Point X="151" Y="159" T="782233" />
  <Point X="152" Y="163" T="782245" />
  <Point X="153" Y="172" T="782256" />
  <Point X="153" Y="181" T="782268" />
  <Point X="154" Y="190" T="782280" />
  <Point X="154" Y="198" T="782292" />
  <Point X="154" Y="207" T="782305" />
  <Point X="154" Y="212" T="782317" />
  <Point X="155" Y="219" T="782330" />
  <Point X="156" Y="222" T="782343" />
  <Point X="156" Y="225" T="782344" />
  <Point X="157" Y="232" T="782357" />
  <Point X="158" Y="237" T="782373" />
  <Point X="159" Y="243" T="782387" />
  <Point X="159" Y="247" T="782401" />
  <Point X="160" Y="249" T="782414" />
  <Point X="159" Y="252" T="782436" />
  <Point X="159" Y="249" T="782464" />
  <Point X="156" Y="247" T="782488" />
  <Point X="154" Y="246" T="782505" />
  <Point X="152" Y="246" T="782521" />
  <Point X="148" Y="246" T="782537" />
  <Point X="143" Y="246" T="782553" />
  <Point X="136" Y="247" T="782570" />
  <Point X="129" Y="247" T="782586" />
  <Point X="123" Y="247" T="782603" />
  <Point X="119" Y="246" T="782620" />
  <Point X="116" Y="246" T="782637" />
  <Point X="114" Y="245" T="782655" />
</Gesture>