﻿<?xml version="1.0" encoding="utf-8" standalone="yes"?>
<Gesture Name="right_curly_brace03" Subject="1" Speed="slow" Number="3" NumPts="80" Millseconds="1197" AppName="Gestures" AppVer="3.5.0.0" Date="Monday, March 05, 2007" TimeOfDay="5:02:00 PM">
  <Point X="113" Y="131" T="1181623" />
  <Point X="113" Y="129" T="1181632" />
  <Point X="112" Y="126" T="1181644" />
  <Point X="113" Y="124" T="1181659" />
  <Point X="116" Y="123" T="1181672" />
  <Point X="118" Y="121" T="1181684" />
  <Point X="120" Y="121" T="1181692" />
  <Point X="122" Y="120" T="1181700" />
  <Point X="125" Y="121" T="1181712" />
  <Point X="128" Y="122" T="1181724" />
  <Point X="130" Y="124" T="1181736" />
  <Point X="132" Y="126" T="1181748" />
  <Point X="135" Y="129" T="1181764" />
  <Point X="136" Y="131" T="1181773" />
  <Point X="137" Y="134" T="1181784" />
  <Point X="138" Y="137" T="1181793" />
  <Point X="138" Y="139" T="1181802" />
  <Point X="139" Y="142" T="1181813" />
  <Point X="139" Y="144" T="1181822" />
  <Point X="139" Y="147" T="1181830" />
  <Point X="139" Y="150" T="1181839" />
  <Point X="139" Y="152" T="1181849" />
  <Point X="139" Y="154" T="1181858" />
  <Point X="139" Y="157" T="1181868" />
  <Point X="139" Y="160" T="1181878" />
  <Point X="138" Y="162" T="1181894" />
  <Point X="136" Y="165" T="1181914" />
  <Point X="134" Y="166" T="1181926" />
  <Point X="131" Y="167" T="1181938" />
  <Point X="129" Y="169" T="1181950" />
  <Point X="126" Y="171" T="1181962" />
  <Point X="124" Y="173" T="1181978" />
  <Point X="122" Y="175" T="1181994" />
  <Point X="121" Y="177" T="1182006" />
  <Point X="120" Y="180" T="1182019" />
  <Point X="119" Y="182" T="1182031" />
  <Point X="119" Y="185" T="1182044" />
  <Point X="120" Y="188" T="1182057" />
  <Point X="120" Y="190" T="1182070" />
  <Point X="122" Y="190" T="1182083" />
  <Point X="124" Y="193" T="1182096" />
  <Point X="129" Y="194" T="1182110" />
  <Point X="133" Y="195" T="1182124" />
  <Point X="138" Y="194" T="1182139" />
  <Point X="140" Y="195" T="1182153" />
  <Point X="144" Y="194" T="1182167" />
  <Point X="147" Y="195" T="1182182" />
  <Point X="149" Y="195" T="1182197" />
  <Point X="152" Y="196" T="1182212" />
  <Point X="151" Y="194" T="1182259" />
  <Point X="149" Y="195" T="1182274" />
  <Point X="147" Y="193" T="1182290" />
  <Point X="145" Y="193" T="1182306" />
  <Point X="142" Y="194" T="1182307" />
  <Point X="140" Y="194" T="1182327" />
  <Point X="135" Y="194" T="1182344" />
  <Point X="133" Y="196" T="1182361" />
  <Point X="131" Y="196" T="1182378" />
  <Point X="129" Y="197" T="1182396" />
  <Point X="126" Y="199" T="1182413" />
  <Point X="125" Y="202" T="1182432" />
  <Point X="124" Y="204" T="1182455" />
  <Point X="124" Y="206" T="1182472" />
  <Point X="126" Y="209" T="1182496" />
  <Point X="129" Y="211" T="1182514" />
  <Point X="131" Y="213" T="1182533" />
  <Point X="135" Y="217" T="1182551" />
  <Point X="138" Y="219" T="1182571" />
  <Point X="139" Y="223" T="1182590" />
  <Point X="140" Y="229" T="1182611" />
  <Point X="139" Y="233" T="1182631" />
  <Point X="138" Y="235" T="1182651" />
  <Point X="136" Y="237" T="1182652" />
  <Point X="132" Y="241" T="1182676" />
  <Point X="124" Y="243" T="1182699" />
  <Point X="117" Y="245" T="1182721" />
  <Point X="113" Y="246" T="1182742" />
  <Point X="109" Y="247" T="1182763" />
  <Point X="104" Y="247" T="1182784" />
  <Point X="105" Y="245" T="1182820" />
</Gesture>