﻿<?xml version="1.0" encoding="utf-8" standalone="yes"?>
<Gesture Name="right_sq_bracket04" Subject="1" Speed="slow" Number="4" NumPts="55" Millseconds="906" AppName="Gestures" AppVer="3.5.0.0" Date="Monday, March 05, 2007" TimeOfDay="4:55:22 PM">
  <Point X="111" Y="123" T="783344" />
  <Point X="113" Y="122" T="783459" />
  <Point X="115" Y="121" T="783475" />
  <Point X="117" Y="120" T="783487" />
  <Point X="120" Y="120" T="783499" />
  <Point X="122" Y="118" T="783507" />
  <Point X="124" Y="118" T="783515" />
  <Point X="126" Y="118" T="783523" />
  <Point X="129" Y="118" T="783531" />
  <Point X="131" Y="119" T="783543" />
  <Point X="133" Y="118" T="783555" />
  <Point X="135" Y="119" T="783572" />
  <Point X="138" Y="119" T="783588" />
  <Point X="140" Y="119" T="783604" />
  <Point X="142" Y="117" T="783621" />
  <Point X="144" Y="117" T="783641" />
  <Point X="146" Y="119" T="783677" />
  <Point X="146" Y="122" T="783694" />
  <Point X="145" Y="124" T="783710" />
  <Point X="145" Y="127" T="783722" />
  <Point X="145" Y="129" T="783732" />
  <Point X="145" Y="134" T="783742" />
  <Point X="145" Y="138" T="783753" />
  <Point X="146" Y="144" T="783763" />
  <Point X="146" Y="150" T="783773" />
  <Point X="146" Y="153" T="783774" />
  <Point X="147" Y="159" T="783785" />
  <Point X="147" Y="167" T="783796" />
  <Point X="148" Y="173" T="783808" />
  <Point X="148" Y="183" T="783819" />
  <Point X="148" Y="191" T="783831" />
  <Point X="149" Y="198" T="783843" />
  <Point X="149" Y="203" T="783855" />
  <Point X="150" Y="211" T="783867" />
  <Point X="151" Y="216" T="783879" />
  <Point X="152" Y="221" T="783892" />
  <Point X="152" Y="223" T="783905" />
  <Point X="152" Y="226" T="783906" />
  <Point X="152" Y="229" T="783919" />
  <Point X="152" Y="231" T="783935" />
  <Point X="152" Y="233" T="783949" />
  <Point X="151" Y="236" T="783964" />
  <Point X="150" Y="238" T="783994" />
  <Point X="150" Y="240" T="784019" />
  <Point X="149" Y="242" T="784063" />
  <Point X="147" Y="243" T="784104" />
  <Point X="145" Y="242" T="784121" />
  <Point X="143" Y="240" T="784137" />
  <Point X="137" Y="238" T="784152" />
  <Point X="131" Y="236" T="784168" />
  <Point X="125" Y="234" T="784184" />
  <Point X="118" Y="234" T="784200" />
  <Point X="113" Y="233" T="784216" />
  <Point X="109" Y="233" T="784233" />
  <Point X="106" Y="233" T="784250" />
</Gesture>