﻿<?xml version="1.0" encoding="utf-8" standalone="yes"?>
<Gesture Name="right_curly_brace01" Subject="1" Speed="slow" Number="1" NumPts="83" Millseconds="1359" AppName="Gestures" AppVer="3.5.0.0" Date="Monday, March 05, 2007" TimeOfDay="5:01:56 PM">
  <Point X="107" Y="126" T="1177670" />
  <Point X="108" Y="123" T="1177734" />
  <Point X="111" Y="123" T="1177750" />
  <Point X="113" Y="121" T="1177766" />
  <Point X="115" Y="120" T="1177779" />
  <Point X="118" Y="119" T="1177791" />
  <Point X="120" Y="120" T="1177803" />
  <Point X="122" Y="120" T="1177811" />
  <Point X="125" Y="120" T="1177823" />
  <Point X="127" Y="120" T="1177835" />
  <Point X="129" Y="122" T="1177851" />
  <Point X="130" Y="124" T="1177859" />
  <Point X="132" Y="126" T="1177871" />
  <Point X="133" Y="129" T="1177891" />
  <Point X="134" Y="131" T="1177900" />
  <Point X="135" Y="134" T="1177919" />
  <Point X="135" Y="137" T="1177928" />
  <Point X="135" Y="139" T="1177936" />
  <Point X="135" Y="141" T="1177948" />
  <Point X="134" Y="144" T="1177973" />
  <Point X="133" Y="146" T="1177985" />
  <Point X="132" Y="148" T="1178001" />
  <Point X="130" Y="150" T="1178017" />
  <Point X="128" Y="152" T="1178029" />
  <Point X="126" Y="154" T="1178045" />
  <Point X="125" Y="156" T="1178057" />
  <Point X="123" Y="158" T="1178069" />
  <Point X="122" Y="160" T="1178079" />
  <Point X="121" Y="162" T="1178097" />
  <Point X="121" Y="164" T="1178108" />
  <Point X="121" Y="166" T="1178119" />
  <Point X="121" Y="170" T="1178130" />
  <Point X="122" Y="172" T="1178142" />
  <Point X="124" Y="174" T="1178157" />
  <Point X="126" Y="176" T="1178174" />
  <Point X="128" Y="177" T="1178187" />
  <Point X="131" Y="177" T="1178199" />
  <Point X="133" Y="177" T="1178212" />
  <Point X="135" Y="178" T="1178224" />
  <Point X="140" Y="177" T="1178238" />
  <Point X="142" Y="178" T="1178251" />
  <Point X="144" Y="177" T="1178252" />
  <Point X="147" Y="176" T="1178266" />
  <Point X="149" Y="176" T="1178268" />
  <Point X="153" Y="174" T="1178285" />
  <Point X="155" Y="174" T="1178300" />
  <Point X="157" Y="174" T="1178315" />
  <Point X="159" Y="175" T="1178329" />
  <Point X="157" Y="175" T="1178412" />
  <Point X="155" Y="175" T="1178439" />
  <Point X="153" Y="176" T="1178460" />
  <Point X="150" Y="174" T="1178480" />
  <Point X="148" Y="174" T="1178497" />
  <Point X="146" Y="174" T="1178513" />
  <Point X="144" Y="175" T="1178529" />
  <Point X="139" Y="178" T="1178545" />
  <Point X="137" Y="179" T="1178562" />
  <Point X="134" Y="180" T="1178579" />
  <Point X="130" Y="183" T="1178597" />
  <Point X="128" Y="185" T="1178615" />
  <Point X="126" Y="187" T="1178632" />
  <Point X="125" Y="189" T="1178650" />
  <Point X="125" Y="191" T="1178668" />
  <Point X="126" Y="194" T="1178669" />
  <Point X="128" Y="196" T="1178691" />
  <Point X="132" Y="203" T="1178713" />
  <Point X="133" Y="205" T="1178731" />
  <Point X="137" Y="209" T="1178751" />
  <Point X="141" Y="213" T="1178771" />
  <Point X="144" Y="218" T="1178791" />
  <Point X="147" Y="222" T="1178811" />
  <Point X="149" Y="226" T="1178831" />
  <Point X="149" Y="231" T="1178851" />
  <Point X="149" Y="233" T="1178870" />
  <Point X="147" Y="235" T="1178891" />
  <Point X="144" Y="237" T="1178911" />
  <Point X="142" Y="239" T="1178913" />
  <Point X="137" Y="239" T="1178938" />
  <Point X="133" Y="241" T="1178959" />
  <Point X="130" Y="241" T="1178961" />
  <Point X="126" Y="240" T="1178985" />
  <Point X="123" Y="241" T="1179007" />
  <Point X="121" Y="240" T="1179029" />
</Gesture>