﻿<?xml version="1.0" encoding="utf-8" standalone="yes"?>
<Gesture Name="right_sq_bracket07" Subject="1" Speed="slow" Number="7" NumPts="61" Millseconds="1012" AppName="Gestures" AppVer="3.5.0.0" Date="Monday, March 05, 2007" TimeOfDay="4:55:27 PM">
  <Point X="110" Y="123" T="787870" />
  <Point X="108" Y="124" T="787910" />
  <Point X="110" Y="124" T="787957" />
  <Point X="112" Y="125" T="787974" />
  <Point X="115" Y="125" T="787990" />
  <Point X="117" Y="123" T="788002" />
  <Point X="120" Y="124" T="788018" />
  <Point X="122" Y="123" T="788030" />
  <Point X="125" Y="123" T="788043" />
  <Point X="127" Y="123" T="788051" />
  <Point X="129" Y="122" T="788060" />
  <Point X="131" Y="123" T="788070" />
  <Point X="134" Y="123" T="788082" />
  <Point X="136" Y="122" T="788094" />
  <Point X="138" Y="123" T="788106" />
  <Point X="140" Y="122" T="788118" />
  <Point X="143" Y="122" T="788134" />
  <Point X="145" Y="122" T="788155" />
  <Point X="147" Y="122" T="788228" />
  <Point X="148" Y="124" T="788300" />
  <Point X="148" Y="127" T="788320" />
  <Point X="148" Y="129" T="788332" />
  <Point X="148" Y="133" T="788343" />
  <Point X="148" Y="135" T="788353" />
  <Point X="148" Y="141" T="788364" />
  <Point X="148" Y="144" T="788365" />
  <Point X="148" Y="148" T="788375" />
  <Point X="148" Y="151" T="788377" />
  <Point X="148" Y="155" T="788387" />
  <Point X="148" Y="157" T="788388" />
  <Point X="147" Y="162" T="788399" />
  <Point X="147" Y="164" T="788401" />
  <Point X="147" Y="172" T="788413" />
  <Point X="147" Y="180" T="788425" />
  <Point X="148" Y="188" T="788439" />
  <Point X="148" Y="196" T="788451" />
  <Point X="149" Y="203" T="788464" />
  <Point X="149" Y="206" T="788465" />
  <Point X="149" Y="210" T="788478" />
  <Point X="149" Y="216" T="788491" />
  <Point X="149" Y="221" T="788504" />
  <Point X="148" Y="225" T="788517" />
  <Point X="148" Y="228" T="788531" />
  <Point X="148" Y="230" T="788545" />
  <Point X="147" Y="236" T="788559" />
  <Point X="147" Y="238" T="788576" />
  <Point X="147" Y="240" T="788592" />
  <Point X="147" Y="242" T="788607" />
  <Point X="148" Y="244" T="788621" />
  <Point X="148" Y="246" T="788641" />
  <Point X="146" Y="244" T="788729" />
  <Point X="144" Y="242" T="788744" />
  <Point X="141" Y="241" T="788760" />
  <Point X="139" Y="241" T="788761" />
  <Point X="134" Y="242" T="788778" />
  <Point X="128" Y="241" T="788795" />
  <Point X="122" Y="242" T="788811" />
  <Point X="117" Y="243" T="788828" />
  <Point X="112" Y="244" T="788847" />
  <Point X="110" Y="244" T="788865" />
  <Point X="108" Y="242" T="788882" />
</Gesture>