﻿<?xml version="1.0" encoding="utf-8" standalone="yes"?>
<Gesture Name="right_sq_bracket10" Subject="1" Speed="slow" Number="10" NumPts="58" Millseconds="851" AppName="Gestures" AppVer="3.5.0.0" Date="Monday, March 05, 2007" TimeOfDay="4:55:31 PM">
  <Point X="116" Y="130" T="792602" />
  <Point X="118" Y="129" T="792670" />
  <Point X="120" Y="130" T="792691" />
  <Point X="122" Y="130" T="792703" />
  <Point X="125" Y="130" T="792715" />
  <Point X="127" Y="129" T="792723" />
  <Point X="129" Y="129" T="792731" />
  <Point X="131" Y="128" T="792739" />
  <Point X="134" Y="128" T="792747" />
  <Point X="136" Y="127" T="792755" />
  <Point X="138" Y="127" T="792764" />
  <Point X="140" Y="126" T="792771" />
  <Point X="143" Y="125" T="792783" />
  <Point X="145" Y="125" T="792796" />
  <Point X="147" Y="124" T="792807" />
  <Point X="149" Y="124" T="792824" />
  <Point X="151" Y="125" T="792848" />
  <Point X="153" Y="127" T="792888" />
  <Point X="153" Y="129" T="792905" />
  <Point X="152" Y="133" T="792917" />
  <Point X="152" Y="135" T="792927" />
  <Point X="151" Y="140" T="792938" />
  <Point X="151" Y="143" T="792948" />
  <Point X="151" Y="149" T="792958" />
  <Point X="151" Y="153" T="792969" />
  <Point X="151" Y="156" T="792970" />
  <Point X="150" Y="161" T="792980" />
  <Point X="150" Y="163" T="792981" />
  <Point X="150" Y="169" T="792992" />
  <Point X="150" Y="171" T="792994" />
  <Point X="151" Y="180" T="793005" />
  <Point X="151" Y="185" T="793017" />
  <Point X="151" Y="194" T="793030" />
  <Point X="151" Y="199" T="793042" />
  <Point X="151" Y="205" T="793054" />
  <Point X="151" Y="208" T="793067" />
  <Point X="152" Y="214" T="793080" />
  <Point X="152" Y="219" T="793093" />
  <Point X="152" Y="222" T="793107" />
  <Point X="152" Y="227" T="793120" />
  <Point X="152" Y="230" T="793134" />
  <Point X="153" Y="237" T="793148" />
  <Point X="153" Y="241" T="793162" />
  <Point X="152" Y="243" T="793178" />
  <Point X="152" Y="245" T="793222" />
  <Point X="150" Y="244" T="793269" />
  <Point X="147" Y="243" T="793285" />
  <Point X="143" Y="242" T="793301" />
  <Point X="137" Y="242" T="793317" />
  <Point X="130" Y="241" T="793334" />
  <Point X="123" Y="241" T="793350" />
  <Point X="115" Y="242" T="793367" />
  <Point X="110" Y="243" T="793383" />
  <Point X="104" Y="243" T="793400" />
  <Point X="100" Y="244" T="793416" />
  <Point X="98" Y="244" T="793417" />
  <Point X="96" Y="244" T="793434" />
  <Point X="94" Y="243" T="793453" />
</Gesture>