﻿<?xml version="1.0" encoding="utf-8" standalone="yes"?>
<Gesture Name="right_curly_brace04" Subject="1" Speed="slow" Number="4" NumPts="77" Millseconds="1138" AppName="Gestures" AppVer="3.5.0.0" Date="Monday, March 05, 2007" TimeOfDay="5:02:02 PM">
  <Point X="118" Y="128" T="1183468" />
  <Point X="119" Y="126" T="1183488" />
  <Point X="120" Y="124" T="1183508" />
  <Point X="122" Y="123" T="1183533" />
  <Point X="125" Y="122" T="1183549" />
  <Point X="127" Y="120" T="1183560" />
  <Point X="129" Y="121" T="1183572" />
  <Point X="131" Y="120" T="1183584" />
  <Point X="133" Y="123" T="1183604" />
  <Point X="134" Y="125" T="1183617" />
  <Point X="135" Y="128" T="1183634" />
  <Point X="135" Y="131" T="1183642" />
  <Point X="135" Y="133" T="1183650" />
  <Point X="137" Y="135" T="1183662" />
  <Point X="138" Y="137" T="1183671" />
  <Point X="139" Y="139" T="1183679" />
  <Point X="142" Y="140" T="1183694" />
  <Point X="143" Y="142" T="1183710" />
  <Point X="143" Y="144" T="1183719" />
  <Point X="143" Y="146" T="1183727" />
  <Point X="143" Y="149" T="1183742" />
  <Point X="142" Y="152" T="1183758" />
  <Point X="141" Y="154" T="1183770" />
  <Point X="139" Y="156" T="1183786" />
  <Point X="137" Y="158" T="1183799" />
  <Point X="135" Y="158" T="1183811" />
  <Point X="133" Y="160" T="1183823" />
  <Point X="131" Y="162" T="1183835" />
  <Point X="128" Y="164" T="1183847" />
  <Point X="126" Y="166" T="1183859" />
  <Point X="124" Y="169" T="1183871" />
  <Point X="124" Y="172" T="1183883" />
  <Point X="123" Y="174" T="1183894" />
  <Point X="123" Y="177" T="1183895" />
  <Point X="124" Y="180" T="1183909" />
  <Point X="124" Y="182" T="1183922" />
  <Point X="125" Y="184" T="1183934" />
  <Point X="126" Y="187" T="1183935" />
  <Point X="128" Y="189" T="1183950" />
  <Point X="130" Y="192" T="1183963" />
  <Point X="132" Y="193" T="1183979" />
  <Point X="134" Y="195" T="1183992" />
  <Point X="137" Y="197" T="1184006" />
  <Point X="142" Y="199" T="1184020" />
  <Point X="144" Y="202" T="1184034" />
  <Point X="147" Y="202" T="1184048" />
  <Point X="149" Y="203" T="1184063" />
  <Point X="150" Y="205" T="1184079" />
  <Point X="150" Y="207" T="1184111" />
  <Point X="148" Y="208" T="1184139" />
  <Point X="145" Y="208" T="1184154" />
  <Point X="143" Y="208" T="1184170" />
  <Point X="141" Y="208" T="1184186" />
  <Point X="137" Y="208" T="1184202" />
  <Point X="134" Y="207" T="1184218" />
  <Point X="132" Y="209" T="1184234" />
  <Point X="130" Y="209" T="1184235" />
  <Point X="128" Y="211" T="1184257" />
  <Point X="126" Y="213" T="1184274" />
  <Point X="124" Y="215" T="1184302" />
  <Point X="125" Y="217" T="1184324" />
  <Point X="126" Y="219" T="1184341" />
  <Point X="128" Y="221" T="1184359" />
  <Point X="130" Y="223" T="1184377" />
  <Point X="133" Y="225" T="1184395" />
  <Point X="135" Y="226" T="1184396" />
  <Point X="137" Y="228" T="1184417" />
  <Point X="141" Y="234" T="1184438" />
  <Point X="142" Y="238" T="1184457" />
  <Point X="142" Y="241" T="1184477" />
  <Point X="140" Y="245" T="1184496" />
  <Point X="136" Y="249" T="1184516" />
  <Point X="128" Y="254" T="1184541" />
  <Point X="123" Y="255" T="1184561" />
  <Point X="118" Y="257" T="1184581" />
  <Point X="116" Y="257" T="1184582" />
  <Point X="114" Y="257" T="1184606" />
</Gesture>