﻿<?xml version="1.0" encoding="utf-8" standalone="yes"?>
<Gesture Name="right_sq_bracket09" Subject="1" Speed="slow" Number="9" NumPts="63" Millseconds="938" AppName="Gestures" AppVer="3.5.0.0" Date="Monday, March 05, 2007" TimeOfDay="4:55:30 PM">
  <Point X="112" Y="132" T="791007" />
  <Point X="114" Y="131" T="791071" />
  <Point X="116" Y="131" T="791084" />
  <Point X="118" Y="131" T="791096" />
  <Point X="120" Y="129" T="791108" />
  <Point X="122" Y="130" T="791121" />
  <Point X="125" Y="130" T="791133" />
  <Point X="127" Y="130" T="791145" />
  <Point X="129" Y="130" T="791157" />
  <Point X="131" Y="130" T="791165" />
  <Point X="134" Y="129" T="791173" />
  <Point X="136" Y="129" T="791182" />
  <Point X="138" Y="128" T="791190" />
  <Point X="140" Y="127" T="791202" />
  <Point X="143" Y="125" T="791214" />
  <Point X="145" Y="125" T="791226" />
  <Point X="147" Y="123" T="791242" />
  <Point X="148" Y="125" T="791298" />
  <Point X="148" Y="127" T="791327" />
  <Point X="148" Y="130" T="791343" />
  <Point X="147" Y="132" T="791355" />
  <Point X="147" Y="135" T="791365" />
  <Point X="147" Y="138" T="791376" />
  <Point X="147" Y="140" T="791386" />
  <Point X="147" Y="148" T="791396" />
  <Point X="147" Y="152" T="791407" />
  <Point X="148" Y="154" T="791408" />
  <Point X="148" Y="157" T="791419" />
  <Point X="148" Y="160" T="791420" />
  <Point X="148" Y="165" T="791431" />
  <Point X="148" Y="167" T="791432" />
  <Point X="148" Y="174" T="791443" />
  <Point X="148" Y="181" T="791456" />
  <Point X="148" Y="186" T="791468" />
  <Point X="148" Y="193" T="791480" />
  <Point X="148" Y="199" T="791492" />
  <Point X="149" Y="202" T="791505" />
  <Point X="150" Y="211" T="791518" />
  <Point X="151" Y="216" T="791531" />
  <Point X="151" Y="222" T="791544" />
  <Point X="152" Y="227" T="791557" />
  <Point X="152" Y="230" T="791570" />
  <Point X="152" Y="233" T="791571" />
  <Point X="152" Y="235" T="791585" />
  <Point X="152" Y="238" T="791599" />
  <Point X="151" Y="240" T="791614" />
  <Point X="151" Y="242" T="791628" />
  <Point X="151" Y="245" T="791643" />
  <Point X="152" Y="247" T="791660" />
  <Point X="152" Y="249" T="791675" />
  <Point X="152" Y="251" T="791696" />
  <Point X="150" Y="250" T="791760" />
  <Point X="148" Y="250" T="791776" />
  <Point X="145" Y="249" T="791792" />
  <Point X="141" Y="247" T="791808" />
  <Point X="136" Y="248" T="791825" />
  <Point X="130" Y="247" T="791841" />
  <Point X="124" Y="246" T="791858" />
  <Point X="119" Y="247" T="791875" />
  <Point X="113" Y="248" T="791892" />
  <Point X="111" Y="247" T="791909" />
  <Point X="109" Y="247" T="791927" />
  <Point X="108" Y="245" T="791945" />
</Gesture>