﻿<?xml version="1.0" encoding="utf-8" standalone="yes"?>
<Gesture Name="right_sq_bracket05" Subject="1" Speed="slow" Number="5" NumPts="55" Millseconds="889" AppName="Gestures" AppVer="3.5.0.0" Date="Monday, March 05, 2007" TimeOfDay="4:55:23 PM">
  <Point X="107" Y="127" T="784879" />
  <Point X="105" Y="125" T="784923" />
  <Point X="108" Y="126" T="784983" />
  <Point X="110" Y="125" T="784996" />
  <Point X="112" Y="123" T="785008" />
  <Point X="115" Y="124" T="785020" />
  <Point X="118" Y="123" T="785028" />
  <Point X="120" Y="122" T="785036" />
  <Point X="122" Y="122" T="785044" />
  <Point X="125" Y="121" T="785052" />
  <Point X="127" Y="120" T="785061" />
  <Point X="129" Y="120" T="785069" />
  <Point X="131" Y="120" T="785080" />
  <Point X="134" Y="119" T="785092" />
  <Point X="136" Y="121" T="785104" />
  <Point X="138" Y="121" T="785120" />
  <Point X="139" Y="123" T="785141" />
  <Point X="142" Y="123" T="785169" />
  <Point X="143" Y="126" T="785222" />
  <Point X="142" Y="129" T="785242" />
  <Point X="142" Y="133" T="785252" />
  <Point X="142" Y="135" T="785262" />
  <Point X="142" Y="138" T="785273" />
  <Point X="142" Y="142" T="785283" />
  <Point X="142" Y="148" T="785293" />
  <Point X="142" Y="151" T="785304" />
  <Point X="142" Y="158" T="785315" />
  <Point X="142" Y="164" T="785326" />
  <Point X="142" Y="167" T="785327" />
  <Point X="142" Y="172" T="785338" />
  <Point X="143" Y="181" T="785350" />
  <Point X="144" Y="189" T="785362" />
  <Point X="144" Y="196" T="785374" />
  <Point X="145" Y="203" T="785387" />
  <Point X="146" Y="211" T="785399" />
  <Point X="146" Y="214" T="785412" />
  <Point X="147" Y="220" T="785425" />
  <Point X="148" Y="225" T="785438" />
  <Point X="148" Y="229" T="785451" />
  <Point X="148" Y="231" T="785466" />
  <Point X="148" Y="234" T="785494" />
  <Point X="147" Y="236" T="785546" />
  <Point X="145" Y="236" T="785594" />
  <Point X="143" Y="239" T="785615" />
  <Point X="141" Y="241" T="785640" />
  <Point X="139" Y="242" T="785656" />
  <Point X="137" Y="242" T="785672" />
  <Point X="135" Y="243" T="785673" />
  <Point X="132" Y="243" T="785688" />
  <Point X="130" Y="242" T="785689" />
  <Point X="123" Y="240" T="785704" />
  <Point X="118" Y="239" T="785720" />
  <Point X="111" Y="236" T="785736" />
  <Point X="106" Y="235" T="785752" />
  <Point X="104" Y="235" T="785768" />
</Gesture>