﻿<?xml version="1.0" encoding="utf-8" standalone="yes"?>
<Gesture Name="right_curly_brace10" Subject="1" Speed="slow" Number="10" NumPts="81" Millseconds="1230" AppName="Gestures" AppVer="3.5.0.0" Date="Monday, March 05, 2007" TimeOfDay="5:02:15 PM">
  <Point X="122" Y="127" T="1196544" />
  <Point X="124" Y="124" T="1196584" />
  <Point X="127" Y="124" T="1196597" />
  <Point X="130" Y="124" T="1196605" />
  <Point X="132" Y="123" T="1196614" />
  <Point X="134" Y="123" T="1196621" />
  <Point X="136" Y="122" T="1196629" />
  <Point X="139" Y="122" T="1196637" />
  <Point X="141" Y="122" T="1196645" />
  <Point X="144" Y="120" T="1196653" />
  <Point X="147" Y="122" T="1196661" />
  <Point X="149" Y="122" T="1196669" />
  <Point X="151" Y="122" T="1196678" />
  <Point X="153" Y="123" T="1196690" />
  <Point X="155" Y="126" T="1196702" />
  <Point X="156" Y="129" T="1196719" />
  <Point X="157" Y="132" T="1196727" />
  <Point X="157" Y="134" T="1196736" />
  <Point X="156" Y="137" T="1196747" />
  <Point X="156" Y="139" T="1196756" />
  <Point X="156" Y="141" T="1196767" />
  <Point X="155" Y="144" T="1196777" />
  <Point X="154" Y="147" T="1196787" />
  <Point X="153" Y="149" T="1196798" />
  <Point X="151" Y="152" T="1196808" />
  <Point X="149" Y="156" T="1196819" />
  <Point X="147" Y="158" T="1196830" />
  <Point X="145" Y="160" T="1196841" />
  <Point X="143" Y="162" T="1196853" />
  <Point X="141" Y="165" T="1196864" />
  <Point X="137" Y="168" T="1196876" />
  <Point X="134" Y="170" T="1196888" />
  <Point X="132" Y="171" T="1196900" />
  <Point X="130" Y="172" T="1196912" />
  <Point X="128" Y="174" T="1196925" />
  <Point X="125" Y="176" T="1196938" />
  <Point X="124" Y="178" T="1196951" />
  <Point X="123" Y="180" T="1196964" />
  <Point X="123" Y="182" T="1196983" />
  <Point X="126" Y="184" T="1197004" />
  <Point X="128" Y="184" T="1197017" />
  <Point X="130" Y="184" T="1197031" />
  <Point X="135" Y="184" T="1197045" />
  <Point X="139" Y="183" T="1197060" />
  <Point X="144" Y="182" T="1197075" />
  <Point X="149" Y="182" T="1197091" />
  <Point X="154" Y="181" T="1197106" />
  <Point X="158" Y="181" T="1197121" />
  <Point X="161" Y="180" T="1197137" />
  <Point X="163" Y="180" T="1197152" />
  <Point X="165" Y="181" T="1197168" />
  <Point X="163" Y="182" T="1197223" />
  <Point X="161" Y="183" T="1197239" />
  <Point X="158" Y="184" T="1197256" />
  <Point X="156" Y="184" T="1197273" />
  <Point X="154" Y="185" T="1197290" />
  <Point X="151" Y="186" T="1197307" />
  <Point X="149" Y="186" T="1197325" />
  <Point X="145" Y="189" T="1197342" />
  <Point X="143" Y="190" T="1197360" />
  <Point X="141" Y="191" T="1197379" />
  <Point X="139" Y="192" T="1197397" />
  <Point X="138" Y="194" T="1197416" />
  <Point X="137" Y="197" T="1197439" />
  <Point X="138" Y="199" T="1197458" />
  <Point X="139" Y="203" T="1197477" />
  <Point X="141" Y="209" T="1197497" />
  <Point X="142" Y="211" T="1197516" />
  <Point X="145" Y="216" T="1197536" />
  <Point X="147" Y="222" T="1197556" />
  <Point X="148" Y="231" T="1197576" />
  <Point X="149" Y="237" T="1197597" />
  <Point X="147" Y="244" T="1197619" />
  <Point X="144" Y="248" T="1197642" />
  <Point X="139" Y="252" T="1197664" />
  <Point X="131" Y="252" T="1197685" />
  <Point X="124" Y="253" T="1197706" />
  <Point X="121" Y="253" T="1197708" />
  <Point X="114" Y="255" T="1197730" />
  <Point X="106" Y="258" T="1197752" />
  <Point X="103" Y="258" T="1197774" />
</Gesture>