﻿<?xml version="1.0" encoding="utf-8" standalone="yes"?>
<Gesture Name="right_curly_brace06" Subject="1" Speed="slow" Number="6" NumPts="80" Millseconds="1204" AppName="Gestures" AppVer="3.5.0.0" Date="Monday, March 05, 2007" TimeOfDay="5:02:07 PM">
  <Point X="122" Y="131" T="1189100" />
  <Point X="121" Y="129" T="1189116" />
  <Point X="120" Y="127" T="1189169" />
  <Point X="122" Y="126" T="1189184" />
  <Point X="124" Y="126" T="1189193" />
  <Point X="126" Y="125" T="1189201" />
  <Point X="129" Y="124" T="1189209" />
  <Point X="131" Y="124" T="1189217" />
  <Point X="134" Y="125" T="1189225" />
  <Point X="137" Y="126" T="1189233" />
  <Point X="141" Y="126" T="1189241" />
  <Point X="143" Y="127" T="1189249" />
  <Point X="146" Y="128" T="1189257" />
  <Point X="149" Y="129" T="1189266" />
  <Point X="151" Y="130" T="1189273" />
  <Point X="154" Y="131" T="1189286" />
  <Point X="155" Y="133" T="1189302" />
  <Point X="155" Y="135" T="1189310" />
  <Point X="154" Y="138" T="1189320" />
  <Point X="153" Y="140" T="1189330" />
  <Point X="151" Y="143" T="1189342" />
  <Point X="149" Y="146" T="1189354" />
  <Point X="147" Y="146" T="1189365" />
  <Point X="144" Y="149" T="1189378" />
  <Point X="142" Y="151" T="1189389" />
  <Point X="140" Y="154" T="1189401" />
  <Point X="138" Y="156" T="1189412" />
  <Point X="136" Y="159" T="1189424" />
  <Point X="134" Y="161" T="1189436" />
  <Point X="131" Y="166" T="1189448" />
  <Point X="130" Y="168" T="1189461" />
  <Point X="129" Y="170" T="1189462" />
  <Point X="127" Y="172" T="1189476" />
  <Point X="126" Y="174" T="1189478" />
  <Point X="126" Y="177" T="1189493" />
  <Point X="126" Y="179" T="1189506" />
  <Point X="126" Y="181" T="1189520" />
  <Point X="128" Y="183" T="1189534" />
  <Point X="133" Y="185" T="1189549" />
  <Point X="137" Y="185" T="1189564" />
  <Point X="143" Y="185" T="1189580" />
  <Point X="148" Y="184" T="1189595" />
  <Point X="154" Y="183" T="1189612" />
  <Point X="159" Y="183" T="1189628" />
  <Point X="164" Y="183" T="1189644" />
  <Point X="166" Y="183" T="1189660" />
  <Point X="169" Y="182" T="1189662" />
  <Point X="171" Y="182" T="1189679" />
  <Point X="173" Y="181" T="1189694" />
  <Point X="173" Y="183" T="1189722" />
  <Point X="171" Y="184" T="1189742" />
  <Point X="169" Y="184" T="1189760" />
  <Point X="166" Y="185" T="1189778" />
  <Point X="164" Y="185" T="1189779" />
  <Point X="161" Y="184" T="1189797" />
  <Point X="156" Y="186" T="1189817" />
  <Point X="150" Y="186" T="1189836" />
  <Point X="147" Y="187" T="1189855" />
  <Point X="145" Y="189" T="1189874" />
  <Point X="142" Y="190" T="1189875" />
  <Point X="140" Y="192" T="1189897" />
  <Point X="139" Y="194" T="1189922" />
  <Point X="139" Y="197" T="1189943" />
  <Point X="140" Y="199" T="1189961" />
  <Point X="142" Y="201" T="1189980" />
  <Point X="143" Y="203" T="1190001" />
  <Point X="148" Y="207" T="1190022" />
  <Point X="153" Y="213" T="1190044" />
  <Point X="157" Y="221" T="1190066" />
  <Point X="160" Y="230" T="1190089" />
  <Point X="161" Y="237" T="1190111" />
  <Point X="161" Y="240" T="1190112" />
  <Point X="159" Y="248" T="1190134" />
  <Point X="155" Y="256" T="1190160" />
  <Point X="148" Y="261" T="1190184" />
  <Point X="139" Y="263" T="1190208" />
  <Point X="131" Y="263" T="1190231" />
  <Point X="123" Y="265" T="1190256" />
  <Point X="116" Y="264" T="1190280" />
  <Point X="114" Y="264" T="1190304" />
</Gesture>