﻿<?xml version="1.0" encoding="utf-8" standalone="yes"?>
<Gesture Name="right_curly_brace07" Subject="1" Speed="slow" Number="7" NumPts="78" Millseconds="1087" AppName="Gestures" AppVer="3.5.0.0" Date="Monday, March 05, 2007" TimeOfDay="5:02:09 PM">
  <Point X="107" Y="133" T="1191069" />
  <Point X="109" Y="131" T="1191096" />
  <Point X="111" Y="130" T="1191112" />
  <Point X="114" Y="130" T="1191124" />
  <Point X="117" Y="129" T="1191132" />
  <Point X="119" Y="128" T="1191140" />
  <Point X="122" Y="129" T="1191148" />
  <Point X="125" Y="128" T="1191156" />
  <Point X="128" Y="128" T="1191164" />
  <Point X="131" Y="127" T="1191172" />
  <Point X="134" Y="129" T="1191180" />
  <Point X="137" Y="129" T="1191188" />
  <Point X="140" Y="130" T="1191196" />
  <Point X="141" Y="132" T="1191205" />
  <Point X="143" Y="135" T="1191217" />
  <Point X="144" Y="137" T="1191226" />
  <Point X="144" Y="140" T="1191234" />
  <Point X="144" Y="142" T="1191242" />
  <Point X="143" Y="145" T="1191251" />
  <Point X="143" Y="147" T="1191260" />
  <Point X="142" Y="149" T="1191271" />
  <Point X="142" Y="151" T="1191281" />
  <Point X="141" Y="154" T="1191283" />
  <Point X="139" Y="156" T="1191294" />
  <Point X="137" Y="158" T="1191309" />
  <Point X="135" Y="161" T="1191321" />
  <Point X="132" Y="161" T="1191337" />
  <Point X="130" Y="164" T="1191349" />
  <Point X="128" Y="166" T="1191361" />
  <Point X="125" Y="167" T="1191373" />
  <Point X="123" Y="170" T="1191385" />
  <Point X="121" Y="173" T="1191397" />
  <Point X="119" Y="175" T="1191413" />
  <Point X="118" Y="177" T="1191425" />
  <Point X="116" Y="180" T="1191438" />
  <Point X="116" Y="182" T="1191457" />
  <Point X="116" Y="184" T="1191470" />
  <Point X="117" Y="186" T="1191482" />
  <Point X="120" Y="189" T="1191495" />
  <Point X="122" Y="190" T="1191508" />
  <Point X="124" Y="190" T="1191509" />
  <Point X="126" Y="193" T="1191525" />
  <Point X="128" Y="192" T="1191526" />
  <Point X="134" Y="191" T="1191541" />
  <Point X="136" Y="192" T="1191556" />
  <Point X="141" Y="190" T="1191570" />
  <Point X="145" Y="187" T="1191584" />
  <Point X="147" Y="187" T="1191599" />
  <Point X="149" Y="186" T="1191615" />
  <Point X="151" Y="186" T="1191633" />
  <Point X="149" Y="187" T="1191669" />
  <Point X="147" Y="187" T="1191684" />
  <Point X="145" Y="188" T="1191700" />
  <Point X="142" Y="190" T="1191716" />
  <Point X="139" Y="191" T="1191717" />
  <Point X="137" Y="192" T="1191736" />
  <Point X="133" Y="193" T="1191753" />
  <Point X="131" Y="195" T="1191770" />
  <Point X="129" Y="195" T="1191787" />
  <Point X="127" Y="197" T="1191818" />
  <Point X="127" Y="199" T="1191835" />
  <Point X="129" Y="202" T="1191862" />
  <Point X="131" Y="203" T="1191881" />
  <Point X="133" Y="206" T="1191899" />
  <Point X="135" Y="211" T="1191917" />
  <Point X="137" Y="214" T="1191935" />
  <Point X="140" Y="220" T="1191954" />
  <Point X="142" Y="225" T="1191973" />
  <Point X="143" Y="231" T="1191992" />
  <Point X="142" Y="234" T="1191993" />
  <Point X="140" Y="240" T="1192014" />
  <Point X="136" Y="245" T="1192033" />
  <Point X="128" Y="251" T="1192054" />
  <Point X="119" Y="254" T="1192074" />
  <Point X="112" Y="256" T="1192094" />
  <Point X="104" Y="257" T="1192115" />
  <Point X="101" Y="258" T="1192136" />
  <Point X="99" Y="258" T="1192156" />
</Gesture>