﻿<?xml version="1.0" encoding="utf-8" standalone="yes"?>
<Gesture Name="right_curly_brace08" Subject="1" Speed="slow" Number="8" NumPts="75" Millseconds="1103" AppName="Gestures" AppVer="3.5.0.0" Date="Monday, March 05, 2007" TimeOfDay="5:02:11 PM">
  <Point X="114" Y="133" T="1192834" />
  <Point X="116" Y="130" T="1192854" />
  <Point X="118" Y="129" T="1192867" />
  <Point X="120" Y="129" T="1192874" />
  <Point X="123" Y="129" T="1192883" />
  <Point X="126" Y="128" T="1192890" />
  <Point X="129" Y="127" T="1192898" />
  <Point X="131" Y="127" T="1192906" />
  <Point X="134" Y="128" T="1192914" />
  <Point X="136" Y="128" T="1192922" />
  <Point X="138" Y="130" T="1192934" />
  <Point X="140" Y="131" T="1192946" />
  <Point X="142" Y="134" T="1192954" />
  <Point X="143" Y="136" T="1192962" />
  <Point X="144" Y="138" T="1192975" />
  <Point X="146" Y="140" T="1192988" />
  <Point X="146" Y="142" T="1192996" />
  <Point X="147" Y="145" T="1193009" />
  <Point X="147" Y="148" T="1193018" />
  <Point X="147" Y="151" T="1193027" />
  <Point X="147" Y="153" T="1193041" />
  <Point X="146" Y="155" T="1193051" />
  <Point X="144" Y="158" T="1193065" />
  <Point X="142" Y="159" T="1193077" />
  <Point X="139" Y="162" T="1193089" />
  <Point X="137" Y="165" T="1193101" />
  <Point X="135" Y="166" T="1193112" />
  <Point X="133" Y="168" T="1193123" />
  <Point X="130" Y="171" T="1193135" />
  <Point X="127" Y="175" T="1193146" />
  <Point X="125" Y="177" T="1193158" />
  <Point X="124" Y="179" T="1193170" />
  <Point X="122" Y="184" T="1193183" />
  <Point X="122" Y="186" T="1193196" />
  <Point X="124" Y="188" T="1193213" />
  <Point X="125" Y="191" T="1193226" />
  <Point X="128" Y="191" T="1193238" />
  <Point X="130" Y="191" T="1193252" />
  <Point X="135" Y="191" T="1193265" />
  <Point X="141" Y="188" T="1193279" />
  <Point X="143" Y="188" T="1193293" />
  <Point X="146" Y="188" T="1193295" />
  <Point X="148" Y="186" T="1193310" />
  <Point X="151" Y="187" T="1193323" />
  <Point X="154" Y="185" T="1193337" />
  <Point X="156" Y="184" T="1193338" />
  <Point X="158" Y="185" T="1193358" />
  <Point X="156" Y="185" T="1193431" />
  <Point X="153" Y="186" T="1193446" />
  <Point X="150" Y="187" T="1193461" />
  <Point X="148" Y="187" T="1193476" />
  <Point X="143" Y="187" T="1193492" />
  <Point X="140" Y="188" T="1193508" />
  <Point X="138" Y="190" T="1193523" />
  <Point X="134" Y="192" T="1193540" />
  <Point X="132" Y="194" T="1193556" />
  <Point X="131" Y="196" T="1193573" />
  <Point X="132" Y="198" T="1193636" />
  <Point X="134" Y="201" T="1193655" />
  <Point X="136" Y="203" T="1193672" />
  <Point X="138" Y="205" T="1193689" />
  <Point X="142" Y="210" T="1193707" />
  <Point X="143" Y="212" T="1193708" />
  <Point X="147" Y="219" T="1193728" />
  <Point X="149" Y="225" T="1193747" />
  <Point X="149" Y="230" T="1193768" />
  <Point X="148" Y="232" T="1193769" />
  <Point X="146" Y="237" T="1193789" />
  <Point X="141" Y="242" T="1193809" />
  <Point X="134" Y="246" T="1193829" />
  <Point X="127" Y="248" T="1193848" />
  <Point X="118" Y="249" T="1193876" />
  <Point X="109" Y="250" T="1193896" />
  <Point X="105" Y="251" T="1193917" />
  <Point X="103" Y="253" T="1193937" />
</Gesture>