﻿<?xml version="1.0" encoding="utf-8" standalone="yes"?>
<Gesture Name="star08" Subject="1" Speed="slow" Number="8" NumPts="131" Millseconds="2612" AppName="Gestures" AppVer="3.5.0.0" Date="Monday, March 05, 2007" TimeOfDay="4:53:09 PM">
  <Point X="73" Y="245" T="648765" />
  <Point X="74" Y="242" T="648802" />
  <Point X="75" Y="240" T="648814" />
  <Point X="77" Y="237" T="648834" />
  <Point X="79" Y="235" T="648846" />
  <Point X="80" Y="232" T="648855" />
  <Point X="81" Y="230" T="648863" />
  <Point X="82" Y="227" T="648875" />
  <Point X="84" Y="224" T="648883" />
  <Point X="85" Y="221" T="648891" />
  <Point X="87" Y="218" T="648903" />
  <Point X="88" Y="216" T="648911" />
  <Point X="89" Y="213" T="648919" />
  <Point X="90" Y="211" T="648928" />
  <Point X="92" Y="206" T="648936" />
  <Point X="94" Y="203" T="648945" />
  <Point X="95" Y="200" T="648954" />
  <Point X="96" Y="197" T="648963" />
  <Point X="98" Y="194" T="648972" />
  <Point X="99" Y="191" T="648982" />
  <Point X="101" Y="185" T="648992" />
  <Point X="102" Y="181" T="649002" />
  <Point X="104" Y="179" T="649012" />
  <Point X="105" Y="172" T="649023" />
  <Point X="106" Y="169" T="649034" />
  <Point X="107" Y="166" T="649045" />
  <Point X="110" Y="160" T="649056" />
  <Point X="112" Y="157" T="649067" />
  <Point X="113" Y="154" T="649078" />
  <Point X="114" Y="151" T="649080" />
  <Point X="115" Y="149" T="649093" />
  <Point X="118" Y="145" T="649106" />
  <Point X="119" Y="143" T="649118" />
  <Point X="120" Y="139" T="649131" />
  <Point X="121" Y="137" T="649144" />
  <Point X="122" Y="133" T="649157" />
  <Point X="124" Y="129" T="649170" />
  <Point X="125" Y="127" T="649183" />
  <Point X="125" Y="125" T="649197" />
  <Point X="126" Y="123" T="649211" />
  <Point X="127" Y="121" T="649227" />
  <Point X="128" Y="119" T="649242" />
  <Point X="130" Y="117" T="649259" />
  <Point X="131" Y="115" T="649273" />
  <Point X="132" Y="113" T="649302" />
  <Point X="133" Y="115" T="649376" />
  <Point X="134" Y="118" T="649391" />
  <Point X="135" Y="124" T="649408" />
  <Point X="137" Y="130" T="649424" />
  <Point X="139" Y="137" T="649441" />
  <Point X="140" Y="143" T="649457" />
  <Point X="143" Y="152" T="649474" />
  <Point X="145" Y="161" T="649492" />
  <Point X="146" Y="163" T="649493" />
  <Point X="151" Y="173" T="649515" />
  <Point X="155" Y="183" T="649533" />
  <Point X="157" Y="190" T="649551" />
  <Point X="161" Y="202" T="649569" />
  <Point X="163" Y="207" T="649587" />
  <Point X="164" Y="209" T="649589" />
  <Point X="167" Y="215" T="649609" />
  <Point X="170" Y="224" T="649628" />
  <Point X="171" Y="226" T="649647" />
  <Point X="172" Y="229" T="649649" />
  <Point X="174" Y="234" T="649670" />
  <Point X="175" Y="237" T="649690" />
  <Point X="176" Y="239" T="649708" />
  <Point X="177" Y="242" T="649733" />
  <Point X="175" Y="241" T="649808" />
  <Point X="173" Y="240" T="649828" />
  <Point X="171" Y="239" T="649849" />
  <Point X="166" Y="237" T="649869" />
  <Point X="161" Y="234" T="649891" />
  <Point X="155" Y="230" T="649912" />
  <Point X="146" Y="226" T="649934" />
  <Point X="140" Y="222" T="649955" />
  <Point X="136" Y="220" T="649957" />
  <Point X="126" Y="214" T="649981" />
  <Point X="119" Y="209" T="650003" />
  <Point X="116" Y="206" T="650005" />
  <Point X="107" Y="201" T="650031" />
  <Point X="97" Y="191" T="650054" />
  <Point X="86" Y="182" T="650077" />
  <Point X="76" Y="175" T="650101" />
  <Point X="68" Y="170" T="650125" />
  <Point X="60" Y="165" T="650150" />
  <Point X="56" Y="161" T="650173" />
  <Point X="51" Y="159" T="650197" />
  <Point X="47" Y="156" T="650221" />
  <Point X="45" Y="154" T="650258" />
  <Point X="47" Y="153" T="650298" />
  <Point X="49" Y="154" T="650323" />
  <Point X="55" Y="155" T="650348" />
  <Point X="61" Y="155" T="650374" />
  <Point X="63" Y="155" T="650375" />
  <Point X="71" Y="156" T="650401" />
  <Point X="80" Y="156" T="650428" />
  <Point X="93" Y="156" T="650455" />
  <Point X="103" Y="157" T="650482" />
  <Point X="115" Y="158" T="650511" />
  <Point X="128" Y="159" T="650539" />
  <Point X="137" Y="159" T="650566" />
  <Point X="145" Y="159" T="650594" />
  <Point X="157" Y="159" T="650627" />
  <Point X="164" Y="160" T="650655" />
  <Point X="166" Y="160" T="650657" />
  <Point X="173" Y="160" T="650687" />
  <Point X="175" Y="160" T="650689" />
  <Point X="181" Y="159" T="650722" />
  <Point X="184" Y="159" T="650723" />
  <Point X="190" Y="159" T="650755" />
  <Point X="195" Y="158" T="650784" />
  <Point X="197" Y="158" T="650818" />
  <Point X="199" Y="158" T="650847" />
  <Point X="199" Y="160" T="650888" />
  <Point X="196" Y="162" T="650917" />
  <Point X="188" Y="168" T="650948" />
  <Point X="180" Y="174" T="650979" />
  <Point X="166" Y="183" T="651012" />
  <Point X="151" Y="193" T="651044" />
  <Point X="134" Y="204" T="651076" />
  <Point X="119" Y="214" T="651109" />
  <Point X="105" Y="222" T="651141" />
  <Point X="94" Y="229" T="651173" />
  <Point X="85" Y="236" T="651205" />
  <Point X="80" Y="241" T="651237" />
  <Point X="78" Y="241" T="651239" />
  <Point X="74" Y="245" T="651275" />
  <Point X="72" Y="246" T="651310" />
  <Point X="71" Y="248" T="651342" />
  <Point X="72" Y="245" T="651377" />
</Gesture>