﻿<?xml version="1.0" encoding="utf-8" standalone="yes"?>
<Gesture Name="star10" Subject="1" Speed="slow" Number="10" NumPts="127" Millseconds="2438" AppName="Gestures" AppVer="3.5.0.0" Date="Monday, March 05, 2007" TimeOfDay="4:53:16 PM">
  <Point X="78" Y="245" T="655434" />
  <Point X="79" Y="243" T="655453" />
  <Point X="79" Y="240" T="655461" />
  <Point X="81" Y="238" T="655478" />
  <Point X="82" Y="235" T="655486" />
  <Point X="83" Y="232" T="655494" />
  <Point X="84" Y="229" T="655506" />
  <Point X="85" Y="226" T="655514" />
  <Point X="86" Y="223" T="655522" />
  <Point X="87" Y="221" T="655530" />
  <Point X="88" Y="218" T="655538" />
  <Point X="88" Y="216" T="655545" />
  <Point X="89" Y="213" T="655553" />
  <Point X="90" Y="210" T="655561" />
  <Point X="91" Y="205" T="655569" />
  <Point X="91" Y="203" T="655577" />
  <Point X="92" Y="200" T="655578" />
  <Point X="93" Y="196" T="655588" />
  <Point X="94" Y="192" T="655597" />
  <Point X="94" Y="189" T="655606" />
  <Point X="95" Y="184" T="655615" />
  <Point X="96" Y="180" T="655624" />
  <Point X="96" Y="176" T="655633" />
  <Point X="96" Y="173" T="655643" />
  <Point X="97" Y="167" T="655653" />
  <Point X="97" Y="162" T="655663" />
  <Point X="98" Y="159" T="655673" />
  <Point X="99" Y="155" T="655683" />
  <Point X="99" Y="152" T="655694" />
  <Point X="100" Y="149" T="655705" />
  <Point X="102" Y="144" T="655716" />
  <Point X="102" Y="141" T="655727" />
  <Point X="103" Y="138" T="655738" />
  <Point X="105" Y="133" T="655750" />
  <Point X="105" Y="130" T="655762" />
  <Point X="106" Y="128" T="655774" />
  <Point X="107" Y="123" T="655787" />
  <Point X="108" Y="119" T="655799" />
  <Point X="108" Y="117" T="655811" />
  <Point X="109" Y="115" T="655824" />
  <Point X="110" Y="112" T="655837" />
  <Point X="110" Y="110" T="655851" />
  <Point X="111" Y="108" T="655878" />
  <Point X="113" Y="107" T="655928" />
  <Point X="115" Y="108" T="655972" />
  <Point X="116" Y="111" T="655986" />
  <Point X="117" Y="113" T="656000" />
  <Point X="120" Y="119" T="656015" />
  <Point X="122" Y="124" T="656030" />
  <Point X="126" Y="130" T="656045" />
  <Point X="129" Y="136" T="656061" />
  <Point X="131" Y="142" T="656077" />
  <Point X="135" Y="148" T="656092" />
  <Point X="139" Y="156" T="656109" />
  <Point X="143" Y="164" T="656125" />
  <Point X="149" Y="173" T="656142" />
  <Point X="152" Y="180" T="656158" />
  <Point X="155" Y="186" T="656175" />
  <Point X="159" Y="194" T="656193" />
  <Point X="161" Y="200" T="656210" />
  <Point X="163" Y="205" T="656227" />
  <Point X="165" Y="208" T="656228" />
  <Point X="168" Y="216" T="656248" />
  <Point X="171" Y="221" T="656267" />
  <Point X="173" Y="227" T="656285" />
  <Point X="174" Y="232" T="656304" />
  <Point X="176" Y="234" T="656322" />
  <Point X="177" Y="236" T="656341" />
  <Point X="178" Y="239" T="656360" />
  <Point X="178" Y="241" T="656379" />
  <Point X="176" Y="241" T="656468" />
  <Point X="174" Y="240" T="656488" />
  <Point X="172" Y="239" T="656507" />
  <Point X="169" Y="238" T="656508" />
  <Point X="164" Y="234" T="656531" />
  <Point X="160" Y="230" T="656552" />
  <Point X="157" Y="228" T="656553" />
  <Point X="152" Y="225" T="656576" />
  <Point X="149" Y="223" T="656577" />
  <Point X="141" Y="216" T="656601" />
  <Point X="135" Y="212" T="656622" />
  <Point X="124" Y="202" T="656645" />
  <Point X="117" Y="195" T="656667" />
  <Point X="108" Y="187" T="656690" />
  <Point X="98" Y="182" T="656713" />
  <Point X="88" Y="174" T="656735" />
  <Point X="79" Y="168" T="656759" />
  <Point X="69" Y="163" T="656783" />
  <Point X="61" Y="159" T="656807" />
  <Point X="55" Y="157" T="656830" />
  <Point X="51" Y="155" T="656854" />
  <Point X="49" Y="153" T="656878" />
  <Point X="51" Y="154" T="656937" />
  <Point X="56" Y="155" T="656962" />
  <Point X="62" Y="155" T="656986" />
  <Point X="70" Y="154" T="657011" />
  <Point X="81" Y="154" T="657036" />
  <Point X="94" Y="152" T="657062" />
  <Point X="105" Y="151" T="657088" />
  <Point X="108" Y="152" T="657089" />
  <Point X="120" Y="151" T="657117" />
  <Point X="132" Y="150" T="657143" />
  <Point X="144" Y="150" T="657169" />
  <Point X="155" Y="150" T="657196" />
  <Point X="158" Y="150" T="657197" />
  <Point X="168" Y="149" T="657225" />
  <Point X="176" Y="149" T="657253" />
  <Point X="179" Y="149" T="657254" />
  <Point X="186" Y="148" T="657282" />
  <Point X="192" Y="149" T="657310" />
  <Point X="197" Y="148" T="657338" />
  <Point X="195" Y="150" T="657421" />
  <Point X="190" Y="153" T="657449" />
  <Point X="183" Y="159" T="657478" />
  <Point X="175" Y="164" T="657507" />
  <Point X="165" Y="172" T="657536" />
  <Point X="155" Y="179" T="657566" />
  <Point X="144" Y="189" T="657596" />
  <Point X="132" Y="197" T="657626" />
  <Point X="121" Y="205" T="657656" />
  <Point X="112" Y="213" T="657686" />
  <Point X="106" Y="219" T="657717" />
  <Point X="99" Y="225" T="657747" />
  <Point X="90" Y="233" T="657778" />
  <Point X="86" Y="237" T="657809" />
  <Point X="82" Y="241" T="657840" />
  <Point X="78" Y="244" T="657872" />
</Gesture>