﻿<?xml version="1.0" encoding="utf-8" standalone="yes"?>
<Gesture Name="star06" Subject="1" Speed="slow" Number="6" NumPts="132" Millseconds="3059" AppName="Gestures" AppVer="3.5.0.0" Date="Monday, March 05, 2007" TimeOfDay="4:53:02 PM">
  <Point X="60" Y="252" T="640852" />
  <Point X="62" Y="251" T="640928" />
  <Point X="64" Y="249" T="640952" />
  <Point X="66" Y="248" T="640971" />
  <Point X="68" Y="246" T="640987" />
  <Point X="70" Y="243" T="641003" />
  <Point X="72" Y="240" T="641011" />
  <Point X="73" Y="238" T="641020" />
  <Point X="75" Y="234" T="641032" />
  <Point X="77" Y="231" T="641044" />
  <Point X="79" Y="227" T="641053" />
  <Point X="81" Y="225" T="641064" />
  <Point X="82" Y="222" T="641072" />
  <Point X="84" Y="220" T="641080" />
  <Point X="85" Y="218" T="641089" />
  <Point X="87" Y="215" T="641097" />
  <Point X="88" Y="212" T="641105" />
  <Point X="90" Y="209" T="641114" />
  <Point X="91" Y="207" T="641123" />
  <Point X="92" Y="204" T="641134" />
  <Point X="95" Y="199" T="641144" />
  <Point X="96" Y="196" T="641155" />
  <Point X="98" Y="193" T="641164" />
  <Point X="100" Y="189" T="641175" />
  <Point X="101" Y="186" T="641186" />
  <Point X="104" Y="180" T="641198" />
  <Point X="105" Y="176" T="641209" />
  <Point X="106" Y="172" T="641222" />
  <Point X="107" Y="167" T="641234" />
  <Point X="108" Y="164" T="641247" />
  <Point X="108" Y="159" T="641260" />
  <Point X="109" Y="157" T="641273" />
  <Point X="110" Y="151" T="641286" />
  <Point X="111" Y="149" T="641298" />
  <Point X="111" Y="147" T="641311" />
  <Point X="113" Y="143" T="641325" />
  <Point X="113" Y="140" T="641339" />
  <Point X="114" Y="138" T="641354" />
  <Point X="115" Y="136" T="641370" />
  <Point X="115" Y="133" T="641384" />
  <Point X="116" Y="130" T="641400" />
  <Point X="116" Y="128" T="641418" />
  <Point X="118" Y="126" T="641483" />
  <Point X="118" Y="128" T="641548" />
  <Point X="118" Y="131" T="641564" />
  <Point X="119" Y="134" T="641579" />
  <Point X="121" Y="138" T="641596" />
  <Point X="123" Y="143" T="641614" />
  <Point X="125" Y="149" T="641632" />
  <Point X="126" Y="152" T="641633" />
  <Point X="129" Y="159" T="641652" />
  <Point X="132" Y="166" T="641671" />
  <Point X="136" Y="175" T="641689" />
  <Point X="141" Y="185" T="641709" />
  <Point X="144" Y="192" T="641727" />
  <Point X="147" Y="197" T="641746" />
  <Point X="152" Y="206" T="641767" />
  <Point X="153" Y="208" T="641769" />
  <Point X="157" Y="214" T="641788" />
  <Point X="160" Y="220" T="641807" />
  <Point X="164" Y="225" T="641826" />
  <Point X="167" Y="231" T="641845" />
  <Point X="169" Y="234" T="641865" />
  <Point X="172" Y="238" T="641884" />
  <Point X="173" Y="240" T="641904" />
  <Point X="175" Y="242" T="641923" />
  <Point X="176" Y="244" T="641944" />
  <Point X="177" Y="246" T="641945" />
  <Point X="179" Y="248" T="641972" />
  <Point X="180" Y="250" T="641999" />
  <Point X="178" Y="249" T="642100" />
  <Point X="176" Y="247" T="642120" />
  <Point X="174" Y="246" T="642141" />
  <Point X="171" Y="245" T="642163" />
  <Point X="164" Y="244" T="642185" />
  <Point X="160" Y="241" T="642208" />
  <Point X="158" Y="241" T="642209" />
  <Point X="151" Y="238" T="642232" />
  <Point X="144" Y="234" T="642257" />
  <Point X="136" Y="230" T="642282" />
  <Point X="130" Y="225" T="642307" />
  <Point X="123" Y="219" T="642333" />
  <Point X="114" Y="211" T="642362" />
  <Point X="105" Y="205" T="642389" />
  <Point X="96" Y="197" T="642415" />
  <Point X="93" Y="195" T="642417" />
  <Point X="85" Y="189" T="642446" />
  <Point X="74" Y="182" T="642472" />
  <Point X="66" Y="177" T="642498" />
  <Point X="59" Y="172" T="642523" />
  <Point X="53" Y="170" T="642549" />
  <Point X="50" Y="168" T="642575" />
  <Point X="48" Y="167" T="642601" />
  <Point X="46" Y="167" T="642632" />
  <Point X="48" Y="166" T="642690" />
  <Point X="50" Y="166" T="642716" />
  <Point X="55" Y="167" T="642742" />
  <Point X="59" Y="167" T="642770" />
  <Point X="69" Y="166" T="642798" />
  <Point X="77" Y="166" T="642826" />
  <Point X="89" Y="166" T="642855" />
  <Point X="99" Y="168" T="642883" />
  <Point X="115" Y="170" T="642915" />
  <Point X="125" Y="170" T="642945" />
  <Point X="137" Y="173" T="642975" />
  <Point X="149" Y="174" T="643005" />
  <Point X="159" Y="176" T="643035" />
  <Point X="167" Y="176" T="643065" />
  <Point X="176" Y="176" T="643096" />
  <Point X="184" Y="175" T="643126" />
  <Point X="191" Y="175" T="643156" />
  <Point X="195" Y="175" T="643187" />
  <Point X="197" Y="176" T="643217" />
  <Point X="199" Y="176" T="643246" />
  <Point X="198" Y="178" T="643323" />
  <Point X="196" Y="180" T="643353" />
  <Point X="190" Y="184" T="643386" />
  <Point X="182" Y="187" T="643419" />
  <Point X="179" Y="189" T="643420" />
  <Point X="155" Y="202" T="643485" />
  <Point X="140" Y="210" T="643523" />
  <Point X="137" Y="211" T="643524" />
  <Point X="125" Y="218" T="643562" />
  <Point X="111" Y="225" T="643601" />
  <Point X="99" Y="232" T="643640" />
  <Point X="91" Y="237" T="643678" />
  <Point X="82" Y="243" T="643716" />
  <Point X="76" Y="248" T="643753" />
  <Point X="69" Y="251" T="643792" />
  <Point X="65" Y="253" T="643830" />
  <Point X="62" Y="256" T="643873" />
  <Point X="60" Y="256" T="643911" />
</Gesture>