﻿<?xml version="1.0" encoding="utf-8" standalone="yes"?>
<Gesture Name="star01" Subject="1" Speed="slow" Number="1" NumPts="124" Millseconds="2628" AppName="Gestures" AppVer="3.5.0.0" Date="Monday, March 05, 2007" TimeOfDay="4:52:41 PM">
  <Point X="67" Y="225" T="619102" />
  <Point X="67" Y="222" T="619176" />
  <Point X="68" Y="220" T="619197" />
  <Point X="69" Y="218" T="619210" />
  <Point X="69" Y="216" T="619217" />
  <Point X="70" Y="214" T="619225" />
  <Point X="71" Y="211" T="619237" />
  <Point X="71" Y="209" T="619244" />
  <Point X="72" Y="207" T="619250" />
  <Point X="73" Y="204" T="619257" />
  <Point X="75" Y="201" T="619265" />
  <Point X="76" Y="199" T="619273" />
  <Point X="77" Y="196" T="619280" />
  <Point X="79" Y="192" T="619288" />
  <Point X="80" Y="189" T="619289" />
  <Point X="82" Y="185" T="619300" />
  <Point X="84" Y="183" T="619309" />
  <Point X="86" Y="179" T="619317" />
  <Point X="88" Y="175" T="619326" />
  <Point X="90" Y="171" T="619335" />
  <Point X="92" Y="168" T="619344" />
  <Point X="94" Y="165" T="619348" />
  <Point X="97" Y="160" T="619360" />
  <Point X="99" Y="157" T="619371" />
  <Point X="102" Y="151" T="619382" />
  <Point X="105" Y="146" T="619392" />
  <Point X="107" Y="144" T="619393" />
  <Point X="109" Y="141" T="619407" />
  <Point X="113" Y="136" T="619418" />
  <Point X="115" Y="133" T="619430" />
  <Point X="118" Y="130" T="619441" />
  <Point X="120" Y="127" T="619442" />
  <Point X="123" Y="124" T="619456" />
  <Point X="125" Y="122" T="619468" />
  <Point X="128" Y="119" T="619480" />
  <Point X="130" Y="117" T="619492" />
  <Point X="132" Y="117" T="619546" />
  <Point X="133" Y="120" T="619566" />
  <Point X="135" Y="121" T="619602" />
  <Point X="135" Y="124" T="619615" />
  <Point X="136" Y="126" T="619630" />
  <Point X="137" Y="129" T="619644" />
  <Point X="139" Y="134" T="619658" />
  <Point X="141" Y="141" T="619673" />
  <Point X="144" Y="149" T="619688" />
  <Point X="148" Y="156" T="619703" />
  <Point X="150" Y="163" T="619718" />
  <Point X="153" Y="171" T="619734" />
  <Point X="157" Y="179" T="619750" />
  <Point X="158" Y="181" T="619751" />
  <Point X="162" Y="193" T="619772" />
  <Point X="164" Y="199" T="619788" />
  <Point X="168" Y="206" T="619804" />
  <Point X="171" Y="212" T="619820" />
  <Point X="174" Y="219" T="619839" />
  <Point X="176" Y="225" T="619855" />
  <Point X="178" Y="230" T="619872" />
  <Point X="179" Y="235" T="619889" />
  <Point X="179" Y="237" T="619906" />
  <Point X="177" Y="239" T="620032" />
  <Point X="175" Y="237" T="620073" />
  <Point X="173" Y="235" T="620091" />
  <Point X="170" Y="233" T="620109" />
  <Point X="166" Y="229" T="620128" />
  <Point X="162" Y="225" T="620147" />
  <Point X="154" Y="219" T="620166" />
  <Point X="147" Y="214" T="620187" />
  <Point X="137" Y="207" T="620207" />
  <Point X="127" Y="201" T="620226" />
  <Point X="119" Y="195" T="620247" />
  <Point X="110" Y="190" T="620267" />
  <Point X="104" Y="186" T="620288" />
  <Point X="95" Y="182" T="620308" />
  <Point X="89" Y="177" T="620329" />
  <Point X="87" Y="176" T="620330" />
  <Point X="81" Y="171" T="620354" />
  <Point X="76" Y="169" T="620376" />
  <Point X="73" Y="168" T="620377" />
  <Point X="66" Y="164" T="620402" />
  <Point X="61" Y="162" T="620424" />
  <Point X="59" Y="161" T="620446" />
  <Point X="57" Y="159" T="620468" />
  <Point X="55" Y="157" T="620492" />
  <Point X="54" Y="155" T="620536" />
  <Point X="52" Y="153" T="620572" />
  <Point X="54" Y="153" T="620632" />
  <Point X="56" Y="153" T="620656" />
  <Point X="60" Y="153" T="620679" />
  <Point X="66" Y="153" T="620703" />
  <Point X="72" Y="152" T="620727" />
  <Point X="80" Y="152" T="620752" />
  <Point X="89" Y="150" T="620777" />
  <Point X="98" Y="150" T="620802" />
  <Point X="107" Y="150" T="620827" />
  <Point X="118" Y="150" T="620853" />
  <Point X="127" Y="150" T="620878" />
  <Point X="135" Y="151" T="620904" />
  <Point X="143" Y="151" T="620929" />
  <Point X="153" Y="151" T="620956" />
  <Point X="159" Y="152" T="620983" />
  <Point X="166" Y="153" T="621009" />
  <Point X="173" Y="153" T="621035" />
  <Point X="178" Y="154" T="621063" />
  <Point X="182" Y="153" T="621090" />
  <Point X="184" Y="152" T="621117" />
  <Point X="185" Y="154" T="621230" />
  <Point X="182" Y="156" T="621266" />
  <Point X="180" Y="158" T="621293" />
  <Point X="178" Y="159" T="621294" />
  <Point X="172" Y="162" T="621327" />
  <Point X="162" Y="167" T="621359" />
  <Point X="151" Y="174" T="621388" />
  <Point X="142" Y="177" T="621418" />
  <Point X="140" Y="179" T="621419" />
  <Point X="128" Y="186" T="621452" />
  <Point X="117" Y="192" T="621483" />
  <Point X="109" Y="198" T="621513" />
  <Point X="99" Y="203" T="621543" />
  <Point X="91" Y="208" T="621575" />
  <Point X="84" Y="214" T="621605" />
  <Point X="80" Y="218" T="621636" />
  <Point X="77" Y="220" T="621667" />
  <Point X="73" Y="223" T="621699" />
  <Point X="71" Y="224" T="621730" />
</Gesture>