﻿<?xml version="1.0" encoding="utf-8" standalone="yes"?>
<Gesture Name="star07" Subject="1" Speed="slow" Number="7" NumPts="130" Millseconds="2755" AppName="Gestures" AppVer="3.5.0.0" Date="Monday, March 05, 2007" TimeOfDay="4:53:06 PM">
  <Point X="71" Y="245" T="645086" />
  <Point X="73" Y="242" T="645175" />
  <Point X="74" Y="240" T="645199" />
  <Point X="75" Y="238" T="645208" />
  <Point X="76" Y="235" T="645220" />
  <Point X="78" Y="232" T="645228" />
  <Point X="79" Y="229" T="645236" />
  <Point X="80" Y="227" T="645244" />
  <Point X="81" Y="223" T="645252" />
  <Point X="83" Y="220" T="645260" />
  <Point X="85" Y="218" T="645268" />
  <Point X="86" Y="215" T="645276" />
  <Point X="88" Y="212" T="645284" />
  <Point X="90" Y="210" T="645292" />
  <Point X="91" Y="206" T="645301" />
  <Point X="92" Y="204" T="645309" />
  <Point X="95" Y="201" T="645321" />
  <Point X="96" Y="198" T="645331" />
  <Point X="97" Y="195" T="645341" />
  <Point X="98" Y="192" T="645342" />
  <Point X="100" Y="187" T="645355" />
  <Point X="101" Y="184" T="645366" />
  <Point X="103" Y="181" T="645377" />
  <Point X="104" Y="178" T="645378" />
  <Point X="106" Y="172" T="645391" />
  <Point X="107" Y="168" T="645404" />
  <Point X="108" Y="164" T="645416" />
  <Point X="110" Y="157" T="645430" />
  <Point X="112" Y="150" T="645443" />
  <Point X="113" Y="148" T="645455" />
  <Point X="114" Y="144" T="645468" />
  <Point X="115" Y="142" T="645469" />
  <Point X="116" Y="140" T="645484" />
  <Point X="118" Y="135" T="645499" />
  <Point X="120" Y="129" T="645514" />
  <Point X="122" Y="127" T="645526" />
  <Point X="122" Y="124" T="645539" />
  <Point X="124" Y="122" T="645554" />
  <Point X="125" Y="119" T="645569" />
  <Point X="127" Y="121" T="645677" />
  <Point X="128" Y="123" T="645691" />
  <Point X="128" Y="125" T="645706" />
  <Point X="130" Y="132" T="645722" />
  <Point X="132" Y="139" T="645738" />
  <Point X="134" Y="145" T="645754" />
  <Point X="137" Y="153" T="645771" />
  <Point X="139" Y="158" T="645788" />
  <Point X="141" Y="162" T="645790" />
  <Point X="144" Y="170" T="645807" />
  <Point X="147" Y="177" T="645823" />
  <Point X="149" Y="183" T="645840" />
  <Point X="152" Y="189" T="645856" />
  <Point X="155" Y="196" T="645873" />
  <Point X="156" Y="199" T="645874" />
  <Point X="158" Y="205" T="645894" />
  <Point X="160" Y="211" T="645912" />
  <Point X="163" Y="218" T="645930" />
  <Point X="164" Y="223" T="645948" />
  <Point X="166" Y="227" T="645967" />
  <Point X="168" Y="232" T="645985" />
  <Point X="169" Y="237" T="646004" />
  <Point X="170" Y="239" T="646022" />
  <Point X="171" Y="241" T="646041" />
  <Point X="171" Y="243" T="646042" />
  <Point X="172" Y="246" T="646061" />
  <Point X="172" Y="248" T="646084" />
  <Point X="173" Y="252" T="646104" />
  <Point X="175" Y="255" T="646129" />
  <Point X="174" Y="253" T="646197" />
  <Point X="172" Y="252" T="646225" />
  <Point X="170" Y="250" T="646245" />
  <Point X="166" Y="247" T="646266" />
  <Point X="163" Y="246" T="646287" />
  <Point X="156" Y="241" T="646309" />
  <Point X="149" Y="237" T="646331" />
  <Point X="143" Y="234" T="646353" />
  <Point X="141" Y="232" T="646354" />
  <Point X="132" Y="224" T="646378" />
  <Point X="122" Y="218" T="646402" />
  <Point X="116" Y="213" T="646425" />
  <Point X="113" Y="211" T="646426" />
  <Point X="106" Y="204" T="646451" />
  <Point X="97" Y="197" T="646475" />
  <Point X="89" Y="190" T="646499" />
  <Point X="81" Y="184" T="646522" />
  <Point X="74" Y="177" T="646546" />
  <Point X="67" Y="173" T="646571" />
  <Point X="63" Y="168" T="646595" />
  <Point X="59" Y="165" T="646620" />
  <Point X="57" Y="163" T="646647" />
  <Point X="55" Y="161" T="646671" />
  <Point X="54" Y="159" T="646695" />
  <Point X="56" Y="158" T="646766" />
  <Point X="58" Y="158" T="646791" />
  <Point X="65" Y="158" T="646817" />
  <Point X="69" Y="159" T="646843" />
  <Point X="78" Y="159" T="646869" />
  <Point X="88" Y="158" T="646896" />
  <Point X="100" Y="158" T="646923" />
  <Point X="109" Y="158" T="646950" />
  <Point X="120" Y="157" T="646977" />
  <Point X="124" Y="158" T="646979" />
  <Point X="134" Y="157" T="647007" />
  <Point X="148" Y="159" T="647035" />
  <Point X="157" Y="159" T="647063" />
  <Point X="169" Y="160" T="647091" />
  <Point X="176" Y="160" T="647120" />
  <Point X="185" Y="160" T="647149" />
  <Point X="192" Y="160" T="647180" />
  <Point X="197" Y="160" T="647209" />
  <Point X="202" Y="159" T="647239" />
  <Point X="200" Y="162" T="647325" />
  <Point X="195" Y="165" T="647354" />
  <Point X="189" Y="168" T="647384" />
  <Point X="179" Y="173" T="647415" />
  <Point X="168" Y="179" T="647446" />
  <Point X="159" Y="185" T="647476" />
  <Point X="156" Y="186" T="647478" />
  <Point X="144" Y="193" T="647511" />
  <Point X="133" Y="200" T="647542" />
  <Point X="123" Y="206" T="647573" />
  <Point X="113" Y="214" T="647605" />
  <Point X="103" Y="220" T="647641" />
  <Point X="101" Y="221" T="647642" />
  <Point X="92" Y="226" T="647676" />
  <Point X="86" Y="232" T="647709" />
  <Point X="79" Y="236" T="647743" />
  <Point X="74" Y="240" T="647775" />
  <Point X="70" Y="243" T="647808" />
  <Point X="66" Y="247" T="647841" />
</Gesture>