﻿<?xml version="1.0" encoding="utf-8" standalone="yes"?>
<Gesture Name="star05" Subject="1" Speed="slow" Number="5" NumPts="134" Millseconds="2988" AppName="Gestures" AppVer="3.5.0.0" Date="Monday, March 05, 2007" TimeOfDay="4:52:58 PM">
  <Point X="76" Y="248" T="636820" />
  <Point X="74" Y="246" T="636852" />
  <Point X="73" Y="244" T="636892" />
  <Point X="72" Y="242" T="636909" />
  <Point X="72" Y="240" T="636918" />
  <Point X="73" Y="237" T="636930" />
  <Point X="73" Y="234" T="636942" />
  <Point X="74" Y="231" T="636950" />
  <Point X="75" Y="228" T="636962" />
  <Point X="76" Y="225" T="636970" />
  <Point X="77" Y="223" T="636982" />
  <Point X="79" Y="219" T="636990" />
  <Point X="80" Y="216" T="636998" />
  <Point X="80" Y="214" T="637008" />
  <Point X="82" Y="211" T="637017" />
  <Point X="84" Y="209" T="637026" />
  <Point X="85" Y="206" T="637036" />
  <Point X="87" Y="202" T="637046" />
  <Point X="88" Y="200" T="637047" />
  <Point X="89" Y="198" T="637058" />
  <Point X="91" Y="196" T="637069" />
  <Point X="93" Y="190" T="637080" />
  <Point X="95" Y="188" T="637091" />
  <Point X="97" Y="183" T="637103" />
  <Point X="98" Y="180" T="637115" />
  <Point X="100" Y="175" T="637126" />
  <Point X="101" Y="173" T="637138" />
  <Point X="102" Y="170" T="637150" />
  <Point X="103" Y="167" T="637151" />
  <Point X="104" Y="164" T="637165" />
  <Point X="107" Y="156" T="637178" />
  <Point X="107" Y="154" T="637190" />
  <Point X="108" Y="152" T="637203" />
  <Point X="108" Y="147" T="637217" />
  <Point X="109" Y="144" T="637231" />
  <Point X="110" Y="140" T="637245" />
  <Point X="112" Y="136" T="637259" />
  <Point X="112" Y="134" T="637273" />
  <Point X="113" Y="132" T="637287" />
  <Point X="113" Y="130" T="637302" />
  <Point X="115" Y="127" T="637318" />
  <Point X="116" Y="125" T="637337" />
  <Point X="117" Y="122" T="637351" />
  <Point X="119" Y="119" T="637370" />
  <Point X="121" Y="118" T="637470" />
  <Point X="122" Y="121" T="637510" />
  <Point X="124" Y="123" T="637534" />
  <Point X="125" Y="125" T="637550" />
  <Point X="127" Y="130" T="637567" />
  <Point X="129" Y="135" T="637586" />
  <Point X="130" Y="138" T="637587" />
  <Point X="132" Y="144" T="637605" />
  <Point X="134" Y="147" T="637607" />
  <Point X="137" Y="152" T="637625" />
  <Point X="141" Y="161" T="637643" />
  <Point X="145" Y="170" T="637661" />
  <Point X="148" Y="178" T="637679" />
  <Point X="152" Y="185" T="637696" />
  <Point X="157" Y="197" T="637715" />
  <Point X="159" Y="203" T="637734" />
  <Point X="161" Y="206" T="637735" />
  <Point X="164" Y="213" T="637756" />
  <Point X="169" Y="223" T="637775" />
  <Point X="170" Y="225" T="637794" />
  <Point X="172" Y="229" T="637795" />
  <Point X="175" Y="235" T="637817" />
  <Point X="177" Y="239" T="637836" />
  <Point X="178" Y="242" T="637856" />
  <Point X="179" Y="245" T="637875" />
  <Point X="180" Y="247" T="637971" />
  <Point X="178" Y="248" T="638055" />
  <Point X="177" Y="246" T="638076" />
  <Point X="175" Y="245" T="638096" />
  <Point X="170" Y="242" T="638118" />
  <Point X="166" Y="240" T="638139" />
  <Point X="159" Y="238" T="638161" />
  <Point X="154" Y="236" T="638183" />
  <Point X="151" Y="234" T="638184" />
  <Point X="143" Y="230" T="638208" />
  <Point X="137" Y="226" T="638231" />
  <Point X="134" Y="225" T="638232" />
  <Point X="125" Y="219" T="638256" />
  <Point X="115" Y="213" T="638280" />
  <Point X="106" Y="205" T="638304" />
  <Point X="96" Y="197" T="638328" />
  <Point X="85" Y="190" T="638352" />
  <Point X="76" Y="186" T="638378" />
  <Point X="73" Y="184" T="638380" />
  <Point X="63" Y="179" T="638405" />
  <Point X="54" Y="176" T="638430" />
  <Point X="47" Y="172" T="638455" />
  <Point X="38" Y="170" T="638488" />
  <Point X="33" Y="169" T="638513" />
  <Point X="31" Y="168" T="638538" />
  <Point X="29" Y="166" T="638540" />
  <Point X="27" Y="165" T="638571" />
  <Point X="30" Y="164" T="638643" />
  <Point X="34" Y="163" T="638669" />
  <Point X="41" Y="163" T="638696" />
  <Point X="48" Y="161" T="638723" />
  <Point X="57" Y="161" T="638750" />
  <Point X="60" Y="160" T="638752" />
  <Point X="72" Y="160" T="638780" />
  <Point X="83" Y="160" T="638808" />
  <Point X="97" Y="160" T="638836" />
  <Point X="112" Y="160" T="638868" />
  <Point X="124" Y="161" T="638896" />
  <Point X="139" Y="160" T="638925" />
  <Point X="149" Y="161" T="638954" />
  <Point X="162" Y="161" T="638982" />
  <Point X="175" Y="161" T="639012" />
  <Point X="183" Y="163" T="639042" />
  <Point X="191" Y="162" T="639072" />
  <Point X="195" Y="162" T="639101" />
  <Point X="200" Y="161" T="639131" />
  <Point X="204" Y="161" T="639162" />
  <Point X="206" Y="161" T="639231" />
  <Point X="205" Y="163" T="639283" />
  <Point X="203" Y="166" T="639313" />
  <Point X="196" Y="169" T="639345" />
  <Point X="185" Y="175" T="639377" />
  <Point X="169" Y="184" T="639412" />
  <Point X="155" Y="191" T="639444" />
  <Point X="142" Y="198" T="639476" />
  <Point X="130" Y="205" T="639509" />
  <Point X="120" Y="211" T="639542" />
  <Point X="112" Y="216" T="639575" />
  <Point X="104" Y="221" T="639608" />
  <Point X="97" Y="226" T="639641" />
  <Point X="91" Y="231" T="639674" />
  <Point X="85" Y="234" T="639708" />
  <Point X="81" Y="237" T="639741" />
  <Point X="76" Y="240" T="639774" />
  <Point X="75" Y="242" T="639808" />
</Gesture>