﻿<?xml version="1.0" encoding="utf-8" standalone="yes"?>
<Gesture Name="star02" Subject="1" Speed="slow" Number="2" NumPts="145" Millseconds="3353" AppName="Gestures" AppVer="3.5.0.0" Date="Monday, March 05, 2007" TimeOfDay="4:52:46 PM">
  <Point X="61" Y="244" T="624443" />
  <Point X="60" Y="241" T="624486" />
  <Point X="60" Y="239" T="624506" />
  <Point X="60" Y="237" T="624531" />
  <Point X="61" Y="235" T="624538" />
  <Point X="61" Y="233" T="624550" />
  <Point X="62" Y="231" T="624562" />
  <Point X="64" Y="229" T="624575" />
  <Point X="66" Y="227" T="624588" />
  <Point X="67" Y="225" T="624596" />
  <Point X="68" Y="223" T="624604" />
  <Point X="70" Y="221" T="624616" />
  <Point X="71" Y="218" T="624624" />
  <Point X="72" Y="215" T="624633" />
  <Point X="75" Y="212" T="624645" />
  <Point X="77" Y="208" T="624654" />
  <Point X="79" Y="207" T="624662" />
  <Point X="81" Y="205" T="624670" />
  <Point X="82" Y="203" T="624679" />
  <Point X="84" Y="200" T="624689" />
  <Point X="86" Y="198" T="624698" />
  <Point X="88" Y="195" T="624707" />
  <Point X="90" Y="192" T="624716" />
  <Point X="92" Y="189" T="624718" />
  <Point X="94" Y="187" T="624730" />
  <Point X="96" Y="184" T="624740" />
  <Point X="98" Y="182" T="624741" />
  <Point X="100" Y="180" T="624755" />
  <Point X="104" Y="174" T="624766" />
  <Point X="106" Y="170" T="624777" />
  <Point X="108" Y="167" T="624788" />
  <Point X="110" Y="164" T="624789" />
  <Point X="112" Y="161" T="624804" />
  <Point X="115" Y="155" T="624816" />
  <Point X="117" Y="152" T="624828" />
  <Point X="118" Y="150" T="624840" />
  <Point X="118" Y="148" T="624841" />
  <Point X="120" Y="145" T="624857" />
  <Point X="121" Y="143" T="624858" />
  <Point X="122" Y="140" T="624873" />
  <Point X="125" Y="135" T="624888" />
  <Point X="127" Y="131" T="624902" />
  <Point X="129" Y="128" T="624915" />
  <Point X="130" Y="125" T="624929" />
  <Point X="132" Y="123" T="624945" />
  <Point X="134" Y="121" T="624969" />
  <Point X="136" Y="119" T="624990" />
  <Point X="137" Y="121" T="625098" />
  <Point X="138" Y="123" T="625146" />
  <Point X="138" Y="125" T="625161" />
  <Point X="138" Y="128" T="625177" />
  <Point X="139" Y="132" T="625193" />
  <Point X="140" Y="137" T="625209" />
  <Point X="140" Y="142" T="625226" />
  <Point X="141" Y="147" T="625243" />
  <Point X="143" Y="153" T="625259" />
  <Point X="145" Y="162" T="625277" />
  <Point X="149" Y="171" T="625295" />
  <Point X="152" Y="178" T="625313" />
  <Point X="156" Y="189" T="625331" />
  <Point X="158" Y="196" T="625349" />
  <Point X="162" Y="204" T="625367" />
  <Point X="165" Y="210" T="625389" />
  <Point X="167" Y="213" T="625390" />
  <Point X="170" Y="220" T="625412" />
  <Point X="172" Y="225" T="625431" />
  <Point X="173" Y="229" T="625453" />
  <Point X="175" Y="231" T="625472" />
  <Point X="176" Y="233" T="625491" />
  <Point X="177" Y="235" T="625511" />
  <Point X="178" Y="239" T="625530" />
  <Point X="175" Y="238" T="625736" />
  <Point X="173" Y="236" T="625757" />
  <Point X="171" Y="234" T="625777" />
  <Point X="165" Y="230" T="625799" />
  <Point X="160" Y="225" T="625820" />
  <Point X="156" Y="221" T="625840" />
  <Point X="154" Y="220" T="625842" />
  <Point X="146" Y="214" T="625866" />
  <Point X="140" Y="209" T="625888" />
  <Point X="132" Y="202" T="625910" />
  <Point X="125" Y="195" T="625933" />
  <Point X="117" Y="189" T="625956" />
  <Point X="109" Y="184" T="625982" />
  <Point X="102" Y="177" T="626005" />
  <Point X="95" Y="173" T="626029" />
  <Point X="88" Y="168" T="626053" />
  <Point X="82" Y="165" T="626077" />
  <Point X="76" Y="161" T="626101" />
  <Point X="72" Y="160" T="626125" />
  <Point X="70" Y="159" T="626126" />
  <Point X="65" Y="157" T="626153" />
  <Point X="61" Y="156" T="626178" />
  <Point X="57" Y="155" T="626203" />
  <Point X="54" Y="154" T="626227" />
  <Point X="52" Y="153" T="626252" />
  <Point X="49" Y="150" T="626277" />
  <Point X="47" Y="148" T="626303" />
  <Point X="50" Y="148" T="626398" />
  <Point X="52" Y="148" T="626424" />
  <Point X="59" Y="149" T="626451" />
  <Point X="65" Y="150" T="626477" />
  <Point X="74" Y="151" T="626506" />
  <Point X="81" Y="151" T="626533" />
  <Point X="89" Y="152" T="626561" />
  <Point X="100" Y="152" T="626588" />
  <Point X="108" Y="152" T="626617" />
  <Point X="120" Y="155" T="626645" />
  <Point X="128" Y="155" T="626673" />
  <Point X="131" Y="155" T="626674" />
  <Point X="139" Y="156" T="626704" />
  <Point X="149" Y="156" T="626733" />
  <Point X="159" Y="157" T="626763" />
  <Point X="166" Y="157" T="626791" />
  <Point X="175" Y="156" T="626822" />
  <Point X="180" Y="155" T="626851" />
  <Point X="184" Y="155" T="626880" />
  <Point X="188" Y="155" T="626913" />
  <Point X="190" Y="155" T="626942" />
  <Point X="192" Y="156" T="626972" />
  <Point X="194" Y="154" T="627002" />
  <Point X="196" Y="155" T="627033" />
  <Point X="197" Y="157" T="627082" />
  <Point X="194" Y="158" T="627113" />
  <Point X="190" Y="162" T="627144" />
  <Point X="186" Y="165" T="627175" />
  <Point X="178" Y="168" T="627207" />
  <Point X="169" Y="172" T="627239" />
  <Point X="162" Y="176" T="627271" />
  <Point X="154" Y="180" T="627304" />
  <Point X="144" Y="186" T="627337" />
  <Point X="136" Y="192" T="627372" />
  <Point X="129" Y="196" T="627405" />
  <Point X="119" Y="201" T="627439" />
  <Point X="113" Y="205" T="627473" />
  <Point X="107" Y="209" T="627509" />
  <Point X="104" Y="212" T="627511" />
  <Point X="97" Y="216" T="627548" />
  <Point X="89" Y="221" T="627583" />
  <Point X="80" Y="226" T="627619" />
  <Point X="72" Y="232" T="627654" />
  <Point X="64" Y="236" T="627689" />
  <Point X="60" Y="239" T="627725" />
  <Point X="55" Y="241" T="627760" />
  <Point X="53" Y="243" T="627796" />
</Gesture>