﻿<?xml version="1.0" encoding="utf-8" standalone="yes"?>
<Gesture Name="star09" Subject="1" Speed="slow" Number="9" NumPts="129" Millseconds="2563" AppName="Gestures" AppVer="3.5.0.0" Date="Monday, March 05, 2007" TimeOfDay="4:53:12 PM">
  <Point X="75" Y="252" T="652021" />
  <Point X="73" Y="251" T="652053" />
  <Point X="74" Y="248" T="652073" />
  <Point X="76" Y="246" T="652092" />
  <Point X="78" Y="245" T="652106" />
  <Point X="79" Y="242" T="652117" />
  <Point X="81" Y="240" T="652129" />
  <Point X="82" Y="237" T="652137" />
  <Point X="84" Y="235" T="652145" />
  <Point X="86" Y="233" T="652153" />
  <Point X="87" Y="230" T="652161" />
  <Point X="89" Y="228" T="652169" />
  <Point X="91" Y="224" T="652177" />
  <Point X="92" Y="222" T="652185" />
  <Point X="95" Y="216" T="652194" />
  <Point X="97" Y="213" T="652202" />
  <Point X="98" Y="210" T="652210" />
  <Point X="100" Y="206" T="652219" />
  <Point X="103" Y="200" T="652229" />
  <Point X="104" Y="196" T="652238" />
  <Point X="106" Y="192" T="652248" />
  <Point X="107" Y="189" T="652258" />
  <Point X="108" Y="185" T="652268" />
  <Point X="111" Y="179" T="652278" />
  <Point X="112" Y="175" T="652289" />
  <Point X="113" Y="173" T="652290" />
  <Point X="116" Y="166" T="652303" />
  <Point X="117" Y="162" T="652315" />
  <Point X="120" Y="156" T="652326" />
  <Point X="122" Y="153" T="652338" />
  <Point X="123" Y="150" T="652350" />
  <Point X="124" Y="144" T="652362" />
  <Point X="125" Y="142" T="652374" />
  <Point X="126" Y="137" T="652387" />
  <Point X="128" Y="132" T="652401" />
  <Point X="129" Y="130" T="652414" />
  <Point X="130" Y="127" T="652427" />
  <Point X="131" Y="125" T="652453" />
  <Point X="133" Y="122" T="652482" />
  <Point X="134" Y="120" T="652511" />
  <Point X="134" Y="118" T="652525" />
  <Point X="136" Y="116" T="652555" />
  <Point X="138" Y="118" T="652595" />
  <Point X="138" Y="120" T="652610" />
  <Point X="140" Y="125" T="652624" />
  <Point X="142" Y="130" T="652640" />
  <Point X="145" Y="135" T="652655" />
  <Point X="147" Y="141" T="652670" />
  <Point X="150" Y="148" T="652686" />
  <Point X="152" Y="154" T="652702" />
  <Point X="154" Y="158" T="652703" />
  <Point X="157" Y="166" T="652722" />
  <Point X="161" Y="176" T="652740" />
  <Point X="164" Y="184" T="652756" />
  <Point X="166" Y="190" T="652774" />
  <Point X="168" Y="195" T="652791" />
  <Point X="169" Y="198" T="652792" />
  <Point X="172" Y="205" T="652812" />
  <Point X="175" Y="212" T="652830" />
  <Point X="177" Y="216" T="652832" />
  <Point X="179" Y="223" T="652852" />
  <Point X="182" Y="228" T="652871" />
  <Point X="183" Y="230" T="652872" />
  <Point X="185" Y="236" T="652894" />
  <Point X="187" Y="239" T="652913" />
  <Point X="188" Y="243" T="652932" />
  <Point X="189" Y="245" T="652951" />
  <Point X="191" Y="246" T="652975" />
  <Point X="192" Y="248" T="652995" />
  <Point X="192" Y="250" T="653048" />
  <Point X="190" Y="248" T="653088" />
  <Point X="188" Y="246" T="653108" />
  <Point X="181" Y="243" T="653129" />
  <Point X="176" Y="240" T="653150" />
  <Point X="168" Y="235" T="653171" />
  <Point X="160" Y="230" T="653193" />
  <Point X="149" Y="223" T="653215" />
  <Point X="138" Y="217" T="653237" />
  <Point X="128" Y="212" T="653259" />
  <Point X="117" Y="202" T="653281" />
  <Point X="108" Y="195" T="653304" />
  <Point X="99" Y="186" T="653327" />
  <Point X="96" Y="184" T="653329" />
  <Point X="87" Y="175" T="653354" />
  <Point X="78" Y="169" T="653378" />
  <Point X="70" Y="164" T="653402" />
  <Point X="65" Y="161" T="653426" />
  <Point X="61" Y="159" T="653449" />
  <Point X="59" Y="158" T="653473" />
  <Point X="58" Y="155" T="653498" />
  <Point X="61" Y="155" T="653522" />
  <Point X="65" Y="155" T="653547" />
  <Point X="71" Y="154" T="653572" />
  <Point X="84" Y="154" T="653605" />
  <Point X="97" Y="153" T="653635" />
  <Point X="100" Y="153" T="653637" />
  <Point X="115" Y="151" T="653665" />
  <Point X="133" Y="149" T="653697" />
  <Point X="150" Y="147" T="653730" />
  <Point X="166" Y="144" T="653763" />
  <Point X="180" Y="143" T="653794" />
  <Point X="189" Y="144" T="653823" />
  <Point X="200" Y="145" T="653851" />
  <Point X="206" Y="145" T="653878" />
  <Point X="211" Y="146" T="653905" />
  <Point X="215" Y="145" T="653933" />
  <Point X="217" Y="147" T="653972" />
  <Point X="215" Y="149" T="654016" />
  <Point X="211" Y="153" T="654044" />
  <Point X="205" Y="158" T="654073" />
  <Point X="194" Y="166" T="654102" />
  <Point X="183" Y="173" T="654131" />
  <Point X="179" Y="175" T="654133" />
  <Point X="165" Y="184" T="654165" />
  <Point X="155" Y="192" T="654195" />
  <Point X="151" Y="195" T="654197" />
  <Point X="139" Y="204" T="654229" />
  <Point X="130" Y="211" T="654260" />
  <Point X="127" Y="213" T="654261" />
  <Point X="116" Y="222" T="654294" />
  <Point X="106" Y="230" T="654326" />
  <Point X="97" Y="237" T="654358" />
  <Point X="90" Y="242" T="654390" />
  <Point X="86" Y="244" T="654421" />
  <Point X="82" Y="248" T="654453" />
  <Point X="80" Y="250" T="654485" />
  <Point X="78" Y="252" T="654519" />
  <Point X="77" Y="254" T="654551" />
  <Point X="77" Y="252" T="654584" />
</Gesture>