﻿<?xml version="1.0" encoding="utf-8" standalone="yes"?>
<Gesture Name="star04" Subject="1" Speed="slow" Number="4" NumPts="127" Millseconds="2892" AppName="Gestures" AppVer="3.5.0.0" Date="Monday, March 05, 2007" TimeOfDay="4:52:54 PM">
  <Point X="65" Y="246" T="633144" />
  <Point X="66" Y="244" T="633282" />
  <Point X="67" Y="242" T="633293" />
  <Point X="68" Y="240" T="633304" />
  <Point X="69" Y="238" T="633317" />
  <Point X="70" Y="235" T="633325" />
  <Point X="71" Y="233" T="633334" />
  <Point X="73" Y="229" T="633350" />
  <Point X="73" Y="227" T="633357" />
  <Point X="74" Y="225" T="633365" />
  <Point X="75" Y="222" T="633374" />
  <Point X="76" Y="219" T="633382" />
  <Point X="77" Y="216" T="633390" />
  <Point X="78" Y="214" T="633398" />
  <Point X="79" Y="211" T="633407" />
  <Point X="79" Y="208" T="633415" />
  <Point X="80" Y="206" T="633423" />
  <Point X="81" Y="203" T="633432" />
  <Point X="82" Y="201" T="633441" />
  <Point X="83" Y="198" T="633451" />
  <Point X="85" Y="195" T="633461" />
  <Point X="86" Y="193" T="633463" />
  <Point X="87" Y="190" T="633475" />
  <Point X="89" Y="185" T="633487" />
  <Point X="90" Y="182" T="633498" />
  <Point X="92" Y="180" T="633509" />
  <Point X="93" Y="177" T="633521" />
  <Point X="94" Y="175" T="633533" />
  <Point X="95" Y="173" T="633535" />
  <Point X="97" Y="170" T="633548" />
  <Point X="98" Y="168" T="633560" />
  <Point X="99" Y="166" T="633573" />
  <Point X="100" Y="164" T="633575" />
  <Point X="102" Y="161" T="633589" />
  <Point X="103" Y="158" T="633603" />
  <Point X="104" Y="156" T="633617" />
  <Point X="106" Y="152" T="633631" />
  <Point X="107" Y="149" T="633645" />
  <Point X="108" Y="147" T="633659" />
  <Point X="110" Y="144" T="633673" />
  <Point X="110" Y="142" T="633688" />
  <Point X="112" Y="140" T="633705" />
  <Point X="113" Y="137" T="633720" />
  <Point X="115" Y="135" T="633737" />
  <Point X="117" Y="132" T="633752" />
  <Point X="118" Y="130" T="633766" />
  <Point X="120" Y="128" T="633781" />
  <Point X="122" Y="125" T="633801" />
  <Point X="124" Y="123" T="633821" />
  <Point X="124" Y="121" T="633837" />
  <Point X="125" Y="119" T="633854" />
  <Point X="127" Y="117" T="633871" />
  <Point X="127" Y="115" T="633897" />
  <Point X="127" Y="118" T="633943" />
  <Point X="127" Y="120" T="633963" />
  <Point X="128" Y="122" T="633981" />
  <Point X="129" Y="126" T="634000" />
  <Point X="131" Y="134" T="634020" />
  <Point X="134" Y="141" T="634040" />
  <Point X="136" Y="149" T="634060" />
  <Point X="140" Y="158" T="634082" />
  <Point X="143" Y="168" T="634102" />
  <Point X="144" Y="170" T="634104" />
  <Point X="148" Y="180" T="634129" />
  <Point X="155" Y="194" T="634151" />
  <Point X="160" Y="206" T="634177" />
  <Point X="165" Y="216" T="634200" />
  <Point X="170" Y="224" T="634222" />
  <Point X="171" Y="226" T="634224" />
  <Point X="175" Y="232" T="634246" />
  <Point X="177" Y="238" T="634267" />
  <Point X="180" Y="243" T="634290" />
  <Point X="181" Y="245" T="634311" />
  <Point X="180" Y="243" T="634396" />
  <Point X="177" Y="243" T="634489" />
  <Point X="175" Y="241" T="634509" />
  <Point X="173" Y="239" T="634531" />
  <Point X="168" Y="237" T="634554" />
  <Point X="161" Y="231" T="634578" />
  <Point X="153" Y="225" T="634602" />
  <Point X="143" Y="219" T="634625" />
  <Point X="134" Y="211" T="634650" />
  <Point X="122" Y="203" T="634674" />
  <Point X="114" Y="196" T="634699" />
  <Point X="104" Y="189" T="634724" />
  <Point X="101" Y="186" T="634726" />
  <Point X="91" Y="181" T="634752" />
  <Point X="82" Y="176" T="634779" />
  <Point X="71" Y="171" T="634811" />
  <Point X="62" Y="164" T="634840" />
  <Point X="56" Y="162" T="634868" />
  <Point X="49" Y="159" T="634898" />
  <Point X="45" Y="156" T="634926" />
  <Point X="44" Y="154" T="634962" />
  <Point X="46" Y="153" T="634997" />
  <Point X="48" Y="154" T="635024" />
  <Point X="58" Y="154" T="635054" />
  <Point X="67" Y="154" T="635084" />
  <Point X="82" Y="154" T="635115" />
  <Point X="96" Y="154" T="635146" />
  <Point X="115" Y="156" T="635178" />
  <Point X="133" Y="157" T="635219" />
  <Point X="149" Y="160" T="635251" />
  <Point X="162" Y="160" T="635282" />
  <Point X="172" Y="160" T="635314" />
  <Point X="181" Y="159" T="635346" />
  <Point X="188" Y="157" T="635378" />
  <Point X="190" Y="157" T="635409" />
  <Point X="192" Y="157" T="635441" />
  <Point X="194" Y="157" T="635442" />
  <Point X="193" Y="159" T="635513" />
  <Point X="191" Y="160" T="635543" />
  <Point X="184" Y="166" T="635577" />
  <Point X="182" Y="167" T="635578" />
  <Point X="172" Y="176" T="635612" />
  <Point X="160" Y="185" T="635647" />
  <Point X="143" Y="194" T="635681" />
  <Point X="130" Y="200" T="635719" />
  <Point X="115" Y="207" T="635754" />
  <Point X="103" Y="213" T="635790" />
  <Point X="90" Y="222" T="635827" />
  <Point X="82" Y="229" T="635863" />
  <Point X="75" Y="234" T="635899" />
  <Point X="71" Y="238" T="635934" />
  <Point X="69" Y="240" T="635966" />
  <Point X="67" Y="242" T="635999" />
  <Point X="65" Y="243" T="636036" />
</Gesture>