﻿<?xml version="1.0" encoding="utf-8" standalone="yes"?>
<Gesture Name="star03" Subject="1" Speed="slow" Number="3" NumPts="140" Millseconds="3067" AppName="Gestures" AppVer="3.5.0.0" Date="Monday, March 05, 2007" TimeOfDay="4:52:50 PM">
  <Point X="64" Y="247" T="629059" />
  <Point X="62" Y="246" T="629110" />
  <Point X="62" Y="244" T="629138" />
  <Point X="63" Y="241" T="629158" />
  <Point X="64" Y="239" T="629174" />
  <Point X="65" Y="237" T="629187" />
  <Point X="66" Y="235" T="629199" />
  <Point X="67" Y="232" T="629207" />
  <Point X="68" Y="230" T="629215" />
  <Point X="69" Y="227" T="629223" />
  <Point X="70" Y="224" T="629232" />
  <Point X="71" Y="221" T="629239" />
  <Point X="72" Y="218" T="629247" />
  <Point X="74" Y="215" T="629255" />
  <Point X="76" Y="212" T="629264" />
  <Point X="78" Y="208" T="629272" />
  <Point X="80" Y="205" T="629280" />
  <Point X="82" Y="202" T="629289" />
  <Point X="84" Y="199" T="629297" />
  <Point X="86" Y="195" T="629306" />
  <Point X="87" Y="192" T="629316" />
  <Point X="89" Y="190" T="629325" />
  <Point X="92" Y="185" T="629335" />
  <Point X="94" Y="182" T="629345" />
  <Point X="96" Y="178" T="629356" />
  <Point X="97" Y="175" T="629366" />
  <Point X="99" Y="173" T="629376" />
  <Point X="100" Y="170" T="629387" />
  <Point X="101" Y="168" T="629388" />
  <Point X="102" Y="165" T="629401" />
  <Point X="105" Y="160" T="629413" />
  <Point X="107" Y="157" T="629424" />
  <Point X="110" Y="151" T="629436" />
  <Point X="112" Y="149" T="629449" />
  <Point X="113" Y="146" T="629461" />
  <Point X="115" Y="140" T="629473" />
  <Point X="117" Y="137" T="629486" />
  <Point X="118" Y="135" T="629498" />
  <Point X="120" Y="132" T="629499" />
  <Point X="123" Y="128" T="629515" />
  <Point X="124" Y="125" T="629529" />
  <Point X="125" Y="123" T="629543" />
  <Point X="126" Y="121" T="629557" />
  <Point X="128" Y="119" T="629574" />
  <Point X="129" Y="117" T="629587" />
  <Point X="130" Y="119" T="629676" />
  <Point X="131" Y="121" T="629691" />
  <Point X="131" Y="123" T="629705" />
  <Point X="132" Y="126" T="629720" />
  <Point X="134" Y="131" T="629736" />
  <Point X="136" Y="137" T="629752" />
  <Point X="139" Y="143" T="629768" />
  <Point X="141" Y="149" T="629784" />
  <Point X="143" Y="155" T="629801" />
  <Point X="146" Y="162" T="629817" />
  <Point X="150" Y="169" T="629835" />
  <Point X="154" Y="178" T="629852" />
  <Point X="157" Y="185" T="629869" />
  <Point X="161" Y="193" T="629887" />
  <Point X="163" Y="198" T="629905" />
  <Point X="166" Y="203" T="629923" />
  <Point X="168" Y="210" T="629942" />
  <Point X="169" Y="214" T="629960" />
  <Point X="170" Y="219" T="629979" />
  <Point X="172" Y="225" T="629998" />
  <Point X="173" Y="230" T="630017" />
  <Point X="174" Y="232" T="630036" />
  <Point X="176" Y="236" T="630055" />
  <Point X="177" Y="238" T="630075" />
  <Point X="179" Y="243" T="630097" />
  <Point X="180" Y="245" T="630116" />
  <Point X="181" Y="247" T="630143" />
  <Point X="183" Y="249" T="630192" />
  <Point X="182" Y="246" T="630282" />
  <Point X="180" Y="245" T="630302" />
  <Point X="178" Y="242" T="630323" />
  <Point X="173" Y="239" T="630346" />
  <Point X="171" Y="238" T="630367" />
  <Point X="163" Y="234" T="630390" />
  <Point X="159" Y="233" T="630413" />
  <Point X="151" Y="228" T="630435" />
  <Point X="143" Y="225" T="630458" />
  <Point X="135" Y="218" T="630481" />
  <Point X="127" Y="212" T="630504" />
  <Point X="119" Y="206" T="630527" />
  <Point X="111" Y="200" T="630551" />
  <Point X="103" Y="195" T="630575" />
  <Point X="95" Y="189" T="630601" />
  <Point X="88" Y="185" T="630625" />
  <Point X="81" Y="182" T="630650" />
  <Point X="74" Y="178" T="630675" />
  <Point X="68" Y="174" T="630700" />
  <Point X="63" Y="173" T="630724" />
  <Point X="59" Y="171" T="630749" />
  <Point X="57" Y="169" T="630750" />
  <Point X="52" Y="169" T="630780" />
  <Point X="50" Y="167" T="630805" />
  <Point X="48" Y="165" T="630831" />
  <Point X="46" Y="164" T="630857" />
  <Point X="45" Y="162" T="630882" />
  <Point X="43" Y="160" T="630914" />
  <Point X="43" Y="158" T="630955" />
  <Point X="45" Y="157" T="631014" />
  <Point X="47" Y="156" T="631042" />
  <Point X="50" Y="156" T="631069" />
  <Point X="52" Y="156" T="631070" />
  <Point X="59" Y="156" T="631099" />
  <Point X="68" Y="155" T="631127" />
  <Point X="80" Y="156" T="631158" />
  <Point X="94" Y="157" T="631187" />
  <Point X="104" Y="158" T="631215" />
  <Point X="118" Y="158" T="631245" />
  <Point X="132" Y="158" T="631274" />
  <Point X="142" Y="158" T="631303" />
  <Point X="154" Y="159" T="631333" />
  <Point X="165" Y="158" T="631363" />
  <Point X="174" Y="157" T="631395" />
  <Point X="181" Y="158" T="631424" />
  <Point X="187" Y="158" T="631456" />
  <Point X="194" Y="159" T="631486" />
  <Point X="199" Y="158" T="631516" />
  <Point X="203" Y="159" T="631547" />
  <Point X="205" Y="159" T="631578" />
  <Point X="206" Y="161" T="631618" />
  <Point X="204" Y="163" T="631650" />
  <Point X="200" Y="166" T="631682" />
  <Point X="194" Y="171" T="631714" />
  <Point X="191" Y="173" T="631715" />
  <Point X="181" Y="179" T="631750" />
  <Point X="168" Y="186" T="631783" />
  <Point X="153" Y="194" T="631817" />
  <Point X="136" Y="203" T="631851" />
  <Point X="123" Y="210" T="631885" />
  <Point X="108" Y="220" T="631919" />
  <Point X="97" Y="225" T="631953" />
  <Point X="89" Y="231" T="631987" />
  <Point X="83" Y="236" T="632021" />
  <Point X="77" Y="241" T="632059" />
  <Point X="72" Y="245" T="632092" />
  <Point X="70" Y="246" T="632126" />
</Gesture>