﻿<?xml version="1.0" encoding="utf-8" standalone="yes"?>
<Gesture Name="triangle08" Subject="1" Speed="slow" Number="8" NumPts="81" Millseconds="1217" AppName="Gestures" AppVer="3.5.0.0" Date="Monday, March 05, 2007" TimeOfDay="5:03:50 PM">
  <Point X="137" Y="140" T="1292478" />
  <Point X="136" Y="142" T="1292517" />
  <Point X="135" Y="144" T="1292525" />
  <Point X="134" Y="147" T="1292534" />
  <Point X="132" Y="150" T="1292541" />
  <Point X="130" Y="153" T="1292550" />
  <Point X="127" Y="157" T="1292558" />
  <Point X="125" Y="159" T="1292564" />
  <Point X="122" Y="163" T="1292571" />
  <Point X="119" Y="167" T="1292579" />
  <Point X="117" Y="168" T="1292585" />
  <Point X="114" Y="172" T="1292593" />
  <Point X="110" Y="175" T="1292600" />
  <Point X="106" Y="179" T="1292607" />
  <Point X="103" Y="184" T="1292615" />
  <Point X="99" Y="188" T="1292623" />
  <Point X="96" Y="191" T="1292632" />
  <Point X="93" Y="194" T="1292640" />
  <Point X="90" Y="198" T="1292649" />
  <Point X="87" Y="201" T="1292658" />
  <Point X="84" Y="207" T="1292667" />
  <Point X="82" Y="209" T="1292676" />
  <Point X="80" Y="210" T="1292686" />
  <Point X="76" Y="214" T="1292695" />
  <Point X="74" Y="216" T="1292705" />
  <Point X="72" Y="218" T="1292715" />
  <Point X="70" Y="220" T="1292726" />
  <Point X="68" Y="222" T="1292727" />
  <Point X="66" Y="225" T="1292737" />
  <Point X="64" Y="226" T="1292748" />
  <Point X="61" Y="228" T="1292759" />
  <Point X="60" Y="231" T="1292771" />
  <Point X="58" Y="232" T="1292783" />
  <Point X="60" Y="233" T="1292866" />
  <Point X="62" Y="232" T="1292879" />
  <Point X="64" Y="232" T="1292891" />
  <Point X="68" Y="232" T="1292904" />
  <Point X="71" Y="231" T="1292916" />
  <Point X="76" Y="231" T="1292929" />
  <Point X="83" Y="230" T="1292943" />
  <Point X="86" Y="230" T="1292956" />
  <Point X="94" Y="229" T="1292970" />
  <Point X="96" Y="229" T="1292971" />
  <Point X="103" Y="230" T="1292988" />
  <Point X="111" Y="230" T="1293003" />
  <Point X="119" Y="230" T="1293019" />
  <Point X="126" Y="231" T="1293034" />
  <Point X="132" Y="231" T="1293050" />
  <Point X="138" Y="232" T="1293065" />
  <Point X="141" Y="233" T="1293066" />
  <Point X="148" Y="235" T="1293084" />
  <Point X="154" Y="235" T="1293102" />
  <Point X="157" Y="236" T="1293103" />
  <Point X="163" Y="237" T="1293120" />
  <Point X="170" Y="238" T="1293138" />
  <Point X="176" Y="237" T="1293155" />
  <Point X="180" Y="238" T="1293173" />
  <Point X="185" Y="238" T="1293193" />
  <Point X="187" Y="237" T="1293211" />
  <Point X="189" Y="237" T="1293228" />
  <Point X="190" Y="235" T="1293267" />
  <Point X="190" Y="233" T="1293285" />
  <Point X="189" Y="230" T="1293304" />
  <Point X="188" Y="228" T="1293323" />
  <Point X="186" Y="226" T="1293324" />
  <Point X="184" Y="221" T="1293344" />
  <Point X="182" Y="216" T="1293365" />
  <Point X="179" Y="210" T="1293388" />
  <Point X="177" Y="205" T="1293409" />
  <Point X="173" Y="198" T="1293432" />
  <Point X="168" Y="191" T="1293455" />
  <Point X="163" Y="184" T="1293480" />
  <Point X="157" Y="177" T="1293503" />
  <Point X="152" Y="171" T="1293526" />
  <Point X="148" Y="166" T="1293549" />
  <Point X="144" Y="161" T="1293573" />
  <Point X="139" Y="154" T="1293598" />
  <Point X="138" Y="151" T="1293621" />
  <Point X="134" Y="147" T="1293646" />
  <Point X="133" Y="144" T="1293672" />
  <Point X="132" Y="142" T="1293695" />
</Gesture>