﻿<?xml version="1.0" encoding="utf-8" standalone="yes"?>
<Gesture Name="triangle01" Subject="1" Speed="slow" Number="1" NumPts="78" Millseconds="1139" AppName="Gestures" AppVer="3.5.0.0" Date="Monday, March 05, 2007" TimeOfDay="5:03:38 PM">
  <Point X="130" Y="131" T="1279751" />
  <Point X="129" Y="133" T="1279795" />
  <Point X="128" Y="135" T="1279804" />
  <Point X="126" Y="138" T="1279815" />
  <Point X="125" Y="140" T="1279824" />
  <Point X="123" Y="144" T="1279832" />
  <Point X="121" Y="147" T="1279840" />
  <Point X="119" Y="150" T="1279848" />
  <Point X="118" Y="152" T="1279855" />
  <Point X="115" Y="155" T="1279863" />
  <Point X="113" Y="158" T="1279870" />
  <Point X="110" Y="162" T="1279878" />
  <Point X="108" Y="164" T="1279886" />
  <Point X="105" Y="167" T="1279894" />
  <Point X="101" Y="172" T="1279903" />
  <Point X="98" Y="176" T="1279912" />
  <Point X="94" Y="181" T="1279921" />
  <Point X="91" Y="185" T="1279930" />
  <Point X="89" Y="188" T="1279939" />
  <Point X="85" Y="194" T="1279949" />
  <Point X="82" Y="196" T="1279959" />
  <Point X="80" Y="199" T="1279969" />
  <Point X="77" Y="202" T="1279979" />
  <Point X="74" Y="204" T="1279981" />
  <Point X="72" Y="207" T="1279993" />
  <Point X="68" Y="213" T="1280004" />
  <Point X="66" Y="215" T="1280015" />
  <Point X="64" Y="217" T="1280027" />
  <Point X="60" Y="222" T="1280038" />
  <Point X="58" Y="224" T="1280050" />
  <Point X="56" Y="226" T="1280062" />
  <Point X="55" Y="228" T="1280074" />
  <Point X="53" Y="230" T="1280086" />
  <Point X="55" Y="230" T="1280169" />
  <Point X="57" Y="229" T="1280189" />
  <Point X="59" Y="229" T="1280206" />
  <Point X="62" Y="229" T="1280218" />
  <Point X="64" Y="229" T="1280232" />
  <Point X="68" Y="227" T="1280245" />
  <Point X="73" Y="227" T="1280259" />
  <Point X="76" Y="227" T="1280273" />
  <Point X="79" Y="225" T="1280275" />
  <Point X="84" Y="223" T="1280292" />
  <Point X="94" Y="223" T="1280307" />
  <Point X="101" Y="221" T="1280322" />
  <Point X="107" Y="222" T="1280338" />
  <Point X="109" Y="222" T="1280339" />
  <Point X="118" Y="220" T="1280358" />
  <Point X="121" Y="220" T="1280359" />
  <Point X="132" Y="218" T="1280380" />
  <Point X="141" Y="217" T="1280396" />
  <Point X="152" Y="216" T="1280414" />
  <Point X="161" Y="215" T="1280431" />
  <Point X="167" Y="216" T="1280448" />
  <Point X="176" Y="218" T="1280465" />
  <Point X="182" Y="219" T="1280483" />
  <Point X="187" Y="219" T="1280500" />
  <Point X="191" Y="219" T="1280518" />
  <Point X="193" Y="219" T="1280535" />
  <Point X="195" Y="218" T="1280553" />
  <Point X="196" Y="216" T="1280571" />
  <Point X="197" Y="213" T="1280590" />
  <Point X="196" Y="211" T="1280608" />
  <Point X="194" Y="207" T="1280627" />
  <Point X="189" Y="200" T="1280647" />
  <Point X="187" Y="198" T="1280666" />
  <Point X="185" Y="196" T="1280667" />
  <Point X="178" Y="189" T="1280691" />
  <Point X="174" Y="184" T="1280711" />
  <Point X="167" Y="175" T="1280732" />
  <Point X="163" Y="168" T="1280752" />
  <Point X="157" Y="160" T="1280773" />
  <Point X="155" Y="157" T="1280775" />
  <Point X="149" Y="149" T="1280801" />
  <Point X="145" Y="141" T="1280825" />
  <Point X="142" Y="136" T="1280846" />
  <Point X="138" Y="131" T="1280867" />
  <Point X="136" Y="131" T="1280890" />
</Gesture>