﻿<?xml version="1.0" encoding="utf-8" standalone="yes"?>
<Gesture Name="triangle05" Subject="1" Speed="slow" Number="5" NumPts="92" Millseconds="1377" AppName="Gestures" AppVer="3.5.0.0" Date="Monday, March 05, 2007" TimeOfDay="5:03:45 PM">
  <Point X="140" Y="131" T="1286795" />
  <Point X="139" Y="133" T="1286822" />
  <Point X="138" Y="135" T="1286834" />
  <Point X="136" Y="138" T="1286847" />
  <Point X="135" Y="141" T="1286854" />
  <Point X="133" Y="144" T="1286863" />
  <Point X="131" Y="147" T="1286871" />
  <Point X="128" Y="149" T="1286879" />
  <Point X="127" Y="152" T="1286886" />
  <Point X="124" Y="157" T="1286893" />
  <Point X="122" Y="159" T="1286900" />
  <Point X="118" Y="164" T="1286908" />
  <Point X="114" Y="167" T="1286915" />
  <Point X="110" Y="171" T="1286923" />
  <Point X="107" Y="176" T="1286931" />
  <Point X="103" Y="179" T="1286939" />
  <Point X="100" Y="182" T="1286947" />
  <Point X="97" Y="185" T="1286956" />
  <Point X="94" Y="188" T="1286964" />
  <Point X="90" Y="191" T="1286973" />
  <Point X="89" Y="193" T="1286982" />
  <Point X="84" Y="200" T="1286992" />
  <Point X="81" Y="203" T="1287001" />
  <Point X="78" Y="206" T="1287011" />
  <Point X="74" Y="212" T="1287021" />
  <Point X="72" Y="214" T="1287031" />
  <Point X="69" Y="219" T="1287042" />
  <Point X="67" Y="222" T="1287043" />
  <Point X="65" Y="224" T="1287056" />
  <Point X="62" Y="227" T="1287067" />
  <Point X="60" Y="229" T="1287078" />
  <Point X="58" Y="232" T="1287079" />
  <Point X="56" Y="234" T="1287093" />
  <Point X="54" Y="237" T="1287105" />
  <Point X="52" Y="239" T="1287116" />
  <Point X="49" Y="243" T="1287129" />
  <Point X="47" Y="245" T="1287141" />
  <Point X="45" Y="247" T="1287159" />
  <Point X="47" Y="248" T="1287231" />
  <Point X="49" Y="247" T="1287251" />
  <Point X="52" Y="247" T="1287267" />
  <Point X="54" Y="245" T="1287280" />
  <Point X="57" Y="245" T="1287294" />
  <Point X="62" Y="243" T="1287308" />
  <Point X="64" Y="242" T="1287322" />
  <Point X="69" Y="240" T="1287336" />
  <Point X="75" Y="240" T="1287351" />
  <Point X="81" Y="239" T="1287365" />
  <Point X="88" Y="239" T="1287382" />
  <Point X="93" Y="238" T="1287398" />
  <Point X="102" Y="238" T="1287413" />
  <Point X="109" Y="237" T="1287429" />
  <Point X="117" Y="237" T="1287444" />
  <Point X="122" Y="235" T="1287460" />
  <Point X="132" Y="236" T="1287477" />
  <Point X="139" Y="235" T="1287494" />
  <Point X="147" Y="236" T="1287511" />
  <Point X="149" Y="237" T="1287512" />
  <Point X="156" Y="237" T="1287531" />
  <Point X="163" Y="238" T="1287549" />
  <Point X="170" Y="239" T="1287566" />
  <Point X="173" Y="238" T="1287567" />
  <Point X="179" Y="239" T="1287587" />
  <Point X="185" Y="239" T="1287605" />
  <Point X="193" Y="240" T="1287624" />
  <Point X="195" Y="241" T="1287642" />
  <Point X="198" Y="241" T="1287643" />
  <Point X="200" Y="241" T="1287665" />
  <Point X="204" Y="240" T="1287685" />
  <Point X="206" Y="240" T="1287712" />
  <Point X="206" Y="238" T="1287744" />
  <Point X="204" Y="236" T="1287764" />
  <Point X="201" Y="233" T="1287785" />
  <Point X="199" Y="230" T="1287805" />
  <Point X="195" Y="225" T="1287825" />
  <Point X="191" Y="220" T="1287846" />
  <Point X="186" Y="211" T="1287867" />
  <Point X="180" Y="203" T="1287889" />
  <Point X="177" Y="198" T="1287910" />
  <Point X="172" Y="192" T="1287931" />
  <Point X="170" Y="190" T="1287932" />
  <Point X="163" Y="184" T="1287957" />
  <Point X="159" Y="180" T="1287979" />
  <Point X="154" Y="176" T="1288001" />
  <Point X="149" Y="172" T="1288023" />
  <Point X="147" Y="170" T="1288024" />
  <Point X="143" Y="164" T="1288049" />
  <Point X="138" Y="157" T="1288075" />
  <Point X="135" Y="150" T="1288099" />
  <Point X="134" Y="148" T="1288122" />
  <Point X="131" Y="144" T="1288145" />
  <Point X="129" Y="142" T="1288172" />
</Gesture>