﻿<?xml version="1.0" encoding="utf-8" standalone="yes"?>
<Gesture Name="triangle04" Subject="1" Speed="slow" Number="4" NumPts="93" Millseconds="1511" AppName="Gestures" AppVer="3.5.0.0" Date="Monday, March 05, 2007" TimeOfDay="5:03:43 PM">
  <Point X="134" Y="127" T="1284727" />
  <Point X="132" Y="130" T="1284743" />
  <Point X="130" Y="132" T="1284755" />
  <Point X="128" Y="136" T="1284763" />
  <Point X="127" Y="138" T="1284769" />
  <Point X="125" Y="142" T="1284775" />
  <Point X="123" Y="145" T="1284783" />
  <Point X="122" Y="147" T="1284790" />
  <Point X="120" Y="149" T="1284792" />
  <Point X="118" Y="154" T="1284800" />
  <Point X="115" Y="157" T="1284808" />
  <Point X="112" Y="163" T="1284816" />
  <Point X="108" Y="166" T="1284825" />
  <Point X="105" Y="171" T="1284833" />
  <Point X="104" Y="173" T="1284842" />
  <Point X="100" Y="176" T="1284851" />
  <Point X="97" Y="180" T="1284859" />
  <Point X="93" Y="183" T="1284861" />
  <Point X="90" Y="187" T="1284871" />
  <Point X="87" Y="191" T="1284881" />
  <Point X="84" Y="194" T="1284891" />
  <Point X="78" Y="200" T="1284901" />
  <Point X="76" Y="203" T="1284911" />
  <Point X="73" Y="205" T="1284922" />
  <Point X="69" Y="211" T="1284933" />
  <Point X="66" Y="212" T="1284944" />
  <Point X="64" Y="216" T="1284956" />
  <Point X="63" Y="218" T="1284967" />
  <Point X="61" Y="220" T="1284979" />
  <Point X="59" Y="223" T="1284991" />
  <Point X="58" Y="225" T="1285003" />
  <Point X="55" Y="228" T="1285015" />
  <Point X="53" Y="230" T="1285028" />
  <Point X="52" Y="233" T="1285040" />
  <Point X="50" Y="235" T="1285057" />
  <Point X="53" Y="237" T="1285164" />
  <Point X="55" Y="236" T="1285180" />
  <Point X="57" Y="235" T="1285192" />
  <Point X="59" Y="235" T="1285206" />
  <Point X="61" Y="234" T="1285220" />
  <Point X="63" Y="234" T="1285221" />
  <Point X="67" Y="233" T="1285235" />
  <Point X="72" Y="232" T="1285251" />
  <Point X="78" Y="230" T="1285266" />
  <Point X="83" Y="229" T="1285281" />
  <Point X="90" Y="228" T="1285297" />
  <Point X="96" Y="229" T="1285313" />
  <Point X="103" Y="227" T="1285329" />
  <Point X="111" Y="227" T="1285346" />
  <Point X="118" Y="226" T="1285362" />
  <Point X="123" Y="226" T="1285379" />
  <Point X="127" Y="226" T="1285381" />
  <Point X="134" Y="225" T="1285400" />
  <Point X="144" Y="225" T="1285418" />
  <Point X="149" Y="225" T="1285435" />
  <Point X="152" Y="225" T="1285437" />
  <Point X="159" Y="225" T="1285457" />
  <Point X="167" Y="225" T="1285475" />
  <Point X="170" Y="225" T="1285477" />
  <Point X="177" Y="226" T="1285498" />
  <Point X="186" Y="227" T="1285517" />
  <Point X="191" Y="227" T="1285536" />
  <Point X="196" Y="228" T="1285556" />
  <Point X="198" Y="227" T="1285557" />
  <Point X="200" Y="226" T="1285576" />
  <Point X="205" Y="225" T="1285597" />
  <Point X="207" Y="225" T="1285617" />
  <Point X="209" Y="225" T="1285637" />
  <Point X="210" Y="223" T="1285684" />
  <Point X="209" Y="220" T="1285717" />
  <Point X="208" Y="218" T="1285738" />
  <Point X="207" Y="216" T="1285759" />
  <Point X="203" Y="210" T="1285780" />
  <Point X="200" Y="205" T="1285802" />
  <Point X="196" Y="200" T="1285826" />
  <Point X="192" Y="196" T="1285849" />
  <Point X="190" Y="194" T="1285850" />
  <Point X="184" Y="187" T="1285874" />
  <Point X="177" Y="182" T="1285897" />
  <Point X="169" Y="173" T="1285935" />
  <Point X="164" Y="169" T="1285959" />
  <Point X="159" Y="163" T="1285983" />
  <Point X="156" Y="159" T="1286006" />
  <Point X="151" Y="155" T="1286031" />
  <Point X="149" Y="153" T="1286056" />
  <Point X="147" Y="151" T="1286081" />
  <Point X="145" Y="148" T="1286082" />
  <Point X="143" Y="144" T="1286110" />
  <Point X="141" Y="142" T="1286135" />
  <Point X="139" Y="138" T="1286162" />
  <Point X="136" Y="136" T="1286186" />
  <Point X="134" Y="132" T="1286212" />
  <Point X="133" Y="129" T="1286238" />
</Gesture>