﻿<?xml version="1.0" encoding="utf-8" standalone="yes"?>
<Gesture Name="triangle03" Subject="1" Speed="slow" Number="3" NumPts="79" Millseconds="1238" AppName="Gestures" AppVer="3.5.0.0" Date="Monday, March 05, 2007" TimeOfDay="5:03:41 PM">
  <Point X="139" Y="138" T="1282955" />
  <Point X="138" Y="140" T="1282995" />
  <Point X="138" Y="143" T="1283003" />
  <Point X="136" Y="146" T="1283012" />
  <Point X="135" Y="149" T="1283019" />
  <Point X="133" Y="152" T="1283028" />
  <Point X="132" Y="154" T="1283034" />
  <Point X="131" Y="157" T="1283040" />
  <Point X="130" Y="160" T="1283047" />
  <Point X="127" Y="164" T="1283053" />
  <Point X="124" Y="167" T="1283060" />
  <Point X="122" Y="171" T="1283068" />
  <Point X="120" Y="173" T="1283076" />
  <Point X="115" Y="179" T="1283085" />
  <Point X="111" Y="184" T="1283094" />
  <Point X="107" Y="188" T="1283102" />
  <Point X="104" Y="192" T="1283112" />
  <Point X="98" Y="198" T="1283121" />
  <Point X="97" Y="201" T="1283130" />
  <Point X="94" Y="204" T="1283140" />
  <Point X="91" Y="207" T="1283141" />
  <Point X="87" Y="211" T="1283153" />
  <Point X="85" Y="214" T="1283163" />
  <Point X="82" Y="217" T="1283174" />
  <Point X="80" Y="219" T="1283185" />
  <Point X="77" Y="222" T="1283195" />
  <Point X="75" Y="223" T="1283206" />
  <Point X="74" Y="225" T="1283217" />
  <Point X="72" Y="227" T="1283236" />
  <Point X="71" Y="229" T="1283256" />
  <Point X="71" Y="232" T="1283277" />
  <Point X="73" Y="232" T="1283320" />
  <Point X="75" Y="232" T="1283336" />
  <Point X="77" Y="232" T="1283349" />
  <Point X="80" Y="231" T="1283360" />
  <Point X="82" Y="232" T="1283372" />
  <Point X="85" Y="232" T="1283385" />
  <Point X="89" Y="231" T="1283399" />
  <Point X="94" Y="229" T="1283413" />
  <Point X="97" Y="229" T="1283427" />
  <Point X="103" Y="228" T="1283441" />
  <Point X="109" Y="227" T="1283455" />
  <Point X="116" Y="227" T="1283470" />
  <Point X="123" Y="226" T="1283485" />
  <Point X="126" Y="225" T="1283500" />
  <Point X="129" Y="225" T="1283501" />
  <Point X="136" Y="225" T="1283516" />
  <Point X="140" Y="224" T="1283532" />
  <Point X="143" Y="223" T="1283533" />
  <Point X="152" Y="223" T="1283554" />
  <Point X="158" Y="221" T="1283570" />
  <Point X="165" Y="221" T="1283586" />
  <Point X="170" Y="221" T="1283603" />
  <Point X="175" Y="221" T="1283620" />
  <Point X="180" Y="222" T="1283637" />
  <Point X="184" Y="221" T="1283655" />
  <Point X="189" Y="221" T="1283672" />
  <Point X="191" Y="221" T="1283690" />
  <Point X="193" Y="221" T="1283707" />
  <Point X="195" Y="221" T="1283728" />
  <Point X="194" Y="218" T="1283825" />
  <Point X="193" Y="216" T="1283843" />
  <Point X="191" Y="211" T="1283862" />
  <Point X="190" Y="209" T="1283881" />
  <Point X="186" Y="205" T="1283900" />
  <Point X="184" Y="202" T="1283919" />
  <Point X="178" Y="196" T="1283939" />
  <Point X="175" Y="191" T="1283959" />
  <Point X="168" Y="185" T="1283979" />
  <Point X="164" Y="180" T="1284000" />
  <Point X="157" Y="175" T="1284020" />
  <Point X="152" Y="169" T="1284041" />
  <Point X="149" Y="167" T="1284062" />
  <Point X="144" Y="159" T="1284083" />
  <Point X="141" Y="155" T="1284104" />
  <Point X="138" Y="151" T="1284128" />
  <Point X="136" Y="149" T="1284150" />
  <Point X="134" Y="148" T="1284171" />
  <Point X="133" Y="145" T="1284193" />
</Gesture>