﻿<?xml version="1.0" encoding="utf-8" standalone="yes"?>
<Gesture Name="triangle06" Subject="1" Speed="slow" Number="6" NumPts="82" Millseconds="1278" AppName="Gestures" AppVer="3.5.0.0" Date="Monday, March 05, 2007" TimeOfDay="5:03:47 PM">
  <Point X="141" Y="127" T="1288728" />
  <Point X="139" Y="129" T="1288765" />
  <Point X="138" Y="131" T="1288773" />
  <Point X="136" Y="133" T="1288785" />
  <Point X="134" Y="137" T="1288794" />
  <Point X="132" Y="140" T="1288801" />
  <Point X="130" Y="143" T="1288809" />
  <Point X="127" Y="146" T="1288817" />
  <Point X="124" Y="150" T="1288826" />
  <Point X="121" Y="155" T="1288834" />
  <Point X="118" Y="158" T="1288841" />
  <Point X="114" Y="163" T="1288849" />
  <Point X="110" Y="168" T="1288858" />
  <Point X="106" Y="173" T="1288868" />
  <Point X="99" Y="181" T="1288877" />
  <Point X="95" Y="186" T="1288887" />
  <Point X="89" Y="192" T="1288897" />
  <Point X="86" Y="197" T="1288907" />
  <Point X="81" Y="203" T="1288917" />
  <Point X="79" Y="205" T="1288928" />
  <Point X="73" Y="213" T="1288939" />
  <Point X="71" Y="215" T="1288950" />
  <Point X="69" Y="218" T="1288960" />
  <Point X="66" Y="222" T="1288962" />
  <Point X="64" Y="226" T="1288974" />
  <Point X="62" Y="228" T="1288986" />
  <Point X="59" Y="232" T="1288998" />
  <Point X="58" Y="234" T="1289010" />
  <Point X="57" Y="237" T="1289021" />
  <Point X="56" Y="239" T="1289033" />
  <Point X="55" Y="241" T="1289049" />
  <Point X="57" Y="243" T="1289077" />
  <Point X="59" Y="245" T="1289101" />
  <Point X="61" Y="245" T="1289117" />
  <Point X="64" Y="245" T="1289130" />
  <Point X="66" Y="245" T="1289143" />
  <Point X="68" Y="244" T="1289157" />
  <Point X="70" Y="243" T="1289158" />
  <Point X="75" Y="242" T="1289174" />
  <Point X="78" Y="242" T="1289189" />
  <Point X="81" Y="241" T="1289190" />
  <Point X="87" Y="241" T="1289206" />
  <Point X="94" Y="240" T="1289222" />
  <Point X="101" Y="240" T="1289241" />
  <Point X="108" Y="240" T="1289257" />
  <Point X="114" Y="239" T="1289275" />
  <Point X="121" Y="238" T="1289292" />
  <Point X="124" Y="238" T="1289294" />
  <Point X="130" Y="238" T="1289311" />
  <Point X="137" Y="239" T="1289328" />
  <Point X="144" Y="239" T="1289347" />
  <Point X="154" Y="237" T="1289366" />
  <Point X="161" Y="239" T="1289384" />
  <Point X="170" Y="238" T="1289403" />
  <Point X="176" Y="238" T="1289422" />
  <Point X="185" Y="239" T="1289443" />
  <Point X="190" Y="239" T="1289463" />
  <Point X="197" Y="239" T="1289484" />
  <Point X="200" Y="239" T="1289502" />
  <Point X="202" Y="239" T="1289522" />
  <Point X="204" Y="237" T="1289557" />
  <Point X="202" Y="235" T="1289597" />
  <Point X="201" Y="233" T="1289616" />
  <Point X="198" Y="227" T="1289638" />
  <Point X="195" Y="222" T="1289660" />
  <Point X="194" Y="220" T="1289662" />
  <Point X="191" Y="215" T="1289682" />
  <Point X="187" Y="210" T="1289702" />
  <Point X="185" Y="206" T="1289723" />
  <Point X="179" Y="198" T="1289743" />
  <Point X="176" Y="192" T="1289764" />
  <Point X="172" Y="184" T="1289784" />
  <Point X="167" Y="176" T="1289808" />
  <Point X="161" Y="170" T="1289829" />
  <Point X="157" Y="166" T="1289851" />
  <Point X="151" Y="160" T="1289872" />
  <Point X="147" Y="155" T="1289894" />
  <Point X="144" Y="147" T="1289917" />
  <Point X="141" Y="143" T="1289939" />
  <Point X="137" Y="138" T="1289961" />
  <Point X="136" Y="136" T="1289983" />
  <Point X="134" Y="134" T="1290006" />
</Gesture>