﻿<?xml version="1.0" encoding="utf-8" standalone="yes"?>
<Gesture Name="triangle02" Subject="1" Speed="slow" Number="2" NumPts="71" Millseconds="1011" AppName="Gestures" AppVer="3.5.0.0" Date="Monday, March 05, 2007" TimeOfDay="5:03:39 PM">
  <Point X="127" Y="138" T="1281463" />
  <Point X="127" Y="140" T="1281500" />
  <Point X="127" Y="143" T="1281512" />
  <Point X="126" Y="145" T="1281518" />
  <Point X="125" Y="148" T="1281524" />
  <Point X="124" Y="151" T="1281532" />
  <Point X="123" Y="154" T="1281539" />
  <Point X="121" Y="158" T="1281547" />
  <Point X="119" Y="163" T="1281554" />
  <Point X="116" Y="168" T="1281562" />
  <Point X="113" Y="173" T="1281570" />
  <Point X="109" Y="178" T="1281579" />
  <Point X="105" Y="183" T="1281587" />
  <Point X="104" Y="186" T="1281589" />
  <Point X="100" Y="191" T="1281599" />
  <Point X="98" Y="193" T="1281601" />
  <Point X="95" Y="197" T="1281611" />
  <Point X="91" Y="202" T="1281620" />
  <Point X="90" Y="205" T="1281621" />
  <Point X="88" Y="207" T="1281632" />
  <Point X="86" Y="210" T="1281633" />
  <Point X="82" Y="216" T="1281645" />
  <Point X="80" Y="220" T="1281657" />
  <Point X="78" Y="222" T="1281667" />
  <Point X="75" Y="227" T="1281678" />
  <Point X="73" Y="229" T="1281689" />
  <Point X="72" Y="232" T="1281699" />
  <Point X="70" Y="233" T="1281711" />
  <Point X="69" Y="235" T="1281722" />
  <Point X="67" Y="237" T="1281753" />
  <Point X="69" Y="239" T="1281810" />
  <Point X="71" Y="239" T="1281822" />
  <Point X="73" Y="238" T="1281834" />
  <Point X="79" Y="234" T="1281847" />
  <Point X="82" Y="233" T="1281860" />
  <Point X="89" Y="231" T="1281873" />
  <Point X="97" Y="229" T="1281887" />
  <Point X="103" Y="228" T="1281900" />
  <Point X="111" Y="228" T="1281915" />
  <Point X="118" Y="229" T="1281929" />
  <Point X="128" Y="230" T="1281943" />
  <Point X="135" Y="227" T="1281958" />
  <Point X="137" Y="226" T="1281959" />
  <Point X="143" Y="224" T="1281976" />
  <Point X="150" Y="222" T="1281991" />
  <Point X="157" Y="220" T="1282006" />
  <Point X="161" Y="221" T="1282021" />
  <Point X="166" Y="221" T="1282039" />
  <Point X="169" Y="222" T="1282054" />
  <Point X="171" Y="222" T="1282070" />
  <Point X="176" Y="224" T="1282086" />
  <Point X="178" Y="223" T="1282103" />
  <Point X="180" Y="223" T="1282118" />
  <Point X="182" Y="223" T="1282134" />
  <Point X="184" Y="222" T="1282164" />
  <Point X="183" Y="220" T="1282204" />
  <Point X="182" Y="218" T="1282221" />
  <Point X="180" Y="216" T="1282239" />
  <Point X="174" Y="210" T="1282257" />
  <Point X="170" Y="205" T="1282275" />
  <Point X="166" Y="199" T="1282293" />
  <Point X="160" Y="190" T="1282313" />
  <Point X="158" Y="184" T="1282331" />
  <Point X="156" Y="181" T="1282333" />
  <Point X="152" Y="176" T="1282353" />
  <Point X="148" Y="167" T="1282373" />
  <Point X="143" Y="160" T="1282393" />
  <Point X="141" Y="154" T="1282413" />
  <Point X="137" Y="150" T="1282433" />
  <Point X="134" Y="146" T="1282453" />
  <Point X="132" Y="144" T="1282474" />
</Gesture>