﻿<?xml version="1.0" encoding="utf-8" standalone="yes"?>
<Gesture Name="triangle09" Subject="1" Speed="slow" Number="9" NumPts="83" Millseconds="1206" AppName="Gestures" AppVer="3.5.0.0" Date="Monday, March 05, 2007" TimeOfDay="5:03:52 PM">
  <Point X="142" Y="130" T="1294195" />
  <Point X="140" Y="132" T="1294207" />
  <Point X="139" Y="135" T="1294215" />
  <Point X="138" Y="138" T="1294222" />
  <Point X="135" Y="140" T="1294235" />
  <Point X="133" Y="142" T="1294243" />
  <Point X="131" Y="145" T="1294251" />
  <Point X="128" Y="149" T="1294259" />
  <Point X="125" Y="152" T="1294267" />
  <Point X="122" Y="154" T="1294275" />
  <Point X="118" Y="158" T="1294283" />
  <Point X="116" Y="160" T="1294290" />
  <Point X="114" Y="162" T="1294291" />
  <Point X="109" Y="166" T="1294300" />
  <Point X="105" Y="169" T="1294308" />
  <Point X="100" Y="173" T="1294317" />
  <Point X="95" Y="177" T="1294326" />
  <Point X="93" Y="179" T="1294327" />
  <Point X="88" Y="183" T="1294336" />
  <Point X="83" Y="187" T="1294346" />
  <Point X="76" Y="193" T="1294356" />
  <Point X="72" Y="197" T="1294367" />
  <Point X="70" Y="199" T="1294368" />
  <Point X="66" Y="203" T="1294378" />
  <Point X="64" Y="204" T="1294379" />
  <Point X="61" Y="207" T="1294392" />
  <Point X="54" Y="214" T="1294403" />
  <Point X="51" Y="216" T="1294415" />
  <Point X="49" Y="219" T="1294427" />
  <Point X="46" Y="221" T="1294428" />
  <Point X="44" Y="222" T="1294440" />
  <Point X="41" Y="227" T="1294452" />
  <Point X="39" Y="230" T="1294464" />
  <Point X="38" Y="232" T="1294483" />
  <Point X="38" Y="234" T="1294514" />
  <Point X="40" Y="235" T="1294539" />
  <Point X="43" Y="237" T="1294559" />
  <Point X="45" Y="239" T="1294575" />
  <Point X="48" Y="238" T="1294588" />
  <Point X="50" Y="238" T="1294602" />
  <Point X="55" Y="239" T="1294617" />
  <Point X="61" Y="238" T="1294633" />
  <Point X="68" Y="237" T="1294649" />
  <Point X="77" Y="235" T="1294665" />
  <Point X="85" Y="234" T="1294680" />
  <Point X="93" Y="234" T="1294696" />
  <Point X="102" Y="233" T="1294712" />
  <Point X="111" Y="233" T="1294727" />
  <Point X="120" Y="234" T="1294743" />
  <Point X="129" Y="234" T="1294760" />
  <Point X="139" Y="234" T="1294779" />
  <Point X="141" Y="234" T="1294780" />
  <Point X="150" Y="235" T="1294796" />
  <Point X="159" Y="234" T="1294814" />
  <Point X="169" Y="232" T="1294835" />
  <Point X="176" Y="233" T="1294852" />
  <Point X="183" Y="233" T="1294870" />
  <Point X="191" Y="233" T="1294890" />
  <Point X="196" Y="233" T="1294908" />
  <Point X="198" Y="233" T="1294926" />
  <Point X="200" Y="233" T="1294944" />
  <Point X="202" Y="232" T="1294962" />
  <Point X="204" Y="230" T="1294983" />
  <Point X="204" Y="228" T="1295002" />
  <Point X="203" Y="225" T="1295021" />
  <Point X="201" Y="221" T="1295040" />
  <Point X="199" Y="219" T="1295060" />
  <Point X="194" Y="211" T="1295080" />
  <Point X="191" Y="206" T="1295100" />
  <Point X="185" Y="199" T="1295120" />
  <Point X="181" Y="194" T="1295141" />
  <Point X="173" Y="185" T="1295164" />
  <Point X="166" Y="179" T="1295188" />
  <Point X="161" Y="175" T="1295210" />
  <Point X="157" Y="168" T="1295231" />
  <Point X="155" Y="167" T="1295253" />
  <Point X="150" Y="162" T="1295277" />
  <Point X="149" Y="160" T="1295299" />
  <Point X="147" Y="158" T="1295300" />
  <Point X="145" Y="152" T="1295323" />
  <Point X="142" Y="145" T="1295348" />
  <Point X="140" Y="139" T="1295373" />
  <Point X="139" Y="137" T="1295401" />
</Gesture>