﻿<?xml version="1.0" encoding="utf-8" standalone="yes"?>
<Gesture Name="triangle07" Subject="1" Speed="slow" Number="7" NumPts="81" Millseconds="1156" AppName="Gestures" AppVer="3.5.0.0" Date="Monday, March 05, 2007" TimeOfDay="5:03:49 PM">
  <Point X="151" Y="130" T="1290695" />
  <Point X="151" Y="133" T="1290747" />
  <Point X="149" Y="136" T="1290759" />
  <Point X="147" Y="139" T="1290768" />
  <Point X="146" Y="142" T="1290775" />
  <Point X="144" Y="144" T="1290781" />
  <Point X="142" Y="147" T="1290788" />
  <Point X="140" Y="151" T="1290795" />
  <Point X="139" Y="153" T="1290802" />
  <Point X="136" Y="157" T="1290808" />
  <Point X="133" Y="160" T="1290815" />
  <Point X="130" Y="164" T="1290823" />
  <Point X="128" Y="166" T="1290830" />
  <Point X="126" Y="168" T="1290831" />
  <Point X="123" Y="173" T="1290841" />
  <Point X="120" Y="176" T="1290849" />
  <Point X="117" Y="180" T="1290857" />
  <Point X="115" Y="182" T="1290866" />
  <Point X="112" Y="185" T="1290874" />
  <Point X="110" Y="189" T="1290875" />
  <Point X="108" Y="191" T="1290886" />
  <Point X="103" Y="198" T="1290895" />
  <Point X="100" Y="201" T="1290905" />
  <Point X="98" Y="202" T="1290914" />
  <Point X="93" Y="209" T="1290931" />
  <Point X="90" Y="211" T="1290942" />
  <Point X="86" Y="217" T="1290952" />
  <Point X="84" Y="219" T="1290963" />
  <Point X="81" Y="222" T="1290974" />
  <Point X="78" Y="227" T="1290984" />
  <Point X="76" Y="230" T="1290996" />
  <Point X="75" Y="232" T="1291007" />
  <Point X="72" Y="235" T="1291018" />
  <Point X="71" Y="237" T="1291019" />
  <Point X="69" Y="240" T="1291031" />
  <Point X="68" Y="242" T="1291044" />
  <Point X="66" Y="244" T="1291056" />
  <Point X="64" Y="246" T="1291080" />
  <Point X="66" Y="246" T="1291128" />
  <Point X="68" Y="246" T="1291141" />
  <Point X="71" Y="245" T="1291155" />
  <Point X="75" Y="244" T="1291169" />
  <Point X="78" Y="244" T="1291183" />
  <Point X="84" Y="242" T="1291197" />
  <Point X="91" Y="240" T="1291211" />
  <Point X="98" Y="240" T="1291225" />
  <Point X="104" Y="239" T="1291241" />
  <Point X="112" Y="239" T="1291256" />
  <Point X="114" Y="239" T="1291257" />
  <Point X="123" Y="238" T="1291275" />
  <Point X="133" Y="237" T="1291294" />
  <Point X="141" Y="237" T="1291313" />
  <Point X="149" Y="236" T="1291331" />
  <Point X="153" Y="235" T="1291332" />
  <Point X="158" Y="236" T="1291349" />
  <Point X="167" Y="235" T="1291366" />
  <Point X="174" Y="234" T="1291383" />
  <Point X="180" Y="234" T="1291400" />
  <Point X="185" Y="234" T="1291417" />
  <Point X="190" Y="233" T="1291435" />
  <Point X="192" Y="233" T="1291436" />
  <Point X="194" Y="233" T="1291454" />
  <Point X="199" Y="232" T="1291472" />
  <Point X="201" Y="232" T="1291490" />
  <Point X="204" Y="230" T="1291509" />
  <Point X="205" Y="227" T="1291541" />
  <Point X="204" Y="225" T="1291560" />
  <Point X="202" Y="220" T="1291578" />
  <Point X="199" Y="212" T="1291598" />
  <Point X="196" Y="210" T="1291617" />
  <Point X="192" Y="201" T="1291637" />
  <Point X="187" Y="192" T="1291657" />
  <Point X="182" Y="185" T="1291677" />
  <Point X="178" Y="178" T="1291698" />
  <Point X="173" Y="171" T="1291718" />
  <Point X="170" Y="167" T="1291739" />
  <Point X="165" Y="160" T="1291760" />
  <Point X="161" Y="151" T="1291782" />
  <Point X="159" Y="146" T="1291803" />
  <Point X="156" Y="139" T="1291826" />
  <Point X="154" Y="135" T="1291851" />
</Gesture>