﻿<?xml version="1.0" encoding="utf-8" standalone="yes"?>
<Gesture Name="triangle10" Subject="1" Speed="slow" Number="10" NumPts="75" Millseconds="990" AppName="Gestures" AppVer="3.5.0.0" Date="Monday, March 05, 2007" TimeOfDay="5:03:54 PM">
  <Point X="134" Y="138" T="1296294" />
  <Point X="132" Y="139" T="1296309" />
  <Point X="131" Y="141" T="1296317" />
  <Point X="129" Y="144" T="1296330" />
  <Point X="127" Y="147" T="1296337" />
  <Point X="126" Y="150" T="1296346" />
  <Point X="125" Y="153" T="1296352" />
  <Point X="123" Y="155" T="1296358" />
  <Point X="121" Y="158" T="1296365" />
  <Point X="119" Y="162" T="1296371" />
  <Point X="116" Y="168" T="1296378" />
  <Point X="115" Y="170" T="1296385" />
  <Point X="113" Y="172" T="1296386" />
  <Point X="111" Y="176" T="1296397" />
  <Point X="108" Y="181" T="1296404" />
  <Point X="105" Y="186" T="1296412" />
  <Point X="102" Y="191" T="1296421" />
  <Point X="99" Y="194" T="1296429" />
  <Point X="97" Y="197" T="1296430" />
  <Point X="95" Y="201" T="1296441" />
  <Point X="94" Y="203" T="1296442" />
  <Point X="90" Y="210" T="1296454" />
  <Point X="88" Y="212" T="1296464" />
  <Point X="86" Y="215" T="1296474" />
  <Point X="84" Y="219" T="1296475" />
  <Point X="82" Y="221" T="1296487" />
  <Point X="80" Y="224" T="1296498" />
  <Point X="78" Y="227" T="1296499" />
  <Point X="76" Y="230" T="1296512" />
  <Point X="73" Y="234" T="1296523" />
  <Point X="72" Y="237" T="1296534" />
  <Point X="70" Y="239" T="1296546" />
  <Point X="69" Y="241" T="1296558" />
  <Point X="67" Y="243" T="1296569" />
  <Point X="65" Y="245" T="1296581" />
  <Point X="63" Y="246" T="1296598" />
  <Point X="65" Y="246" T="1296661" />
  <Point X="68" Y="246" T="1296674" />
  <Point X="70" Y="246" T="1296686" />
  <Point X="75" Y="245" T="1296700" />
  <Point X="78" Y="244" T="1296713" />
  <Point X="81" Y="244" T="1296714" />
  <Point X="88" Y="243" T="1296730" />
  <Point X="94" Y="243" T="1296744" />
  <Point X="96" Y="243" T="1296745" />
  <Point X="103" Y="244" T="1296761" />
  <Point X="109" Y="244" T="1296776" />
  <Point X="112" Y="244" T="1296777" />
  <Point X="120" Y="245" T="1296794" />
  <Point X="129" Y="247" T="1296809" />
  <Point X="139" Y="248" T="1296826" />
  <Point X="149" Y="249" T="1296842" />
  <Point X="158" Y="249" T="1296858" />
  <Point X="164" Y="250" T="1296877" />
  <Point X="168" Y="250" T="1296894" />
  <Point X="171" Y="250" T="1296910" />
  <Point X="173" Y="250" T="1296926" />
  <Point X="175" Y="250" T="1296946" />
  <Point X="175" Y="248" T="1297007" />
  <Point X="173" Y="246" T="1297027" />
  <Point X="171" Y="242" T="1297044" />
  <Point X="168" Y="237" T="1297062" />
  <Point X="166" Y="231" T="1297080" />
  <Point X="162" Y="219" T="1297099" />
  <Point X="159" Y="213" T="1297118" />
  <Point X="154" Y="199" T="1297137" />
  <Point X="150" Y="188" T="1297156" />
  <Point X="147" Y="180" T="1297176" />
  <Point X="141" Y="169" T="1297195" />
  <Point X="139" Y="164" T="1297215" />
  <Point X="137" Y="161" T="1297216" />
  <Point X="135" Y="156" T="1297238" />
  <Point X="134" Y="154" T="1297258" />
  <Point X="134" Y="151" T="1297259" />
  <Point X="134" Y="149" T="1297284" />
</Gesture>