﻿<?xml version="1.0" encoding="utf-8" standalone="yes"?>
<Gesture Name="v01" Subject="1" Speed="slow" Number="1" NumPts="59" Millseconds="853" AppName="Gestures" AppVer="3.5.0.0" Date="Monday, March 05, 2007" TimeOfDay="4:58:59 PM">
  <Point X="87" Y="155" T="1000344" />
  <Point X="89" Y="156" T="1000393" />
  <Point X="90" Y="158" T="1000410" />
  <Point X="92" Y="161" T="1000422" />
  <Point X="94" Y="163" T="1000430" />
  <Point X="95" Y="165" T="1000439" />
  <Point X="96" Y="167" T="1000447" />
  <Point X="98" Y="170" T="1000455" />
  <Point X="99" Y="173" T="1000463" />
  <Point X="101" Y="176" T="1000471" />
  <Point X="102" Y="179" T="1000479" />
  <Point X="104" Y="181" T="1000487" />
  <Point X="105" Y="184" T="1000495" />
  <Point X="106" Y="186" T="1000504" />
  <Point X="107" Y="189" T="1000511" />
  <Point X="109" Y="191" T="1000520" />
  <Point X="110" Y="194" T="1000529" />
  <Point X="112" Y="197" T="1000537" />
  <Point X="113" Y="200" T="1000546" />
  <Point X="115" Y="203" T="1000555" />
  <Point X="117" Y="206" T="1000564" />
  <Point X="118" Y="209" T="1000574" />
  <Point X="120" Y="212" T="1000583" />
  <Point X="123" Y="217" T="1000593" />
  <Point X="124" Y="219" T="1000602" />
  <Point X="125" Y="221" T="1000612" />
  <Point X="126" Y="224" T="1000623" />
  <Point X="128" Y="226" T="1000635" />
  <Point X="129" Y="231" T="1000645" />
  <Point X="129" Y="233" T="1000656" />
  <Point X="130" Y="235" T="1000667" />
  <Point X="131" Y="237" T="1000679" />
  <Point X="131" Y="239" T="1000693" />
  <Point X="132" Y="241" T="1000737" />
  <Point X="133" Y="239" T="1000861" />
  <Point X="134" Y="236" T="1000882" />
  <Point X="134" Y="234" T="1000894" />
  <Point X="135" Y="232" T="1000907" />
  <Point X="136" Y="227" T="1000920" />
  <Point X="137" Y="225" T="1000933" />
  <Point X="138" Y="220" T="1000946" />
  <Point X="139" Y="218" T="1000960" />
  <Point X="142" Y="211" T="1000973" />
  <Point X="144" Y="204" T="1000987" />
  <Point X="144" Y="201" T="1001001" />
  <Point X="145" Y="198" T="1001002" />
  <Point X="147" Y="193" T="1001021" />
  <Point X="148" Y="190" T="1001023" />
  <Point X="150" Y="182" T="1001043" />
  <Point X="153" Y="176" T="1001058" />
  <Point X="154" Y="174" T="1001074" />
  <Point X="155" Y="171" T="1001075" />
  <Point X="158" Y="165" T="1001094" />
  <Point X="160" Y="160" T="1001111" />
  <Point X="161" Y="158" T="1001128" />
  <Point X="164" Y="153" T="1001145" />
  <Point X="166" Y="149" T="1001162" />
  <Point X="168" Y="145" T="1001180" />
  <Point X="169" Y="143" T="1001197" />
</Gesture>