﻿<?xml version="1.0" encoding="utf-8" standalone="yes"?>
<Gesture Name="v02" Subject="1" Speed="slow" Number="2" NumPts="67" Millseconds="1237" AppName="Gestures" AppVer="3.5.0.0" Date="Monday, March 05, 2007" TimeOfDay="4:59:01 PM">
  <Point X="71" Y="157" T="1002083" />
  <Point X="73" Y="159" T="1002178" />
  <Point X="74" Y="161" T="1002190" />
  <Point X="75" Y="163" T="1002206" />
  <Point X="76" Y="165" T="1002213" />
  <Point X="78" Y="167" T="1002226" />
  <Point X="79" Y="170" T="1002234" />
  <Point X="80" Y="173" T="1002242" />
  <Point X="82" Y="175" T="1002250" />
  <Point X="83" Y="177" T="1002258" />
  <Point X="86" Y="180" T="1002270" />
  <Point X="87" Y="183" T="1002278" />
  <Point X="89" Y="186" T="1002291" />
  <Point X="90" Y="189" T="1002299" />
  <Point X="92" Y="191" T="1002308" />
  <Point X="93" Y="193" T="1002316" />
  <Point X="94" Y="195" T="1002324" />
  <Point X="96" Y="198" T="1002333" />
  <Point X="97" Y="201" T="1002342" />
  <Point X="98" Y="204" T="1002352" />
  <Point X="100" Y="208" T="1002362" />
  <Point X="101" Y="210" T="1002372" />
  <Point X="102" Y="214" T="1002383" />
  <Point X="104" Y="216" T="1002394" />
  <Point X="106" Y="221" T="1002405" />
  <Point X="107" Y="223" T="1002416" />
  <Point X="107" Y="226" T="1002428" />
  <Point X="108" Y="228" T="1002439" />
  <Point X="110" Y="233" T="1002452" />
  <Point X="111" Y="235" T="1002463" />
  <Point X="112" Y="238" T="1002475" />
  <Point X="113" Y="240" T="1002489" />
  <Point X="114" Y="242" T="1002501" />
  <Point X="115" Y="245" T="1002513" />
  <Point X="115" Y="248" T="1002528" />
  <Point X="117" Y="250" T="1002541" />
  <Point X="118" Y="253" T="1002565" />
  <Point X="119" Y="256" T="1002588" />
  <Point X="119" Y="258" T="1002607" />
  <Point X="119" Y="255" T="1002705" />
  <Point X="119" Y="253" T="1002729" />
  <Point X="119" Y="251" T="1002753" />
  <Point X="119" Y="248" T="1002773" />
  <Point X="119" Y="246" T="1002793" />
  <Point X="119" Y="244" T="1002808" />
  <Point X="119" Y="241" T="1002823" />
  <Point X="119" Y="236" T="1002840" />
  <Point X="119" Y="234" T="1002841" />
  <Point X="119" Y="229" T="1002857" />
  <Point X="119" Y="224" T="1002874" />
  <Point X="120" Y="219" T="1002890" />
  <Point X="120" Y="216" T="1002907" />
  <Point X="121" Y="211" T="1002925" />
  <Point X="122" Y="204" T="1002943" />
  <Point X="122" Y="199" T="1002960" />
  <Point X="124" Y="192" T="1002978" />
  <Point X="125" Y="186" T="1002998" />
  <Point X="127" Y="180" T="1003018" />
  <Point X="128" Y="175" T="1003037" />
  <Point X="130" Y="169" T="1003055" />
  <Point X="133" Y="165" T="1003074" />
  <Point X="135" Y="163" T="1003093" />
  <Point X="136" Y="161" T="1003094" />
  <Point X="138" Y="159" T="1003115" />
  <Point X="139" Y="157" T="1003137" />
  <Point X="140" Y="154" T="1003182" />
  <Point X="140" Y="152" T="1003320" />
</Gesture>