﻿<?xml version="1.0" encoding="utf-8" standalone="yes"?>
<Gesture Name="v03" Subject="1" Speed="slow" Number="3" NumPts="64" Millseconds="1135" AppName="Gestures" AppVer="3.5.0.0" Date="Monday, March 05, 2007" TimeOfDay="4:59:02 PM">
  <Point X="75" Y="157" T="1003997" />
  <Point X="75" Y="159" T="1004138" />
  <Point X="78" Y="160" T="1004158" />
  <Point X="79" Y="162" T="1004175" />
  <Point X="80" Y="165" T="1004182" />
  <Point X="82" Y="167" T="1004195" />
  <Point X="83" Y="170" T="1004203" />
  <Point X="84" Y="172" T="1004211" />
  <Point X="85" Y="174" T="1004219" />
  <Point X="87" Y="177" T="1004227" />
  <Point X="88" Y="180" T="1004235" />
  <Point X="90" Y="183" T="1004243" />
  <Point X="92" Y="185" T="1004251" />
  <Point X="94" Y="190" T="1004260" />
  <Point X="95" Y="193" T="1004267" />
  <Point X="97" Y="195" T="1004275" />
  <Point X="98" Y="197" T="1004284" />
  <Point X="100" Y="201" T="1004294" />
  <Point X="102" Y="206" T="1004304" />
  <Point X="104" Y="210" T="1004314" />
  <Point X="108" Y="214" T="1004324" />
  <Point X="108" Y="216" T="1004334" />
  <Point X="110" Y="219" T="1004336" />
  <Point X="112" Y="222" T="1004348" />
  <Point X="115" Y="227" T="1004360" />
  <Point X="116" Y="230" T="1004371" />
  <Point X="117" Y="232" T="1004382" />
  <Point X="119" Y="235" T="1004394" />
  <Point X="120" Y="237" T="1004406" />
  <Point X="122" Y="242" T="1004418" />
  <Point X="122" Y="244" T="1004430" />
  <Point X="123" Y="246" T="1004442" />
  <Point X="124" Y="248" T="1004455" />
  <Point X="125" Y="250" T="1004471" />
  <Point X="126" Y="252" T="1004496" />
  <Point X="126" Y="255" T="1004512" />
  <Point X="127" Y="257" T="1004529" />
  <Point X="129" Y="256" T="1004642" />
  <Point X="130" Y="254" T="1004669" />
  <Point X="130" Y="251" T="1004689" />
  <Point X="131" Y="248" T="1004703" />
  <Point X="131" Y="246" T="1004717" />
  <Point X="133" Y="244" T="1004732" />
  <Point X="135" Y="239" T="1004748" />
  <Point X="136" Y="234" T="1004763" />
  <Point X="138" Y="229" T="1004778" />
  <Point X="139" Y="224" T="1004796" />
  <Point X="140" Y="218" T="1004812" />
  <Point X="142" Y="212" T="1004827" />
  <Point X="144" Y="206" T="1004843" />
  <Point X="146" Y="200" T="1004858" />
  <Point X="148" Y="195" T="1004874" />
  <Point X="150" Y="189" T="1004890" />
  <Point X="153" Y="184" T="1004906" />
  <Point X="155" Y="178" T="1004923" />
  <Point X="155" Y="176" T="1004939" />
  <Point X="158" Y="171" T="1004956" />
  <Point X="158" Y="168" T="1004973" />
  <Point X="160" Y="163" T="1004990" />
  <Point X="162" Y="159" T="1005010" />
  <Point X="162" Y="156" T="1005028" />
  <Point X="163" Y="154" T="1005045" />
  <Point X="164" Y="152" T="1005077" />
  <Point X="165" Y="150" T="1005132" />
</Gesture>