﻿<?xml version="1.0" encoding="utf-8" standalone="yes"?>
<Gesture Name="v04" Subject="1" Speed="slow" Number="4" NumPts="62" Millseconds="1030" AppName="Gestures" AppVer="3.5.0.0" Date="Monday, March 05, 2007" TimeOfDay="4:59:04 PM">
  <Point X="87" Y="153" T="1005878" />
  <Point X="89" Y="154" T="1005943" />
  <Point X="90" Y="156" T="1005967" />
  <Point X="93" Y="157" T="1005992" />
  <Point X="94" Y="160" T="1006004" />
  <Point X="95" Y="162" T="1006011" />
  <Point X="96" Y="164" T="1006019" />
  <Point X="98" Y="166" T="1006027" />
  <Point X="99" Y="168" T="1006035" />
  <Point X="101" Y="171" T="1006043" />
  <Point X="102" Y="174" T="1006051" />
  <Point X="103" Y="177" T="1006059" />
  <Point X="106" Y="180" T="1006071" />
  <Point X="106" Y="182" T="1006080" />
  <Point X="108" Y="185" T="1006089" />
  <Point X="109" Y="189" T="1006098" />
  <Point X="111" Y="191" T="1006108" />
  <Point X="112" Y="195" T="1006118" />
  <Point X="114" Y="197" T="1006128" />
  <Point X="116" Y="200" T="1006138" />
  <Point X="118" Y="207" T="1006148" />
  <Point X="119" Y="209" T="1006158" />
  <Point X="121" Y="212" T="1006169" />
  <Point X="122" Y="215" T="1006181" />
  <Point X="125" Y="220" T="1006192" />
  <Point X="126" Y="223" T="1006204" />
  <Point X="127" Y="225" T="1006215" />
  <Point X="129" Y="228" T="1006226" />
  <Point X="130" Y="230" T="1006238" />
  <Point X="131" Y="233" T="1006250" />
  <Point X="132" Y="235" T="1006261" />
  <Point X="134" Y="237" T="1006284" />
  <Point X="134" Y="239" T="1006300" />
  <Point X="136" Y="242" T="1006348" />
  <Point X="137" Y="244" T="1006380" />
  <Point X="138" Y="242" T="1006507" />
  <Point X="138" Y="239" T="1006523" />
  <Point X="139" Y="236" T="1006536" />
  <Point X="140" Y="233" T="1006549" />
  <Point X="141" Y="230" T="1006564" />
  <Point X="143" Y="224" T="1006580" />
  <Point X="145" Y="219" T="1006595" />
  <Point X="145" Y="215" T="1006611" />
  <Point X="146" Y="212" T="1006612" />
  <Point X="148" Y="207" T="1006629" />
  <Point X="149" Y="202" T="1006647" />
  <Point X="150" Y="196" T="1006664" />
  <Point X="151" Y="191" T="1006682" />
  <Point X="152" Y="188" T="1006684" />
  <Point X="153" Y="183" T="1006701" />
  <Point X="153" Y="179" T="1006717" />
  <Point X="155" Y="174" T="1006733" />
  <Point X="157" Y="168" T="1006750" />
  <Point X="157" Y="166" T="1006752" />
  <Point X="159" Y="160" T="1006769" />
  <Point X="160" Y="155" T="1006787" />
  <Point X="161" Y="153" T="1006804" />
  <Point X="162" Y="148" T="1006822" />
  <Point X="163" Y="146" T="1006840" />
  <Point X="163" Y="144" T="1006857" />
  <Point X="163" Y="142" T="1006875" />
  <Point X="163" Y="140" T="1006908" />
</Gesture>