﻿<?xml version="1.0" encoding="utf-8" standalone="yes"?>
<Gesture Name="v05" Subject="1" Speed="slow" Number="5" NumPts="62" Millseconds="1058" AppName="Gestures" AppVer="3.5.0.0" Date="Monday, March 05, 2007" TimeOfDay="4:59:06 PM">
  <Point X="88" Y="148" T="1007647" />
  <Point X="90" Y="149" T="1007792" />
  <Point X="92" Y="151" T="1007812" />
  <Point X="94" Y="152" T="1007829" />
  <Point X="96" Y="154" T="1007840" />
  <Point X="97" Y="157" T="1007849" />
  <Point X="98" Y="159" T="1007857" />
  <Point X="100" Y="162" T="1007865" />
  <Point X="101" Y="164" T="1007873" />
  <Point X="102" Y="166" T="1007880" />
  <Point X="103" Y="170" T="1007888" />
  <Point X="105" Y="172" T="1007896" />
  <Point X="106" Y="174" T="1007898" />
  <Point X="107" Y="177" T="1007906" />
  <Point X="109" Y="180" T="1007915" />
  <Point X="110" Y="182" T="1007924" />
  <Point X="111" Y="184" T="1007933" />
  <Point X="113" Y="187" T="1007934" />
  <Point X="114" Y="190" T="1007945" />
  <Point X="117" Y="195" T="1007955" />
  <Point X="117" Y="197" T="1007965" />
  <Point X="118" Y="199" T="1007966" />
  <Point X="120" Y="202" T="1007978" />
  <Point X="121" Y="204" T="1007988" />
  <Point X="123" Y="207" T="1007990" />
  <Point X="123" Y="209" T="1008002" />
  <Point X="125" Y="210" T="1008013" />
  <Point X="127" Y="213" T="1008024" />
  <Point X="128" Y="216" T="1008026" />
  <Point X="130" Y="219" T="1008039" />
  <Point X="131" Y="222" T="1008051" />
  <Point X="131" Y="224" T="1008063" />
  <Point X="134" Y="229" T="1008076" />
  <Point X="135" Y="232" T="1008089" />
  <Point X="137" Y="234" T="1008110" />
  <Point X="137" Y="236" T="1008123" />
  <Point X="139" Y="238" T="1008143" />
  <Point X="140" Y="241" T="1008183" />
  <Point X="142" Y="239" T="1008288" />
  <Point X="143" Y="236" T="1008316" />
  <Point X="144" Y="233" T="1008330" />
  <Point X="144" Y="231" T="1008344" />
  <Point X="144" Y="226" T="1008359" />
  <Point X="145" Y="220" T="1008374" />
  <Point X="146" Y="213" T="1008390" />
  <Point X="148" Y="208" T="1008405" />
  <Point X="149" Y="202" T="1008421" />
  <Point X="149" Y="196" T="1008437" />
  <Point X="150" Y="188" T="1008453" />
  <Point X="151" Y="182" T="1008470" />
  <Point X="151" Y="177" T="1008486" />
  <Point X="153" Y="168" T="1008503" />
  <Point X="154" Y="166" T="1008505" />
  <Point X="155" Y="159" T="1008523" />
  <Point X="157" Y="154" T="1008542" />
  <Point X="158" Y="152" T="1008559" />
  <Point X="158" Y="150" T="1008577" />
  <Point X="159" Y="148" T="1008594" />
  <Point X="159" Y="146" T="1008612" />
  <Point X="159" Y="144" T="1008631" />
  <Point X="159" Y="142" T="1008668" />
  <Point X="160" Y="139" T="1008705" />
</Gesture>