﻿<?xml version="1.0" encoding="utf-8" standalone="yes"?>
<Gesture Name="v06" Subject="1" Speed="slow" Number="6" NumPts="56" Millseconds="860" AppName="Gestures" AppVer="3.5.0.0" Date="Monday, March 05, 2007" TimeOfDay="4:59:08 PM">
  <Point X="85" Y="143" T="1009415" />
  <Point X="85" Y="146" T="1009464" />
  <Point X="86" Y="148" T="1009489" />
  <Point X="87" Y="150" T="1009513" />
  <Point X="87" Y="152" T="1009529" />
  <Point X="88" Y="155" T="1009545" />
  <Point X="88" Y="157" T="1009557" />
  <Point X="89" Y="159" T="1009565" />
  <Point X="90" Y="162" T="1009573" />
  <Point X="91" Y="164" T="1009581" />
  <Point X="92" Y="166" T="1009589" />
  <Point X="93" Y="168" T="1009597" />
  <Point X="94" Y="172" T="1009605" />
  <Point X="97" Y="177" T="1009614" />
  <Point X="98" Y="181" T="1009621" />
  <Point X="99" Y="184" T="1009629" />
  <Point X="101" Y="188" T="1009640" />
  <Point X="102" Y="192" T="1009649" />
  <Point X="103" Y="195" T="1009658" />
  <Point X="104" Y="197" T="1009668" />
  <Point X="105" Y="202" T="1009678" />
  <Point X="106" Y="205" T="1009688" />
  <Point X="108" Y="211" T="1009698" />
  <Point X="109" Y="215" T="1009709" />
  <Point X="111" Y="217" T="1009720" />
  <Point X="112" Y="220" T="1009730" />
  <Point X="114" Y="223" T="1009742" />
  <Point X="114" Y="225" T="1009753" />
  <Point X="116" Y="227" T="1009764" />
  <Point X="117" Y="229" T="1009766" />
  <Point X="117" Y="231" T="1009778" />
  <Point X="118" Y="233" T="1009797" />
  <Point X="119" Y="235" T="1009830" />
  <Point X="120" Y="238" T="1009850" />
  <Point X="120" Y="240" T="1009867" />
  <Point X="121" Y="242" T="1009888" />
  <Point X="122" Y="240" T="1009976" />
  <Point X="123" Y="236" T="1009992" />
  <Point X="124" Y="234" T="1010006" />
  <Point X="125" Y="231" T="1010019" />
  <Point X="126" Y="228" T="1010021" />
  <Point X="127" Y="224" T="1010037" />
  <Point X="128" Y="221" T="1010051" />
  <Point X="131" Y="215" T="1010067" />
  <Point X="132" Y="210" T="1010083" />
  <Point X="134" Y="204" T="1010098" />
  <Point X="136" Y="197" T="1010115" />
  <Point X="139" Y="186" T="1010132" />
  <Point X="139" Y="180" T="1010149" />
  <Point X="140" Y="173" T="1010167" />
  <Point X="142" Y="164" T="1010184" />
  <Point X="144" Y="159" T="1010203" />
  <Point X="146" Y="151" T="1010221" />
  <Point X="149" Y="147" T="1010239" />
  <Point X="150" Y="144" T="1010257" />
  <Point X="151" Y="142" T="1010275" />
</Gesture>