﻿<?xml version="1.0" encoding="utf-8" standalone="yes"?>
<Gesture Name="v07" Subject="1" Speed="slow" Number="7" NumPts="62" Millseconds="1066" AppName="Gestures" AppVer="3.5.0.0" Date="Monday, March 05, 2007" TimeOfDay="4:59:09 PM">
  <Point X="72" Y="142" T="1010952" />
  <Point X="71" Y="140" T="1010969" />
  <Point X="71" Y="138" T="1010989" />
  <Point X="71" Y="140" T="1011053" />
  <Point X="72" Y="142" T="1011073" />
  <Point X="73" Y="145" T="1011082" />
  <Point X="74" Y="147" T="1011090" />
  <Point X="75" Y="150" T="1011102" />
  <Point X="76" Y="152" T="1011110" />
  <Point X="78" Y="154" T="1011122" />
  <Point X="80" Y="157" T="1011130" />
  <Point X="81" Y="159" T="1011138" />
  <Point X="83" Y="162" T="1011150" />
  <Point X="84" Y="166" T="1011159" />
  <Point X="86" Y="168" T="1011166" />
  <Point X="88" Y="171" T="1011179" />
  <Point X="89" Y="174" T="1011188" />
  <Point X="91" Y="176" T="1011196" />
  <Point X="92" Y="180" T="1011206" />
  <Point X="94" Y="182" T="1011215" />
  <Point X="95" Y="185" T="1011226" />
  <Point X="98" Y="190" T="1011237" />
  <Point X="99" Y="192" T="1011247" />
  <Point X="101" Y="195" T="1011259" />
  <Point X="103" Y="201" T="1011270" />
  <Point X="104" Y="204" T="1011281" />
  <Point X="106" Y="207" T="1011293" />
  <Point X="109" Y="212" T="1011307" />
  <Point X="110" Y="215" T="1011319" />
  <Point X="112" Y="218" T="1011331" />
  <Point X="113" Y="220" T="1011333" />
  <Point X="115" Y="222" T="1011346" />
  <Point X="116" Y="225" T="1011358" />
  <Point X="118" Y="227" T="1011370" />
  <Point X="119" Y="230" T="1011383" />
  <Point X="122" Y="234" T="1011397" />
  <Point X="123" Y="236" T="1011410" />
  <Point X="124" Y="239" T="1011424" />
  <Point X="125" Y="241" T="1011440" />
  <Point X="127" Y="243" T="1011460" />
  <Point X="128" Y="245" T="1011474" />
  <Point X="129" Y="243" T="1011569" />
  <Point X="129" Y="240" T="1011583" />
  <Point X="130" Y="236" T="1011598" />
  <Point X="130" Y="233" T="1011613" />
  <Point X="131" Y="227" T="1011628" />
  <Point X="131" Y="222" T="1011644" />
  <Point X="132" Y="216" T="1011660" />
  <Point X="133" Y="209" T="1011677" />
  <Point X="135" Y="200" T="1011694" />
  <Point X="136" Y="191" T="1011710" />
  <Point X="137" Y="183" T="1011726" />
  <Point X="138" Y="174" T="1011743" />
  <Point X="138" Y="167" T="1011760" />
  <Point X="140" Y="161" T="1011778" />
  <Point X="141" Y="153" T="1011795" />
  <Point X="143" Y="149" T="1011813" />
  <Point X="145" Y="144" T="1011830" />
  <Point X="146" Y="141" T="1011848" />
  <Point X="147" Y="139" T="1011866" />
  <Point X="148" Y="137" T="1011913" />
  <Point X="148" Y="140" T="1012018" />
</Gesture>