﻿<?xml version="1.0" encoding="utf-8" standalone="yes"?>
<Gesture Name="v08" Subject="1" Speed="slow" Number="8" NumPts="61" Millseconds="1008" AppName="Gestures" AppVer="3.5.0.0" Date="Monday, March 05, 2007" TimeOfDay="4:59:11 PM">
  <Point X="78" Y="151" T="1012529" />
  <Point X="80" Y="153" T="1012578" />
  <Point X="82" Y="155" T="1012598" />
  <Point X="83" Y="157" T="1012615" />
  <Point X="84" Y="160" T="1012627" />
  <Point X="85" Y="163" T="1012643" />
  <Point X="86" Y="165" T="1012651" />
  <Point X="87" Y="167" T="1012659" />
  <Point X="87" Y="169" T="1012666" />
  <Point X="88" Y="171" T="1012674" />
  <Point X="89" Y="174" T="1012682" />
  <Point X="90" Y="176" T="1012684" />
  <Point X="91" Y="179" T="1012693" />
  <Point X="93" Y="182" T="1012702" />
  <Point X="94" Y="185" T="1012711" />
  <Point X="96" Y="188" T="1012720" />
  <Point X="97" Y="190" T="1012729" />
  <Point X="99" Y="193" T="1012739" />
  <Point X="100" Y="196" T="1012749" />
  <Point X="101" Y="198" T="1012758" />
  <Point X="103" Y="200" T="1012760" />
  <Point X="104" Y="203" T="1012772" />
  <Point X="106" Y="208" T="1012783" />
  <Point X="108" Y="211" T="1012795" />
  <Point X="109" Y="214" T="1012806" />
  <Point X="111" Y="217" T="1012817" />
  <Point X="113" Y="222" T="1012829" />
  <Point X="114" Y="224" T="1012840" />
  <Point X="117" Y="229" T="1012853" />
  <Point X="118" Y="231" T="1012863" />
  <Point X="120" Y="234" T="1012879" />
  <Point X="122" Y="236" T="1012899" />
  <Point X="123" Y="238" T="1012920" />
  <Point X="125" Y="240" T="1012944" />
  <Point X="126" Y="242" T="1012961" />
  <Point X="126" Y="244" T="1012986" />
  <Point X="128" Y="246" T="1013030" />
  <Point X="129" Y="244" T="1013091" />
  <Point X="129" Y="241" T="1013107" />
  <Point X="129" Y="239" T="1013121" />
  <Point X="130" Y="237" T="1013136" />
  <Point X="131" Y="232" T="1013151" />
  <Point X="132" Y="226" T="1013167" />
  <Point X="132" Y="224" T="1013168" />
  <Point X="133" Y="219" T="1013184" />
  <Point X="134" Y="214" T="1013200" />
  <Point X="135" Y="205" T="1013217" />
  <Point X="136" Y="197" T="1013234" />
  <Point X="137" Y="191" T="1013250" />
  <Point X="138" Y="188" T="1013252" />
  <Point X="139" Y="184" T="1013269" />
  <Point X="140" Y="176" T="1013287" />
  <Point X="142" Y="170" T="1013306" />
  <Point X="144" Y="162" T="1013324" />
  <Point X="146" Y="156" T="1013342" />
  <Point X="148" Y="152" T="1013361" />
  <Point X="149" Y="149" T="1013379" />
  <Point X="150" Y="146" T="1013397" />
  <Point X="150" Y="144" T="1013457" />
  <Point X="151" Y="142" T="1013481" />
  <Point X="149" Y="141" T="1013537" />
</Gesture>