﻿<?xml version="1.0" encoding="utf-8" standalone="yes"?>
<Gesture Name="v09" Subject="1" Speed="slow" Number="9" NumPts="54" Millseconds="940" AppName="Gestures" AppVer="3.5.0.0" Date="Monday, March 05, 2007" TimeOfDay="4:59:12 PM">
  <Point X="75" Y="147" T="1014181" />
  <Point X="76" Y="149" T="1014241" />
  <Point X="78" Y="152" T="1014257" />
  <Point X="79" Y="154" T="1014269" />
  <Point X="79" Y="157" T="1014278" />
  <Point X="80" Y="159" T="1014286" />
  <Point X="81" Y="161" T="1014294" />
  <Point X="82" Y="163" T="1014302" />
  <Point X="83" Y="165" T="1014310" />
  <Point X="85" Y="168" T="1014318" />
  <Point X="86" Y="172" T="1014326" />
  <Point X="87" Y="175" T="1014334" />
  <Point X="88" Y="178" T="1014342" />
  <Point X="89" Y="181" T="1014351" />
  <Point X="90" Y="185" T="1014358" />
  <Point X="92" Y="188" T="1014366" />
  <Point X="92" Y="190" T="1014376" />
  <Point X="94" Y="196" T="1014386" />
  <Point X="96" Y="199" T="1014395" />
  <Point X="97" Y="203" T="1014404" />
  <Point X="98" Y="206" T="1014414" />
  <Point X="99" Y="209" T="1014425" />
  <Point X="100" Y="212" T="1014426" />
  <Point X="101" Y="216" T="1014439" />
  <Point X="103" Y="221" T="1014451" />
  <Point X="104" Y="224" T="1014463" />
  <Point X="106" Y="229" T="1014475" />
  <Point X="106" Y="231" T="1014487" />
  <Point X="107" Y="236" T="1014500" />
  <Point X="107" Y="239" T="1014514" />
  <Point X="108" Y="241" T="1014574" />
  <Point X="108" Y="239" T="1014614" />
  <Point X="110" Y="238" T="1014666" />
  <Point X="112" Y="236" T="1014711" />
  <Point X="113" Y="234" T="1014724" />
  <Point X="113" Y="231" T="1014738" />
  <Point X="115" Y="226" T="1014753" />
  <Point X="116" Y="218" T="1014768" />
  <Point X="118" Y="211" T="1014783" />
  <Point X="118" Y="209" T="1014785" />
  <Point X="120" Y="202" T="1014800" />
  <Point X="122" Y="194" T="1014817" />
  <Point X="126" Y="185" T="1014834" />
  <Point X="129" Y="179" T="1014851" />
  <Point X="133" Y="170" T="1014869" />
  <Point X="137" Y="160" T="1014887" />
  <Point X="140" Y="152" T="1014904" />
  <Point X="142" Y="148" T="1014921" />
  <Point X="143" Y="145" T="1014938" />
  <Point X="144" Y="141" T="1014956" />
  <Point X="145" Y="138" T="1014974" />
  <Point X="147" Y="132" T="1014993" />
  <Point X="148" Y="129" T="1015009" />
  <Point X="148" Y="132" T="1015121" />
</Gesture>