﻿<?xml version="1.0" encoding="utf-8" standalone="yes"?>
<Gesture Name="v10" Subject="1" Speed="slow" Number="10" NumPts="64" Millseconds="1141" AppName="Gestures" AppVer="3.5.0.0" Date="Monday, March 05, 2007" TimeOfDay="4:59:14 PM">
  <Point X="82" Y="150" T="1015846" />
  <Point X="81" Y="152" T="1015870" />
  <Point X="81" Y="155" T="1015894" />
  <Point X="82" Y="157" T="1015906" />
  <Point X="84" Y="159" T="1015930" />
  <Point X="85" Y="161" T="1015947" />
  <Point X="87" Y="163" T="1015959" />
  <Point X="88" Y="166" T="1015975" />
  <Point X="89" Y="168" T="1015987" />
  <Point X="90" Y="171" T="1015999" />
  <Point X="91" Y="173" T="1016007" />
  <Point X="92" Y="176" T="1016015" />
  <Point X="94" Y="178" T="1016026" />
  <Point X="96" Y="181" T="1016035" />
  <Point X="97" Y="184" T="1016042" />
  <Point X="99" Y="187" T="1016050" />
  <Point X="101" Y="189" T="1016058" />
  <Point X="102" Y="192" T="1016067" />
  <Point X="104" Y="195" T="1016076" />
  <Point X="106" Y="200" T="1016086" />
  <Point X="107" Y="203" T="1016096" />
  <Point X="108" Y="206" T="1016106" />
  <Point X="110" Y="208" T="1016118" />
  <Point X="112" Y="210" T="1016119" />
  <Point X="113" Y="214" T="1016131" />
  <Point X="115" Y="216" T="1016143" />
  <Point X="118" Y="222" T="1016155" />
  <Point X="120" Y="224" T="1016167" />
  <Point X="121" Y="227" T="1016178" />
  <Point X="122" Y="230" T="1016191" />
  <Point X="123" Y="232" T="1016204" />
  <Point X="124" Y="235" T="1016216" />
  <Point X="126" Y="237" T="1016244" />
  <Point X="128" Y="239" T="1016265" />
  <Point X="128" Y="241" T="1016278" />
  <Point X="130" Y="244" T="1016291" />
  <Point X="131" Y="248" T="1016306" />
  <Point X="132" Y="250" T="1016320" />
  <Point X="133" Y="252" T="1016336" />
  <Point X="133" Y="254" T="1016363" />
  <Point X="134" Y="256" T="1016399" />
  <Point X="135" Y="254" T="1016471" />
  <Point X="136" Y="251" T="1016495" />
  <Point X="137" Y="249" T="1016511" />
  <Point X="138" Y="247" T="1016527" />
  <Point X="139" Y="245" T="1016543" />
  <Point X="141" Y="237" T="1016560" />
  <Point X="142" Y="231" T="1016578" />
  <Point X="142" Y="229" T="1016580" />
  <Point X="143" Y="221" T="1016597" />
  <Point X="144" Y="212" T="1016616" />
  <Point X="145" Y="202" T="1016635" />
  <Point X="146" Y="190" T="1016656" />
  <Point X="148" Y="179" T="1016675" />
  <Point X="151" Y="168" T="1016696" />
  <Point X="153" Y="161" T="1016716" />
  <Point X="156" Y="153" T="1016736" />
  <Point X="157" Y="151" T="1016755" />
  <Point X="158" Y="149" T="1016774" />
  <Point X="159" Y="143" T="1016794" />
  <Point X="159" Y="141" T="1016812" />
  <Point X="160" Y="139" T="1016831" />
  <Point X="161" Y="137" T="1016872" />
  <Point X="161" Y="135" T="1016987" />
</Gesture>