﻿<?xml version="1.0" encoding="utf-8" standalone="yes"?>
<Gesture Name="x01" Subject="1" Speed="slow" Number="1" NumPts="71" Millseconds="1205" AppName="Gestures" AppVer="3.5.0.0" Date="Monday, March 05, 2007" TimeOfDay="5:00:32 PM">
  <Point X="88" Y="153" T="1093908" />
  <Point X="90" Y="155" T="1093957" />
  <Point X="92" Y="157" T="1093973" />
  <Point X="93" Y="159" T="1093980" />
  <Point X="95" Y="161" T="1093988" />
  <Point X="96" Y="165" T="1093996" />
  <Point X="98" Y="168" T="1094004" />
  <Point X="99" Y="170" T="1094011" />
  <Point X="100" Y="172" T="1094012" />
  <Point X="102" Y="176" T="1094023" />
  <Point X="103" Y="179" T="1094031" />
  <Point X="106" Y="184" T="1094039" />
  <Point X="109" Y="189" T="1094048" />
  <Point X="112" Y="193" T="1094056" />
  <Point X="114" Y="197" T="1094065" />
  <Point X="117" Y="199" T="1094074" />
  <Point X="119" Y="202" T="1094084" />
  <Point X="121" Y="205" T="1094085" />
  <Point X="123" Y="208" T="1094097" />
  <Point X="125" Y="211" T="1094107" />
  <Point X="130" Y="217" T="1094117" />
  <Point X="132" Y="221" T="1094127" />
  <Point X="134" Y="223" T="1094138" />
  <Point X="137" Y="227" T="1094150" />
  <Point X="140" Y="233" T="1094161" />
  <Point X="143" Y="236" T="1094172" />
  <Point X="144" Y="239" T="1094184" />
  <Point X="145" Y="241" T="1094195" />
  <Point X="147" Y="243" T="1094207" />
  <Point X="148" Y="245" T="1094219" />
  <Point X="148" Y="243" T="1094323" />
  <Point X="148" Y="240" T="1094335" />
  <Point X="148" Y="238" T="1094351" />
  <Point X="148" Y="235" T="1094364" />
  <Point X="147" Y="229" T="1094378" />
  <Point X="147" Y="227" T="1094380" />
  <Point X="147" Y="221" T="1094394" />
  <Point X="147" Y="219" T="1094396" />
  <Point X="146" Y="209" T="1094412" />
  <Point X="145" Y="198" T="1094428" />
  <Point X="144" Y="188" T="1094444" />
  <Point X="143" Y="176" T="1094464" />
  <Point X="143" Y="167" T="1094480" />
  <Point X="144" Y="157" T="1094496" />
  <Point X="144" Y="149" T="1094512" />
  <Point X="145" Y="144" T="1094528" />
  <Point X="145" Y="141" T="1094544" />
  <Point X="146" Y="139" T="1094575" />
  <Point X="145" Y="141" T="1094664" />
  <Point X="143" Y="143" T="1094680" />
  <Point X="141" Y="144" T="1094700" />
  <Point X="139" Y="146" T="1094717" />
  <Point X="137" Y="151" T="1094735" />
  <Point X="133" Y="158" T="1094753" />
  <Point X="129" Y="163" T="1094772" />
  <Point X="127" Y="167" T="1094773" />
  <Point X="121" Y="175" T="1094793" />
  <Point X="115" Y="185" T="1094813" />
  <Point X="111" Y="192" T="1094832" />
  <Point X="107" Y="199" T="1094852" />
  <Point X="105" Y="202" T="1094853" />
  <Point X="103" Y="208" T="1094877" />
  <Point X="99" Y="217" T="1094897" />
  <Point X="97" Y="222" T="1094919" />
  <Point X="95" Y="228" T="1094939" />
  <Point X="95" Y="230" T="1094941" />
  <Point X="94" Y="232" T="1094963" />
  <Point X="93" Y="238" T="1094984" />
  <Point X="91" Y="240" T="1095012" />
  <Point X="91" Y="242" T="1095072" />
  <Point X="93" Y="240" T="1095113" />
</Gesture>