﻿<?xml version="1.0" encoding="utf-8" standalone="yes"?>
<Gesture Name="x02" Subject="1" Speed="slow" Number="2" NumPts="73" Millseconds="1153" AppName="Gestures" AppVer="3.5.0.0" Date="Monday, March 05, 2007" TimeOfDay="5:00:34 PM">
  <Point X="82" Y="159" T="1095893" />
  <Point X="84" Y="163" T="1095963" />
  <Point X="85" Y="165" T="1095971" />
  <Point X="87" Y="167" T="1095982" />
  <Point X="88" Y="169" T="1095991" />
  <Point X="89" Y="171" T="1095999" />
  <Point X="91" Y="173" T="1096007" />
  <Point X="92" Y="175" T="1096015" />
  <Point X="94" Y="178" T="1096023" />
  <Point X="95" Y="181" T="1096031" />
  <Point X="97" Y="183" T="1096039" />
  <Point X="99" Y="186" T="1096047" />
  <Point X="101" Y="188" T="1096055" />
  <Point X="103" Y="190" T="1096063" />
  <Point X="105" Y="192" T="1096072" />
  <Point X="108" Y="194" T="1096080" />
  <Point X="110" Y="196" T="1096088" />
  <Point X="112" Y="198" T="1096097" />
  <Point X="114" Y="200" T="1096106" />
  <Point X="117" Y="202" T="1096117" />
  <Point X="121" Y="206" T="1096128" />
  <Point X="123" Y="208" T="1096138" />
  <Point X="126" Y="210" T="1096148" />
  <Point X="131" Y="216" T="1096160" />
  <Point X="133" Y="218" T="1096172" />
  <Point X="138" Y="223" T="1096184" />
  <Point X="141" Y="226" T="1096196" />
  <Point X="144" Y="231" T="1096208" />
  <Point X="148" Y="234" T="1096221" />
  <Point X="150" Y="237" T="1096233" />
  <Point X="152" Y="238" T="1096245" />
  <Point X="154" Y="239" T="1096259" />
  <Point X="156" Y="240" T="1096280" />
  <Point X="158" Y="238" T="1096349" />
  <Point X="157" Y="236" T="1096366" />
  <Point X="157" Y="233" T="1096380" />
  <Point X="156" Y="231" T="1096393" />
  <Point X="155" Y="228" T="1096407" />
  <Point X="155" Y="221" T="1096423" />
  <Point X="154" Y="210" T="1096439" />
  <Point X="153" Y="202" T="1096455" />
  <Point X="153" Y="192" T="1096472" />
  <Point X="152" Y="185" T="1096488" />
  <Point X="152" Y="179" T="1096505" />
  <Point X="151" Y="172" T="1096522" />
  <Point X="151" Y="169" T="1096523" />
  <Point X="150" Y="163" T="1096539" />
  <Point X="150" Y="158" T="1096554" />
  <Point X="150" Y="154" T="1096570" />
  <Point X="150" Y="148" T="1096587" />
  <Point X="150" Y="143" T="1096603" />
  <Point X="150" Y="141" T="1096619" />
  <Point X="150" Y="138" T="1096636" />
  <Point X="150" Y="136" T="1096653" />
  <Point X="149" Y="138" T="1096714" />
  <Point X="148" Y="141" T="1096730" />
  <Point X="147" Y="143" T="1096748" />
  <Point X="144" Y="145" T="1096765" />
  <Point X="140" Y="149" T="1096783" />
  <Point X="135" Y="154" T="1096802" />
  <Point X="130" Y="158" T="1096820" />
  <Point X="122" Y="165" T="1096839" />
  <Point X="116" Y="169" T="1096858" />
  <Point X="108" Y="176" T="1096877" />
  <Point X="105" Y="178" T="1096879" />
  <Point X="98" Y="187" T="1096899" />
  <Point X="92" Y="196" T="1096922" />
  <Point X="86" Y="205" T="1096943" />
  <Point X="81" Y="212" T="1096963" />
  <Point X="76" Y="221" T="1096983" />
  <Point X="73" Y="226" T="1097004" />
  <Point X="72" Y="228" T="1097025" />
  <Point X="69" Y="232" T="1097046" />
</Gesture>