﻿<?xml version="1.0" encoding="utf-8" standalone="yes"?>
<Gesture Name="x03" Subject="1" Speed="slow" Number="3" NumPts="77" Millseconds="1157" AppName="Gestures" AppVer="3.5.0.0" Date="Monday, March 05, 2007" TimeOfDay="5:00:36 PM">
  <Point X="76" Y="158" T="1097846" />
  <Point X="75" Y="156" T="1097862" />
  <Point X="75" Y="154" T="1097883" />
  <Point X="77" Y="154" T="1097942" />
  <Point X="79" Y="156" T="1097963" />
  <Point X="81" Y="159" T="1097975" />
  <Point X="84" Y="160" T="1097987" />
  <Point X="86" Y="162" T="1097995" />
  <Point X="88" Y="163" T="1098003" />
  <Point X="90" Y="165" T="1098011" />
  <Point X="93" Y="167" T="1098019" />
  <Point X="96" Y="169" T="1098027" />
  <Point X="98" Y="171" T="1098035" />
  <Point X="101" Y="173" T="1098044" />
  <Point X="104" Y="175" T="1098052" />
  <Point X="107" Y="177" T="1098061" />
  <Point X="110" Y="180" T="1098070" />
  <Point X="113" Y="182" T="1098078" />
  <Point X="116" Y="184" T="1098088" />
  <Point X="119" Y="187" T="1098097" />
  <Point X="120" Y="190" T="1098099" />
  <Point X="123" Y="193" T="1098109" />
  <Point X="124" Y="195" T="1098110" />
  <Point X="127" Y="198" T="1098123" />
  <Point X="130" Y="200" T="1098133" />
  <Point X="133" Y="203" T="1098135" />
  <Point X="135" Y="206" T="1098147" />
  <Point X="140" Y="211" T="1098158" />
  <Point X="142" Y="215" T="1098169" />
  <Point X="144" Y="218" T="1098181" />
  <Point X="147" Y="220" T="1098182" />
  <Point X="149" Y="222" T="1098197" />
  <Point X="153" Y="228" T="1098210" />
  <Point X="156" Y="233" T="1098223" />
  <Point X="159" Y="235" T="1098235" />
  <Point X="160" Y="238" T="1098248" />
  <Point X="162" Y="240" T="1098262" />
  <Point X="164" Y="242" T="1098298" />
  <Point X="163" Y="240" T="1098356" />
  <Point X="163" Y="238" T="1098370" />
  <Point X="161" Y="231" T="1098384" />
  <Point X="160" Y="228" T="1098399" />
  <Point X="158" Y="218" T="1098414" />
  <Point X="158" Y="207" T="1098429" />
  <Point X="158" Y="198" T="1098445" />
  <Point X="158" Y="192" T="1098460" />
  <Point X="158" Y="189" T="1098461" />
  <Point X="159" Y="181" T="1098477" />
  <Point X="159" Y="172" T="1098493" />
  <Point X="160" Y="164" T="1098510" />
  <Point X="160" Y="157" T="1098527" />
  <Point X="161" Y="150" T="1098543" />
  <Point X="161" Y="146" T="1098545" />
  <Point X="162" Y="141" T="1098562" />
  <Point X="162" Y="137" T="1098581" />
  <Point X="162" Y="134" T="1098598" />
  <Point X="163" Y="129" T="1098615" />
  <Point X="163" Y="127" T="1098636" />
  <Point X="161" Y="129" T="1098673" />
  <Point X="158" Y="130" T="1098693" />
  <Point X="157" Y="133" T="1098711" />
  <Point X="153" Y="139" T="1098730" />
  <Point X="149" Y="144" T="1098749" />
  <Point X="147" Y="147" T="1098750" />
  <Point X="142" Y="153" T="1098771" />
  <Point X="134" Y="161" T="1098790" />
  <Point X="127" Y="169" T="1098810" />
  <Point X="121" Y="176" T="1098830" />
  <Point X="111" Y="187" T="1098851" />
  <Point X="105" Y="196" T="1098871" />
  <Point X="97" Y="208" T="1098892" />
  <Point X="90" Y="221" T="1098916" />
  <Point X="86" Y="225" T="1098936" />
  <Point X="85" Y="228" T="1098938" />
  <Point X="84" Y="230" T="1098960" />
  <Point X="82" Y="233" T="1098981" />
  <Point X="80" Y="235" T="1099003" />
</Gesture>