﻿<?xml version="1.0" encoding="utf-8" standalone="yes"?>
<Gesture Name="x04" Subject="1" Speed="slow" Number="4" NumPts="67" Millseconds="1058" AppName="Gestures" AppVer="3.5.0.0" Date="Monday, March 05, 2007" TimeOfDay="5:00:38 PM">
  <Point X="81" Y="155" T="1099612" />
  <Point X="83" Y="156" T="1099652" />
  <Point X="85" Y="156" T="1099664" />
  <Point X="87" Y="158" T="1099671" />
  <Point X="90" Y="160" T="1099680" />
  <Point X="93" Y="161" T="1099688" />
  <Point X="96" Y="165" T="1099696" />
  <Point X="99" Y="168" T="1099704" />
  <Point X="102" Y="171" T="1099712" />
  <Point X="105" Y="174" T="1099720" />
  <Point X="108" Y="178" T="1099728" />
  <Point X="110" Y="180" T="1099736" />
  <Point X="113" Y="183" T="1099744" />
  <Point X="117" Y="189" T="1099753" />
  <Point X="120" Y="192" T="1099761" />
  <Point X="121" Y="194" T="1099769" />
  <Point X="123" Y="198" T="1099778" />
  <Point X="126" Y="201" T="1099788" />
  <Point X="129" Y="203" T="1099789" />
  <Point X="131" Y="205" T="1099800" />
  <Point X="135" Y="211" T="1099810" />
  <Point X="138" Y="213" T="1099820" />
  <Point X="140" Y="215" T="1099831" />
  <Point X="142" Y="218" T="1099833" />
  <Point X="143" Y="220" T="1099844" />
  <Point X="145" Y="222" T="1099855" />
  <Point X="147" Y="223" T="1099857" />
  <Point X="149" Y="225" T="1099868" />
  <Point X="151" Y="229" T="1099880" />
  <Point X="153" Y="230" T="1099892" />
  <Point X="156" Y="232" T="1099908" />
  <Point X="157" Y="234" T="1099920" />
  <Point X="159" Y="236" T="1099940" />
  <Point X="160" Y="234" T="1099993" />
  <Point X="160" Y="232" T="1100006" />
  <Point X="160" Y="226" T="1100019" />
  <Point X="160" Y="224" T="1100033" />
  <Point X="159" Y="221" T="1100034" />
  <Point X="158" Y="215" T="1100051" />
  <Point X="157" Y="207" T="1100066" />
  <Point X="157" Y="199" T="1100082" />
  <Point X="156" Y="189" T="1100099" />
  <Point X="156" Y="179" T="1100116" />
  <Point X="156" Y="166" T="1100134" />
  <Point X="155" Y="156" T="1100151" />
  <Point X="155" Y="145" T="1100169" />
  <Point X="155" Y="137" T="1100186" />
  <Point X="154" Y="131" T="1100205" />
  <Point X="153" Y="127" T="1100222" />
  <Point X="152" Y="129" T="1100281" />
  <Point X="150" Y="132" T="1100297" />
  <Point X="148" Y="137" T="1100314" />
  <Point X="145" Y="142" T="1100332" />
  <Point X="142" Y="150" T="1100351" />
  <Point X="137" Y="159" T="1100371" />
  <Point X="130" Y="169" T="1100391" />
  <Point X="123" Y="176" T="1100411" />
  <Point X="114" Y="186" T="1100432" />
  <Point X="107" Y="195" T="1100453" />
  <Point X="100" Y="204" T="1100474" />
  <Point X="95" Y="212" T="1100495" />
  <Point X="91" Y="218" T="1100516" />
  <Point X="90" Y="221" T="1100518" />
  <Point X="87" Y="227" T="1100539" />
  <Point X="85" Y="232" T="1100560" />
  <Point X="83" Y="234" T="1100579" />
  <Point X="85" Y="233" T="1100670" />
</Gesture>