﻿<?xml version="1.0" encoding="utf-8" standalone="yes"?>
<Gesture Name="x05" Subject="1" Speed="slow" Number="5" NumPts="68" Millseconds="905" AppName="Gestures" AppVer="3.5.0.0" Date="Monday, March 05, 2007" TimeOfDay="5:00:39 PM">
  <Point X="88" Y="149" T="1101468" />
  <Point X="89" Y="152" T="1101512" />
  <Point X="90" Y="154" T="1101520" />
  <Point X="91" Y="157" T="1101529" />
  <Point X="93" Y="160" T="1101536" />
  <Point X="94" Y="162" T="1101543" />
  <Point X="97" Y="166" T="1101549" />
  <Point X="99" Y="170" T="1101556" />
  <Point X="101" Y="173" T="1101563" />
  <Point X="102" Y="175" T="1101565" />
  <Point X="106" Y="180" T="1101575" />
  <Point X="107" Y="183" T="1101577" />
  <Point X="110" Y="188" T="1101587" />
  <Point X="113" Y="193" T="1101596" />
  <Point X="117" Y="198" T="1101605" />
  <Point X="120" Y="202" T="1101613" />
  <Point X="123" Y="205" T="1101622" />
  <Point X="125" Y="209" T="1101631" />
  <Point X="128" Y="215" T="1101641" />
  <Point X="131" Y="218" T="1101650" />
  <Point X="132" Y="222" T="1101661" />
  <Point X="134" Y="224" T="1101671" />
  <Point X="136" Y="227" T="1101673" />
  <Point X="138" Y="229" T="1101685" />
  <Point X="142" Y="233" T="1101697" />
  <Point X="145" Y="236" T="1101708" />
  <Point X="146" Y="238" T="1101719" />
  <Point X="149" Y="239" T="1101730" />
  <Point X="150" Y="242" T="1101742" />
  <Point X="151" Y="244" T="1101768" />
  <Point X="152" Y="242" T="1101797" />
  <Point X="152" Y="240" T="1101810" />
  <Point X="151" Y="235" T="1101824" />
  <Point X="150" Y="226" T="1101838" />
  <Point X="149" Y="216" T="1101854" />
  <Point X="149" Y="210" T="1101868" />
  <Point X="149" Y="206" T="1101870" />
  <Point X="149" Y="197" T="1101884" />
  <Point X="149" Y="194" T="1101886" />
  <Point X="150" Y="186" T="1101901" />
  <Point X="150" Y="183" T="1101902" />
  <Point X="151" Y="172" T="1101917" />
  <Point X="152" Y="164" T="1101932" />
  <Point X="152" Y="153" T="1101948" />
  <Point X="152" Y="144" T="1101963" />
  <Point X="152" Y="140" T="1101978" />
  <Point X="151" Y="137" T="1101993" />
  <Point X="150" Y="135" T="1102012" />
  <Point X="149" Y="133" T="1102028" />
  <Point X="147" Y="131" T="1102048" />
  <Point X="145" Y="133" T="1102076" />
  <Point X="143" Y="135" T="1102092" />
  <Point X="140" Y="140" T="1102109" />
  <Point X="136" Y="148" T="1102126" />
  <Point X="132" Y="154" T="1102143" />
  <Point X="125" Y="163" T="1102161" />
  <Point X="119" Y="172" T="1102179" />
  <Point X="110" Y="181" T="1102197" />
  <Point X="104" Y="192" T="1102215" />
  <Point X="103" Y="194" T="1102217" />
  <Point X="96" Y="203" T="1102237" />
  <Point X="90" Y="211" T="1102256" />
  <Point X="86" Y="215" T="1102275" />
  <Point X="82" Y="221" T="1102295" />
  <Point X="78" Y="229" T="1102315" />
  <Point X="76" Y="234" T="1102334" />
  <Point X="75" Y="236" T="1102354" />
  <Point X="74" Y="238" T="1102373" />
</Gesture>