﻿<?xml version="1.0" encoding="utf-8" standalone="yes"?>
<Gesture Name="x06" Subject="1" Speed="slow" Number="6" NumPts="69" Millseconds="998" AppName="Gestures" AppVer="3.5.0.0" Date="Monday, March 05, 2007" TimeOfDay="5:00:41 PM">
  <Point X="80" Y="152" T="1103184" />
  <Point X="82" Y="155" T="1103243" />
  <Point X="83" Y="158" T="1103251" />
  <Point X="86" Y="160" T="1103263" />
  <Point X="88" Y="163" T="1103270" />
  <Point X="90" Y="166" T="1103279" />
  <Point X="92" Y="169" T="1103287" />
  <Point X="94" Y="172" T="1103295" />
  <Point X="96" Y="173" T="1103303" />
  <Point X="99" Y="177" T="1103311" />
  <Point X="101" Y="180" T="1103319" />
  <Point X="104" Y="182" T="1103327" />
  <Point X="107" Y="184" T="1103335" />
  <Point X="109" Y="187" T="1103344" />
  <Point X="112" Y="190" T="1103351" />
  <Point X="115" Y="191" T="1103359" />
  <Point X="117" Y="193" T="1103368" />
  <Point X="120" Y="196" T="1103376" />
  <Point X="122" Y="199" T="1103385" />
  <Point X="125" Y="201" T="1103395" />
  <Point X="127" Y="204" T="1103406" />
  <Point X="132" Y="209" T="1103416" />
  <Point X="134" Y="212" T="1103427" />
  <Point X="137" Y="214" T="1103438" />
  <Point X="139" Y="215" T="1103440" />
  <Point X="141" Y="218" T="1103452" />
  <Point X="142" Y="220" T="1103465" />
  <Point X="147" Y="225" T="1103478" />
  <Point X="149" Y="225" T="1103489" />
  <Point X="151" Y="228" T="1103502" />
  <Point X="153" Y="228" T="1103515" />
  <Point X="154" Y="230" T="1103527" />
  <Point X="156" Y="231" T="1103551" />
  <Point X="157" Y="228" T="1103583" />
  <Point X="157" Y="226" T="1103604" />
  <Point X="156" Y="224" T="1103619" />
  <Point X="156" Y="221" T="1103633" />
  <Point X="154" Y="216" T="1103648" />
  <Point X="154" Y="214" T="1103663" />
  <Point X="153" Y="210" T="1103664" />
  <Point X="152" Y="201" T="1103681" />
  <Point X="151" Y="191" T="1103698" />
  <Point X="150" Y="179" T="1103714" />
  <Point X="150" Y="166" T="1103732" />
  <Point X="149" Y="160" T="1103749" />
  <Point X="149" Y="148" T="1103768" />
  <Point X="150" Y="143" T="1103784" />
  <Point X="150" Y="141" T="1103800" />
  <Point X="150" Y="139" T="1103818" />
  <Point X="149" Y="137" T="1103820" />
  <Point X="148" Y="135" T="1103852" />
  <Point X="146" Y="137" T="1103880" />
  <Point X="144" Y="140" T="1103897" />
  <Point X="142" Y="142" T="1103913" />
  <Point X="140" Y="145" T="1103930" />
  <Point X="134" Y="155" T="1103948" />
  <Point X="130" Y="161" T="1103966" />
  <Point X="124" Y="169" T="1103984" />
  <Point X="123" Y="172" T="1103985" />
  <Point X="115" Y="182" T="1104005" />
  <Point X="107" Y="193" T="1104025" />
  <Point X="99" Y="204" T="1104044" />
  <Point X="94" Y="211" T="1104063" />
  <Point X="89" Y="220" T="1104083" />
  <Point X="85" Y="225" T="1104103" />
  <Point X="81" Y="232" T="1104123" />
  <Point X="79" Y="237" T="1104142" />
  <Point X="78" Y="239" T="1104162" />
  <Point X="77" Y="241" T="1104182" />
</Gesture>