﻿<?xml version="1.0" encoding="utf-8" standalone="yes"?>
<Gesture Name="x07" Subject="1" Speed="slow" Number="7" NumPts="74" Millseconds="1135" AppName="Gestures" AppVer="3.5.0.0" Date="Monday, March 05, 2007" TimeOfDay="5:00:43 PM">
  <Point X="83" Y="147" T="1104905" />
  <Point X="82" Y="149" T="1104966" />
  <Point X="83" Y="151" T="1104982" />
  <Point X="85" Y="153" T="1104994" />
  <Point X="86" Y="155" T="1105003" />
  <Point X="88" Y="157" T="1105014" />
  <Point X="90" Y="158" T="1105026" />
  <Point X="91" Y="160" T="1105033" />
  <Point X="93" Y="162" T="1105040" />
  <Point X="95" Y="163" T="1105048" />
  <Point X="97" Y="165" T="1105055" />
  <Point X="99" Y="168" T="1105063" />
  <Point X="102" Y="171" T="1105071" />
  <Point X="104" Y="174" T="1105080" />
  <Point X="107" Y="177" T="1105087" />
  <Point X="109" Y="180" T="1105095" />
  <Point X="111" Y="183" T="1105103" />
  <Point X="113" Y="187" T="1105112" />
  <Point X="115" Y="190" T="1105121" />
  <Point X="117" Y="194" T="1105130" />
  <Point X="119" Y="196" T="1105132" />
  <Point X="123" Y="201" T="1105144" />
  <Point X="125" Y="205" T="1105154" />
  <Point X="127" Y="209" T="1105164" />
  <Point X="133" Y="216" T="1105175" />
  <Point X="135" Y="219" T="1105187" />
  <Point X="137" Y="222" T="1105198" />
  <Point X="139" Y="224" T="1105199" />
  <Point X="141" Y="227" T="1105213" />
  <Point X="143" Y="230" T="1105224" />
  <Point X="145" Y="234" T="1105236" />
  <Point X="147" Y="236" T="1105251" />
  <Point X="149" Y="238" T="1105272" />
  <Point X="151" Y="240" T="1105309" />
  <Point X="152" Y="238" T="1105352" />
  <Point X="152" Y="235" T="1105373" />
  <Point X="152" Y="232" T="1105385" />
  <Point X="151" Y="228" T="1105399" />
  <Point X="150" Y="225" T="1105412" />
  <Point X="150" Y="222" T="1105414" />
  <Point X="149" Y="216" T="1105428" />
  <Point X="148" Y="206" T="1105442" />
  <Point X="147" Y="196" T="1105457" />
  <Point X="147" Y="187" T="1105473" />
  <Point X="147" Y="184" T="1105474" />
  <Point X="147" Y="172" T="1105490" />
  <Point X="147" Y="160" T="1105506" />
  <Point X="148" Y="149" T="1105522" />
  <Point X="148" Y="141" T="1105540" />
  <Point X="148" Y="134" T="1105556" />
  <Point X="148" Y="129" T="1105572" />
  <Point X="148" Y="127" T="1105589" />
  <Point X="148" Y="125" T="1105605" />
  <Point X="148" Y="123" T="1105634" />
  <Point X="146" Y="124" T="1105667" />
  <Point X="144" Y="126" T="1105684" />
  <Point X="141" Y="130" T="1105703" />
  <Point X="138" Y="136" T="1105721" />
  <Point X="133" Y="147" T="1105739" />
  <Point X="128" Y="154" T="1105758" />
  <Point X="120" Y="165" T="1105778" />
  <Point X="118" Y="167" T="1105779" />
  <Point X="109" Y="180" T="1105801" />
  <Point X="101" Y="194" T="1105821" />
  <Point X="96" Y="204" T="1105841" />
  <Point X="92" Y="213" T="1105860" />
  <Point X="89" Y="218" T="1105880" />
  <Point X="87" Y="223" T="1105900" />
  <Point X="85" Y="227" T="1105920" />
  <Point X="84" Y="229" T="1105940" />
  <Point X="83" Y="231" T="1105960" />
  <Point X="82" Y="233" T="1105981" />
  <Point X="82" Y="235" T="1106011" />
  <Point X="83" Y="232" T="1106040" />
</Gesture>