﻿<?xml version="1.0" encoding="utf-8" standalone="yes"?>
<Gesture Name="x08" Subject="1" Speed="slow" Number="8" NumPts="67" Millseconds="1044" AppName="Gestures" AppVer="3.5.0.0" Date="Monday, March 05, 2007" TimeOfDay="5:00:45 PM">
  <Point X="81" Y="146" T="1106620" />
  <Point X="84" Y="147" T="1106692" />
  <Point X="86" Y="148" T="1106712" />
  <Point X="88" Y="150" T="1106725" />
  <Point X="89" Y="152" T="1106737" />
  <Point X="90" Y="155" T="1106745" />
  <Point X="91" Y="158" T="1106753" />
  <Point X="93" Y="160" T="1106761" />
  <Point X="94" Y="162" T="1106769" />
  <Point X="97" Y="165" T="1106781" />
  <Point X="99" Y="167" T="1106789" />
  <Point X="101" Y="169" T="1106797" />
  <Point X="103" Y="171" T="1106805" />
  <Point X="105" Y="173" T="1106814" />
  <Point X="108" Y="176" T="1106822" />
  <Point X="110" Y="177" T="1106829" />
  <Point X="113" Y="179" T="1106838" />
  <Point X="115" Y="182" T="1106847" />
  <Point X="117" Y="184" T="1106856" />
  <Point X="120" Y="189" T="1106866" />
  <Point X="123" Y="192" T="1106876" />
  <Point X="124" Y="196" T="1106886" />
  <Point X="126" Y="199" T="1106897" />
  <Point X="129" Y="202" T="1106898" />
  <Point X="132" Y="207" T="1106910" />
  <Point X="134" Y="211" T="1106922" />
  <Point X="137" Y="216" T="1106934" />
  <Point X="139" Y="219" T="1106946" />
  <Point X="140" Y="221" T="1106958" />
  <Point X="143" Y="226" T="1106971" />
  <Point X="145" Y="229" T="1106983" />
  <Point X="147" Y="231" T="1106997" />
  <Point X="149" Y="233" T="1107018" />
  <Point X="149" Y="231" T="1107054" />
  <Point X="148" Y="229" T="1107075" />
  <Point X="148" Y="227" T="1107088" />
  <Point X="147" Y="222" T="1107103" />
  <Point X="147" Y="219" T="1107117" />
  <Point X="148" Y="215" T="1107132" />
  <Point X="148" Y="212" T="1107147" />
  <Point X="148" Y="208" T="1107148" />
  <Point X="148" Y="201" T="1107164" />
  <Point X="148" Y="191" T="1107180" />
  <Point X="147" Y="178" T="1107196" />
  <Point X="146" Y="166" T="1107214" />
  <Point X="146" Y="156" T="1107230" />
  <Point X="145" Y="151" T="1107231" />
  <Point X="144" Y="139" T="1107252" />
  <Point X="143" Y="136" T="1107269" />
  <Point X="143" Y="128" T="1107288" />
  <Point X="143" Y="125" T="1107304" />
  <Point X="143" Y="123" T="1107320" />
  <Point X="142" Y="121" T="1107338" />
  <Point X="141" Y="123" T="1107388" />
  <Point X="140" Y="129" T="1107406" />
  <Point X="138" Y="137" T="1107425" />
  <Point X="133" Y="146" T="1107445" />
  <Point X="127" Y="155" T="1107465" />
  <Point X="118" Y="167" T="1107485" />
  <Point X="108" Y="182" T="1107506" />
  <Point X="97" Y="198" T="1107528" />
  <Point X="95" Y="201" T="1107529" />
  <Point X="87" Y="218" T="1107554" />
  <Point X="83" Y="226" T="1107576" />
  <Point X="79" Y="234" T="1107598" />
  <Point X="77" Y="236" T="1107618" />
  <Point X="78" Y="234" T="1107664" />
</Gesture>