﻿<?xml version="1.0" encoding="utf-8" standalone="yes"?>
<Gesture Name="x09" Subject="1" Speed="slow" Number="9" NumPts="71" Millseconds="1060" AppName="Gestures" AppVer="3.5.0.0" Date="Monday, March 05, 2007" TimeOfDay="5:00:46 PM">
  <Point X="89" Y="145" T="1108285" />
  <Point X="91" Y="146" T="1108322" />
  <Point X="93" Y="148" T="1108334" />
  <Point X="95" Y="150" T="1108347" />
  <Point X="98" Y="151" T="1108358" />
  <Point X="100" Y="153" T="1108367" />
  <Point X="102" Y="156" T="1108379" />
  <Point X="104" Y="157" T="1108392" />
  <Point X="106" Y="160" T="1108400" />
  <Point X="107" Y="162" T="1108408" />
  <Point X="108" Y="164" T="1108416" />
  <Point X="110" Y="167" T="1108425" />
  <Point X="112" Y="170" T="1108433" />
  <Point X="114" Y="173" T="1108442" />
  <Point X="116" Y="177" T="1108451" />
  <Point X="119" Y="180" T="1108453" />
  <Point X="121" Y="184" T="1108463" />
  <Point X="125" Y="191" T="1108472" />
  <Point X="127" Y="196" T="1108482" />
  <Point X="129" Y="198" T="1108491" />
  <Point X="131" Y="201" T="1108493" />
  <Point X="134" Y="204" T="1108504" />
  <Point X="138" Y="210" T="1108514" />
  <Point X="141" Y="214" T="1108525" />
  <Point X="144" Y="217" T="1108536" />
  <Point X="146" Y="220" T="1108547" />
  <Point X="148" Y="222" T="1108558" />
  <Point X="152" Y="226" T="1108569" />
  <Point X="154" Y="229" T="1108583" />
  <Point X="156" Y="231" T="1108595" />
  <Point X="157" Y="233" T="1108607" />
  <Point X="158" Y="235" T="1108619" />
  <Point X="160" Y="235" T="1108685" />
  <Point X="161" Y="233" T="1108725" />
  <Point X="161" Y="230" T="1108742" />
  <Point X="161" Y="228" T="1108755" />
  <Point X="161" Y="222" T="1108769" />
  <Point X="161" Y="217" T="1108782" />
  <Point X="160" Y="208" T="1108796" />
  <Point X="159" Y="198" T="1108810" />
  <Point X="159" Y="190" T="1108825" />
  <Point X="157" Y="177" T="1108839" />
  <Point X="156" Y="167" T="1108855" />
  <Point X="155" Y="158" T="1108870" />
  <Point X="155" Y="155" T="1108871" />
  <Point X="153" Y="144" T="1108887" />
  <Point X="153" Y="136" T="1108903" />
  <Point X="153" Y="130" T="1108918" />
  <Point X="153" Y="127" T="1108934" />
  <Point X="153" Y="125" T="1108950" />
  <Point X="153" Y="123" T="1108966" />
  <Point X="153" Y="121" T="1108987" />
  <Point X="151" Y="121" T="1109035" />
  <Point X="150" Y="123" T="1109052" />
  <Point X="147" Y="126" T="1109069" />
  <Point X="143" Y="131" T="1109086" />
  <Point X="139" Y="136" T="1109104" />
  <Point X="133" Y="145" T="1109122" />
  <Point X="126" Y="155" T="1109140" />
  <Point X="121" Y="163" T="1109159" />
  <Point X="120" Y="165" T="1109160" />
  <Point X="114" Y="174" T="1109180" />
  <Point X="106" Y="185" T="1109200" />
  <Point X="102" Y="192" T="1109219" />
  <Point X="99" Y="200" T="1109238" />
  <Point X="97" Y="204" T="1109240" />
  <Point X="94" Y="213" T="1109261" />
  <Point X="91" Y="221" T="1109281" />
  <Point X="89" Y="226" T="1109301" />
  <Point X="87" Y="230" T="1109322" />
  <Point X="87" Y="232" T="1109345" />
</Gesture>