﻿<?xml version="1.0" encoding="utf-8" standalone="yes"?>
<Gesture Name="x10" Subject="1" Speed="slow" Number="10" NumPts="68" Millseconds="1084" AppName="Gestures" AppVer="3.5.0.0" Date="Monday, March 05, 2007" TimeOfDay="5:00:48 PM">
  <Point X="87" Y="127" T="1110003" />
  <Point X="88" Y="129" T="1110032" />
  <Point X="89" Y="131" T="1110040" />
  <Point X="90" Y="133" T="1110053" />
  <Point X="91" Y="136" T="1110059" />
  <Point X="93" Y="140" T="1110066" />
  <Point X="94" Y="142" T="1110074" />
  <Point X="96" Y="146" T="1110081" />
  <Point X="98" Y="148" T="1110089" />
  <Point X="100" Y="152" T="1110097" />
  <Point X="102" Y="155" T="1110105" />
  <Point X="103" Y="158" T="1110113" />
  <Point X="106" Y="161" T="1110122" />
  <Point X="108" Y="164" T="1110130" />
  <Point X="112" Y="169" T="1110140" />
  <Point X="115" Y="173" T="1110149" />
  <Point X="117" Y="176" T="1110158" />
  <Point X="120" Y="178" T="1110168" />
  <Point X="125" Y="184" T="1110178" />
  <Point X="128" Y="186" T="1110187" />
  <Point X="131" Y="189" T="1110197" />
  <Point X="133" Y="191" T="1110208" />
  <Point X="138" Y="196" T="1110219" />
  <Point X="141" Y="199" T="1110230" />
  <Point X="145" Y="204" T="1110241" />
  <Point X="147" Y="207" T="1110252" />
  <Point X="149" Y="209" T="1110264" />
  <Point X="151" Y="212" T="1110275" />
  <Point X="155" Y="219" T="1110288" />
  <Point X="156" Y="221" T="1110300" />
  <Point X="159" Y="225" T="1110316" />
  <Point X="160" Y="227" T="1110327" />
  <Point X="162" Y="230" T="1110345" />
  <Point X="164" Y="230" T="1110375" />
  <Point X="166" Y="228" T="1110422" />
  <Point X="166" Y="225" T="1110447" />
  <Point X="165" Y="223" T="1110459" />
  <Point X="165" Y="221" T="1110473" />
  <Point X="164" Y="212" T="1110488" />
  <Point X="162" Y="202" T="1110504" />
  <Point X="160" Y="190" T="1110520" />
  <Point X="158" Y="179" T="1110536" />
  <Point X="157" Y="167" T="1110553" />
  <Point X="157" Y="159" T="1110570" />
  <Point X="155" Y="148" T="1110587" />
  <Point X="154" Y="142" T="1110604" />
  <Point X="153" Y="133" T="1110621" />
  <Point X="152" Y="127" T="1110638" />
  <Point X="152" Y="122" T="1110656" />
  <Point X="152" Y="120" T="1110674" />
  <Point X="151" Y="123" T="1110735" />
  <Point X="150" Y="125" T="1110755" />
  <Point X="148" Y="128" T="1110772" />
  <Point X="146" Y="130" T="1110788" />
  <Point X="144" Y="133" T="1110805" />
  <Point X="138" Y="140" T="1110824" />
  <Point X="135" Y="145" T="1110843" />
  <Point X="132" Y="148" T="1110844" />
  <Point X="125" Y="158" T="1110865" />
  <Point X="117" Y="170" T="1110885" />
  <Point X="111" Y="182" T="1110906" />
  <Point X="110" Y="185" T="1110908" />
  <Point X="104" Y="196" T="1110928" />
  <Point X="101" Y="203" T="1110949" />
  <Point X="99" Y="210" T="1110970" />
  <Point X="95" Y="219" T="1110992" />
  <Point X="93" Y="223" T="1111013" />
  <Point X="93" Y="221" T="1111087" />
</Gesture>